Source Server,Batch GUID,ROOTGUID,OrderID,Batch Name,Product Name,Batch Act Start,Batch Act End,Batch Transfer Time,Quantity,Material Name,Material Code,sp_prot,SetPoint Float,Actual Value Float,FormulaCategoryName
Server2,2B0E1E05-B789-4DC6-A118-20378940A8F5,9EB5AAF9-4EC2-4BC1-B78F-A2C697BCE705,4,BROILER GROWER605 3,BROILER GROWER,2026-07-23 02:39:18.227,2026-07-23 04:29:42.097,2026-07-23 04:30:46.363,4500.0,BETAIN HCL,142,100.0,2.25,2.505787,Production Recipes
Server2,2B0E1E05-B789-4DC6-A118-20378940A8F5,9EB5AAF9-4EC2-4BC1-B78F-A2C697BCE705,4,BROILER GROWER605 3,BROILER GROWER,2026-07-23 02:39:18.227,2026-07-23 04:29:42.097,2026-07-23 04:30:46.363,4500.0,BIOSTRONG 510,140,100.0,0.675,0.7899306,Production Recipes
Server2,2B0E1E05-B789-4DC6-A118-20378940A8F5,9EB5AAF9-4EC2-4BC1-B78F-A2C697BCE705,4,BROILER GROWER605 3,BROILER GROWER,2026-07-23 02:39:18.227,2026-07-23 04:29:42.097,2026-07-23 04:30:46.363,4500.0,Broiler Mineral Mix,31,100.0,4.05,5.598958,Production Recipes
Server2,2B0E1E05-B789-4DC6-A118-20378940A8F5,9EB5AAF9-4EC2-4BC1-B78F-A2C697BCE705,4,BROILER GROWER605 3,BROILER GROWER,2026-07-23 02:39:18.227,2026-07-23 04:29:42.097,2026-07-23 04:30:46.363,4500.0,Broiler Starter PX,69,100.0,4.05,5.943287,Production Recipes
Server2,2B0E1E05-B789-4DC6-A118-20378940A8F5,9EB5AAF9-4EC2-4BC1-B78F-A2C697BCE705,4,BROILER GROWER605 3,BROILER GROWER,2026-07-23 02:39:18.227,2026-07-23 04:29:42.097,2026-07-23 04:30:46.363,4500.0,Choline Chloride 60%,26,100.0,2.7,2.957176,Production Recipes
Server2,2B0E1E05-B789-4DC6-A118-20378940A8F5,9EB5AAF9-4EC2-4BC1-B78F-A2C697BCE705,4,BROILER GROWER605 3,BROILER GROWER,2026-07-23 02:39:18.227,2026-07-23 04:29:42.097,2026-07-23 04:30:46.363,4500.0,KENZYME PRO,77,100.0,2.7,3.298611,Production Recipes
Server2,2B0E1E05-B789-4DC6-A118-20378940A8F5,9EB5AAF9-4EC2-4BC1-B78F-A2C697BCE705,4,BROILER GROWER605 3,BROILER GROWER,2026-07-23 02:39:18.227,2026-07-23 04:29:42.097,2026-07-23 04:30:46.363,4500.0,Limestone,113,100.0,55.485,56.62622,Production Recipes
Server2,2B0E1E05-B789-4DC6-A118-20378940A8F5,9EB5AAF9-4EC2-4BC1-B78F-A2C697BCE705,4,BROILER GROWER605 3,BROILER GROWER,2026-07-23 02:39:18.227,2026-07-23 04:29:42.097,2026-07-23 04:30:46.363,4500.0,LYSOFORTE DRY,30,100.0,0.9,0.8506945,Production Recipes
Server2,2B0E1E05-B789-4DC6-A118-20378940A8F5,9EB5AAF9-4EC2-4BC1-B78F-A2C697BCE705,4,BROILER GROWER605 3,BROILER GROWER,2026-07-23 02:39:18.227,2026-07-23 04:29:42.097,2026-07-23 04:30:46.363,4500.0,Maize,100,100.0,2679.705,2681.568,Production Recipes
Server2,2B0E1E05-B789-4DC6-A118-20378940A8F5,9EB5AAF9-4EC2-4BC1-B78F-A2C697BCE705,4,BROILER GROWER605 3,BROILER GROWER,2026-07-23 02:39:18.227,2026-07-23 04:29:42.097,2026-07-23 04:30:46.363,4500.0,Methionine,12,100.0,10.62,10.99537,Production Recipes
Server2,2B0E1E05-B789-4DC6-A118-20378940A8F5,9EB5AAF9-4EC2-4BC1-B78F-A2C697BCE705,4,BROILER GROWER605 3,BROILER GROWER,2026-07-23 02:39:18.227,2026-07-23 04:29:42.097,2026-07-23 04:30:46.363,4500.0,Monocalcium Phos,204,100.0,38.745,39.0625,Production Recipes
Server2,2B0E1E05-B789-4DC6-A118-20378940A8F5,9EB5AAF9-4EC2-4BC1-B78F-A2C697BCE705,4,BROILER GROWER605 3,BROILER GROWER,2026-07-23 02:39:18.227,2026-07-23 04:29:42.097,2026-07-23 04:30:46.363,4500.0,NOVELA ECL,6,100.0,0.45,0.5208334,Production Recipes
Server2,2B0E1E05-B789-4DC6-A118-20378940A8F5,9EB5AAF9-4EC2-4BC1-B78F-A2C697BCE705,4,BROILER GROWER605 3,BROILER GROWER,2026-07-23 02:39:18.227,2026-07-23 04:29:42.097,2026-07-23 04:30:46.363,4500.0,Provi Oxi Stop,21,100.0,0.45,0.8405671,Production Recipes
Server2,2B0E1E05-B789-4DC6-A118-20378940A8F5,9EB5AAF9-4EC2-4BC1-B78F-A2C697BCE705,4,BROILER GROWER605 3,BROILER GROWER,2026-07-23 02:39:18.227,2026-07-23 04:29:42.097,2026-07-23 04:30:46.363,4500.0,Rovabio P10,176,100.0,2.25,2.893518,Production Recipes
Server2,2B0E1E05-B789-4DC6-A118-20378940A8F5,9EB5AAF9-4EC2-4BC1-B78F-A2C697BCE705,4,BROILER GROWER605 3,BROILER GROWER,2026-07-23 02:39:18.227,2026-07-23 04:29:42.097,2026-07-23 04:30:46.363,4500.0,Sacox (500g),91,100.0,2.25,3.304399,Production Recipes
Server2,2B0E1E05-B789-4DC6-A118-20378940A8F5,9EB5AAF9-4EC2-4BC1-B78F-A2C697BCE705,4,BROILER GROWER605 3,BROILER GROWER,2026-07-23 02:39:18.227,2026-07-23 04:29:42.097,2026-07-23 04:30:46.363,4500.0,Salt,202,100.0,12.96,14.03356,Production Recipes
Server2,2B0E1E05-B789-4DC6-A118-20378940A8F5,9EB5AAF9-4EC2-4BC1-B78F-A2C697BCE705,4,BROILER GROWER605 3,BROILER GROWER,2026-07-23 02:39:18.227,2026-07-23 04:29:42.097,2026-07-23 04:30:46.363,4500.0,SOLIS,124,100.0,6.75,7.306134,Production Recipes
Server2,2B0E1E05-B789-4DC6-A118-20378940A8F5,9EB5AAF9-4EC2-4BC1-B78F-A2C697BCE705,4,BROILER GROWER605 3,BROILER GROWER,2026-07-23 02:39:18.227,2026-07-23 04:29:42.097,2026-07-23 04:30:46.363,4500.0,SOUDIOM Bicarbon,35,100.0,8.955,10.12732,Production Recipes
Server2,2B0E1E05-B789-4DC6-A118-20378940A8F5,9EB5AAF9-4EC2-4BC1-B78F-A2C697BCE705,4,BROILER GROWER605 3,BROILER GROWER,2026-07-23 02:39:18.227,2026-07-23 04:29:42.097,2026-07-23 04:30:46.363,4500.0,SOYA-,105,100.0,1619.145,1617.969,Production Recipes
Server2,2B0E1E05-B789-4DC6-A118-20378940A8F5,9EB5AAF9-4EC2-4BC1-B78F-A2C697BCE705,4,BROILER GROWER605 3,BROILER GROWER,2026-07-23 02:39:18.227,2026-07-23 04:29:42.097,2026-07-23 04:30:46.363,4500.0,Soya Oil,210,100.0,37.35,37.75,Production Recipes
Server2,2B0E1E05-B789-4DC6-A118-20378940A8F5,9EB5AAF9-4EC2-4BC1-B78F-A2C697BCE705,4,BROILER GROWER605 3,BROILER GROWER,2026-07-23 02:39:18.227,2026-07-23 04:29:42.097,2026-07-23 04:30:46.363,4500.0,TermiN-8,33,100.0,6.75,0.0,Production Recipes
Server2,D8C577DF-4D28-4216-952B-249BC2AA3D8F,9EB5AAF9-4EC2-4BC1-B78F-A2C697BCE705,4,BROILER GROWER605 2,BROILER GROWER,2026-07-23 02:39:12.147,2026-07-23 04:24:52.847,2026-07-23 04:25:57.277,4500.0,BETAIN HCL,142,100.0,2.25,2.592593,Production Recipes
Server2,D8C577DF-4D28-4216-952B-249BC2AA3D8F,9EB5AAF9-4EC2-4BC1-B78F-A2C697BCE705,4,BROILER GROWER605 2,BROILER GROWER,2026-07-23 02:39:12.147,2026-07-23 04:24:52.847,2026-07-23 04:25:57.277,4500.0,BIOSTRONG 510,140,100.0,0.675,0.8000579,Production Recipes
Server2,D8C577DF-4D28-4216-952B-249BC2AA3D8F,9EB5AAF9-4EC2-4BC1-B78F-A2C697BCE705,4,BROILER GROWER605 2,BROILER GROWER,2026-07-23 02:39:12.147,2026-07-23 04:24:52.847,2026-07-23 04:25:57.277,4500.0,Broiler Mineral Mix,31,100.0,4.05,7.33507,Production Recipes
Server2,D8C577DF-4D28-4216-952B-249BC2AA3D8F,9EB5AAF9-4EC2-4BC1-B78F-A2C697BCE705,4,BROILER GROWER605 2,BROILER GROWER,2026-07-23 02:39:12.147,2026-07-23 04:24:52.847,2026-07-23 04:25:57.277,4500.0,Broiler Starter PX,69,100.0,4.05,4.855325,Production Recipes
Server2,D8C577DF-4D28-4216-952B-249BC2AA3D8F,9EB5AAF9-4EC2-4BC1-B78F-A2C697BCE705,4,BROILER GROWER605 2,BROILER GROWER,2026-07-23 02:39:12.147,2026-07-23 04:24:52.847,2026-07-23 04:25:57.277,4500.0,Choline Chloride 60%,26,100.0,2.7,3.06713,Production Recipes
Server2,D8C577DF-4D28-4216-952B-249BC2AA3D8F,9EB5AAF9-4EC2-4BC1-B78F-A2C697BCE705,4,BROILER GROWER605 2,BROILER GROWER,2026-07-23 02:39:12.147,2026-07-23 04:24:52.847,2026-07-23 04:25:57.277,4500.0,KENZYME PRO,77,100.0,2.7,3.110532,Production Recipes
Server2,D8C577DF-4D28-4216-952B-249BC2AA3D8F,9EB5AAF9-4EC2-4BC1-B78F-A2C697BCE705,4,BROILER GROWER605 2,BROILER GROWER,2026-07-23 02:39:12.147,2026-07-23 04:24:52.847,2026-07-23 04:25:57.277,4500.0,Limestone,113,100.0,55.485,69.82056,Production Recipes
Server2,D8C577DF-4D28-4216-952B-249BC2AA3D8F,9EB5AAF9-4EC2-4BC1-B78F-A2C697BCE705,4,BROILER GROWER605 2,BROILER GROWER,2026-07-23 02:39:12.147,2026-07-23 04:24:52.847,2026-07-23 04:25:57.277,4500.0,LYSOFORTE DRY,30,100.0,0.9,0.9302663,Production Recipes
Server2,D8C577DF-4D28-4216-952B-249BC2AA3D8F,9EB5AAF9-4EC2-4BC1-B78F-A2C697BCE705,4,BROILER GROWER605 2,BROILER GROWER,2026-07-23 02:39:12.147,2026-07-23 04:24:52.847,2026-07-23 04:25:57.277,4500.0,Maize,100,100.0,2679.705,2678.385,Production Recipes
Server2,D8C577DF-4D28-4216-952B-249BC2AA3D8F,9EB5AAF9-4EC2-4BC1-B78F-A2C697BCE705,4,BROILER GROWER605 2,BROILER GROWER,2026-07-23 02:39:12.147,2026-07-23 04:24:52.847,2026-07-23 04:25:57.277,4500.0,Methionine,12,100.0,10.62,11.14005,Production Recipes
Server2,D8C577DF-4D28-4216-952B-249BC2AA3D8F,9EB5AAF9-4EC2-4BC1-B78F-A2C697BCE705,4,BROILER GROWER605 2,BROILER GROWER,2026-07-23 02:39:12.147,2026-07-23 04:24:52.847,2026-07-23 04:25:57.277,4500.0,Monocalcium Phos,204,100.0,38.745,39.0625,Production Recipes
Server2,D8C577DF-4D28-4216-952B-249BC2AA3D8F,9EB5AAF9-4EC2-4BC1-B78F-A2C697BCE705,4,BROILER GROWER605 2,BROILER GROWER,2026-07-23 02:39:12.147,2026-07-23 04:24:52.847,2026-07-23 04:25:57.277,4500.0,NOVELA ECL,6,100.0,0.45,0.5801504,Production Recipes
Server2,D8C577DF-4D28-4216-952B-249BC2AA3D8F,9EB5AAF9-4EC2-4BC1-B78F-A2C697BCE705,4,BROILER GROWER605 2,BROILER GROWER,2026-07-23 02:39:12.147,2026-07-23 04:24:52.847,2026-07-23 04:25:57.277,4500.0,Provi Oxi Stop,21,100.0,0.45,0.9418404,Production Recipes
Server2,D8C577DF-4D28-4216-952B-249BC2AA3D8F,9EB5AAF9-4EC2-4BC1-B78F-A2C697BCE705,4,BROILER GROWER605 2,BROILER GROWER,2026-07-23 02:39:12.147,2026-07-23 04:24:52.847,2026-07-23 04:25:57.277,4500.0,Rovabio P10,176,100.0,2.25,3.310184,Production Recipes
Server2,D8C577DF-4D28-4216-952B-249BC2AA3D8F,9EB5AAF9-4EC2-4BC1-B78F-A2C697BCE705,4,BROILER GROWER605 2,BROILER GROWER,2026-07-23 02:39:12.147,2026-07-23 04:24:52.847,2026-07-23 04:25:57.277,4500.0,Sacox (500g),91,100.0,2.25,3.252315,Production Recipes
Server2,D8C577DF-4D28-4216-952B-249BC2AA3D8F,9EB5AAF9-4EC2-4BC1-B78F-A2C697BCE705,4,BROILER GROWER605 2,BROILER GROWER,2026-07-23 02:39:12.147,2026-07-23 04:24:52.847,2026-07-23 04:25:57.277,4500.0,Salt,202,100.0,12.96,13.16551,Production Recipes
Server2,D8C577DF-4D28-4216-952B-249BC2AA3D8F,9EB5AAF9-4EC2-4BC1-B78F-A2C697BCE705,4,BROILER GROWER605 2,BROILER GROWER,2026-07-23 02:39:12.147,2026-07-23 04:24:52.847,2026-07-23 04:25:57.277,4500.0,SOLIS,124,100.0,6.75,7.392941,Production Recipes
Server2,D8C577DF-4D28-4216-952B-249BC2AA3D8F,9EB5AAF9-4EC2-4BC1-B78F-A2C697BCE705,4,BROILER GROWER605 2,BROILER GROWER,2026-07-23 02:39:12.147,2026-07-23 04:24:52.847,2026-07-23 04:25:57.277,4500.0,SOUDIOM Bicarbon,35,100.0,8.955,9.114586,Production Recipes
Server2,D8C577DF-4D28-4216-952B-249BC2AA3D8F,9EB5AAF9-4EC2-4BC1-B78F-A2C697BCE705,4,BROILER GROWER605 2,BROILER GROWER,2026-07-23 02:39:12.147,2026-07-23 04:24:52.847,2026-07-23 04:25:57.277,4500.0,SOYA-,105,100.0,1619.145,1619.618,Production Recipes
Server2,D8C577DF-4D28-4216-952B-249BC2AA3D8F,9EB5AAF9-4EC2-4BC1-B78F-A2C697BCE705,4,BROILER GROWER605 2,BROILER GROWER,2026-07-23 02:39:12.147,2026-07-23 04:24:52.847,2026-07-23 04:25:57.277,4500.0,Soya Oil,210,100.0,37.35,37.75,Production Recipes
Server2,D8C577DF-4D28-4216-952B-249BC2AA3D8F,9EB5AAF9-4EC2-4BC1-B78F-A2C697BCE705,4,BROILER GROWER605 2,BROILER GROWER,2026-07-23 02:39:12.147,2026-07-23 04:24:52.847,2026-07-23 04:25:57.277,4500.0,TermiN-8,33,100.0,6.75,0.0,Production Recipes
Server2,A10B3201-59EA-4429-A85C-C1B94A2955DB,9EB5AAF9-4EC2-4BC1-B78F-A2C697BCE705,4,BROILER GROWER605 1,BROILER GROWER,2026-07-23 02:39:10.147,2026-07-23 04:15:37.723,2026-07-23 04:16:41.317,4500.0,BETAIN HCL,142,100.0,2.25,2.349537,Production Recipes
Server2,A10B3201-59EA-4429-A85C-C1B94A2955DB,9EB5AAF9-4EC2-4BC1-B78F-A2C697BCE705,4,BROILER GROWER605 1,BROILER GROWER,2026-07-23 02:39:10.147,2026-07-23 04:15:37.723,2026-07-23 04:16:41.317,4500.0,BIOSTRONG 510,140,100.0,0.675,0.7711227,Production Recipes
Server2,A10B3201-59EA-4429-A85C-C1B94A2955DB,9EB5AAF9-4EC2-4BC1-B78F-A2C697BCE705,4,BROILER GROWER605 1,BROILER GROWER,2026-07-23 02:39:10.147,2026-07-23 04:15:37.723,2026-07-23 04:16:41.317,4500.0,Broiler Mineral Mix,31,100.0,4.05,5.729167,Production Recipes
Server2,A10B3201-59EA-4429-A85C-C1B94A2955DB,9EB5AAF9-4EC2-4BC1-B78F-A2C697BCE705,4,BROILER GROWER605 1,BROILER GROWER,2026-07-23 02:39:10.147,2026-07-23 04:15:37.723,2026-07-23 04:16:41.317,4500.0,Broiler Starter PX,69,100.0,4.05,5.202546,Production Recipes
Server2,A10B3201-59EA-4429-A85C-C1B94A2955DB,9EB5AAF9-4EC2-4BC1-B78F-A2C697BCE705,4,BROILER GROWER605 1,BROILER GROWER,2026-07-23 02:39:10.147,2026-07-23 04:15:37.723,2026-07-23 04:16:41.317,4500.0,Choline Chloride 60%,26,100.0,2.7,2.633102,Production Recipes
Server2,A10B3201-59EA-4429-A85C-C1B94A2955DB,9EB5AAF9-4EC2-4BC1-B78F-A2C697BCE705,4,BROILER GROWER605 1,BROILER GROWER,2026-07-23 02:39:10.147,2026-07-23 04:15:37.723,2026-07-23 04:16:41.317,4500.0,KENZYME PRO,77,100.0,2.7,3.226274,Production Recipes
Server2,A10B3201-59EA-4429-A85C-C1B94A2955DB,9EB5AAF9-4EC2-4BC1-B78F-A2C697BCE705,4,BROILER GROWER605 1,BROILER GROWER,2026-07-23 02:39:10.147,2026-07-23 04:15:37.723,2026-07-23 04:16:41.317,4500.0,Limestone,113,100.0,55.485,67.62158,Production Recipes
Server2,A10B3201-59EA-4429-A85C-C1B94A2955DB,9EB5AAF9-4EC2-4BC1-B78F-A2C697BCE705,4,BROILER GROWER605 1,BROILER GROWER,2026-07-23 02:39:10.147,2026-07-23 04:15:37.723,2026-07-23 04:16:41.317,4500.0,LYSOFORTE DRY,30,100.0,0.9,0.8695023,Production Recipes
Server2,A10B3201-59EA-4429-A85C-C1B94A2955DB,9EB5AAF9-4EC2-4BC1-B78F-A2C697BCE705,4,BROILER GROWER605 1,BROILER GROWER,2026-07-23 02:39:10.147,2026-07-23 04:15:37.723,2026-07-23 04:16:41.317,4500.0,Maize,100,100.0,2679.705,2675.202,Production Recipes
Server2,A10B3201-59EA-4429-A85C-C1B94A2955DB,9EB5AAF9-4EC2-4BC1-B78F-A2C697BCE705,4,BROILER GROWER605 1,BROILER GROWER,2026-07-23 02:39:10.147,2026-07-23 04:15:37.723,2026-07-23 04:16:41.317,4500.0,Methionine,12,100.0,10.62,10.99537,Production Recipes
Server2,A10B3201-59EA-4429-A85C-C1B94A2955DB,9EB5AAF9-4EC2-4BC1-B78F-A2C697BCE705,4,BROILER GROWER605 1,BROILER GROWER,2026-07-23 02:39:10.147,2026-07-23 04:15:37.723,2026-07-23 04:16:41.317,4500.0,Monocalcium Phos,204,100.0,38.745,39.0625,Production Recipes
Server2,A10B3201-59EA-4429-A85C-C1B94A2955DB,9EB5AAF9-4EC2-4BC1-B78F-A2C697BCE705,4,BROILER GROWER605 1,BROILER GROWER,2026-07-23 02:39:10.147,2026-07-23 04:15:37.723,2026-07-23 04:16:41.317,4500.0,NOVELA ECL,6,100.0,0.45,0.5396413,Production Recipes
Server2,A10B3201-59EA-4429-A85C-C1B94A2955DB,9EB5AAF9-4EC2-4BC1-B78F-A2C697BCE705,4,BROILER GROWER605 1,BROILER GROWER,2026-07-23 02:39:10.147,2026-07-23 04:15:37.723,2026-07-23 04:16:41.317,4500.0,Provi Oxi Stop,21,100.0,0.45,1.011285,Production Recipes
Server2,A10B3201-59EA-4429-A85C-C1B94A2955DB,9EB5AAF9-4EC2-4BC1-B78F-A2C697BCE705,4,BROILER GROWER605 1,BROILER GROWER,2026-07-23 02:39:10.147,2026-07-23 04:15:37.723,2026-07-23 04:16:41.317,4500.0,Rovabio P10,176,100.0,2.25,2.777779,Production Recipes
Server2,A10B3201-59EA-4429-A85C-C1B94A2955DB,9EB5AAF9-4EC2-4BC1-B78F-A2C697BCE705,4,BROILER GROWER605 1,BROILER GROWER,2026-07-23 02:39:10.147,2026-07-23 04:15:37.723,2026-07-23 04:16:41.317,4500.0,Sacox (500g),91,100.0,2.25,3.200232,Production Recipes
Server2,A10B3201-59EA-4429-A85C-C1B94A2955DB,9EB5AAF9-4EC2-4BC1-B78F-A2C697BCE705,4,BROILER GROWER605 1,BROILER GROWER,2026-07-23 02:39:10.147,2026-07-23 04:15:37.723,2026-07-23 04:16:41.317,4500.0,Salt,202,100.0,12.96,13.16551,Production Recipes
Server2,A10B3201-59EA-4429-A85C-C1B94A2955DB,9EB5AAF9-4EC2-4BC1-B78F-A2C697BCE705,4,BROILER GROWER605 1,BROILER GROWER,2026-07-23 02:39:10.147,2026-07-23 04:15:37.723,2026-07-23 04:16:41.317,4500.0,SOLIS,124,100.0,6.75,7.016783,Production Recipes
Server2,A10B3201-59EA-4429-A85C-C1B94A2955DB,9EB5AAF9-4EC2-4BC1-B78F-A2C697BCE705,4,BROILER GROWER605 1,BROILER GROWER,2026-07-23 02:39:10.147,2026-07-23 04:15:37.723,2026-07-23 04:16:41.317,4500.0,SOUDIOM Bicarbon,35,100.0,8.955,9.114586,Production Recipes
Server2,A10B3201-59EA-4429-A85C-C1B94A2955DB,9EB5AAF9-4EC2-4BC1-B78F-A2C697BCE705,4,BROILER GROWER605 1,BROILER GROWER,2026-07-23 02:39:10.147,2026-07-23 04:15:37.723,2026-07-23 04:16:41.317,4500.0,SOYA-,105,100.0,1619.145,1626.215,Production Recipes
Server2,A10B3201-59EA-4429-A85C-C1B94A2955DB,9EB5AAF9-4EC2-4BC1-B78F-A2C697BCE705,4,BROILER GROWER605 1,BROILER GROWER,2026-07-23 02:39:10.147,2026-07-23 04:15:37.723,2026-07-23 04:16:41.317,4500.0,Soya Oil,210,100.0,37.35,37.75,Production Recipes
Server2,A10B3201-59EA-4429-A85C-C1B94A2955DB,9EB5AAF9-4EC2-4BC1-B78F-A2C697BCE705,4,BROILER GROWER605 1,BROILER GROWER,2026-07-23 02:39:10.147,2026-07-23 04:15:37.723,2026-07-23 04:16:41.317,4500.0,TermiN-8,33,100.0,6.75,0.0,Production Recipes
Server2,42849C0F-88F3-4229-B702-3C18C1CBA562,9EB5AAF9-4EC2-4BC1-B78F-A2C697BCE705,4,BROILER STARTER604 2,BROILER STARTER,2026-07-23 02:34:53.987,2026-07-23 04:09:14.577,2026-07-23 04:10:17.907,4500.0,BETAIN HCL,142,100.0,2.25,2.962963,Production Recipes
Server2,42849C0F-88F3-4229-B702-3C18C1CBA562,9EB5AAF9-4EC2-4BC1-B78F-A2C697BCE705,4,BROILER STARTER604 2,BROILER STARTER,2026-07-23 02:34:53.987,2026-07-23 04:09:14.577,2026-07-23 04:10:17.907,4500.0,BIOSTRONG 510,140,100.0,0.675,0.7609955,Production Recipes
Server2,42849C0F-88F3-4229-B702-3C18C1CBA562,9EB5AAF9-4EC2-4BC1-B78F-A2C697BCE705,4,BROILER STARTER604 2,BROILER STARTER,2026-07-23 02:34:53.987,2026-07-23 04:09:14.577,2026-07-23 04:10:17.907,4500.0,Broiler Mineral Mix,31,100.0,4.5,6.163194,Production Recipes
Server2,42849C0F-88F3-4229-B702-3C18C1CBA562,9EB5AAF9-4EC2-4BC1-B78F-A2C697BCE705,4,BROILER STARTER604 2,BROILER STARTER,2026-07-23 02:34:53.987,2026-07-23 04:09:14.577,2026-07-23 04:10:17.907,4500.0,KENZYME PRO,77,100.0,2.7,3.240741,Production Recipes
Server2,42849C0F-88F3-4229-B702-3C18C1CBA562,9EB5AAF9-4EC2-4BC1-B78F-A2C697BCE705,4,BROILER STARTER604 2,BROILER STARTER,2026-07-23 02:34:53.987,2026-07-23 04:09:14.577,2026-07-23 04:10:17.907,4500.0,Limestone,113,100.0,65.07,72.56946,Production Recipes
Server2,42849C0F-88F3-4229-B702-3C18C1CBA562,9EB5AAF9-4EC2-4BC1-B78F-A2C697BCE705,4,BROILER STARTER604 2,BROILER STARTER,2026-07-23 02:34:53.987,2026-07-23 04:09:14.577,2026-07-23 04:10:17.907,4500.0,LYSOFORTE DRY,30,100.0,0.9,0.8506944,Production Recipes
Server2,42849C0F-88F3-4229-B702-3C18C1CBA562,9EB5AAF9-4EC2-4BC1-B78F-A2C697BCE705,4,BROILER STARTER604 2,BROILER STARTER,2026-07-23 02:34:53.987,2026-07-23 04:09:14.577,2026-07-23 04:10:17.907,4500.0,Maize,100,100.0,2688.75,2691.117,Production Recipes
Server2,42849C0F-88F3-4229-B702-3C18C1CBA562,9EB5AAF9-4EC2-4BC1-B78F-A2C697BCE705,4,BROILER STARTER604 2,BROILER STARTER,2026-07-23 02:34:53.987,2026-07-23 04:09:14.577,2026-07-23 04:10:17.907,4500.0,Methionine,12,100.0,13.95,14.03356,Production Recipes
Server2,42849C0F-88F3-4229-B702-3C18C1CBA562,9EB5AAF9-4EC2-4BC1-B78F-A2C697BCE705,4,BROILER STARTER604 2,BROILER STARTER,2026-07-23 02:34:53.987,2026-07-23 04:09:14.577,2026-07-23 04:10:17.907,4500.0,Monocalcium Phos,204,100.0,42.03,42.24537,Production Recipes
Server2,42849C0F-88F3-4229-B702-3C18C1CBA562,9EB5AAF9-4EC2-4BC1-B78F-A2C697BCE705,4,BROILER STARTER604 2,BROILER STARTER,2026-07-23 02:34:53.987,2026-07-23 04:09:14.577,2026-07-23 04:10:17.907,4500.0,NOVELA ECL,6,100.0,0.45,1.08941,Production Recipes
Server2,42849C0F-88F3-4229-B702-3C18C1CBA562,9EB5AAF9-4EC2-4BC1-B78F-A2C697BCE705,4,BROILER STARTER604 2,BROILER STARTER,2026-07-23 02:34:53.987,2026-07-23 04:09:14.577,2026-07-23 04:10:17.907,4500.0,Provi Oxi Stop,21,100.0,0.45,1.231192,Production Recipes
Server2,42849C0F-88F3-4229-B702-3C18C1CBA562,9EB5AAF9-4EC2-4BC1-B78F-A2C697BCE705,4,BROILER STARTER604 2,BROILER STARTER,2026-07-23 02:34:53.987,2026-07-23 04:09:14.577,2026-07-23 04:10:17.907,4500.0,Rovabio P10,176,100.0,2.25,3.645834,Production Recipes
Server2,42849C0F-88F3-4229-B702-3C18C1CBA562,9EB5AAF9-4EC2-4BC1-B78F-A2C697BCE705,4,BROILER STARTER604 2,BROILER STARTER,2026-07-23 02:34:53.987,2026-07-23 04:09:14.577,2026-07-23 04:10:17.907,4500.0,Sacox (500g),91,100.0,2.25,3.298611,Production Recipes
Server2,42849C0F-88F3-4229-B702-3C18C1CBA562,9EB5AAF9-4EC2-4BC1-B78F-A2C697BCE705,4,BROILER STARTER604 2,BROILER STARTER,2026-07-23 02:34:53.987,2026-07-23 04:09:14.577,2026-07-23 04:10:17.907,4500.0,Salt,202,100.0,12.105,13.02083,Production Recipes
Server2,42849C0F-88F3-4229-B702-3C18C1CBA562,9EB5AAF9-4EC2-4BC1-B78F-A2C697BCE705,4,BROILER STARTER604 2,BROILER STARTER,2026-07-23 02:34:53.987,2026-07-23 04:09:14.577,2026-07-23 04:10:17.907,4500.0,SOLIS,124,100.0,6.75,7.161458,Production Recipes
Server2,42849C0F-88F3-4229-B702-3C18C1CBA562,9EB5AAF9-4EC2-4BC1-B78F-A2C697BCE705,4,BROILER STARTER604 2,BROILER STARTER,2026-07-23 02:34:53.987,2026-07-23 04:09:14.577,2026-07-23 04:10:17.907,4500.0,SOUDIOM Bicarbon,35,100.0,9.81,9.982635,Production Recipes
Server2,42849C0F-88F3-4229-B702-3C18C1CBA562,9EB5AAF9-4EC2-4BC1-B78F-A2C697BCE705,4,BROILER STARTER604 2,BROILER STARTER,2026-07-23 02:34:53.987,2026-07-23 04:09:14.577,2026-07-23 04:10:17.907,4500.0,SOYA-,105,100.0,1755.0,1754.861,Production Recipes
Server2,42849C0F-88F3-4229-B702-3C18C1CBA562,9EB5AAF9-4EC2-4BC1-B78F-A2C697BCE705,4,BROILER STARTER604 2,BROILER STARTER,2026-07-23 02:34:53.987,2026-07-23 04:09:14.577,2026-07-23 04:10:17.907,4500.0,Soya Oil,210,100.0,14.58,15.0,Production Recipes
Server2,42849C0F-88F3-4229-B702-3C18C1CBA562,9EB5AAF9-4EC2-4BC1-B78F-A2C697BCE705,4,BROILER STARTER604 2,BROILER STARTER,2026-07-23 02:34:53.987,2026-07-23 04:09:14.577,2026-07-23 04:10:17.907,4500.0,TermiN-8,33,100.0,6.75,0.0,Production Recipes
Server2,374A9F06-5118-48D9-9957-0B04BD698183,9EB5AAF9-4EC2-4BC1-B78F-A2C697BCE705,4,BROILER STARTER604 1,BROILER STARTER,2026-07-23 02:34:51.963,2026-07-23 04:05:05.743,2026-07-23 04:06:09.997,4500.0,BETAIN HCL,142,100.0,2.25,3.084491,Production Recipes
Server2,374A9F06-5118-48D9-9957-0B04BD698183,9EB5AAF9-4EC2-4BC1-B78F-A2C697BCE705,4,BROILER STARTER604 1,BROILER STARTER,2026-07-23 02:34:51.963,2026-07-23 04:05:05.743,2026-07-23 04:06:09.997,4500.0,BIOSTRONG 510,140,100.0,0.675,0.6004051,Production Recipes
Server2,374A9F06-5118-48D9-9957-0B04BD698183,9EB5AAF9-4EC2-4BC1-B78F-A2C697BCE705,4,BROILER STARTER604 1,BROILER STARTER,2026-07-23 02:34:51.963,2026-07-23 04:05:05.743,2026-07-23 04:06:09.997,4500.0,Broiler Mineral Mix,31,100.0,4.5,5.685764,Production Recipes
Server2,374A9F06-5118-48D9-9957-0B04BD698183,9EB5AAF9-4EC2-4BC1-B78F-A2C697BCE705,4,BROILER STARTER604 1,BROILER STARTER,2026-07-23 02:34:51.963,2026-07-23 04:05:05.743,2026-07-23 04:06:09.997,4500.0,KENZYME PRO,77,100.0,2.7,2.951389,Production Recipes
Server2,374A9F06-5118-48D9-9957-0B04BD698183,9EB5AAF9-4EC2-4BC1-B78F-A2C697BCE705,4,BROILER STARTER604 1,BROILER STARTER,2026-07-23 02:34:51.963,2026-07-23 04:05:05.743,2026-07-23 04:06:09.997,4500.0,Limestone,113,100.0,65.07,65.97229,Production Recipes
Server2,374A9F06-5118-48D9-9957-0B04BD698183,9EB5AAF9-4EC2-4BC1-B78F-A2C697BCE705,4,BROILER STARTER604 1,BROILER STARTER,2026-07-23 02:34:51.963,2026-07-23 04:05:05.743,2026-07-23 04:06:09.997,4500.0,LYSOFORTE DRY,30,100.0,0.9,1.131366,Production Recipes
Server2,374A9F06-5118-48D9-9957-0B04BD698183,9EB5AAF9-4EC2-4BC1-B78F-A2C697BCE705,4,BROILER STARTER604 1,BROILER STARTER,2026-07-23 02:34:51.963,2026-07-23 04:05:05.743,2026-07-23 04:06:09.997,4500.0,Maize,100,100.0,2688.75,2684.751,Production Recipes
Server2,374A9F06-5118-48D9-9957-0B04BD698183,9EB5AAF9-4EC2-4BC1-B78F-A2C697BCE705,4,BROILER STARTER604 1,BROILER STARTER,2026-07-23 02:34:51.963,2026-07-23 04:05:05.743,2026-07-23 04:06:09.997,4500.0,Methionine,12,100.0,13.95,14.03356,Production Recipes
Server2,374A9F06-5118-48D9-9957-0B04BD698183,9EB5AAF9-4EC2-4BC1-B78F-A2C697BCE705,4,BROILER STARTER604 1,BROILER STARTER,2026-07-23 02:34:51.963,2026-07-23 04:05:05.743,2026-07-23 04:06:09.997,4500.0,Monocalcium Phos,204,100.0,42.03,42.24537,Production Recipes
Server2,374A9F06-5118-48D9-9957-0B04BD698183,9EB5AAF9-4EC2-4BC1-B78F-A2C697BCE705,4,BROILER STARTER604 1,BROILER STARTER,2026-07-23 02:34:51.963,2026-07-23 04:05:05.743,2026-07-23 04:06:09.997,4500.0,NOVELA ECL,6,100.0,0.45,0.4586227,Production Recipes
Server2,374A9F06-5118-48D9-9957-0B04BD698183,9EB5AAF9-4EC2-4BC1-B78F-A2C697BCE705,4,BROILER STARTER604 1,BROILER STARTER,2026-07-23 02:34:51.963,2026-07-23 04:05:05.743,2026-07-23 04:06:09.997,4500.0,Provi Oxi Stop,21,100.0,0.45,0.5888312,Production Recipes
Server2,374A9F06-5118-48D9-9957-0B04BD698183,9EB5AAF9-4EC2-4BC1-B78F-A2C697BCE705,4,BROILER STARTER604 1,BROILER STARTER,2026-07-23 02:34:51.963,2026-07-23 04:05:05.743,2026-07-23 04:06:09.997,4500.0,Rovabio P10,176,100.0,2.25,3.055555,Production Recipes
Server2,374A9F06-5118-48D9-9957-0B04BD698183,9EB5AAF9-4EC2-4BC1-B78F-A2C697BCE705,4,BROILER STARTER604 1,BROILER STARTER,2026-07-23 02:34:51.963,2026-07-23 04:05:05.743,2026-07-23 04:06:09.997,4500.0,Sacox (500g),91,100.0,2.25,4.050926,Production Recipes
Server2,374A9F06-5118-48D9-9957-0B04BD698183,9EB5AAF9-4EC2-4BC1-B78F-A2C697BCE705,4,BROILER STARTER604 1,BROILER STARTER,2026-07-23 02:34:51.963,2026-07-23 04:05:05.743,2026-07-23 04:06:09.997,4500.0,Salt,202,100.0,12.105,12.0081,Production Recipes
Server2,374A9F06-5118-48D9-9957-0B04BD698183,9EB5AAF9-4EC2-4BC1-B78F-A2C697BCE705,4,BROILER STARTER604 1,BROILER STARTER,2026-07-23 02:34:51.963,2026-07-23 04:05:05.743,2026-07-23 04:06:09.997,4500.0,SOLIS,124,100.0,6.75,7.407408,Production Recipes
Server2,374A9F06-5118-48D9-9957-0B04BD698183,9EB5AAF9-4EC2-4BC1-B78F-A2C697BCE705,4,BROILER STARTER604 1,BROILER STARTER,2026-07-23 02:34:51.963,2026-07-23 04:05:05.743,2026-07-23 04:06:09.997,4500.0,SOUDIOM Bicarbon,35,100.0,9.81,10.99537,Production Recipes
Server2,374A9F06-5118-48D9-9957-0B04BD698183,9EB5AAF9-4EC2-4BC1-B78F-A2C697BCE705,4,BROILER STARTER604 1,BROILER STARTER,2026-07-23 02:34:51.963,2026-07-23 04:05:05.743,2026-07-23 04:06:09.997,4500.0,SOYA-,105,100.0,1755.0,1754.861,Production Recipes
Server2,374A9F06-5118-48D9-9957-0B04BD698183,9EB5AAF9-4EC2-4BC1-B78F-A2C697BCE705,4,BROILER STARTER604 1,BROILER STARTER,2026-07-23 02:34:51.963,2026-07-23 04:05:05.743,2026-07-23 04:06:09.997,4500.0,Soya Oil,210,100.0,14.58,15.0,Production Recipes
Server2,374A9F06-5118-48D9-9957-0B04BD698183,9EB5AAF9-4EC2-4BC1-B78F-A2C697BCE705,4,BROILER STARTER604 1,BROILER STARTER,2026-07-23 02:34:51.963,2026-07-23 04:05:05.743,2026-07-23 04:06:09.997,4500.0,TermiN-8,33,100.0,6.75,0.0,Production Recipes
Server2,C7CCA21E-7F18-416C-9A20-8AA00194D783,9EB5AAF9-4EC2-4BC1-B78F-A2C697BCE705,4,BROILER GROWER601 2,BROILER GROWER,2026-07-23 02:34:16.443,2026-07-23 03:56:03.773,2026-07-23 03:58:11.380,4500.0,BETAIN HCL,142,100.0,2.25,2.280092,Production Recipes
Server2,C7CCA21E-7F18-416C-9A20-8AA00194D783,9EB5AAF9-4EC2-4BC1-B78F-A2C697BCE705,4,BROILER GROWER601 2,BROILER GROWER,2026-07-23 02:34:16.443,2026-07-23 03:56:03.773,2026-07-23 03:58:11.380,4500.0,BIOSTRONG 510,140,100.0,0.675,0.7609954,Production Recipes
Server2,C7CCA21E-7F18-416C-9A20-8AA00194D783,9EB5AAF9-4EC2-4BC1-B78F-A2C697BCE705,4,BROILER GROWER601 2,BROILER GROWER,2026-07-23 02:34:16.443,2026-07-23 03:56:03.773,2026-07-23 03:58:11.380,4500.0,Broiler Mineral Mix,31,100.0,4.05,7.204861,Production Recipes
Server2,C7CCA21E-7F18-416C-9A20-8AA00194D783,9EB5AAF9-4EC2-4BC1-B78F-A2C697BCE705,4,BROILER GROWER601 2,BROILER GROWER,2026-07-23 02:34:16.443,2026-07-23 03:56:03.773,2026-07-23 03:58:11.380,4500.0,Broiler Starter PX,69,100.0,4.05,5.630787,Production Recipes
Server2,C7CCA21E-7F18-416C-9A20-8AA00194D783,9EB5AAF9-4EC2-4BC1-B78F-A2C697BCE705,4,BROILER GROWER601 2,BROILER GROWER,2026-07-23 02:34:16.443,2026-07-23 03:56:03.773,2026-07-23 03:58:11.380,4500.0,Choline Chloride 60%,26,100.0,2.7,2.482639,Production Recipes
Server2,C7CCA21E-7F18-416C-9A20-8AA00194D783,9EB5AAF9-4EC2-4BC1-B78F-A2C697BCE705,4,BROILER GROWER601 2,BROILER GROWER,2026-07-23 02:34:16.443,2026-07-23 03:56:03.773,2026-07-23 03:58:11.380,4500.0,KENZYME PRO,77,100.0,2.7,3.125,Production Recipes
Server2,C7CCA21E-7F18-416C-9A20-8AA00194D783,9EB5AAF9-4EC2-4BC1-B78F-A2C697BCE705,4,BROILER GROWER601 2,BROILER GROWER,2026-07-23 02:34:16.443,2026-07-23 03:56:03.773,2026-07-23 03:58:11.380,4500.0,Limestone,113,100.0,55.485,54.97681,Production Recipes
Server2,C7CCA21E-7F18-416C-9A20-8AA00194D783,9EB5AAF9-4EC2-4BC1-B78F-A2C697BCE705,4,BROILER GROWER601 2,BROILER GROWER,2026-07-23 02:34:16.443,2026-07-23 03:56:03.773,2026-07-23 03:58:11.380,4500.0,LYSOFORTE DRY,30,100.0,0.9,0.9100116,Production Recipes
Server2,C7CCA21E-7F18-416C-9A20-8AA00194D783,9EB5AAF9-4EC2-4BC1-B78F-A2C697BCE705,4,BROILER GROWER601 2,BROILER GROWER,2026-07-23 02:34:16.443,2026-07-23 03:56:03.773,2026-07-23 03:58:11.380,4500.0,Maize,100,100.0,2679.705,2679.977,Production Recipes
Server2,C7CCA21E-7F18-416C-9A20-8AA00194D783,9EB5AAF9-4EC2-4BC1-B78F-A2C697BCE705,4,BROILER GROWER601 2,BROILER GROWER,2026-07-23 02:34:16.443,2026-07-23 03:56:03.773,2026-07-23 03:58:11.380,4500.0,Methionine,12,100.0,10.62,9.982639,Production Recipes
Server2,C7CCA21E-7F18-416C-9A20-8AA00194D783,9EB5AAF9-4EC2-4BC1-B78F-A2C697BCE705,4,BROILER GROWER601 2,BROILER GROWER,2026-07-23 02:34:16.443,2026-07-23 03:56:03.773,2026-07-23 03:58:11.380,4500.0,Monocalcium Phos,204,100.0,38.745,39.0625,Production Recipes
Server2,C7CCA21E-7F18-416C-9A20-8AA00194D783,9EB5AAF9-4EC2-4BC1-B78F-A2C697BCE705,4,BROILER GROWER601 2,BROILER GROWER,2026-07-23 02:34:16.443,2026-07-23 03:56:03.773,2026-07-23 03:58:11.380,4500.0,NOVELA ECL,6,100.0,0.45,0.510706,Production Recipes
Server2,C7CCA21E-7F18-416C-9A20-8AA00194D783,9EB5AAF9-4EC2-4BC1-B78F-A2C697BCE705,4,BROILER GROWER601 2,BROILER GROWER,2026-07-23 02:34:16.443,2026-07-23 03:56:03.773,2026-07-23 03:58:11.380,4500.0,Provi Oxi Stop,21,100.0,0.45,1.320891,Production Recipes
Server2,C7CCA21E-7F18-416C-9A20-8AA00194D783,9EB5AAF9-4EC2-4BC1-B78F-A2C697BCE705,4,BROILER GROWER601 2,BROILER GROWER,2026-07-23 02:34:16.443,2026-07-23 03:56:03.773,2026-07-23 03:58:11.380,4500.0,Rovabio P10,176,100.0,2.25,2.835649,Production Recipes
Server2,C7CCA21E-7F18-416C-9A20-8AA00194D783,9EB5AAF9-4EC2-4BC1-B78F-A2C697BCE705,4,BROILER GROWER601 2,BROILER GROWER,2026-07-23 02:34:16.443,2026-07-23 03:56:03.773,2026-07-23 03:58:11.380,4500.0,Sacox (500g),91,100.0,2.25,2.962964,Production Recipes
Server2,C7CCA21E-7F18-416C-9A20-8AA00194D783,9EB5AAF9-4EC2-4BC1-B78F-A2C697BCE705,4,BROILER GROWER601 2,BROILER GROWER,2026-07-23 02:34:16.443,2026-07-23 03:56:03.773,2026-07-23 03:58:11.380,4500.0,Salt,202,100.0,12.96,13.16551,Production Recipes
Server2,C7CCA21E-7F18-416C-9A20-8AA00194D783,9EB5AAF9-4EC2-4BC1-B78F-A2C697BCE705,4,BROILER GROWER601 2,BROILER GROWER,2026-07-23 02:34:16.443,2026-07-23 03:56:03.773,2026-07-23 03:58:11.380,4500.0,SOLIS,124,100.0,6.75,7.421876,Production Recipes
Server2,C7CCA21E-7F18-416C-9A20-8AA00194D783,9EB5AAF9-4EC2-4BC1-B78F-A2C697BCE705,4,BROILER GROWER601 2,BROILER GROWER,2026-07-23 02:34:16.443,2026-07-23 03:56:03.773,2026-07-23 03:58:11.380,4500.0,SOUDIOM Bicarbon,35,100.0,8.955,9.114586,Production Recipes
Server2,C7CCA21E-7F18-416C-9A20-8AA00194D783,9EB5AAF9-4EC2-4BC1-B78F-A2C697BCE705,4,BROILER GROWER601 2,BROILER GROWER,2026-07-23 02:34:16.443,2026-07-23 03:56:03.773,2026-07-23 03:58:11.380,4500.0,SOYA-,105,100.0,1619.145,1616.319,Production Recipes
Server2,C7CCA21E-7F18-416C-9A20-8AA00194D783,9EB5AAF9-4EC2-4BC1-B78F-A2C697BCE705,4,BROILER GROWER601 2,BROILER GROWER,2026-07-23 02:34:16.443,2026-07-23 03:56:03.773,2026-07-23 03:58:11.380,4500.0,Soya Oil,210,100.0,37.35,37.75,Production Recipes
Server2,C7CCA21E-7F18-416C-9A20-8AA00194D783,9EB5AAF9-4EC2-4BC1-B78F-A2C697BCE705,4,BROILER GROWER601 2,BROILER GROWER,2026-07-23 02:34:16.443,2026-07-23 03:56:03.773,2026-07-23 03:58:11.380,4500.0,TermiN-8,33,100.0,6.75,0.0,Production Recipes
Server2,E8A16027-DA9D-4402-B514-94BCAF24F7BF,9EB5AAF9-4EC2-4BC1-B78F-A2C697BCE705,4,BROILER GROWER601 1,BROILER GROWER,2026-07-23 02:34:14.433,2026-07-23 03:52:13.870,2026-07-23 03:53:18.260,4500.0,BETAIN HCL,142,100.0,2.25,2.633101,Production Recipes
Server2,E8A16027-DA9D-4402-B514-94BCAF24F7BF,9EB5AAF9-4EC2-4BC1-B78F-A2C697BCE705,4,BROILER GROWER601 1,BROILER GROWER,2026-07-23 02:34:14.433,2026-07-23 03:52:13.870,2026-07-23 03:53:18.260,4500.0,BIOSTRONG 510,140,100.0,0.675,0.7711227,Production Recipes
Server2,E8A16027-DA9D-4402-B514-94BCAF24F7BF,9EB5AAF9-4EC2-4BC1-B78F-A2C697BCE705,4,BROILER GROWER601 1,BROILER GROWER,2026-07-23 02:34:14.433,2026-07-23 03:52:13.870,2026-07-23 03:53:18.260,4500.0,Broiler Mineral Mix,31,100.0,4.05,6.380208,Production Recipes
Server2,E8A16027-DA9D-4402-B514-94BCAF24F7BF,9EB5AAF9-4EC2-4BC1-B78F-A2C697BCE705,4,BROILER GROWER601 1,BROILER GROWER,2026-07-23 02:34:14.433,2026-07-23 03:52:13.870,2026-07-23 03:53:18.260,4500.0,Broiler Starter PX,69,100.0,4.05,6.747685,Production Recipes
Server2,E8A16027-DA9D-4402-B514-94BCAF24F7BF,9EB5AAF9-4EC2-4BC1-B78F-A2C697BCE705,4,BROILER GROWER601 1,BROILER GROWER,2026-07-23 02:34:14.433,2026-07-23 03:52:13.870,2026-07-23 03:53:18.260,4500.0,Choline Chloride 60%,26,100.0,2.7,2.609955,Production Recipes
Server2,E8A16027-DA9D-4402-B514-94BCAF24F7BF,9EB5AAF9-4EC2-4BC1-B78F-A2C697BCE705,4,BROILER GROWER601 1,BROILER GROWER,2026-07-23 02:34:14.433,2026-07-23 03:52:13.870,2026-07-23 03:53:18.260,4500.0,KENZYME PRO,77,100.0,2.7,3.009259,Production Recipes
Server2,E8A16027-DA9D-4402-B514-94BCAF24F7BF,9EB5AAF9-4EC2-4BC1-B78F-A2C697BCE705,4,BROILER GROWER601 1,BROILER GROWER,2026-07-23 02:34:14.433,2026-07-23 03:52:13.870,2026-07-23 03:53:18.260,4500.0,Limestone,113,100.0,55.485,57.72571,Production Recipes
Server2,E8A16027-DA9D-4402-B514-94BCAF24F7BF,9EB5AAF9-4EC2-4BC1-B78F-A2C697BCE705,4,BROILER GROWER601 1,BROILER GROWER,2026-07-23 02:34:14.433,2026-07-23 03:52:13.870,2026-07-23 03:53:18.260,4500.0,LYSOFORTE DRY,30,100.0,0.9,0.9606482,Production Recipes
Server2,E8A16027-DA9D-4402-B514-94BCAF24F7BF,9EB5AAF9-4EC2-4BC1-B78F-A2C697BCE705,4,BROILER GROWER601 1,BROILER GROWER,2026-07-23 02:34:14.433,2026-07-23 03:52:13.870,2026-07-23 03:53:18.260,4500.0,Maize,100,100.0,2679.705,2670.428,Production Recipes
Server2,E8A16027-DA9D-4402-B514-94BCAF24F7BF,9EB5AAF9-4EC2-4BC1-B78F-A2C697BCE705,4,BROILER GROWER601 1,BROILER GROWER,2026-07-23 02:34:14.433,2026-07-23 03:52:13.870,2026-07-23 03:53:18.260,4500.0,Methionine,12,100.0,10.62,9.982639,Production Recipes
Server2,E8A16027-DA9D-4402-B514-94BCAF24F7BF,9EB5AAF9-4EC2-4BC1-B78F-A2C697BCE705,4,BROILER GROWER601 1,BROILER GROWER,2026-07-23 02:34:14.433,2026-07-23 03:52:13.870,2026-07-23 03:53:18.260,4500.0,Monocalcium Phos,204,100.0,38.745,39.0625,Production Recipes
Server2,E8A16027-DA9D-4402-B514-94BCAF24F7BF,9EB5AAF9-4EC2-4BC1-B78F-A2C697BCE705,4,BROILER GROWER601 1,BROILER GROWER,2026-07-23 02:34:14.433,2026-07-23 03:52:13.870,2026-07-23 03:53:18.260,4500.0,NOVELA ECL,6,100.0,0.45,0.5425348,Production Recipes
Server2,E8A16027-DA9D-4402-B514-94BCAF24F7BF,9EB5AAF9-4EC2-4BC1-B78F-A2C697BCE705,4,BROILER GROWER601 1,BROILER GROWER,2026-07-23 02:34:14.433,2026-07-23 03:52:13.870,2026-07-23 03:53:18.260,4500.0,Provi Oxi Stop,21,100.0,0.45,0.9809029,Production Recipes
Server2,E8A16027-DA9D-4402-B514-94BCAF24F7BF,9EB5AAF9-4EC2-4BC1-B78F-A2C697BCE705,4,BROILER GROWER601 1,BROILER GROWER,2026-07-23 02:34:14.433,2026-07-23 03:52:13.870,2026-07-23 03:53:18.260,4500.0,Rovabio P10,176,100.0,2.25,1.608795,Production Recipes
Server2,E8A16027-DA9D-4402-B514-94BCAF24F7BF,9EB5AAF9-4EC2-4BC1-B78F-A2C697BCE705,4,BROILER GROWER601 1,BROILER GROWER,2026-07-23 02:34:14.433,2026-07-23 03:52:13.870,2026-07-23 03:53:18.260,4500.0,Sacox (500g),91,100.0,2.25,4.0625,Production Recipes
Server2,E8A16027-DA9D-4402-B514-94BCAF24F7BF,9EB5AAF9-4EC2-4BC1-B78F-A2C697BCE705,4,BROILER GROWER601 1,BROILER GROWER,2026-07-23 02:34:14.433,2026-07-23 03:52:13.870,2026-07-23 03:53:18.260,4500.0,Salt,202,100.0,12.96,13.02083,Production Recipes
Server2,E8A16027-DA9D-4402-B514-94BCAF24F7BF,9EB5AAF9-4EC2-4BC1-B78F-A2C697BCE705,4,BROILER GROWER601 1,BROILER GROWER,2026-07-23 02:34:14.433,2026-07-23 03:52:13.870,2026-07-23 03:53:18.260,4500.0,SOLIS,124,100.0,6.75,7.204862,Production Recipes
Server2,E8A16027-DA9D-4402-B514-94BCAF24F7BF,9EB5AAF9-4EC2-4BC1-B78F-A2C697BCE705,4,BROILER GROWER601 1,BROILER GROWER,2026-07-23 02:34:14.433,2026-07-23 03:52:13.870,2026-07-23 03:53:18.260,4500.0,SOUDIOM Bicarbon,35,100.0,8.955,9.114586,Production Recipes
Server2,E8A16027-DA9D-4402-B514-94BCAF24F7BF,9EB5AAF9-4EC2-4BC1-B78F-A2C697BCE705,4,BROILER GROWER601 1,BROILER GROWER,2026-07-23 02:34:14.433,2026-07-23 03:52:13.870,2026-07-23 03:53:18.260,4500.0,SOYA-,105,100.0,1619.145,1621.817,Production Recipes
Server2,E8A16027-DA9D-4402-B514-94BCAF24F7BF,9EB5AAF9-4EC2-4BC1-B78F-A2C697BCE705,4,BROILER GROWER601 1,BROILER GROWER,2026-07-23 02:34:14.433,2026-07-23 03:52:13.870,2026-07-23 03:53:18.260,4500.0,Soya Oil,210,100.0,37.35,37.75,Production Recipes
Server2,E8A16027-DA9D-4402-B514-94BCAF24F7BF,9EB5AAF9-4EC2-4BC1-B78F-A2C697BCE705,4,BROILER GROWER601 1,BROILER GROWER,2026-07-23 02:34:14.433,2026-07-23 03:52:13.870,2026-07-23 03:53:18.260,4500.0,TermiN-8,33,100.0,6.75,0.0,Production Recipes
Server2,B0858F01-AA94-44AB-9BAA-C5E8C1C2FB76,9EB5AAF9-4EC2-4BC1-B78F-A2C697BCE705,4,BROILER STARTER603 3,BROILER STARTER,2026-07-23 01:57:20.580,2026-07-23 03:31:39.723,2026-07-23 03:32:42.923,4500.0,BETAIN HCL,142,100.0,2.25,2.511574,Production Recipes
Server2,B0858F01-AA94-44AB-9BAA-C5E8C1C2FB76,9EB5AAF9-4EC2-4BC1-B78F-A2C697BCE705,4,BROILER STARTER603 3,BROILER STARTER,2026-07-23 01:57:20.580,2026-07-23 03:31:39.723,2026-07-23 03:32:42.923,4500.0,BIOSTRONG 510,140,100.0,0.675,0.7986112,Production Recipes
Server2,B0858F01-AA94-44AB-9BAA-C5E8C1C2FB76,9EB5AAF9-4EC2-4BC1-B78F-A2C697BCE705,4,BROILER STARTER603 3,BROILER STARTER,2026-07-23 01:57:20.580,2026-07-23 03:31:39.723,2026-07-23 03:32:42.923,4500.0,Broiler Mineral Mix,31,100.0,4.5,6.423612,Production Recipes
Server2,B0858F01-AA94-44AB-9BAA-C5E8C1C2FB76,9EB5AAF9-4EC2-4BC1-B78F-A2C697BCE705,4,BROILER STARTER603 3,BROILER STARTER,2026-07-23 01:57:20.580,2026-07-23 03:31:39.723,2026-07-23 03:32:42.923,4500.0,KENZYME PRO,77,100.0,2.7,3.052662,Production Recipes
Server2,B0858F01-AA94-44AB-9BAA-C5E8C1C2FB76,9EB5AAF9-4EC2-4BC1-B78F-A2C697BCE705,4,BROILER STARTER603 3,BROILER STARTER,2026-07-23 01:57:20.580,2026-07-23 03:31:39.723,2026-07-23 03:32:42.923,4500.0,Limestone,113,100.0,65.07,65.42236,Production Recipes
Server2,B0858F01-AA94-44AB-9BAA-C5E8C1C2FB76,9EB5AAF9-4EC2-4BC1-B78F-A2C697BCE705,4,BROILER STARTER603 3,BROILER STARTER,2026-07-23 01:57:20.580,2026-07-23 03:31:39.723,2026-07-23 03:32:42.923,4500.0,LYSOFORTE DRY,30,100.0,0.9,0.8289931,Production Recipes
Server2,B0858F01-AA94-44AB-9BAA-C5E8C1C2FB76,9EB5AAF9-4EC2-4BC1-B78F-A2C697BCE705,4,BROILER STARTER603 3,BROILER STARTER,2026-07-23 01:57:20.580,2026-07-23 03:31:39.723,2026-07-23 03:32:42.923,4500.0,Maize,100,100.0,2688.75,2684.751,Production Recipes
Server2,B0858F01-AA94-44AB-9BAA-C5E8C1C2FB76,9EB5AAF9-4EC2-4BC1-B78F-A2C697BCE705,4,BROILER STARTER603 3,BROILER STARTER,2026-07-23 01:57:20.580,2026-07-23 03:31:39.723,2026-07-23 03:32:42.923,4500.0,Methionine,12,100.0,13.95,14.03356,Production Recipes
Server2,B0858F01-AA94-44AB-9BAA-C5E8C1C2FB76,9EB5AAF9-4EC2-4BC1-B78F-A2C697BCE705,4,BROILER STARTER603 3,BROILER STARTER,2026-07-23 01:57:20.580,2026-07-23 03:31:39.723,2026-07-23 03:32:42.923,4500.0,Monocalcium Phos,204,100.0,42.03,42.24537,Production Recipes
Server2,B0858F01-AA94-44AB-9BAA-C5E8C1C2FB76,9EB5AAF9-4EC2-4BC1-B78F-A2C697BCE705,4,BROILER STARTER603 3,BROILER STARTER,2026-07-23 01:57:20.580,2026-07-23 03:31:39.723,2026-07-23 03:32:42.923,4500.0,NOVELA ECL,6,100.0,0.45,0.5497685,Production Recipes
Server2,B0858F01-AA94-44AB-9BAA-C5E8C1C2FB76,9EB5AAF9-4EC2-4BC1-B78F-A2C697BCE705,4,BROILER STARTER603 3,BROILER STARTER,2026-07-23 01:57:20.580,2026-07-23 03:31:39.723,2026-07-23 03:32:42.923,4500.0,Provi Oxi Stop,21,100.0,0.45,0.8897569,Production Recipes
Server2,B0858F01-AA94-44AB-9BAA-C5E8C1C2FB76,9EB5AAF9-4EC2-4BC1-B78F-A2C697BCE705,4,BROILER STARTER603 3,BROILER STARTER,2026-07-23 01:57:20.580,2026-07-23 03:31:39.723,2026-07-23 03:32:42.923,4500.0,Rovabio P10,176,100.0,2.25,2.870371,Production Recipes
Server2,B0858F01-AA94-44AB-9BAA-C5E8C1C2FB76,9EB5AAF9-4EC2-4BC1-B78F-A2C697BCE705,4,BROILER STARTER603 3,BROILER STARTER,2026-07-23 01:57:20.580,2026-07-23 03:31:39.723,2026-07-23 03:32:42.923,4500.0,Sacox (500g),91,100.0,2.25,4.114583,Production Recipes
Server2,B0858F01-AA94-44AB-9BAA-C5E8C1C2FB76,9EB5AAF9-4EC2-4BC1-B78F-A2C697BCE705,4,BROILER STARTER603 3,BROILER STARTER,2026-07-23 01:57:20.580,2026-07-23 03:31:39.723,2026-07-23 03:32:42.923,4500.0,Salt,202,100.0,12.105,13.02084,Production Recipes
Server2,B0858F01-AA94-44AB-9BAA-C5E8C1C2FB76,9EB5AAF9-4EC2-4BC1-B78F-A2C697BCE705,4,BROILER STARTER603 3,BROILER STARTER,2026-07-23 01:57:20.580,2026-07-23 03:31:39.723,2026-07-23 03:32:42.923,4500.0,SOLIS,124,100.0,6.75,7.277198,Production Recipes
Server2,B0858F01-AA94-44AB-9BAA-C5E8C1C2FB76,9EB5AAF9-4EC2-4BC1-B78F-A2C697BCE705,4,BROILER STARTER603 3,BROILER STARTER,2026-07-23 01:57:20.580,2026-07-23 03:31:39.723,2026-07-23 03:32:42.923,4500.0,SOUDIOM Bicarbon,35,100.0,9.81,9.982635,Production Recipes
Server2,B0858F01-AA94-44AB-9BAA-C5E8C1C2FB76,9EB5AAF9-4EC2-4BC1-B78F-A2C697BCE705,4,BROILER STARTER603 3,BROILER STARTER,2026-07-23 01:57:20.580,2026-07-23 03:31:39.723,2026-07-23 03:32:42.923,4500.0,SOYA-,105,100.0,1755.0,1759.809,Production Recipes
Server2,B0858F01-AA94-44AB-9BAA-C5E8C1C2FB76,9EB5AAF9-4EC2-4BC1-B78F-A2C697BCE705,4,BROILER STARTER603 3,BROILER STARTER,2026-07-23 01:57:20.580,2026-07-23 03:31:39.723,2026-07-23 03:32:42.923,4500.0,Soya Oil,210,100.0,14.58,15.0,Production Recipes
Server2,B0858F01-AA94-44AB-9BAA-C5E8C1C2FB76,9EB5AAF9-4EC2-4BC1-B78F-A2C697BCE705,4,BROILER STARTER603 3,BROILER STARTER,2026-07-23 01:57:20.580,2026-07-23 03:31:39.723,2026-07-23 03:32:42.923,4500.0,TermiN-8,33,100.0,6.75,0.0,Production Recipes
Server2,D94A2C0E-25E5-4507-8FE8-E0884F16774D,9EB5AAF9-4EC2-4BC1-B78F-A2C697BCE705,4,BROILER STARTER603 2,BROILER STARTER,2026-07-23 01:57:16.463,2026-07-23 03:18:52.443,2026-07-23 03:19:55.880,4500.0,BETAIN HCL,142,100.0,2.25,2.731481,Production Recipes
Server2,D94A2C0E-25E5-4507-8FE8-E0884F16774D,9EB5AAF9-4EC2-4BC1-B78F-A2C697BCE705,4,BROILER STARTER603 2,BROILER STARTER,2026-07-23 01:57:16.463,2026-07-23 03:18:52.443,2026-07-23 03:19:55.880,4500.0,BIOSTRONG 510,140,100.0,0.675,0.7494213,Production Recipes
Server2,D94A2C0E-25E5-4507-8FE8-E0884F16774D,9EB5AAF9-4EC2-4BC1-B78F-A2C697BCE705,4,BROILER STARTER603 2,BROILER STARTER,2026-07-23 01:57:16.463,2026-07-23 03:18:52.443,2026-07-23 03:19:55.880,4500.0,Broiler Mineral Mix,31,100.0,4.5,6.235533,Production Recipes
Server2,D94A2C0E-25E5-4507-8FE8-E0884F16774D,9EB5AAF9-4EC2-4BC1-B78F-A2C697BCE705,4,BROILER STARTER603 2,BROILER STARTER,2026-07-23 01:57:16.463,2026-07-23 03:18:52.443,2026-07-23 03:19:55.880,4500.0,KENZYME PRO,77,100.0,2.7,3.182871,Production Recipes
Server2,D94A2C0E-25E5-4507-8FE8-E0884F16774D,9EB5AAF9-4EC2-4BC1-B78F-A2C697BCE705,4,BROILER STARTER603 2,BROILER STARTER,2026-07-23 01:57:16.463,2026-07-23 03:18:52.443,2026-07-23 03:19:55.880,4500.0,Limestone,113,100.0,65.07,73.66907,Production Recipes
Server2,D94A2C0E-25E5-4507-8FE8-E0884F16774D,9EB5AAF9-4EC2-4BC1-B78F-A2C697BCE705,4,BROILER STARTER603 2,BROILER STARTER,2026-07-23 01:57:16.463,2026-07-23 03:18:52.443,2026-07-23 03:19:55.880,4500.0,LYSOFORTE DRY,30,100.0,0.9,0.8405672,Production Recipes
Server2,D94A2C0E-25E5-4507-8FE8-E0884F16774D,9EB5AAF9-4EC2-4BC1-B78F-A2C697BCE705,4,BROILER STARTER603 2,BROILER STARTER,2026-07-23 01:57:16.463,2026-07-23 03:18:52.443,2026-07-23 03:19:55.880,4500.0,Maize,100,100.0,2688.75,2684.751,Production Recipes
Server2,D94A2C0E-25E5-4507-8FE8-E0884F16774D,9EB5AAF9-4EC2-4BC1-B78F-A2C697BCE705,4,BROILER STARTER603 2,BROILER STARTER,2026-07-23 01:57:16.463,2026-07-23 03:18:52.443,2026-07-23 03:19:55.880,4500.0,Methionine,12,100.0,13.95,13.88889,Production Recipes
Server2,D94A2C0E-25E5-4507-8FE8-E0884F16774D,9EB5AAF9-4EC2-4BC1-B78F-A2C697BCE705,4,BROILER STARTER603 2,BROILER STARTER,2026-07-23 01:57:16.463,2026-07-23 03:18:52.443,2026-07-23 03:19:55.880,4500.0,Monocalcium Phos,204,100.0,42.03,42.10069,Production Recipes
Server2,D94A2C0E-25E5-4507-8FE8-E0884F16774D,9EB5AAF9-4EC2-4BC1-B78F-A2C697BCE705,4,BROILER STARTER603 2,BROILER STARTER,2026-07-23 01:57:16.463,2026-07-23 03:18:52.443,2026-07-23 03:19:55.880,4500.0,NOVELA ECL,6,100.0,0.45,0.5497686,Production Recipes
Server2,D94A2C0E-25E5-4507-8FE8-E0884F16774D,9EB5AAF9-4EC2-4BC1-B78F-A2C697BCE705,4,BROILER STARTER603 2,BROILER STARTER,2026-07-23 01:57:16.463,2026-07-23 03:18:52.443,2026-07-23 03:19:55.880,4500.0,Provi Oxi Stop,21,100.0,0.45,0.9505208,Production Recipes
Server2,D94A2C0E-25E5-4507-8FE8-E0884F16774D,9EB5AAF9-4EC2-4BC1-B78F-A2C697BCE705,4,BROILER STARTER603 2,BROILER STARTER,2026-07-23 01:57:16.463,2026-07-23 03:18:52.443,2026-07-23 03:19:55.880,4500.0,Rovabio P10,176,100.0,2.25,2.864584,Production Recipes
Server2,D94A2C0E-25E5-4507-8FE8-E0884F16774D,9EB5AAF9-4EC2-4BC1-B78F-A2C697BCE705,4,BROILER STARTER603 2,BROILER STARTER,2026-07-23 01:57:16.463,2026-07-23 03:18:52.443,2026-07-23 03:19:55.880,4500.0,Sacox (500g),91,100.0,2.25,3.634259,Production Recipes
Server2,D94A2C0E-25E5-4507-8FE8-E0884F16774D,9EB5AAF9-4EC2-4BC1-B78F-A2C697BCE705,4,BROILER STARTER603 2,BROILER STARTER,2026-07-23 01:57:16.463,2026-07-23 03:18:52.443,2026-07-23 03:19:55.880,4500.0,Salt,202,100.0,12.105,19.09722,Production Recipes
Server2,D94A2C0E-25E5-4507-8FE8-E0884F16774D,9EB5AAF9-4EC2-4BC1-B78F-A2C697BCE705,4,BROILER STARTER603 2,BROILER STARTER,2026-07-23 01:57:16.463,2026-07-23 03:18:52.443,2026-07-23 03:19:55.880,4500.0,SOLIS,124,100.0,6.75,7.436343,Production Recipes
Server2,D94A2C0E-25E5-4507-8FE8-E0884F16774D,9EB5AAF9-4EC2-4BC1-B78F-A2C697BCE705,4,BROILER STARTER603 2,BROILER STARTER,2026-07-23 01:57:16.463,2026-07-23 03:18:52.443,2026-07-23 03:19:55.880,4500.0,SOUDIOM Bicarbon,35,100.0,9.81,10.12732,Production Recipes
Server2,D94A2C0E-25E5-4507-8FE8-E0884F16774D,9EB5AAF9-4EC2-4BC1-B78F-A2C697BCE705,4,BROILER STARTER603 2,BROILER STARTER,2026-07-23 01:57:16.463,2026-07-23 03:18:52.443,2026-07-23 03:19:55.880,4500.0,SOYA-,105,100.0,1755.0,1753.212,Production Recipes
Server2,D94A2C0E-25E5-4507-8FE8-E0884F16774D,9EB5AAF9-4EC2-4BC1-B78F-A2C697BCE705,4,BROILER STARTER603 2,BROILER STARTER,2026-07-23 01:57:16.463,2026-07-23 03:18:52.443,2026-07-23 03:19:55.880,4500.0,Soya Oil,210,100.0,14.58,15.0,Production Recipes
Server2,D94A2C0E-25E5-4507-8FE8-E0884F16774D,9EB5AAF9-4EC2-4BC1-B78F-A2C697BCE705,4,BROILER STARTER603 2,BROILER STARTER,2026-07-23 01:57:16.463,2026-07-23 03:18:52.443,2026-07-23 03:19:55.880,4500.0,TermiN-8,33,100.0,6.75,0.0,Production Recipes
Server2,8EC3E86F-488B-4702-9BC9-8DB093525AE2,9EB5AAF9-4EC2-4BC1-B78F-A2C697BCE705,4,BROILER STARTER603 1,BROILER STARTER,2026-07-23 01:57:14.437,2026-07-23 03:14:59.833,2026-07-23 03:16:04.087,4500.0,BETAIN HCL,142,100.0,2.25,2.858796,Production Recipes
Server2,8EC3E86F-488B-4702-9BC9-8DB093525AE2,9EB5AAF9-4EC2-4BC1-B78F-A2C697BCE705,4,BROILER STARTER603 1,BROILER STARTER,2026-07-23 01:57:14.437,2026-07-23 03:14:59.833,2026-07-23 03:16:04.087,4500.0,BIOSTRONG 510,140,100.0,0.675,0.6206598,Production Recipes
Server2,8EC3E86F-488B-4702-9BC9-8DB093525AE2,9EB5AAF9-4EC2-4BC1-B78F-A2C697BCE705,4,BROILER STARTER603 1,BROILER STARTER,2026-07-23 01:57:14.437,2026-07-23 03:14:59.833,2026-07-23 03:16:04.087,4500.0,Broiler Mineral Mix,31,100.0,4.5,7.045717,Production Recipes
Server2,8EC3E86F-488B-4702-9BC9-8DB093525AE2,9EB5AAF9-4EC2-4BC1-B78F-A2C697BCE705,4,BROILER STARTER603 1,BROILER STARTER,2026-07-23 01:57:14.437,2026-07-23 03:14:59.833,2026-07-23 03:16:04.087,4500.0,KENZYME PRO,77,100.0,2.7,3.139468,Production Recipes
Server2,8EC3E86F-488B-4702-9BC9-8DB093525AE2,9EB5AAF9-4EC2-4BC1-B78F-A2C697BCE705,4,BROILER STARTER603 1,BROILER STARTER,2026-07-23 01:57:14.437,2026-07-23 03:14:59.833,2026-07-23 03:16:04.087,4500.0,Limestone,113,100.0,65.07,65.97229,Production Recipes
Server2,8EC3E86F-488B-4702-9BC9-8DB093525AE2,9EB5AAF9-4EC2-4BC1-B78F-A2C697BCE705,4,BROILER STARTER603 1,BROILER STARTER,2026-07-23 01:57:14.437,2026-07-23 03:14:59.833,2026-07-23 03:16:04.087,4500.0,LYSOFORTE DRY,30,100.0,0.9,0.8304399,Production Recipes
Server2,8EC3E86F-488B-4702-9BC9-8DB093525AE2,9EB5AAF9-4EC2-4BC1-B78F-A2C697BCE705,4,BROILER STARTER603 1,BROILER STARTER,2026-07-23 01:57:14.437,2026-07-23 03:14:59.833,2026-07-23 03:16:04.087,4500.0,Maize,100,100.0,2688.75,2689.525,Production Recipes
Server2,8EC3E86F-488B-4702-9BC9-8DB093525AE2,9EB5AAF9-4EC2-4BC1-B78F-A2C697BCE705,4,BROILER STARTER603 1,BROILER STARTER,2026-07-23 01:57:14.437,2026-07-23 03:14:59.833,2026-07-23 03:16:04.087,4500.0,Methionine,12,100.0,13.95,14.03356,Production Recipes
Server2,8EC3E86F-488B-4702-9BC9-8DB093525AE2,9EB5AAF9-4EC2-4BC1-B78F-A2C697BCE705,4,BROILER STARTER603 1,BROILER STARTER,2026-07-23 01:57:14.437,2026-07-23 03:14:59.833,2026-07-23 03:16:04.087,4500.0,Monocalcium Phos,204,100.0,42.03,42.24537,Production Recipes
Server2,8EC3E86F-488B-4702-9BC9-8DB093525AE2,9EB5AAF9-4EC2-4BC1-B78F-A2C697BCE705,4,BROILER STARTER603 1,BROILER STARTER,2026-07-23 01:57:14.437,2026-07-23 03:14:59.833,2026-07-23 03:16:04.087,4500.0,NOVELA ECL,6,100.0,0.45,0.5613426,Production Recipes
Server2,8EC3E86F-488B-4702-9BC9-8DB093525AE2,9EB5AAF9-4EC2-4BC1-B78F-A2C697BCE705,4,BROILER STARTER603 1,BROILER STARTER,2026-07-23 01:57:14.437,2026-07-23 03:14:59.833,2026-07-23 03:16:04.087,4500.0,Provi Oxi Stop,21,100.0,0.45,1.310764,Production Recipes
Server2,8EC3E86F-488B-4702-9BC9-8DB093525AE2,9EB5AAF9-4EC2-4BC1-B78F-A2C697BCE705,4,BROILER STARTER603 1,BROILER STARTER,2026-07-23 01:57:14.437,2026-07-23 03:14:59.833,2026-07-23 03:16:04.087,4500.0,Rovabio P10,176,100.0,2.25,2.592593,Production Recipes
Server2,8EC3E86F-488B-4702-9BC9-8DB093525AE2,9EB5AAF9-4EC2-4BC1-B78F-A2C697BCE705,4,BROILER STARTER603 1,BROILER STARTER,2026-07-23 01:57:14.437,2026-07-23 03:14:59.833,2026-07-23 03:16:04.087,4500.0,Sacox (500g),91,100.0,2.25,3.252315,Production Recipes
Server2,8EC3E86F-488B-4702-9BC9-8DB093525AE2,9EB5AAF9-4EC2-4BC1-B78F-A2C697BCE705,4,BROILER STARTER603 1,BROILER STARTER,2026-07-23 01:57:14.437,2026-07-23 03:14:59.833,2026-07-23 03:16:04.087,4500.0,Salt,202,100.0,12.105,12.0081,Production Recipes
Server2,8EC3E86F-488B-4702-9BC9-8DB093525AE2,9EB5AAF9-4EC2-4BC1-B78F-A2C697BCE705,4,BROILER STARTER603 1,BROILER STARTER,2026-07-23 01:57:14.437,2026-07-23 03:14:59.833,2026-07-23 03:16:04.087,4500.0,SOLIS,124,100.0,6.75,7.219328,Production Recipes
Server2,8EC3E86F-488B-4702-9BC9-8DB093525AE2,9EB5AAF9-4EC2-4BC1-B78F-A2C697BCE705,4,BROILER STARTER603 1,BROILER STARTER,2026-07-23 01:57:14.437,2026-07-23 03:14:59.833,2026-07-23 03:16:04.087,4500.0,SOUDIOM Bicarbon,35,100.0,9.81,9.982643,Production Recipes
Server2,8EC3E86F-488B-4702-9BC9-8DB093525AE2,9EB5AAF9-4EC2-4BC1-B78F-A2C697BCE705,4,BROILER STARTER603 1,BROILER STARTER,2026-07-23 01:57:14.437,2026-07-23 03:14:59.833,2026-07-23 03:16:04.087,4500.0,SOYA-,105,100.0,1755.0,1757.61,Production Recipes
Server2,8EC3E86F-488B-4702-9BC9-8DB093525AE2,9EB5AAF9-4EC2-4BC1-B78F-A2C697BCE705,4,BROILER STARTER603 1,BROILER STARTER,2026-07-23 01:57:14.437,2026-07-23 03:14:59.833,2026-07-23 03:16:04.087,4500.0,Soya Oil,210,100.0,14.58,15.0,Production Recipes
Server2,8EC3E86F-488B-4702-9BC9-8DB093525AE2,9EB5AAF9-4EC2-4BC1-B78F-A2C697BCE705,4,BROILER STARTER603 1,BROILER STARTER,2026-07-23 01:57:14.437,2026-07-23 03:14:59.833,2026-07-23 03:16:04.087,4500.0,TermiN-8,33,100.0,6.75,0.0,Production Recipes
Server2,17D3D12E-46C0-42CB-A44E-B40622CF92F9,9EB5AAF9-4EC2-4BC1-B78F-A2C697BCE705,4,BROILER GROWER602 3,BROILER GROWER,2026-07-23 01:56:11.923,2026-07-23 03:06:56.440,2026-07-23 03:08:00.477,4500.0,BETAIN HCL,142,100.0,2.25,3.443288,Production Recipes
Server2,17D3D12E-46C0-42CB-A44E-B40622CF92F9,9EB5AAF9-4EC2-4BC1-B78F-A2C697BCE705,4,BROILER GROWER602 3,BROILER GROWER,2026-07-23 01:56:11.923,2026-07-23 03:06:56.440,2026-07-23 03:08:00.477,4500.0,BIOSTRONG 510,140,100.0,0.675,0.7306135,Production Recipes
Server2,17D3D12E-46C0-42CB-A44E-B40622CF92F9,9EB5AAF9-4EC2-4BC1-B78F-A2C697BCE705,4,BROILER GROWER602 3,BROILER GROWER,2026-07-23 01:56:11.923,2026-07-23 03:06:56.440,2026-07-23 03:08:00.477,4500.0,Broiler Mineral Mix,31,100.0,4.05,5.10706,Production Recipes
Server2,17D3D12E-46C0-42CB-A44E-B40622CF92F9,9EB5AAF9-4EC2-4BC1-B78F-A2C697BCE705,4,BROILER GROWER602 3,BROILER GROWER,2026-07-23 01:56:11.923,2026-07-23 03:06:56.440,2026-07-23 03:08:00.477,4500.0,Broiler Starter PX,69,100.0,4.05,5.405093,Production Recipes
Server2,17D3D12E-46C0-42CB-A44E-B40622CF92F9,9EB5AAF9-4EC2-4BC1-B78F-A2C697BCE705,4,BROILER GROWER602 3,BROILER GROWER,2026-07-23 01:56:11.923,2026-07-23 03:06:56.440,2026-07-23 03:08:00.477,4500.0,Choline Chloride 60%,26,100.0,2.7,2.488425,Production Recipes
Server2,17D3D12E-46C0-42CB-A44E-B40622CF92F9,9EB5AAF9-4EC2-4BC1-B78F-A2C697BCE705,4,BROILER GROWER602 3,BROILER GROWER,2026-07-23 01:56:11.923,2026-07-23 03:06:56.440,2026-07-23 03:08:00.477,4500.0,KENZYME PRO,77,100.0,2.7,3.211805,Production Recipes
Server2,17D3D12E-46C0-42CB-A44E-B40622CF92F9,9EB5AAF9-4EC2-4BC1-B78F-A2C697BCE705,4,BROILER GROWER602 3,BROILER GROWER,2026-07-23 01:56:11.923,2026-07-23 03:06:56.440,2026-07-23 03:08:00.477,4500.0,Limestone,113,100.0,55.485,63.77307,Production Recipes
Server2,17D3D12E-46C0-42CB-A44E-B40622CF92F9,9EB5AAF9-4EC2-4BC1-B78F-A2C697BCE705,4,BROILER GROWER602 3,BROILER GROWER,2026-07-23 01:56:11.923,2026-07-23 03:06:56.440,2026-07-23 03:08:00.477,4500.0,LYSOFORTE DRY,30,100.0,0.9,0.8998843,Production Recipes
Server2,17D3D12E-46C0-42CB-A44E-B40622CF92F9,9EB5AAF9-4EC2-4BC1-B78F-A2C697BCE705,4,BROILER GROWER602 3,BROILER GROWER,2026-07-23 01:56:11.923,2026-07-23 03:06:56.440,2026-07-23 03:08:00.477,4500.0,Maize,100,100.0,2679.705,2684.751,Production Recipes
Server2,17D3D12E-46C0-42CB-A44E-B40622CF92F9,9EB5AAF9-4EC2-4BC1-B78F-A2C697BCE705,4,BROILER GROWER602 3,BROILER GROWER,2026-07-23 01:56:11.923,2026-07-23 03:06:56.440,2026-07-23 03:08:00.477,4500.0,Methionine,12,100.0,10.62,10.99537,Production Recipes
Server2,17D3D12E-46C0-42CB-A44E-B40622CF92F9,9EB5AAF9-4EC2-4BC1-B78F-A2C697BCE705,4,BROILER GROWER602 3,BROILER GROWER,2026-07-23 01:56:11.923,2026-07-23 03:06:56.440,2026-07-23 03:08:00.477,4500.0,Monocalcium Phos,204,100.0,38.745,39.20718,Production Recipes
Server2,17D3D12E-46C0-42CB-A44E-B40622CF92F9,9EB5AAF9-4EC2-4BC1-B78F-A2C697BCE705,4,BROILER GROWER602 3,BROILER GROWER,2026-07-23 01:56:11.923,2026-07-23 03:06:56.440,2026-07-23 03:08:00.477,4500.0,NOVELA ECL,6,100.0,0.45,0.5497685,Production Recipes
Server2,17D3D12E-46C0-42CB-A44E-B40622CF92F9,9EB5AAF9-4EC2-4BC1-B78F-A2C697BCE705,4,BROILER GROWER602 3,BROILER GROWER,2026-07-23 01:56:11.923,2026-07-23 03:06:56.440,2026-07-23 03:08:00.477,4500.0,Provi Oxi Stop,21,100.0,0.45,0.950521,Production Recipes
Server2,17D3D12E-46C0-42CB-A44E-B40622CF92F9,9EB5AAF9-4EC2-4BC1-B78F-A2C697BCE705,4,BROILER GROWER602 3,BROILER GROWER,2026-07-23 01:56:11.923,2026-07-23 03:06:56.440,2026-07-23 03:08:00.477,4500.0,Rovabio P10,176,100.0,2.25,3.107639,Production Recipes
Server2,17D3D12E-46C0-42CB-A44E-B40622CF92F9,9EB5AAF9-4EC2-4BC1-B78F-A2C697BCE705,4,BROILER GROWER602 3,BROILER GROWER,2026-07-23 01:56:11.923,2026-07-23 03:06:56.440,2026-07-23 03:08:00.477,4500.0,Sacox (500g),91,100.0,2.25,3.177083,Production Recipes
Server2,17D3D12E-46C0-42CB-A44E-B40622CF92F9,9EB5AAF9-4EC2-4BC1-B78F-A2C697BCE705,4,BROILER GROWER602 3,BROILER GROWER,2026-07-23 01:56:11.923,2026-07-23 03:06:56.440,2026-07-23 03:08:00.477,4500.0,Salt,202,100.0,12.96,16.05903,Production Recipes
Server2,17D3D12E-46C0-42CB-A44E-B40622CF92F9,9EB5AAF9-4EC2-4BC1-B78F-A2C697BCE705,4,BROILER GROWER602 3,BROILER GROWER,2026-07-23 01:56:11.923,2026-07-23 03:06:56.440,2026-07-23 03:08:00.477,4500.0,SOLIS,124,100.0,6.75,7.465278,Production Recipes
Server2,17D3D12E-46C0-42CB-A44E-B40622CF92F9,9EB5AAF9-4EC2-4BC1-B78F-A2C697BCE705,4,BROILER GROWER602 3,BROILER GROWER,2026-07-23 01:56:11.923,2026-07-23 03:06:56.440,2026-07-23 03:08:00.477,4500.0,SOUDIOM Bicarbon,35,100.0,8.955,8.969902,Production Recipes
Server2,17D3D12E-46C0-42CB-A44E-B40622CF92F9,9EB5AAF9-4EC2-4BC1-B78F-A2C697BCE705,4,BROILER GROWER602 3,BROILER GROWER,2026-07-23 01:56:11.923,2026-07-23 03:06:56.440,2026-07-23 03:08:00.477,4500.0,SOYA-,105,100.0,1619.145,1619.068,Production Recipes
Server2,17D3D12E-46C0-42CB-A44E-B40622CF92F9,9EB5AAF9-4EC2-4BC1-B78F-A2C697BCE705,4,BROILER GROWER602 3,BROILER GROWER,2026-07-23 01:56:11.923,2026-07-23 03:06:56.440,2026-07-23 03:08:00.477,4500.0,Soya Oil,210,100.0,37.35,37.75,Production Recipes
Server2,17D3D12E-46C0-42CB-A44E-B40622CF92F9,9EB5AAF9-4EC2-4BC1-B78F-A2C697BCE705,4,BROILER GROWER602 3,BROILER GROWER,2026-07-23 01:56:11.923,2026-07-23 03:06:56.440,2026-07-23 03:08:00.477,4500.0,TermiN-8,33,100.0,6.75,0.0,Production Recipes
Server2,D84021CC-430F-42CB-8844-6BFB9D010EA5,9EB5AAF9-4EC2-4BC1-B78F-A2C697BCE705,4,BROILER GROWER602 2,BROILER GROWER,2026-07-23 01:56:09.940,2026-07-23 02:57:34.117,2026-07-23 02:58:38.257,4500.0,BETAIN HCL,142,100.0,2.25,2.702546,Production Recipes
Server2,D84021CC-430F-42CB-8844-6BFB9D010EA5,9EB5AAF9-4EC2-4BC1-B78F-A2C697BCE705,4,BROILER GROWER602 2,BROILER GROWER,2026-07-23 01:56:09.940,2026-07-23 02:57:34.117,2026-07-23 02:58:38.257,4500.0,BIOSTRONG 510,140,100.0,0.675,0.7609954,Production Recipes
Server2,D84021CC-430F-42CB-8844-6BFB9D010EA5,9EB5AAF9-4EC2-4BC1-B78F-A2C697BCE705,4,BROILER GROWER602 2,BROILER GROWER,2026-07-23 01:56:09.940,2026-07-23 02:57:34.117,2026-07-23 02:58:38.257,4500.0,Broiler Mineral Mix,31,100.0,4.05,5.324074,Production Recipes
Server2,D84021CC-430F-42CB-8844-6BFB9D010EA5,9EB5AAF9-4EC2-4BC1-B78F-A2C697BCE705,4,BROILER GROWER602 2,BROILER GROWER,2026-07-23 01:56:09.940,2026-07-23 02:57:34.117,2026-07-23 02:58:38.257,4500.0,Broiler Starter PX,69,100.0,4.05,5.347222,Production Recipes
Server2,D84021CC-430F-42CB-8844-6BFB9D010EA5,9EB5AAF9-4EC2-4BC1-B78F-A2C697BCE705,4,BROILER GROWER602 2,BROILER GROWER,2026-07-23 01:56:09.940,2026-07-23 02:57:34.117,2026-07-23 02:58:38.257,4500.0,Choline Chloride 60%,26,100.0,2.7,2.731481,Production Recipes
Server2,D84021CC-430F-42CB-8844-6BFB9D010EA5,9EB5AAF9-4EC2-4BC1-B78F-A2C697BCE705,4,BROILER GROWER602 2,BROILER GROWER,2026-07-23 01:56:09.940,2026-07-23 02:57:34.117,2026-07-23 02:58:38.257,4500.0,KENZYME PRO,77,100.0,2.7,3.125,Production Recipes
Server2,D84021CC-430F-42CB-8844-6BFB9D010EA5,9EB5AAF9-4EC2-4BC1-B78F-A2C697BCE705,4,BROILER GROWER602 2,BROILER GROWER,2026-07-23 01:56:09.940,2026-07-23 02:57:34.117,2026-07-23 02:58:38.257,4500.0,Limestone,113,100.0,55.485,58.8252,Production Recipes
Server2,D84021CC-430F-42CB-8844-6BFB9D010EA5,9EB5AAF9-4EC2-4BC1-B78F-A2C697BCE705,4,BROILER GROWER602 2,BROILER GROWER,2026-07-23 01:56:09.940,2026-07-23 02:57:34.117,2026-07-23 02:58:38.257,4500.0,LYSOFORTE DRY,30,100.0,0.9,0.8998843,Production Recipes
Server2,D84021CC-430F-42CB-8844-6BFB9D010EA5,9EB5AAF9-4EC2-4BC1-B78F-A2C697BCE705,4,BROILER GROWER602 2,BROILER GROWER,2026-07-23 01:56:09.940,2026-07-23 02:57:34.117,2026-07-23 02:58:38.257,4500.0,Maize,100,100.0,2679.705,2684.751,Production Recipes
Server2,D84021CC-430F-42CB-8844-6BFB9D010EA5,9EB5AAF9-4EC2-4BC1-B78F-A2C697BCE705,4,BROILER GROWER602 2,BROILER GROWER,2026-07-23 01:56:09.940,2026-07-23 02:57:34.117,2026-07-23 02:58:38.257,4500.0,Methionine,12,100.0,10.62,10.99537,Production Recipes
Server2,D84021CC-430F-42CB-8844-6BFB9D010EA5,9EB5AAF9-4EC2-4BC1-B78F-A2C697BCE705,4,BROILER GROWER602 2,BROILER GROWER,2026-07-23 01:56:09.940,2026-07-23 02:57:34.117,2026-07-23 02:58:38.257,4500.0,Monocalcium Phos,204,100.0,38.745,39.0625,Production Recipes
Server2,D84021CC-430F-42CB-8844-6BFB9D010EA5,9EB5AAF9-4EC2-4BC1-B78F-A2C697BCE705,4,BROILER GROWER602 2,BROILER GROWER,2026-07-23 01:56:09.940,2026-07-23 02:57:34.117,2026-07-23 02:58:38.257,4500.0,NOVELA ECL,6,100.0,0.45,0.5685764,Production Recipes
Server2,D84021CC-430F-42CB-8844-6BFB9D010EA5,9EB5AAF9-4EC2-4BC1-B78F-A2C697BCE705,4,BROILER GROWER602 2,BROILER GROWER,2026-07-23 01:56:09.940,2026-07-23 02:57:34.117,2026-07-23 02:58:38.257,4500.0,Provi Oxi Stop,21,100.0,0.45,0.9215858,Production Recipes
Server2,D84021CC-430F-42CB-8844-6BFB9D010EA5,9EB5AAF9-4EC2-4BC1-B78F-A2C697BCE705,4,BROILER GROWER602 2,BROILER GROWER,2026-07-23 01:56:09.940,2026-07-23 02:57:34.117,2026-07-23 02:58:38.257,4500.0,Rovabio P10,176,100.0,2.25,3.263889,Production Recipes
Server2,D84021CC-430F-42CB-8844-6BFB9D010EA5,9EB5AAF9-4EC2-4BC1-B78F-A2C697BCE705,4,BROILER GROWER602 2,BROILER GROWER,2026-07-23 01:56:09.940,2026-07-23 02:57:34.117,2026-07-23 02:58:38.257,4500.0,Sacox (500g),91,100.0,2.25,3.587964,Production Recipes
Server2,D84021CC-430F-42CB-8844-6BFB9D010EA5,9EB5AAF9-4EC2-4BC1-B78F-A2C697BCE705,4,BROILER GROWER602 2,BROILER GROWER,2026-07-23 01:56:09.940,2026-07-23 02:57:34.117,2026-07-23 02:58:38.257,4500.0,Salt,202,100.0,12.96,13.16551,Production Recipes
Server2,D84021CC-430F-42CB-8844-6BFB9D010EA5,9EB5AAF9-4EC2-4BC1-B78F-A2C697BCE705,4,BROILER GROWER602 2,BROILER GROWER,2026-07-23 01:56:09.940,2026-07-23 02:57:34.117,2026-07-23 02:58:38.257,4500.0,SOLIS,124,100.0,6.75,7.262731,Production Recipes
Server2,D84021CC-430F-42CB-8844-6BFB9D010EA5,9EB5AAF9-4EC2-4BC1-B78F-A2C697BCE705,4,BROILER GROWER602 2,BROILER GROWER,2026-07-23 01:56:09.940,2026-07-23 02:57:34.117,2026-07-23 02:58:38.257,4500.0,SOUDIOM Bicarbon,35,100.0,8.955,9.114586,Production Recipes
Server2,D84021CC-430F-42CB-8844-6BFB9D010EA5,9EB5AAF9-4EC2-4BC1-B78F-A2C697BCE705,4,BROILER GROWER602 2,BROILER GROWER,2026-07-23 01:56:09.940,2026-07-23 02:57:34.117,2026-07-23 02:58:38.257,4500.0,SOYA-,105,100.0,1619.145,1617.969,Production Recipes
Server2,D84021CC-430F-42CB-8844-6BFB9D010EA5,9EB5AAF9-4EC2-4BC1-B78F-A2C697BCE705,4,BROILER GROWER602 2,BROILER GROWER,2026-07-23 01:56:09.940,2026-07-23 02:57:34.117,2026-07-23 02:58:38.257,4500.0,Soya Oil,210,100.0,37.35,37.75,Production Recipes
Server2,D84021CC-430F-42CB-8844-6BFB9D010EA5,9EB5AAF9-4EC2-4BC1-B78F-A2C697BCE705,4,BROILER GROWER602 2,BROILER GROWER,2026-07-23 01:56:09.940,2026-07-23 02:57:34.117,2026-07-23 02:58:38.257,4500.0,TermiN-8,33,100.0,6.75,0.0,Production Recipes
Server2,1DADBEE0-DD7A-41A1-9160-BDB72B051644,9EB5AAF9-4EC2-4BC1-B78F-A2C697BCE705,4,BROILER GROWER602 1,BROILER GROWER,2026-07-23 01:55:42.940,2026-07-23 02:53:57.633,2026-07-23 02:55:01.343,4500.0,BETAIN HCL,142,100.0,2.25,2.818287,Production Recipes
Server2,1DADBEE0-DD7A-41A1-9160-BDB72B051644,9EB5AAF9-4EC2-4BC1-B78F-A2C697BCE705,4,BROILER GROWER602 1,BROILER GROWER,2026-07-23 01:55:42.940,2026-07-23 02:53:57.633,2026-07-23 02:55:01.343,4500.0,BIOSTRONG 510,140,100.0,0.675,0.691551,Production Recipes
Server2,1DADBEE0-DD7A-41A1-9160-BDB72B051644,9EB5AAF9-4EC2-4BC1-B78F-A2C697BCE705,4,BROILER GROWER602 1,BROILER GROWER,2026-07-23 01:55:42.940,2026-07-23 02:53:57.633,2026-07-23 02:55:01.343,4500.0,Broiler Mineral Mix,31,100.0,4.05,5.512153,Production Recipes
Server2,1DADBEE0-DD7A-41A1-9160-BDB72B051644,9EB5AAF9-4EC2-4BC1-B78F-A2C697BCE705,4,BROILER GROWER602 1,BROILER GROWER,2026-07-23 01:55:42.940,2026-07-23 02:53:57.633,2026-07-23 02:55:01.343,4500.0,Broiler Starter PX,69,100.0,4.05,5.324075,Production Recipes
Server2,1DADBEE0-DD7A-41A1-9160-BDB72B051644,9EB5AAF9-4EC2-4BC1-B78F-A2C697BCE705,4,BROILER GROWER602 1,BROILER GROWER,2026-07-23 01:55:42.940,2026-07-23 02:53:57.633,2026-07-23 02:55:01.343,4500.0,Choline Chloride 60%,26,100.0,2.7,2.824074,Production Recipes
Server2,1DADBEE0-DD7A-41A1-9160-BDB72B051644,9EB5AAF9-4EC2-4BC1-B78F-A2C697BCE705,4,BROILER GROWER602 1,BROILER GROWER,2026-07-23 01:55:42.940,2026-07-23 02:53:57.633,2026-07-23 02:55:01.343,4500.0,KENZYME PRO,77,100.0,2.7,3.42882,Production Recipes
Server2,1DADBEE0-DD7A-41A1-9160-BDB72B051644,9EB5AAF9-4EC2-4BC1-B78F-A2C697BCE705,4,BROILER GROWER602 1,BROILER GROWER,2026-07-23 01:55:42.940,2026-07-23 02:53:57.633,2026-07-23 02:55:01.343,4500.0,Limestone,113,100.0,55.485,62.1239,Production Recipes
Server2,1DADBEE0-DD7A-41A1-9160-BDB72B051644,9EB5AAF9-4EC2-4BC1-B78F-A2C697BCE705,4,BROILER GROWER602 1,BROILER GROWER,2026-07-23 01:55:42.940,2026-07-23 02:53:57.633,2026-07-23 02:55:01.343,4500.0,LYSOFORTE DRY,30,100.0,0.9,0.9809029,Production Recipes
Server2,1DADBEE0-DD7A-41A1-9160-BDB72B051644,9EB5AAF9-4EC2-4BC1-B78F-A2C697BCE705,4,BROILER GROWER602 1,BROILER GROWER,2026-07-23 01:55:42.940,2026-07-23 02:53:57.633,2026-07-23 02:55:01.343,4500.0,Maize,100,100.0,2679.705,2683.16,Production Recipes
Server2,1DADBEE0-DD7A-41A1-9160-BDB72B051644,9EB5AAF9-4EC2-4BC1-B78F-A2C697BCE705,4,BROILER GROWER602 1,BROILER GROWER,2026-07-23 01:55:42.940,2026-07-23 02:53:57.633,2026-07-23 02:55:01.343,4500.0,Methionine,12,100.0,10.62,10.99537,Production Recipes
Server2,1DADBEE0-DD7A-41A1-9160-BDB72B051644,9EB5AAF9-4EC2-4BC1-B78F-A2C697BCE705,4,BROILER GROWER602 1,BROILER GROWER,2026-07-23 01:55:42.940,2026-07-23 02:53:57.633,2026-07-23 02:55:01.343,4500.0,Monocalcium Phos,204,100.0,38.745,39.0625,Production Recipes
Server2,1DADBEE0-DD7A-41A1-9160-BDB72B051644,9EB5AAF9-4EC2-4BC1-B78F-A2C697BCE705,4,BROILER GROWER602 1,BROILER GROWER,2026-07-23 01:55:42.940,2026-07-23 02:53:57.633,2026-07-23 02:55:01.343,4500.0,NOVELA ECL,6,100.0,0.45,1.150174,Production Recipes
Server2,1DADBEE0-DD7A-41A1-9160-BDB72B051644,9EB5AAF9-4EC2-4BC1-B78F-A2C697BCE705,4,BROILER GROWER602 1,BROILER GROWER,2026-07-23 01:55:42.940,2026-07-23 02:53:57.633,2026-07-23 02:55:01.343,4500.0,Provi Oxi Stop,21,100.0,0.45,1.031539,Production Recipes
Server2,1DADBEE0-DD7A-41A1-9160-BDB72B051644,9EB5AAF9-4EC2-4BC1-B78F-A2C697BCE705,4,BROILER GROWER602 1,BROILER GROWER,2026-07-23 01:55:42.940,2026-07-23 02:53:57.633,2026-07-23 02:55:01.343,4500.0,Rovabio P10,176,100.0,2.25,3.657408,Production Recipes
Server2,1DADBEE0-DD7A-41A1-9160-BDB72B051644,9EB5AAF9-4EC2-4BC1-B78F-A2C697BCE705,4,BROILER GROWER602 1,BROILER GROWER,2026-07-23 01:55:42.940,2026-07-23 02:53:57.633,2026-07-23 02:55:01.343,4500.0,Sacox (500g),91,100.0,2.25,3.003472,Production Recipes
Server2,1DADBEE0-DD7A-41A1-9160-BDB72B051644,9EB5AAF9-4EC2-4BC1-B78F-A2C697BCE705,4,BROILER GROWER602 1,BROILER GROWER,2026-07-23 01:55:42.940,2026-07-23 02:53:57.633,2026-07-23 02:55:01.343,4500.0,Salt,202,100.0,12.96,13.02083,Production Recipes
Server2,1DADBEE0-DD7A-41A1-9160-BDB72B051644,9EB5AAF9-4EC2-4BC1-B78F-A2C697BCE705,4,BROILER GROWER602 1,BROILER GROWER,2026-07-23 01:55:42.940,2026-07-23 02:53:57.633,2026-07-23 02:55:01.343,4500.0,SOLIS,124,100.0,6.75,7.56655,Production Recipes
Server2,1DADBEE0-DD7A-41A1-9160-BDB72B051644,9EB5AAF9-4EC2-4BC1-B78F-A2C697BCE705,4,BROILER GROWER602 1,BROILER GROWER,2026-07-23 01:55:42.940,2026-07-23 02:53:57.633,2026-07-23 02:55:01.343,4500.0,SOUDIOM Bicarbon,35,100.0,8.955,9.114586,Production Recipes
Server2,1DADBEE0-DD7A-41A1-9160-BDB72B051644,9EB5AAF9-4EC2-4BC1-B78F-A2C697BCE705,4,BROILER GROWER602 1,BROILER GROWER,2026-07-23 01:55:42.940,2026-07-23 02:53:57.633,2026-07-23 02:55:01.343,4500.0,SOYA-,105,100.0,1619.145,1615.22,Production Recipes
Server2,1DADBEE0-DD7A-41A1-9160-BDB72B051644,9EB5AAF9-4EC2-4BC1-B78F-A2C697BCE705,4,BROILER GROWER602 1,BROILER GROWER,2026-07-23 01:55:42.940,2026-07-23 02:53:57.633,2026-07-23 02:55:01.343,4500.0,Soya Oil,210,100.0,37.35,37.5,Production Recipes
Server2,1DADBEE0-DD7A-41A1-9160-BDB72B051644,9EB5AAF9-4EC2-4BC1-B78F-A2C697BCE705,4,BROILER GROWER602 1,BROILER GROWER,2026-07-23 01:55:42.940,2026-07-23 02:53:57.633,2026-07-23 02:55:01.343,4500.0,TermiN-8,33,100.0,6.75,0.0,Production Recipes
Server2,773491E0-201E-4B43-99C5-A85D1369A04F,9EB5AAF9-4EC2-4BC1-B78F-A2C697BCE705,4,BROILER GROWER605 6,BROILER GROWER,2026-07-23 01:29:27.717,2026-07-23 02:47:45.833,2026-07-23 02:48:51.693,4500.0,BETAIN HCL,142,100.0,2.25,3.553242,Production Recipes
Server2,773491E0-201E-4B43-99C5-A85D1369A04F,9EB5AAF9-4EC2-4BC1-B78F-A2C697BCE705,4,BROILER GROWER605 6,BROILER GROWER,2026-07-23 01:29:27.717,2026-07-23 02:47:45.833,2026-07-23 02:48:51.693,4500.0,BIOSTRONG 510,140,100.0,0.675,0.7913773,Production Recipes
Server2,773491E0-201E-4B43-99C5-A85D1369A04F,9EB5AAF9-4EC2-4BC1-B78F-A2C697BCE705,4,BROILER GROWER605 6,BROILER GROWER,2026-07-23 01:29:27.717,2026-07-23 02:47:45.833,2026-07-23 02:48:51.693,4500.0,Broiler Mineral Mix,31,100.0,4.05,5.902778,Production Recipes
Server2,773491E0-201E-4B43-99C5-A85D1369A04F,9EB5AAF9-4EC2-4BC1-B78F-A2C697BCE705,4,BROILER GROWER605 6,BROILER GROWER,2026-07-23 01:29:27.717,2026-07-23 02:47:45.833,2026-07-23 02:48:51.693,4500.0,Broiler Starter PX,69,100.0,4.05,4.988426,Production Recipes
Server2,773491E0-201E-4B43-99C5-A85D1369A04F,9EB5AAF9-4EC2-4BC1-B78F-A2C697BCE705,4,BROILER GROWER605 6,BROILER GROWER,2026-07-23 01:29:27.717,2026-07-23 02:47:45.833,2026-07-23 02:48:51.693,4500.0,Choline Chloride 60%,26,100.0,2.7,3.038195,Production Recipes
Server2,773491E0-201E-4B43-99C5-A85D1369A04F,9EB5AAF9-4EC2-4BC1-B78F-A2C697BCE705,4,BROILER GROWER605 6,BROILER GROWER,2026-07-23 01:29:27.717,2026-07-23 02:47:45.833,2026-07-23 02:48:51.693,4500.0,KENZYME PRO,77,100.0,2.7,3.009259,Production Recipes
Server2,773491E0-201E-4B43-99C5-A85D1369A04F,9EB5AAF9-4EC2-4BC1-B78F-A2C697BCE705,4,BROILER GROWER605 6,BROILER GROWER,2026-07-23 01:29:27.717,2026-07-23 02:47:45.833,2026-07-23 02:48:51.693,4500.0,Limestone,113,100.0,55.485,68.17126,Production Recipes
Server2,773491E0-201E-4B43-99C5-A85D1369A04F,9EB5AAF9-4EC2-4BC1-B78F-A2C697BCE705,4,BROILER GROWER605 6,BROILER GROWER,2026-07-23 01:29:27.717,2026-07-23 02:47:45.833,2026-07-23 02:48:51.693,4500.0,LYSOFORTE DRY,30,100.0,0.9,0.8709491,Production Recipes
Server2,773491E0-201E-4B43-99C5-A85D1369A04F,9EB5AAF9-4EC2-4BC1-B78F-A2C697BCE705,4,BROILER GROWER605 6,BROILER GROWER,2026-07-23 01:29:27.717,2026-07-23 02:47:45.833,2026-07-23 02:48:51.693,4500.0,Maize,100,100.0,2679.705,2675.202,Production Recipes
Server2,773491E0-201E-4B43-99C5-A85D1369A04F,9EB5AAF9-4EC2-4BC1-B78F-A2C697BCE705,4,BROILER GROWER605 6,BROILER GROWER,2026-07-23 01:29:27.717,2026-07-23 02:47:45.833,2026-07-23 02:48:51.693,4500.0,Methionine,12,100.0,10.62,10.99537,Production Recipes
Server2,773491E0-201E-4B43-99C5-A85D1369A04F,9EB5AAF9-4EC2-4BC1-B78F-A2C697BCE705,4,BROILER GROWER605 6,BROILER GROWER,2026-07-23 01:29:27.717,2026-07-23 02:47:45.833,2026-07-23 02:48:51.693,4500.0,Monocalcium Phos,204,100.0,38.745,39.20717,Production Recipes
Server2,773491E0-201E-4B43-99C5-A85D1369A04F,9EB5AAF9-4EC2-4BC1-B78F-A2C697BCE705,4,BROILER GROWER605 6,BROILER GROWER,2026-07-23 01:29:27.717,2026-07-23 02:47:45.833,2026-07-23 02:48:51.693,4500.0,NOVELA ECL,6,100.0,0.45,0.5193866,Production Recipes
Server2,773491E0-201E-4B43-99C5-A85D1369A04F,9EB5AAF9-4EC2-4BC1-B78F-A2C697BCE705,4,BROILER GROWER605 6,BROILER GROWER,2026-07-23 01:29:27.717,2026-07-23 02:47:45.833,2026-07-23 02:48:51.693,4500.0,Provi Oxi Stop,21,100.0,0.45,0.8622684,Production Recipes
Server2,773491E0-201E-4B43-99C5-A85D1369A04F,9EB5AAF9-4EC2-4BC1-B78F-A2C697BCE705,4,BROILER GROWER605 6,BROILER GROWER,2026-07-23 01:29:27.717,2026-07-23 02:47:45.833,2026-07-23 02:48:51.693,4500.0,Rovabio P10,176,100.0,2.25,2.847221,Production Recipes
Server2,773491E0-201E-4B43-99C5-A85D1369A04F,9EB5AAF9-4EC2-4BC1-B78F-A2C697BCE705,4,BROILER GROWER605 6,BROILER GROWER,2026-07-23 01:29:27.717,2026-07-23 02:47:45.833,2026-07-23 02:48:51.693,4500.0,Sacox (500g),91,100.0,2.25,3.119213,Production Recipes
Server2,773491E0-201E-4B43-99C5-A85D1369A04F,9EB5AAF9-4EC2-4BC1-B78F-A2C697BCE705,4,BROILER GROWER605 6,BROILER GROWER,2026-07-23 01:29:27.717,2026-07-23 02:47:45.833,2026-07-23 02:48:51.693,4500.0,Salt,202,100.0,12.96,13.16551,Production Recipes
Server2,773491E0-201E-4B43-99C5-A85D1369A04F,9EB5AAF9-4EC2-4BC1-B78F-A2C697BCE705,4,BROILER GROWER605 6,BROILER GROWER,2026-07-23 01:29:27.717,2026-07-23 02:47:45.833,2026-07-23 02:48:51.693,4500.0,SOLIS,124,100.0,6.75,9.215857,Production Recipes
Server2,773491E0-201E-4B43-99C5-A85D1369A04F,9EB5AAF9-4EC2-4BC1-B78F-A2C697BCE705,4,BROILER GROWER605 6,BROILER GROWER,2026-07-23 01:29:27.717,2026-07-23 02:47:45.833,2026-07-23 02:48:51.693,4500.0,SOUDIOM Bicarbon,35,100.0,8.955,8.101852,Production Recipes
Server2,773491E0-201E-4B43-99C5-A85D1369A04F,9EB5AAF9-4EC2-4BC1-B78F-A2C697BCE705,4,BROILER GROWER605 6,BROILER GROWER,2026-07-23 01:29:27.717,2026-07-23 02:47:45.833,2026-07-23 02:48:51.693,4500.0,SOYA-,105,100.0,1619.145,1615.77,Production Recipes
Server2,773491E0-201E-4B43-99C5-A85D1369A04F,9EB5AAF9-4EC2-4BC1-B78F-A2C697BCE705,4,BROILER GROWER605 6,BROILER GROWER,2026-07-23 01:29:27.717,2026-07-23 02:47:45.833,2026-07-23 02:48:51.693,4500.0,Soya Oil,210,100.0,37.35,37.75,Production Recipes
Server2,773491E0-201E-4B43-99C5-A85D1369A04F,9EB5AAF9-4EC2-4BC1-B78F-A2C697BCE705,4,BROILER GROWER605 6,BROILER GROWER,2026-07-23 01:29:27.717,2026-07-23 02:47:45.833,2026-07-23 02:48:51.693,4500.0,TermiN-8,33,100.0,6.75,0.0,Production Recipes
Server2,E3E52125-6E74-468E-AD2A-B245D16B6FEC,9EB5AAF9-4EC2-4BC1-B78F-A2C697BCE705,4,BROILER GROWER605 5,BROILER GROWER,2026-07-23 01:29:25.707,2026-07-23 02:32:21.723,2026-07-23 02:33:25.160,4500.0,BETAIN HCL,142,100.0,2.25,3.078704,Production Recipes
Server2,E3E52125-6E74-468E-AD2A-B245D16B6FEC,9EB5AAF9-4EC2-4BC1-B78F-A2C697BCE705,4,BROILER GROWER605 5,BROILER GROWER,2026-07-23 01:29:25.707,2026-07-23 02:32:21.723,2026-07-23 02:33:25.160,4500.0,BIOSTRONG 510,140,100.0,0.675,0.7392941,Production Recipes
Server2,E3E52125-6E74-468E-AD2A-B245D16B6FEC,9EB5AAF9-4EC2-4BC1-B78F-A2C697BCE705,4,BROILER GROWER605 5,BROILER GROWER,2026-07-23 01:29:25.707,2026-07-23 02:32:21.723,2026-07-23 02:33:25.160,4500.0,Broiler Mineral Mix,31,100.0,4.05,5.266204,Production Recipes
Server2,E3E52125-6E74-468E-AD2A-B245D16B6FEC,9EB5AAF9-4EC2-4BC1-B78F-A2C697BCE705,4,BROILER GROWER605 5,BROILER GROWER,2026-07-23 01:29:25.707,2026-07-23 02:32:21.723,2026-07-23 02:33:25.160,4500.0,Broiler Starter PX,69,100.0,4.05,6.585649,Production Recipes
Server2,E3E52125-6E74-468E-AD2A-B245D16B6FEC,9EB5AAF9-4EC2-4BC1-B78F-A2C697BCE705,4,BROILER GROWER605 5,BROILER GROWER,2026-07-23 01:29:25.707,2026-07-23 02:32:21.723,2026-07-23 02:33:25.160,4500.0,Choline Chloride 60%,26,100.0,2.7,2.800927,Production Recipes
Server2,E3E52125-6E74-468E-AD2A-B245D16B6FEC,9EB5AAF9-4EC2-4BC1-B78F-A2C697BCE705,4,BROILER GROWER605 5,BROILER GROWER,2026-07-23 01:29:25.707,2026-07-23 02:32:21.723,2026-07-23 02:33:25.160,4500.0,KENZYME PRO,77,100.0,2.7,3.443287,Production Recipes
Server2,E3E52125-6E74-468E-AD2A-B245D16B6FEC,9EB5AAF9-4EC2-4BC1-B78F-A2C697BCE705,4,BROILER GROWER605 5,BROILER GROWER,2026-07-23 01:29:25.707,2026-07-23 02:32:21.723,2026-07-23 02:33:25.160,4500.0,Limestone,113,100.0,55.485,66.52197,Production Recipes
Server2,E3E52125-6E74-468E-AD2A-B245D16B6FEC,9EB5AAF9-4EC2-4BC1-B78F-A2C697BCE705,4,BROILER GROWER605 5,BROILER GROWER,2026-07-23 01:29:25.707,2026-07-23 02:32:21.723,2026-07-23 02:33:25.160,4500.0,LYSOFORTE DRY,30,100.0,0.9,0.8304399,Production Recipes
Server2,E3E52125-6E74-468E-AD2A-B245D16B6FEC,9EB5AAF9-4EC2-4BC1-B78F-A2C697BCE705,4,BROILER GROWER605 5,BROILER GROWER,2026-07-23 01:29:25.707,2026-07-23 02:32:21.723,2026-07-23 02:33:25.160,4500.0,Maize,100,100.0,2679.705,2675.203,Production Recipes
Server2,E3E52125-6E74-468E-AD2A-B245D16B6FEC,9EB5AAF9-4EC2-4BC1-B78F-A2C697BCE705,4,BROILER GROWER605 5,BROILER GROWER,2026-07-23 01:29:25.707,2026-07-23 02:32:21.723,2026-07-23 02:33:25.160,4500.0,Methionine,12,100.0,10.62,10.99537,Production Recipes
Server2,E3E52125-6E74-468E-AD2A-B245D16B6FEC,9EB5AAF9-4EC2-4BC1-B78F-A2C697BCE705,4,BROILER GROWER605 5,BROILER GROWER,2026-07-23 01:29:25.707,2026-07-23 02:32:21.723,2026-07-23 02:33:25.160,4500.0,Monocalcium Phos,204,100.0,38.745,39.20718,Production Recipes
Server2,E3E52125-6E74-468E-AD2A-B245D16B6FEC,9EB5AAF9-4EC2-4BC1-B78F-A2C697BCE705,4,BROILER GROWER605 5,BROILER GROWER,2026-07-23 01:29:25.707,2026-07-23 02:32:21.723,2026-07-23 02:33:25.160,4500.0,NOVELA ECL,6,100.0,0.45,0.541088,Production Recipes
Server2,E3E52125-6E74-468E-AD2A-B245D16B6FEC,9EB5AAF9-4EC2-4BC1-B78F-A2C697BCE705,4,BROILER GROWER605 5,BROILER GROWER,2026-07-23 01:29:25.707,2026-07-23 02:32:21.723,2026-07-23 02:33:25.160,4500.0,Provi Oxi Stop,21,100.0,0.45,0.9013309,Production Recipes
Server2,E3E52125-6E74-468E-AD2A-B245D16B6FEC,9EB5AAF9-4EC2-4BC1-B78F-A2C697BCE705,4,BROILER GROWER605 5,BROILER GROWER,2026-07-23 01:29:25.707,2026-07-23 02:32:21.723,2026-07-23 02:33:25.160,4500.0,Rovabio P10,176,100.0,2.25,1.840277,Production Recipes
Server2,E3E52125-6E74-468E-AD2A-B245D16B6FEC,9EB5AAF9-4EC2-4BC1-B78F-A2C697BCE705,4,BROILER GROWER605 5,BROILER GROWER,2026-07-23 01:29:25.707,2026-07-23 02:32:21.723,2026-07-23 02:33:25.160,4500.0,Sacox (500g),91,100.0,2.25,3.321759,Production Recipes
Server2,E3E52125-6E74-468E-AD2A-B245D16B6FEC,9EB5AAF9-4EC2-4BC1-B78F-A2C697BCE705,4,BROILER GROWER605 5,BROILER GROWER,2026-07-23 01:29:25.707,2026-07-23 02:32:21.723,2026-07-23 02:33:25.160,4500.0,Salt,202,100.0,12.96,18.08449,Production Recipes
Server2,E3E52125-6E74-468E-AD2A-B245D16B6FEC,9EB5AAF9-4EC2-4BC1-B78F-A2C697BCE705,4,BROILER GROWER605 5,BROILER GROWER,2026-07-23 01:29:25.707,2026-07-23 02:32:21.723,2026-07-23 02:33:25.160,4500.0,SOLIS,124,100.0,6.75,7.103588,Production Recipes
Server2,E3E52125-6E74-468E-AD2A-B245D16B6FEC,9EB5AAF9-4EC2-4BC1-B78F-A2C697BCE705,4,BROILER GROWER605 5,BROILER GROWER,2026-07-23 01:29:25.707,2026-07-23 02:32:21.723,2026-07-23 02:33:25.160,4500.0,SOUDIOM Bicarbon,35,100.0,8.955,8.96991,Production Recipes
Server2,E3E52125-6E74-468E-AD2A-B245D16B6FEC,9EB5AAF9-4EC2-4BC1-B78F-A2C697BCE705,4,BROILER GROWER605 5,BROILER GROWER,2026-07-23 01:29:25.707,2026-07-23 02:32:21.723,2026-07-23 02:33:25.160,4500.0,SOYA-,105,100.0,1619.145,1619.068,Production Recipes
Server2,E3E52125-6E74-468E-AD2A-B245D16B6FEC,9EB5AAF9-4EC2-4BC1-B78F-A2C697BCE705,4,BROILER GROWER605 5,BROILER GROWER,2026-07-23 01:29:25.707,2026-07-23 02:32:21.723,2026-07-23 02:33:25.160,4500.0,Soya Oil,210,100.0,37.35,37.75,Production Recipes
Server2,E3E52125-6E74-468E-AD2A-B245D16B6FEC,9EB5AAF9-4EC2-4BC1-B78F-A2C697BCE705,4,BROILER GROWER605 5,BROILER GROWER,2026-07-23 01:29:25.707,2026-07-23 02:32:21.723,2026-07-23 02:33:25.160,4500.0,TermiN-8,33,100.0,6.75,0.0,Production Recipes
Server2,FFB28B77-D467-49AE-9DBF-FAAC132D9934,9EB5AAF9-4EC2-4BC1-B78F-A2C697BCE705,4,BROILER GROWER605 4,BROILER GROWER,2026-07-23 01:29:19.617,2026-07-23 02:28:03.840,2026-07-23 02:29:08.363,4500.0,BETAIN HCL,142,100.0,2.25,3.721066,Production Recipes
Server2,FFB28B77-D467-49AE-9DBF-FAAC132D9934,9EB5AAF9-4EC2-4BC1-B78F-A2C697BCE705,4,BROILER GROWER605 4,BROILER GROWER,2026-07-23 01:29:19.617,2026-07-23 02:28:03.840,2026-07-23 02:29:08.363,4500.0,BIOSTRONG 510,140,100.0,0.675,0.7798033,Production Recipes
Server2,FFB28B77-D467-49AE-9DBF-FAAC132D9934,9EB5AAF9-4EC2-4BC1-B78F-A2C697BCE705,4,BROILER GROWER605 4,BROILER GROWER,2026-07-23 01:29:19.617,2026-07-23 02:28:03.840,2026-07-23 02:29:08.363,4500.0,Broiler Mineral Mix,31,100.0,4.05,5.83044,Production Recipes
Server2,FFB28B77-D467-49AE-9DBF-FAAC132D9934,9EB5AAF9-4EC2-4BC1-B78F-A2C697BCE705,4,BROILER GROWER605 4,BROILER GROWER,2026-07-23 01:29:19.617,2026-07-23 02:28:03.840,2026-07-23 02:29:08.363,4500.0,Broiler Starter PX,69,100.0,4.05,4.982639,Production Recipes
Server2,FFB28B77-D467-49AE-9DBF-FAAC132D9934,9EB5AAF9-4EC2-4BC1-B78F-A2C697BCE705,4,BROILER GROWER605 4,BROILER GROWER,2026-07-23 01:29:19.617,2026-07-23 02:28:03.840,2026-07-23 02:29:08.363,4500.0,Choline Chloride 60%,26,100.0,2.7,2.511574,Production Recipes
Server2,FFB28B77-D467-49AE-9DBF-FAAC132D9934,9EB5AAF9-4EC2-4BC1-B78F-A2C697BCE705,4,BROILER GROWER605 4,BROILER GROWER,2026-07-23 01:29:19.617,2026-07-23 02:28:03.840,2026-07-23 02:29:08.363,4500.0,KENZYME PRO,77,100.0,2.7,3.081597,Production Recipes
Server2,FFB28B77-D467-49AE-9DBF-FAAC132D9934,9EB5AAF9-4EC2-4BC1-B78F-A2C697BCE705,4,BROILER GROWER605 4,BROILER GROWER,2026-07-23 01:29:19.617,2026-07-23 02:28:03.840,2026-07-23 02:29:08.363,4500.0,Limestone,113,100.0,55.485,65.42236,Production Recipes
Server2,FFB28B77-D467-49AE-9DBF-FAAC132D9934,9EB5AAF9-4EC2-4BC1-B78F-A2C697BCE705,4,BROILER GROWER605 4,BROILER GROWER,2026-07-23 01:29:19.617,2026-07-23 02:28:03.840,2026-07-23 02:29:08.363,4500.0,LYSOFORTE DRY,30,100.0,0.9,0.9085649,Production Recipes
Server2,FFB28B77-D467-49AE-9DBF-FAAC132D9934,9EB5AAF9-4EC2-4BC1-B78F-A2C697BCE705,4,BROILER GROWER605 4,BROILER GROWER,2026-07-23 01:29:19.617,2026-07-23 02:28:03.840,2026-07-23 02:29:08.363,4500.0,Maize,100,100.0,2679.705,2686.343,Production Recipes
Server2,FFB28B77-D467-49AE-9DBF-FAAC132D9934,9EB5AAF9-4EC2-4BC1-B78F-A2C697BCE705,4,BROILER GROWER605 4,BROILER GROWER,2026-07-23 01:29:19.617,2026-07-23 02:28:03.840,2026-07-23 02:29:08.363,4500.0,Methionine,12,100.0,10.62,10.99537,Production Recipes
Server2,FFB28B77-D467-49AE-9DBF-FAAC132D9934,9EB5AAF9-4EC2-4BC1-B78F-A2C697BCE705,4,BROILER GROWER605 4,BROILER GROWER,2026-07-23 01:29:19.617,2026-07-23 02:28:03.840,2026-07-23 02:29:08.363,4500.0,Monocalcium Phos,204,100.0,38.745,39.20717,Production Recipes
Server2,FFB28B77-D467-49AE-9DBF-FAAC132D9934,9EB5AAF9-4EC2-4BC1-B78F-A2C697BCE705,4,BROILER GROWER605 4,BROILER GROWER,2026-07-23 01:29:19.617,2026-07-23 02:28:03.840,2026-07-23 02:29:08.363,4500.0,NOVELA ECL,6,100.0,0.45,0.510706,Production Recipes
Server2,FFB28B77-D467-49AE-9DBF-FAAC132D9934,9EB5AAF9-4EC2-4BC1-B78F-A2C697BCE705,4,BROILER GROWER605 4,BROILER GROWER,2026-07-23 01:29:19.617,2026-07-23 02:28:03.840,2026-07-23 02:29:08.363,4500.0,Provi Oxi Stop,21,100.0,0.45,0.5888312,Production Recipes
Server2,FFB28B77-D467-49AE-9DBF-FAAC132D9934,9EB5AAF9-4EC2-4BC1-B78F-A2C697BCE705,4,BROILER GROWER605 4,BROILER GROWER,2026-07-23 01:29:19.617,2026-07-23 02:28:03.840,2026-07-23 02:29:08.363,4500.0,Rovabio P10,176,100.0,2.25,3.125,Production Recipes
Server2,FFB28B77-D467-49AE-9DBF-FAAC132D9934,9EB5AAF9-4EC2-4BC1-B78F-A2C697BCE705,4,BROILER GROWER605 4,BROILER GROWER,2026-07-23 01:29:19.617,2026-07-23 02:28:03.840,2026-07-23 02:29:08.363,4500.0,Sacox (500g),91,100.0,2.25,3.287037,Production Recipes
Server2,FFB28B77-D467-49AE-9DBF-FAAC132D9934,9EB5AAF9-4EC2-4BC1-B78F-A2C697BCE705,4,BROILER GROWER605 4,BROILER GROWER,2026-07-23 01:29:19.617,2026-07-23 02:28:03.840,2026-07-23 02:29:08.363,4500.0,Salt,202,100.0,12.96,13.16551,Production Recipes
Server2,FFB28B77-D467-49AE-9DBF-FAAC132D9934,9EB5AAF9-4EC2-4BC1-B78F-A2C697BCE705,4,BROILER GROWER605 4,BROILER GROWER,2026-07-23 01:29:19.617,2026-07-23 02:28:03.840,2026-07-23 02:29:08.363,4500.0,SOLIS,124,100.0,6.75,7.508679,Production Recipes
Server2,FFB28B77-D467-49AE-9DBF-FAAC132D9934,9EB5AAF9-4EC2-4BC1-B78F-A2C697BCE705,4,BROILER GROWER605 4,BROILER GROWER,2026-07-23 01:29:19.617,2026-07-23 02:28:03.840,2026-07-23 02:29:08.363,4500.0,SOUDIOM Bicarbon,35,100.0,8.955,9.114586,Production Recipes
Server2,FFB28B77-D467-49AE-9DBF-FAAC132D9934,9EB5AAF9-4EC2-4BC1-B78F-A2C697BCE705,4,BROILER GROWER605 4,BROILER GROWER,2026-07-23 01:29:19.617,2026-07-23 02:28:03.840,2026-07-23 02:29:08.363,4500.0,SOYA-,105,100.0,1619.145,1615.22,Production Recipes
Server2,FFB28B77-D467-49AE-9DBF-FAAC132D9934,9EB5AAF9-4EC2-4BC1-B78F-A2C697BCE705,4,BROILER GROWER605 4,BROILER GROWER,2026-07-23 01:29:19.617,2026-07-23 02:28:03.840,2026-07-23 02:29:08.363,4500.0,Soya Oil,210,100.0,37.35,37.75,Production Recipes
Server2,FFB28B77-D467-49AE-9DBF-FAAC132D9934,9EB5AAF9-4EC2-4BC1-B78F-A2C697BCE705,4,BROILER GROWER605 4,BROILER GROWER,2026-07-23 01:29:19.617,2026-07-23 02:28:03.840,2026-07-23 02:29:08.363,4500.0,TermiN-8,33,100.0,6.75,0.0,Production Recipes
Server2,62339818-A6BD-4C9A-94BA-5E4FCE72EC79,9EB5AAF9-4EC2-4BC1-B78F-A2C697BCE705,4,BROILER GROWER605 3,BROILER GROWER,2026-07-23 01:29:17.660,2026-07-23 02:23:21.267,2026-07-23 02:24:25.300,4500.0,BETAIN HCL,142,100.0,2.25,2.991899,Production Recipes
Server2,62339818-A6BD-4C9A-94BA-5E4FCE72EC79,9EB5AAF9-4EC2-4BC1-B78F-A2C697BCE705,4,BROILER GROWER605 3,BROILER GROWER,2026-07-23 01:29:17.660,2026-07-23 02:23:21.267,2026-07-23 02:24:25.300,4500.0,BIOSTRONG 510,140,100.0,0.675,0.8203125,Production Recipes
Server2,62339818-A6BD-4C9A-94BA-5E4FCE72EC79,9EB5AAF9-4EC2-4BC1-B78F-A2C697BCE705,4,BROILER GROWER605 3,BROILER GROWER,2026-07-23 01:29:17.660,2026-07-23 02:23:21.267,2026-07-23 02:24:25.300,4500.0,Broiler Mineral Mix,31,100.0,4.05,5.367476,Production Recipes
Server2,62339818-A6BD-4C9A-94BA-5E4FCE72EC79,9EB5AAF9-4EC2-4BC1-B78F-A2C697BCE705,4,BROILER GROWER605 3,BROILER GROWER,2026-07-23 01:29:17.660,2026-07-23 02:23:21.267,2026-07-23 02:24:25.300,4500.0,Broiler Starter PX,69,100.0,4.05,5.092593,Production Recipes
Server2,62339818-A6BD-4C9A-94BA-5E4FCE72EC79,9EB5AAF9-4EC2-4BC1-B78F-A2C697BCE705,4,BROILER GROWER605 3,BROILER GROWER,2026-07-23 01:29:17.660,2026-07-23 02:23:21.267,2026-07-23 02:24:25.300,4500.0,Choline Chloride 60%,26,100.0,2.7,2.482639,Production Recipes
Server2,62339818-A6BD-4C9A-94BA-5E4FCE72EC79,9EB5AAF9-4EC2-4BC1-B78F-A2C697BCE705,4,BROILER GROWER605 3,BROILER GROWER,2026-07-23 01:29:17.660,2026-07-23 02:23:21.267,2026-07-23 02:24:25.300,4500.0,KENZYME PRO,77,100.0,2.7,3.139468,Production Recipes
Server2,62339818-A6BD-4C9A-94BA-5E4FCE72EC79,9EB5AAF9-4EC2-4BC1-B78F-A2C697BCE705,4,BROILER GROWER605 3,BROILER GROWER,2026-07-23 01:29:17.660,2026-07-23 02:23:21.267,2026-07-23 02:24:25.300,4500.0,Limestone,113,100.0,55.485,63.22339,Production Recipes
Server2,62339818-A6BD-4C9A-94BA-5E4FCE72EC79,9EB5AAF9-4EC2-4BC1-B78F-A2C697BCE705,4,BROILER GROWER605 3,BROILER GROWER,2026-07-23 01:29:17.660,2026-07-23 02:23:21.267,2026-07-23 02:24:25.300,4500.0,LYSOFORTE DRY,30,100.0,0.9,1.20081,Production Recipes
Server2,62339818-A6BD-4C9A-94BA-5E4FCE72EC79,9EB5AAF9-4EC2-4BC1-B78F-A2C697BCE705,4,BROILER GROWER605 3,BROILER GROWER,2026-07-23 01:29:17.660,2026-07-23 02:23:21.267,2026-07-23 02:24:25.300,4500.0,Maize,100,100.0,2679.705,2686.343,Production Recipes
Server2,62339818-A6BD-4C9A-94BA-5E4FCE72EC79,9EB5AAF9-4EC2-4BC1-B78F-A2C697BCE705,4,BROILER GROWER605 3,BROILER GROWER,2026-07-23 01:29:17.660,2026-07-23 02:23:21.267,2026-07-23 02:24:25.300,4500.0,Methionine,12,100.0,10.62,9.982639,Production Recipes
Server2,62339818-A6BD-4C9A-94BA-5E4FCE72EC79,9EB5AAF9-4EC2-4BC1-B78F-A2C697BCE705,4,BROILER GROWER605 3,BROILER GROWER,2026-07-23 01:29:17.660,2026-07-23 02:23:21.267,2026-07-23 02:24:25.300,4500.0,Monocalcium Phos,204,100.0,38.745,39.0625,Production Recipes
Server2,62339818-A6BD-4C9A-94BA-5E4FCE72EC79,9EB5AAF9-4EC2-4BC1-B78F-A2C697BCE705,4,BROILER GROWER605 3,BROILER GROWER,2026-07-23 01:29:17.660,2026-07-23 02:23:21.267,2026-07-23 02:24:25.300,4500.0,NOVELA ECL,6,100.0,0.45,0.4788773,Production Recipes
Server2,62339818-A6BD-4C9A-94BA-5E4FCE72EC79,9EB5AAF9-4EC2-4BC1-B78F-A2C697BCE705,4,BROILER GROWER605 3,BROILER GROWER,2026-07-23 01:29:17.660,2026-07-23 02:23:21.267,2026-07-23 02:24:25.300,4500.0,Provi Oxi Stop,21,100.0,0.45,0.9505208,Production Recipes
Server2,62339818-A6BD-4C9A-94BA-5E4FCE72EC79,9EB5AAF9-4EC2-4BC1-B78F-A2C697BCE705,4,BROILER GROWER605 3,BROILER GROWER,2026-07-23 01:29:17.660,2026-07-23 02:23:21.267,2026-07-23 02:24:25.300,4500.0,Rovabio P10,176,100.0,2.25,2.557869,Production Recipes
Server2,62339818-A6BD-4C9A-94BA-5E4FCE72EC79,9EB5AAF9-4EC2-4BC1-B78F-A2C697BCE705,4,BROILER GROWER605 3,BROILER GROWER,2026-07-23 01:29:17.660,2026-07-23 02:23:21.267,2026-07-23 02:24:25.300,4500.0,Sacox (500g),91,100.0,2.25,4.010417,Production Recipes
Server2,62339818-A6BD-4C9A-94BA-5E4FCE72EC79,9EB5AAF9-4EC2-4BC1-B78F-A2C697BCE705,4,BROILER GROWER605 3,BROILER GROWER,2026-07-23 01:29:17.660,2026-07-23 02:23:21.267,2026-07-23 02:24:25.300,4500.0,Salt,202,100.0,12.96,13.16551,Production Recipes
Server2,62339818-A6BD-4C9A-94BA-5E4FCE72EC79,9EB5AAF9-4EC2-4BC1-B78F-A2C697BCE705,4,BROILER GROWER605 3,BROILER GROWER,2026-07-23 01:29:17.660,2026-07-23 02:23:21.267,2026-07-23 02:24:25.300,4500.0,SOLIS,124,100.0,6.75,7.074652,Production Recipes
Server2,62339818-A6BD-4C9A-94BA-5E4FCE72EC79,9EB5AAF9-4EC2-4BC1-B78F-A2C697BCE705,4,BROILER GROWER605 3,BROILER GROWER,2026-07-23 01:29:17.660,2026-07-23 02:23:21.267,2026-07-23 02:24:25.300,4500.0,SOUDIOM Bicarbon,35,100.0,8.955,9.114578,Production Recipes
Server2,62339818-A6BD-4C9A-94BA-5E4FCE72EC79,9EB5AAF9-4EC2-4BC1-B78F-A2C697BCE705,4,BROILER GROWER605 3,BROILER GROWER,2026-07-23 01:29:17.660,2026-07-23 02:23:21.267,2026-07-23 02:24:25.300,4500.0,SOYA-,105,100.0,1619.145,1621.817,Production Recipes
Server2,62339818-A6BD-4C9A-94BA-5E4FCE72EC79,9EB5AAF9-4EC2-4BC1-B78F-A2C697BCE705,4,BROILER GROWER605 3,BROILER GROWER,2026-07-23 01:29:17.660,2026-07-23 02:23:21.267,2026-07-23 02:24:25.300,4500.0,Soya Oil,210,100.0,37.35,37.75,Production Recipes
Server2,62339818-A6BD-4C9A-94BA-5E4FCE72EC79,9EB5AAF9-4EC2-4BC1-B78F-A2C697BCE705,4,BROILER GROWER605 3,BROILER GROWER,2026-07-23 01:29:17.660,2026-07-23 02:23:21.267,2026-07-23 02:24:25.300,4500.0,TermiN-8,33,100.0,6.75,0.0,Production Recipes
Server2,1D162C7B-7274-4A13-9346-6AEE75DA48C7,9EB5AAF9-4EC2-4BC1-B78F-A2C697BCE705,4,BROILER GROWER605 2,BROILER GROWER,2026-07-23 01:29:11.577,2026-07-23 02:18:12.830,2026-07-23 02:19:17.250,4500.0,BETAIN HCL,142,100.0,2.25,3.489583,Production Recipes
Server2,1D162C7B-7274-4A13-9346-6AEE75DA48C7,9EB5AAF9-4EC2-4BC1-B78F-A2C697BCE705,4,BROILER GROWER605 2,BROILER GROWER,2026-07-23 01:29:11.577,2026-07-23 02:18:12.830,2026-07-23 02:19:17.250,4500.0,BIOSTRONG 510,140,100.0,0.675,0.7812501,Production Recipes
Server2,1D162C7B-7274-4A13-9346-6AEE75DA48C7,9EB5AAF9-4EC2-4BC1-B78F-A2C697BCE705,4,BROILER GROWER605 2,BROILER GROWER,2026-07-23 01:29:11.577,2026-07-23 02:18:12.830,2026-07-23 02:19:17.250,4500.0,Broiler Mineral Mix,31,100.0,4.05,5.396412,Production Recipes
Server2,1D162C7B-7274-4A13-9346-6AEE75DA48C7,9EB5AAF9-4EC2-4BC1-B78F-A2C697BCE705,4,BROILER GROWER605 2,BROILER GROWER,2026-07-23 01:29:11.577,2026-07-23 02:18:12.830,2026-07-23 02:19:17.250,4500.0,Broiler Starter PX,69,100.0,4.05,5.231482,Production Recipes
Server2,1D162C7B-7274-4A13-9346-6AEE75DA48C7,9EB5AAF9-4EC2-4BC1-B78F-A2C697BCE705,4,BROILER GROWER605 2,BROILER GROWER,2026-07-23 01:29:11.577,2026-07-23 02:18:12.830,2026-07-23 02:19:17.250,4500.0,Choline Chloride 60%,26,100.0,2.7,3.287038,Production Recipes
Server2,1D162C7B-7274-4A13-9346-6AEE75DA48C7,9EB5AAF9-4EC2-4BC1-B78F-A2C697BCE705,4,BROILER GROWER605 2,BROILER GROWER,2026-07-23 01:29:11.577,2026-07-23 02:18:12.830,2026-07-23 02:19:17.250,4500.0,KENZYME PRO,77,100.0,2.7,3.255208,Production Recipes
Server2,1D162C7B-7274-4A13-9346-6AEE75DA48C7,9EB5AAF9-4EC2-4BC1-B78F-A2C697BCE705,4,BROILER GROWER605 2,BROILER GROWER,2026-07-23 01:29:11.577,2026-07-23 02:18:12.830,2026-07-23 02:19:17.250,4500.0,Limestone,113,100.0,55.485,68.17139,Production Recipes
Server2,1D162C7B-7274-4A13-9346-6AEE75DA48C7,9EB5AAF9-4EC2-4BC1-B78F-A2C697BCE705,4,BROILER GROWER605 2,BROILER GROWER,2026-07-23 01:29:11.577,2026-07-23 02:18:12.830,2026-07-23 02:19:17.250,4500.0,LYSOFORTE DRY,30,100.0,0.9,1.009838,Production Recipes
Server2,1D162C7B-7274-4A13-9346-6AEE75DA48C7,9EB5AAF9-4EC2-4BC1-B78F-A2C697BCE705,4,BROILER GROWER605 2,BROILER GROWER,2026-07-23 01:29:11.577,2026-07-23 02:18:12.830,2026-07-23 02:19:17.250,4500.0,Maize,100,100.0,2679.705,2687.934,Production Recipes
Server2,1D162C7B-7274-4A13-9346-6AEE75DA48C7,9EB5AAF9-4EC2-4BC1-B78F-A2C697BCE705,4,BROILER GROWER605 2,BROILER GROWER,2026-07-23 01:29:11.577,2026-07-23 02:18:12.830,2026-07-23 02:19:17.250,4500.0,Methionine,12,100.0,10.62,10.99537,Production Recipes
Server2,1D162C7B-7274-4A13-9346-6AEE75DA48C7,9EB5AAF9-4EC2-4BC1-B78F-A2C697BCE705,4,BROILER GROWER605 2,BROILER GROWER,2026-07-23 01:29:11.577,2026-07-23 02:18:12.830,2026-07-23 02:19:17.250,4500.0,Monocalcium Phos,204,100.0,38.745,39.20717,Production Recipes
Server2,1D162C7B-7274-4A13-9346-6AEE75DA48C7,9EB5AAF9-4EC2-4BC1-B78F-A2C697BCE705,4,BROILER GROWER605 2,BROILER GROWER,2026-07-23 01:29:11.577,2026-07-23 02:18:12.830,2026-07-23 02:19:17.250,4500.0,NOVELA ECL,6,100.0,0.45,0.5208334,Production Recipes
Server2,1D162C7B-7274-4A13-9346-6AEE75DA48C7,9EB5AAF9-4EC2-4BC1-B78F-A2C697BCE705,4,BROILER GROWER605 2,BROILER GROWER,2026-07-23 01:29:11.577,2026-07-23 02:18:12.830,2026-07-23 02:19:17.250,4500.0,Provi Oxi Stop,21,100.0,0.45,0.9215858,Production Recipes
Server2,1D162C7B-7274-4A13-9346-6AEE75DA48C7,9EB5AAF9-4EC2-4BC1-B78F-A2C697BCE705,4,BROILER GROWER605 2,BROILER GROWER,2026-07-23 01:29:11.577,2026-07-23 02:18:12.830,2026-07-23 02:19:17.250,4500.0,Rovabio P10,176,100.0,2.25,2.280092,Production Recipes
Server2,1D162C7B-7274-4A13-9346-6AEE75DA48C7,9EB5AAF9-4EC2-4BC1-B78F-A2C697BCE705,4,BROILER GROWER605 2,BROILER GROWER,2026-07-23 01:29:11.577,2026-07-23 02:18:12.830,2026-07-23 02:19:17.250,4500.0,Sacox (500g),91,100.0,2.25,3.356482,Production Recipes
Server2,1D162C7B-7274-4A13-9346-6AEE75DA48C7,9EB5AAF9-4EC2-4BC1-B78F-A2C697BCE705,4,BROILER GROWER605 2,BROILER GROWER,2026-07-23 01:29:11.577,2026-07-23 02:18:12.830,2026-07-23 02:19:17.250,4500.0,Salt,202,100.0,12.96,14.03357,Production Recipes
Server2,1D162C7B-7274-4A13-9346-6AEE75DA48C7,9EB5AAF9-4EC2-4BC1-B78F-A2C697BCE705,4,BROILER GROWER605 2,BROILER GROWER,2026-07-23 01:29:11.577,2026-07-23 02:18:12.830,2026-07-23 02:19:17.250,4500.0,SOLIS,124,100.0,6.75,7.364005,Production Recipes
Server2,1D162C7B-7274-4A13-9346-6AEE75DA48C7,9EB5AAF9-4EC2-4BC1-B78F-A2C697BCE705,4,BROILER GROWER605 2,BROILER GROWER,2026-07-23 01:29:11.577,2026-07-23 02:18:12.830,2026-07-23 02:19:17.250,4500.0,SOUDIOM Bicarbon,35,100.0,8.955,9.114586,Production Recipes
Server2,1D162C7B-7274-4A13-9346-6AEE75DA48C7,9EB5AAF9-4EC2-4BC1-B78F-A2C697BCE705,4,BROILER GROWER605 2,BROILER GROWER,2026-07-23 01:29:11.577,2026-07-23 02:18:12.830,2026-07-23 02:19:17.250,4500.0,SOYA-,105,100.0,1619.145,1615.77,Production Recipes
Server2,1D162C7B-7274-4A13-9346-6AEE75DA48C7,9EB5AAF9-4EC2-4BC1-B78F-A2C697BCE705,4,BROILER GROWER605 2,BROILER GROWER,2026-07-23 01:29:11.577,2026-07-23 02:18:12.830,2026-07-23 02:19:17.250,4500.0,Soya Oil,210,100.0,37.35,37.75,Production Recipes
Server2,1D162C7B-7274-4A13-9346-6AEE75DA48C7,9EB5AAF9-4EC2-4BC1-B78F-A2C697BCE705,4,BROILER GROWER605 2,BROILER GROWER,2026-07-23 01:29:11.577,2026-07-23 02:18:12.830,2026-07-23 02:19:17.250,4500.0,TermiN-8,33,100.0,6.75,0.0,Production Recipes
Server2,7A86AFCF-3D3B-4C7C-A222-B3059E858DE2,9EB5AAF9-4EC2-4BC1-B78F-A2C697BCE705,4,BROILER GROWER605 1,BROILER GROWER,2026-07-23 01:29:09.600,2026-07-23 02:13:45.330,2026-07-23 02:14:49.460,4500.0,BETAIN HCL,142,100.0,2.25,3.339121,Production Recipes
Server2,7A86AFCF-3D3B-4C7C-A222-B3059E858DE2,9EB5AAF9-4EC2-4BC1-B78F-A2C697BCE705,4,BROILER GROWER605 1,BROILER GROWER,2026-07-23 01:29:09.600,2026-07-23 02:13:45.330,2026-07-23 02:14:49.460,4500.0,BIOSTRONG 510,140,100.0,0.675,0.7711228,Production Recipes
Server2,7A86AFCF-3D3B-4C7C-A222-B3059E858DE2,9EB5AAF9-4EC2-4BC1-B78F-A2C697BCE705,4,BROILER GROWER605 1,BROILER GROWER,2026-07-23 01:29:09.600,2026-07-23 02:13:45.330,2026-07-23 02:14:49.460,4500.0,Broiler Mineral Mix,31,100.0,4.05,6.192129,Production Recipes
Server2,7A86AFCF-3D3B-4C7C-A222-B3059E858DE2,9EB5AAF9-4EC2-4BC1-B78F-A2C697BCE705,4,BROILER GROWER605 1,BROILER GROWER,2026-07-23 01:29:09.600,2026-07-23 02:13:45.330,2026-07-23 02:14:49.460,4500.0,Broiler Starter PX,69,100.0,4.05,4.84375,Production Recipes
Server2,7A86AFCF-3D3B-4C7C-A222-B3059E858DE2,9EB5AAF9-4EC2-4BC1-B78F-A2C697BCE705,4,BROILER GROWER605 1,BROILER GROWER,2026-07-23 01:29:09.600,2026-07-23 02:13:45.330,2026-07-23 02:14:49.460,4500.0,Choline Chloride 60%,26,100.0,2.7,2.453703,Production Recipes
Server2,7A86AFCF-3D3B-4C7C-A222-B3059E858DE2,9EB5AAF9-4EC2-4BC1-B78F-A2C697BCE705,4,BROILER GROWER605 1,BROILER GROWER,2026-07-23 01:29:09.600,2026-07-23 02:13:45.330,2026-07-23 02:14:49.460,4500.0,KENZYME PRO,77,100.0,2.7,2.922454,Production Recipes
Server2,7A86AFCF-3D3B-4C7C-A222-B3059E858DE2,9EB5AAF9-4EC2-4BC1-B78F-A2C697BCE705,4,BROILER GROWER605 1,BROILER GROWER,2026-07-23 01:29:09.600,2026-07-23 02:13:45.330,2026-07-23 02:14:49.460,4500.0,Limestone,113,100.0,55.485,66.52197,Production Recipes
Server2,7A86AFCF-3D3B-4C7C-A222-B3059E858DE2,9EB5AAF9-4EC2-4BC1-B78F-A2C697BCE705,4,BROILER GROWER605 1,BROILER GROWER,2026-07-23 01:29:09.600,2026-07-23 02:13:45.330,2026-07-23 02:14:49.460,4500.0,LYSOFORTE DRY,30,100.0,0.9,1.090856,Production Recipes
Server2,7A86AFCF-3D3B-4C7C-A222-B3059E858DE2,9EB5AAF9-4EC2-4BC1-B78F-A2C697BCE705,4,BROILER GROWER605 1,BROILER GROWER,2026-07-23 01:29:09.600,2026-07-23 02:13:45.330,2026-07-23 02:14:49.460,4500.0,Maize,100,100.0,2679.705,2686.343,Production Recipes
Server2,7A86AFCF-3D3B-4C7C-A222-B3059E858DE2,9EB5AAF9-4EC2-4BC1-B78F-A2C697BCE705,4,BROILER GROWER605 1,BROILER GROWER,2026-07-23 01:29:09.600,2026-07-23 02:13:45.330,2026-07-23 02:14:49.460,4500.0,Methionine,12,100.0,10.62,10.70602,Production Recipes
Server2,7A86AFCF-3D3B-4C7C-A222-B3059E858DE2,9EB5AAF9-4EC2-4BC1-B78F-A2C697BCE705,4,BROILER GROWER605 1,BROILER GROWER,2026-07-23 01:29:09.600,2026-07-23 02:13:45.330,2026-07-23 02:14:49.460,4500.0,Monocalcium Phos,204,100.0,38.745,39.20718,Production Recipes
Server2,7A86AFCF-3D3B-4C7C-A222-B3059E858DE2,9EB5AAF9-4EC2-4BC1-B78F-A2C697BCE705,4,BROILER GROWER605 1,BROILER GROWER,2026-07-23 01:29:09.600,2026-07-23 02:13:45.330,2026-07-23 02:14:49.460,4500.0,NOVELA ECL,6,100.0,0.45,0.5396413,Production Recipes
Server2,7A86AFCF-3D3B-4C7C-A222-B3059E858DE2,9EB5AAF9-4EC2-4BC1-B78F-A2C697BCE705,4,BROILER GROWER605 1,BROILER GROWER,2026-07-23 01:29:09.600,2026-07-23 02:13:45.330,2026-07-23 02:14:49.460,4500.0,Provi Oxi Stop,21,100.0,0.45,1.060475,Production Recipes
Server2,7A86AFCF-3D3B-4C7C-A222-B3059E858DE2,9EB5AAF9-4EC2-4BC1-B78F-A2C697BCE705,4,BROILER GROWER605 1,BROILER GROWER,2026-07-23 01:29:09.600,2026-07-23 02:13:45.330,2026-07-23 02:14:49.460,4500.0,Rovabio P10,176,100.0,2.25,3.726852,Production Recipes
Server2,7A86AFCF-3D3B-4C7C-A222-B3059E858DE2,9EB5AAF9-4EC2-4BC1-B78F-A2C697BCE705,4,BROILER GROWER605 1,BROILER GROWER,2026-07-23 01:29:09.600,2026-07-23 02:13:45.330,2026-07-23 02:14:49.460,4500.0,Sacox (500g),91,100.0,2.25,3.287037,Production Recipes
Server2,7A86AFCF-3D3B-4C7C-A222-B3059E858DE2,9EB5AAF9-4EC2-4BC1-B78F-A2C697BCE705,4,BROILER GROWER605 1,BROILER GROWER,2026-07-23 01:29:09.600,2026-07-23 02:13:45.330,2026-07-23 02:14:49.460,4500.0,Salt,202,100.0,12.96,13.16551,Production Recipes
Server2,7A86AFCF-3D3B-4C7C-A222-B3059E858DE2,9EB5AAF9-4EC2-4BC1-B78F-A2C697BCE705,4,BROILER GROWER605 1,BROILER GROWER,2026-07-23 01:29:09.600,2026-07-23 02:13:45.330,2026-07-23 02:14:49.460,4500.0,SOLIS,124,100.0,6.75,7.190392,Production Recipes
Server2,7A86AFCF-3D3B-4C7C-A222-B3059E858DE2,9EB5AAF9-4EC2-4BC1-B78F-A2C697BCE705,4,BROILER GROWER605 1,BROILER GROWER,2026-07-23 01:29:09.600,2026-07-23 02:13:45.330,2026-07-23 02:14:49.460,4500.0,SOUDIOM Bicarbon,35,100.0,8.955,9.114578,Production Recipes
Server2,7A86AFCF-3D3B-4C7C-A222-B3059E858DE2,9EB5AAF9-4EC2-4BC1-B78F-A2C697BCE705,4,BROILER GROWER605 1,BROILER GROWER,2026-07-23 01:29:09.600,2026-07-23 02:13:45.330,2026-07-23 02:14:49.460,4500.0,SOYA-,105,100.0,1619.145,1604.224,Production Recipes
Server2,7A86AFCF-3D3B-4C7C-A222-B3059E858DE2,9EB5AAF9-4EC2-4BC1-B78F-A2C697BCE705,4,BROILER GROWER605 1,BROILER GROWER,2026-07-23 01:29:09.600,2026-07-23 02:13:45.330,2026-07-23 02:14:49.460,4500.0,Soya Oil,210,100.0,37.35,37.75,Production Recipes
Server2,7A86AFCF-3D3B-4C7C-A222-B3059E858DE2,9EB5AAF9-4EC2-4BC1-B78F-A2C697BCE705,4,BROILER GROWER605 1,BROILER GROWER,2026-07-23 01:29:09.600,2026-07-23 02:13:45.330,2026-07-23 02:14:49.460,4500.0,TermiN-8,33,100.0,6.75,0.0,Production Recipes
Server2,4BCE6E96-36C9-4E89-8A32-26DE3C00D05E,9EB5AAF9-4EC2-4BC1-B78F-A2C697BCE705,4,BROILER STARTER604 4,BROILER STARTER,2026-07-23 00:59:45.997,2026-07-23 02:07:18.727,2026-07-23 02:08:23.100,4500.0,BETAIN HCL,142,100.0,2.25,4.456019,Production Recipes
Server2,4BCE6E96-36C9-4E89-8A32-26DE3C00D05E,9EB5AAF9-4EC2-4BC1-B78F-A2C697BCE705,4,BROILER STARTER604 4,BROILER STARTER,2026-07-23 00:59:45.997,2026-07-23 02:07:18.727,2026-07-23 02:08:23.100,4500.0,BIOSTRONG 510,140,100.0,0.675,0.8000579,Production Recipes
Server2,4BCE6E96-36C9-4E89-8A32-26DE3C00D05E,9EB5AAF9-4EC2-4BC1-B78F-A2C697BCE705,4,BROILER STARTER604 4,BROILER STARTER,2026-07-23 00:59:45.997,2026-07-23 02:07:18.727,2026-07-23 02:08:23.100,4500.0,Broiler Mineral Mix,31,100.0,4.5,5.439815,Production Recipes
Server2,4BCE6E96-36C9-4E89-8A32-26DE3C00D05E,9EB5AAF9-4EC2-4BC1-B78F-A2C697BCE705,4,BROILER STARTER604 4,BROILER STARTER,2026-07-23 00:59:45.997,2026-07-23 02:07:18.727,2026-07-23 02:08:23.100,4500.0,KENZYME PRO,77,100.0,2.7,3.023727,Production Recipes
Server2,4BCE6E96-36C9-4E89-8A32-26DE3C00D05E,9EB5AAF9-4EC2-4BC1-B78F-A2C697BCE705,4,BROILER STARTER604 4,BROILER STARTER,2026-07-23 00:59:45.997,2026-07-23 02:07:18.727,2026-07-23 02:08:23.100,4500.0,Limestone,113,100.0,65.07,70.92017,Production Recipes
Server2,4BCE6E96-36C9-4E89-8A32-26DE3C00D05E,9EB5AAF9-4EC2-4BC1-B78F-A2C697BCE705,4,BROILER STARTER604 4,BROILER STARTER,2026-07-23 00:59:45.997,2026-07-23 02:07:18.727,2026-07-23 02:08:23.100,4500.0,LYSOFORTE DRY,30,100.0,0.9,0.9201388,Production Recipes
Server2,4BCE6E96-36C9-4E89-8A32-26DE3C00D05E,9EB5AAF9-4EC2-4BC1-B78F-A2C697BCE705,4,BROILER STARTER604 4,BROILER STARTER,2026-07-23 00:59:45.997,2026-07-23 02:07:18.727,2026-07-23 02:08:23.100,4500.0,Maize,100,100.0,2688.75,2691.117,Production Recipes
Server2,4BCE6E96-36C9-4E89-8A32-26DE3C00D05E,9EB5AAF9-4EC2-4BC1-B78F-A2C697BCE705,4,BROILER STARTER604 4,BROILER STARTER,2026-07-23 00:59:45.997,2026-07-23 02:07:18.727,2026-07-23 02:08:23.100,4500.0,Methionine,12,100.0,13.95,14.03356,Production Recipes
Server2,4BCE6E96-36C9-4E89-8A32-26DE3C00D05E,9EB5AAF9-4EC2-4BC1-B78F-A2C697BCE705,4,BROILER STARTER604 4,BROILER STARTER,2026-07-23 00:59:45.997,2026-07-23 02:07:18.727,2026-07-23 02:08:23.100,4500.0,Monocalcium Phos,204,100.0,42.03,42.24537,Production Recipes
Server2,4BCE6E96-36C9-4E89-8A32-26DE3C00D05E,9EB5AAF9-4EC2-4BC1-B78F-A2C697BCE705,4,BROILER STARTER604 4,BROILER STARTER,2026-07-23 00:59:45.997,2026-07-23 02:07:18.727,2026-07-23 02:08:23.100,4500.0,NOVELA ECL,6,100.0,0.45,0.541088,Production Recipes
Server2,4BCE6E96-36C9-4E89-8A32-26DE3C00D05E,9EB5AAF9-4EC2-4BC1-B78F-A2C697BCE705,4,BROILER STARTER604 4,BROILER STARTER,2026-07-23 00:59:45.997,2026-07-23 02:07:18.727,2026-07-23 02:08:23.100,4500.0,Provi Oxi Stop,21,100.0,0.45,0.9910302,Production Recipes
Server2,4BCE6E96-36C9-4E89-8A32-26DE3C00D05E,9EB5AAF9-4EC2-4BC1-B78F-A2C697BCE705,4,BROILER STARTER604 4,BROILER STARTER,2026-07-23 00:59:45.997,2026-07-23 02:07:18.727,2026-07-23 02:08:23.100,4500.0,Rovabio P10,176,100.0,2.25,2.771991,Production Recipes
Server2,4BCE6E96-36C9-4E89-8A32-26DE3C00D05E,9EB5AAF9-4EC2-4BC1-B78F-A2C697BCE705,4,BROILER STARTER604 4,BROILER STARTER,2026-07-23 00:59:45.997,2026-07-23 02:07:18.727,2026-07-23 02:08:23.100,4500.0,Sacox (500g),91,100.0,2.25,3.564815,Production Recipes
Server2,4BCE6E96-36C9-4E89-8A32-26DE3C00D05E,9EB5AAF9-4EC2-4BC1-B78F-A2C697BCE705,4,BROILER STARTER604 4,BROILER STARTER,2026-07-23 00:59:45.997,2026-07-23 02:07:18.727,2026-07-23 02:08:23.100,4500.0,Salt,202,100.0,12.105,12.0081,Production Recipes
Server2,4BCE6E96-36C9-4E89-8A32-26DE3C00D05E,9EB5AAF9-4EC2-4BC1-B78F-A2C697BCE705,4,BROILER STARTER604 4,BROILER STARTER,2026-07-23 00:59:45.997,2026-07-23 02:07:18.727,2026-07-23 02:08:23.100,4500.0,SOLIS,124,100.0,6.75,7.826967,Production Recipes
Server2,4BCE6E96-36C9-4E89-8A32-26DE3C00D05E,9EB5AAF9-4EC2-4BC1-B78F-A2C697BCE705,4,BROILER STARTER604 4,BROILER STARTER,2026-07-23 00:59:45.997,2026-07-23 02:07:18.727,2026-07-23 02:08:23.100,4500.0,SOUDIOM Bicarbon,35,100.0,9.81,9.982635,Production Recipes
Server2,4BCE6E96-36C9-4E89-8A32-26DE3C00D05E,9EB5AAF9-4EC2-4BC1-B78F-A2C697BCE705,4,BROILER STARTER604 4,BROILER STARTER,2026-07-23 00:59:45.997,2026-07-23 02:07:18.727,2026-07-23 02:08:23.100,4500.0,SOYA-,105,100.0,1755.0,1751.563,Production Recipes
Server2,4BCE6E96-36C9-4E89-8A32-26DE3C00D05E,9EB5AAF9-4EC2-4BC1-B78F-A2C697BCE705,4,BROILER STARTER604 4,BROILER STARTER,2026-07-23 00:59:45.997,2026-07-23 02:07:18.727,2026-07-23 02:08:23.100,4500.0,Soya Oil,210,100.0,14.58,15.0,Production Recipes
Server2,4BCE6E96-36C9-4E89-8A32-26DE3C00D05E,9EB5AAF9-4EC2-4BC1-B78F-A2C697BCE705,4,BROILER STARTER604 4,BROILER STARTER,2026-07-23 00:59:45.997,2026-07-23 02:07:18.727,2026-07-23 02:08:23.100,4500.0,TermiN-8,33,100.0,6.75,0.0,Production Recipes
Server2,96293001-9909-45A9-B9B4-B3D0CCB01A2E,9EB5AAF9-4EC2-4BC1-B78F-A2C697BCE705,4,BROILER STARTER604 3,BROILER STARTER,2026-07-23 00:59:43.973,2026-07-23 02:00:12.530,2026-07-23 02:01:25.927,4500.0,BETAIN HCL,142,100.0,2.25,2.355324,Production Recipes
Server2,96293001-9909-45A9-B9B4-B3D0CCB01A2E,9EB5AAF9-4EC2-4BC1-B78F-A2C697BCE705,4,BROILER STARTER604 3,BROILER STARTER,2026-07-23 00:59:43.973,2026-07-23 02:00:12.530,2026-07-23 02:01:25.927,4500.0,BIOSTRONG 510,140,100.0,0.675,0.7595486,Production Recipes
Server2,96293001-9909-45A9-B9B4-B3D0CCB01A2E,9EB5AAF9-4EC2-4BC1-B78F-A2C697BCE705,4,BROILER STARTER604 3,BROILER STARTER,2026-07-23 00:59:43.973,2026-07-23 02:00:12.530,2026-07-23 02:01:25.927,4500.0,Broiler Mineral Mix,31,100.0,4.5,5.960648,Production Recipes
Server2,96293001-9909-45A9-B9B4-B3D0CCB01A2E,9EB5AAF9-4EC2-4BC1-B78F-A2C697BCE705,4,BROILER STARTER604 3,BROILER STARTER,2026-07-23 00:59:43.973,2026-07-23 02:00:12.530,2026-07-23 02:01:25.927,4500.0,KENZYME PRO,77,100.0,2.7,3.038195,Production Recipes
Server2,96293001-9909-45A9-B9B4-B3D0CCB01A2E,9EB5AAF9-4EC2-4BC1-B78F-A2C697BCE705,4,BROILER STARTER604 3,BROILER STARTER,2026-07-23 00:59:43.973,2026-07-23 02:00:12.530,2026-07-23 02:01:25.927,4500.0,Limestone,113,100.0,65.07,74.76855,Production Recipes
Server2,96293001-9909-45A9-B9B4-B3D0CCB01A2E,9EB5AAF9-4EC2-4BC1-B78F-A2C697BCE705,4,BROILER STARTER604 3,BROILER STARTER,2026-07-23 00:59:43.973,2026-07-23 02:00:12.530,2026-07-23 02:01:25.927,4500.0,LYSOFORTE DRY,30,100.0,0.9,0.920139,Production Recipes
Server2,96293001-9909-45A9-B9B4-B3D0CCB01A2E,9EB5AAF9-4EC2-4BC1-B78F-A2C697BCE705,4,BROILER STARTER604 3,BROILER STARTER,2026-07-23 00:59:43.973,2026-07-23 02:00:12.530,2026-07-23 02:01:25.927,4500.0,Maize,100,100.0,2688.75,2697.483,Production Recipes
Server2,96293001-9909-45A9-B9B4-B3D0CCB01A2E,9EB5AAF9-4EC2-4BC1-B78F-A2C697BCE705,4,BROILER STARTER604 3,BROILER STARTER,2026-07-23 00:59:43.973,2026-07-23 02:00:12.530,2026-07-23 02:01:25.927,4500.0,Methionine,12,100.0,13.95,14.03356,Production Recipes
Server2,96293001-9909-45A9-B9B4-B3D0CCB01A2E,9EB5AAF9-4EC2-4BC1-B78F-A2C697BCE705,4,BROILER STARTER604 3,BROILER STARTER,2026-07-23 00:59:43.973,2026-07-23 02:00:12.530,2026-07-23 02:01:25.927,4500.0,Monocalcium Phos,204,100.0,42.03,42.1007,Production Recipes
Server2,96293001-9909-45A9-B9B4-B3D0CCB01A2E,9EB5AAF9-4EC2-4BC1-B78F-A2C697BCE705,4,BROILER STARTER604 3,BROILER STARTER,2026-07-23 00:59:43.973,2026-07-23 02:00:12.530,2026-07-23 02:01:25.927,4500.0,NOVELA ECL,6,100.0,0.45,0.5208334,Production Recipes
Server2,96293001-9909-45A9-B9B4-B3D0CCB01A2E,9EB5AAF9-4EC2-4BC1-B78F-A2C697BCE705,4,BROILER STARTER604 3,BROILER STARTER,2026-07-23 00:59:43.973,2026-07-23 02:00:12.530,2026-07-23 02:01:25.927,4500.0,Provi Oxi Stop,21,100.0,0.45,0.9317131,Production Recipes
Server2,96293001-9909-45A9-B9B4-B3D0CCB01A2E,9EB5AAF9-4EC2-4BC1-B78F-A2C697BCE705,4,BROILER STARTER604 3,BROILER STARTER,2026-07-23 00:59:43.973,2026-07-23 02:00:12.530,2026-07-23 02:01:25.927,4500.0,Rovabio P10,176,100.0,2.25,2.783566,Production Recipes
Server2,96293001-9909-45A9-B9B4-B3D0CCB01A2E,9EB5AAF9-4EC2-4BC1-B78F-A2C697BCE705,4,BROILER STARTER604 3,BROILER STARTER,2026-07-23 00:59:43.973,2026-07-23 02:00:12.530,2026-07-23 02:01:25.927,4500.0,Sacox (500g),91,100.0,2.25,4.774306,Production Recipes
Server2,96293001-9909-45A9-B9B4-B3D0CCB01A2E,9EB5AAF9-4EC2-4BC1-B78F-A2C697BCE705,4,BROILER STARTER604 3,BROILER STARTER,2026-07-23 00:59:43.973,2026-07-23 02:00:12.530,2026-07-23 02:01:25.927,4500.0,Salt,202,100.0,12.105,19.09722,Production Recipes
Server2,96293001-9909-45A9-B9B4-B3D0CCB01A2E,9EB5AAF9-4EC2-4BC1-B78F-A2C697BCE705,4,BROILER STARTER604 3,BROILER STARTER,2026-07-23 00:59:43.973,2026-07-23 02:00:12.530,2026-07-23 02:01:25.927,4500.0,SOLIS,124,100.0,6.75,7.69676,Production Recipes
Server2,96293001-9909-45A9-B9B4-B3D0CCB01A2E,9EB5AAF9-4EC2-4BC1-B78F-A2C697BCE705,4,BROILER STARTER604 3,BROILER STARTER,2026-07-23 00:59:43.973,2026-07-23 02:00:12.530,2026-07-23 02:01:25.927,4500.0,SOUDIOM Bicarbon,35,100.0,9.81,10.12731,Production Recipes
Server2,96293001-9909-45A9-B9B4-B3D0CCB01A2E,9EB5AAF9-4EC2-4BC1-B78F-A2C697BCE705,4,BROILER STARTER604 3,BROILER STARTER,2026-07-23 00:59:43.973,2026-07-23 02:00:12.530,2026-07-23 02:01:25.927,4500.0,SOYA-,105,100.0,1755.0,1750.463,Production Recipes
Server2,96293001-9909-45A9-B9B4-B3D0CCB01A2E,9EB5AAF9-4EC2-4BC1-B78F-A2C697BCE705,4,BROILER STARTER604 3,BROILER STARTER,2026-07-23 00:59:43.973,2026-07-23 02:00:12.530,2026-07-23 02:01:25.927,4500.0,Soya Oil,210,100.0,14.58,15.0,Production Recipes
Server2,96293001-9909-45A9-B9B4-B3D0CCB01A2E,9EB5AAF9-4EC2-4BC1-B78F-A2C697BCE705,4,BROILER STARTER604 3,BROILER STARTER,2026-07-23 00:59:43.973,2026-07-23 02:00:12.530,2026-07-23 02:01:25.927,4500.0,TermiN-8,33,100.0,6.75,0.0,Production Recipes
Server2,075CB3BC-4D87-4FFA-A0B4-8F7B02559887,9EB5AAF9-4EC2-4BC1-B78F-A2C697BCE705,4,BROILER STARTER604 2,BROILER STARTER,2026-07-23 00:59:37.910,2026-07-23 01:53:15.527,2026-07-23 01:54:19.020,4500.0,BETAIN HCL,142,100.0,2.25,3.217593,Production Recipes
Server2,075CB3BC-4D87-4FFA-A0B4-8F7B02559887,9EB5AAF9-4EC2-4BC1-B78F-A2C697BCE705,4,BROILER STARTER604 2,BROILER STARTER,2026-07-23 00:59:37.910,2026-07-23 01:53:15.527,2026-07-23 01:54:19.020,4500.0,BIOSTRONG 510,140,100.0,0.675,0.7899306,Production Recipes
Server2,075CB3BC-4D87-4FFA-A0B4-8F7B02559887,9EB5AAF9-4EC2-4BC1-B78F-A2C697BCE705,4,BROILER STARTER604 2,BROILER STARTER,2026-07-23 00:59:37.910,2026-07-23 01:53:15.527,2026-07-23 01:54:19.020,4500.0,Broiler Mineral Mix,31,100.0,4.5,5.483217,Production Recipes
Server2,075CB3BC-4D87-4FFA-A0B4-8F7B02559887,9EB5AAF9-4EC2-4BC1-B78F-A2C697BCE705,4,BROILER STARTER604 2,BROILER STARTER,2026-07-23 00:59:37.910,2026-07-23 01:53:15.527,2026-07-23 01:54:19.020,4500.0,KENZYME PRO,77,100.0,2.7,2.951389,Production Recipes
Server2,075CB3BC-4D87-4FFA-A0B4-8F7B02559887,9EB5AAF9-4EC2-4BC1-B78F-A2C697BCE705,4,BROILER STARTER604 2,BROILER STARTER,2026-07-23 00:59:37.910,2026-07-23 01:53:15.527,2026-07-23 01:54:19.020,4500.0,Limestone,113,100.0,65.07,66.52197,Production Recipes
Server2,075CB3BC-4D87-4FFA-A0B4-8F7B02559887,9EB5AAF9-4EC2-4BC1-B78F-A2C697BCE705,4,BROILER STARTER604 2,BROILER STARTER,2026-07-23 00:59:37.910,2026-07-23 01:53:15.527,2026-07-23 01:54:19.020,4500.0,LYSOFORTE DRY,30,100.0,0.9,0.9201388,Production Recipes
Server2,075CB3BC-4D87-4FFA-A0B4-8F7B02559887,9EB5AAF9-4EC2-4BC1-B78F-A2C697BCE705,4,BROILER STARTER604 2,BROILER STARTER,2026-07-23 00:59:37.910,2026-07-23 01:53:15.527,2026-07-23 01:54:19.020,4500.0,Maize,100,100.0,2688.75,2681.568,Production Recipes
Server2,075CB3BC-4D87-4FFA-A0B4-8F7B02559887,9EB5AAF9-4EC2-4BC1-B78F-A2C697BCE705,4,BROILER STARTER604 2,BROILER STARTER,2026-07-23 00:59:37.910,2026-07-23 01:53:15.527,2026-07-23 01:54:19.020,4500.0,Methionine,12,100.0,13.95,14.03356,Production Recipes
Server2,075CB3BC-4D87-4FFA-A0B4-8F7B02559887,9EB5AAF9-4EC2-4BC1-B78F-A2C697BCE705,4,BROILER STARTER604 2,BROILER STARTER,2026-07-23 00:59:37.910,2026-07-23 01:53:15.527,2026-07-23 01:54:19.020,4500.0,Monocalcium Phos,204,100.0,42.03,42.24537,Production Recipes
Server2,075CB3BC-4D87-4FFA-A0B4-8F7B02559887,9EB5AAF9-4EC2-4BC1-B78F-A2C697BCE705,4,BROILER STARTER604 2,BROILER STARTER,2026-07-23 00:59:37.910,2026-07-23 01:53:15.527,2026-07-23 01:54:19.020,4500.0,NOVELA ECL,6,100.0,0.45,0.5396412,Production Recipes
Server2,075CB3BC-4D87-4FFA-A0B4-8F7B02559887,9EB5AAF9-4EC2-4BC1-B78F-A2C697BCE705,4,BROILER STARTER604 2,BROILER STARTER,2026-07-23 00:59:37.910,2026-07-23 01:53:15.527,2026-07-23 01:54:19.020,4500.0,Provi Oxi Stop,21,100.0,0.45,1.019965,Production Recipes
Server2,075CB3BC-4D87-4FFA-A0B4-8F7B02559887,9EB5AAF9-4EC2-4BC1-B78F-A2C697BCE705,4,BROILER STARTER604 2,BROILER STARTER,2026-07-23 00:59:37.910,2026-07-23 01:53:15.527,2026-07-23 01:54:19.020,4500.0,Rovabio P10,176,100.0,2.25,3.478009,Production Recipes
Server2,075CB3BC-4D87-4FFA-A0B4-8F7B02559887,9EB5AAF9-4EC2-4BC1-B78F-A2C697BCE705,4,BROILER STARTER604 2,BROILER STARTER,2026-07-23 00:59:37.910,2026-07-23 01:53:15.527,2026-07-23 01:54:19.020,4500.0,Sacox (500g),91,100.0,2.25,3.107639,Production Recipes
Server2,075CB3BC-4D87-4FFA-A0B4-8F7B02559887,9EB5AAF9-4EC2-4BC1-B78F-A2C697BCE705,4,BROILER STARTER604 2,BROILER STARTER,2026-07-23 00:59:37.910,2026-07-23 01:53:15.527,2026-07-23 01:54:19.020,4500.0,Salt,202,100.0,12.105,12.0081,Production Recipes
Server2,075CB3BC-4D87-4FFA-A0B4-8F7B02559887,9EB5AAF9-4EC2-4BC1-B78F-A2C697BCE705,4,BROILER STARTER604 2,BROILER STARTER,2026-07-23 00:59:37.910,2026-07-23 01:53:15.527,2026-07-23 01:54:19.020,4500.0,SOLIS,124,100.0,6.75,7.089119,Production Recipes
Server2,075CB3BC-4D87-4FFA-A0B4-8F7B02559887,9EB5AAF9-4EC2-4BC1-B78F-A2C697BCE705,4,BROILER STARTER604 2,BROILER STARTER,2026-07-23 00:59:37.910,2026-07-23 01:53:15.527,2026-07-23 01:54:19.020,4500.0,SOUDIOM Bicarbon,35,100.0,9.81,9.982643,Production Recipes
Server2,075CB3BC-4D87-4FFA-A0B4-8F7B02559887,9EB5AAF9-4EC2-4BC1-B78F-A2C697BCE705,4,BROILER STARTER604 2,BROILER STARTER,2026-07-23 00:59:37.910,2026-07-23 01:53:15.527,2026-07-23 01:54:19.020,4500.0,SOYA-,105,100.0,1755.0,1741.667,Production Recipes
Server2,075CB3BC-4D87-4FFA-A0B4-8F7B02559887,9EB5AAF9-4EC2-4BC1-B78F-A2C697BCE705,4,BROILER STARTER604 2,BROILER STARTER,2026-07-23 00:59:37.910,2026-07-23 01:53:15.527,2026-07-23 01:54:19.020,4500.0,Soya Oil,210,100.0,14.58,15.0,Production Recipes
Server2,075CB3BC-4D87-4FFA-A0B4-8F7B02559887,9EB5AAF9-4EC2-4BC1-B78F-A2C697BCE705,4,BROILER STARTER604 2,BROILER STARTER,2026-07-23 00:59:37.910,2026-07-23 01:53:15.527,2026-07-23 01:54:19.020,4500.0,TermiN-8,33,100.0,6.75,0.0,Production Recipes
Server2,EE5FAC6F-32D6-414E-AB53-9E83BC798C3D,9EB5AAF9-4EC2-4BC1-B78F-A2C697BCE705,4,BROILER STARTER604 1,BROILER STARTER,2026-07-23 00:59:35.943,2026-07-23 01:49:02.827,2026-07-23 01:50:07.140,4500.0,BETAIN HCL,142,100.0,2.25,2.881945,Production Recipes
Server2,EE5FAC6F-32D6-414E-AB53-9E83BC798C3D,9EB5AAF9-4EC2-4BC1-B78F-A2C697BCE705,4,BROILER STARTER604 1,BROILER STARTER,2026-07-23 00:59:35.943,2026-07-23 01:49:02.827,2026-07-23 01:50:07.140,4500.0,BIOSTRONG 510,140,100.0,0.675,0.7899306,Production Recipes
Server2,EE5FAC6F-32D6-414E-AB53-9E83BC798C3D,9EB5AAF9-4EC2-4BC1-B78F-A2C697BCE705,4,BROILER STARTER604 1,BROILER STARTER,2026-07-23 00:59:35.943,2026-07-23 01:49:02.827,2026-07-23 01:50:07.140,4500.0,Broiler Mineral Mix,31,100.0,4.5,5.627893,Production Recipes
Server2,EE5FAC6F-32D6-414E-AB53-9E83BC798C3D,9EB5AAF9-4EC2-4BC1-B78F-A2C697BCE705,4,BROILER STARTER604 1,BROILER STARTER,2026-07-23 00:59:35.943,2026-07-23 01:49:02.827,2026-07-23 01:50:07.140,4500.0,KENZYME PRO,77,100.0,2.7,3.067129,Production Recipes
Server2,EE5FAC6F-32D6-414E-AB53-9E83BC798C3D,9EB5AAF9-4EC2-4BC1-B78F-A2C697BCE705,4,BROILER STARTER604 1,BROILER STARTER,2026-07-23 00:59:35.943,2026-07-23 01:49:02.827,2026-07-23 01:50:07.140,4500.0,Limestone,113,100.0,65.07,61.5741,Production Recipes
Server2,EE5FAC6F-32D6-414E-AB53-9E83BC798C3D,9EB5AAF9-4EC2-4BC1-B78F-A2C697BCE705,4,BROILER STARTER604 1,BROILER STARTER,2026-07-23 00:59:35.943,2026-07-23 01:49:02.827,2026-07-23 01:50:07.140,4500.0,LYSOFORTE DRY,30,100.0,0.9,0.8405672,Production Recipes
Server2,EE5FAC6F-32D6-414E-AB53-9E83BC798C3D,9EB5AAF9-4EC2-4BC1-B78F-A2C697BCE705,4,BROILER STARTER604 1,BROILER STARTER,2026-07-23 00:59:35.943,2026-07-23 01:49:02.827,2026-07-23 01:50:07.140,4500.0,Maize,100,100.0,2688.75,2683.16,Production Recipes
Server2,EE5FAC6F-32D6-414E-AB53-9E83BC798C3D,9EB5AAF9-4EC2-4BC1-B78F-A2C697BCE705,4,BROILER STARTER604 1,BROILER STARTER,2026-07-23 00:59:35.943,2026-07-23 01:49:02.827,2026-07-23 01:50:07.140,4500.0,Methionine,12,100.0,13.95,14.03356,Production Recipes
Server2,EE5FAC6F-32D6-414E-AB53-9E83BC798C3D,9EB5AAF9-4EC2-4BC1-B78F-A2C697BCE705,4,BROILER STARTER604 1,BROILER STARTER,2026-07-23 00:59:35.943,2026-07-23 01:49:02.827,2026-07-23 01:50:07.140,4500.0,Monocalcium Phos,204,100.0,42.03,42.1007,Production Recipes
Server2,EE5FAC6F-32D6-414E-AB53-9E83BC798C3D,9EB5AAF9-4EC2-4BC1-B78F-A2C697BCE705,4,BROILER STARTER604 1,BROILER STARTER,2026-07-23 00:59:35.943,2026-07-23 01:49:02.827,2026-07-23 01:50:07.140,4500.0,NOVELA ECL,6,100.0,0.45,0.4904514,Production Recipes
Server2,EE5FAC6F-32D6-414E-AB53-9E83BC798C3D,9EB5AAF9-4EC2-4BC1-B78F-A2C697BCE705,4,BROILER STARTER604 1,BROILER STARTER,2026-07-23 00:59:35.943,2026-07-23 01:49:02.827,2026-07-23 01:50:07.140,4500.0,Provi Oxi Stop,21,100.0,0.45,0.9809029,Production Recipes
Server2,EE5FAC6F-32D6-414E-AB53-9E83BC798C3D,9EB5AAF9-4EC2-4BC1-B78F-A2C697BCE705,4,BROILER STARTER604 1,BROILER STARTER,2026-07-23 00:59:35.943,2026-07-23 01:49:02.827,2026-07-23 01:50:07.140,4500.0,Rovabio P10,176,100.0,2.25,3.275463,Production Recipes
Server2,EE5FAC6F-32D6-414E-AB53-9E83BC798C3D,9EB5AAF9-4EC2-4BC1-B78F-A2C697BCE705,4,BROILER STARTER604 1,BROILER STARTER,2026-07-23 00:59:35.943,2026-07-23 01:49:02.827,2026-07-23 01:50:07.140,4500.0,Sacox (500g),91,100.0,2.25,3.101852,Production Recipes
Server2,EE5FAC6F-32D6-414E-AB53-9E83BC798C3D,9EB5AAF9-4EC2-4BC1-B78F-A2C697BCE705,4,BROILER STARTER604 1,BROILER STARTER,2026-07-23 00:59:35.943,2026-07-23 01:49:02.827,2026-07-23 01:50:07.140,4500.0,Salt,202,100.0,12.105,18.08449,Production Recipes
Server2,EE5FAC6F-32D6-414E-AB53-9E83BC798C3D,9EB5AAF9-4EC2-4BC1-B78F-A2C697BCE705,4,BROILER STARTER604 1,BROILER STARTER,2026-07-23 00:59:35.943,2026-07-23 01:49:02.827,2026-07-23 01:50:07.140,4500.0,SOLIS,124,100.0,6.75,7.190392,Production Recipes
Server2,EE5FAC6F-32D6-414E-AB53-9E83BC798C3D,9EB5AAF9-4EC2-4BC1-B78F-A2C697BCE705,4,BROILER STARTER604 1,BROILER STARTER,2026-07-23 00:59:35.943,2026-07-23 01:49:02.827,2026-07-23 01:50:07.140,4500.0,SOUDIOM Bicarbon,35,100.0,9.81,10.12731,Production Recipes
Server2,EE5FAC6F-32D6-414E-AB53-9E83BC798C3D,9EB5AAF9-4EC2-4BC1-B78F-A2C697BCE705,4,BROILER STARTER604 1,BROILER STARTER,2026-07-23 00:59:35.943,2026-07-23 01:49:02.827,2026-07-23 01:50:07.140,4500.0,SOYA-,105,100.0,1755.0,1740.017,Production Recipes
Server2,EE5FAC6F-32D6-414E-AB53-9E83BC798C3D,9EB5AAF9-4EC2-4BC1-B78F-A2C697BCE705,4,BROILER STARTER604 1,BROILER STARTER,2026-07-23 00:59:35.943,2026-07-23 01:49:02.827,2026-07-23 01:50:07.140,4500.0,Soya Oil,210,100.0,14.58,15.0,Production Recipes
Server2,EE5FAC6F-32D6-414E-AB53-9E83BC798C3D,9EB5AAF9-4EC2-4BC1-B78F-A2C697BCE705,4,BROILER STARTER604 1,BROILER STARTER,2026-07-23 00:59:35.943,2026-07-23 01:49:02.827,2026-07-23 01:50:07.140,4500.0,TermiN-8,33,100.0,6.75,0.0,Production Recipes
Server2,783829ED-FEF0-4541-BC2F-4144253EFD46,9EB5AAF9-4EC2-4BC1-B78F-A2C697BCE705,4,BROILER GROWER601 4,BROILER GROWER,2026-07-23 00:38:04.473,2026-07-23 01:42:31.173,2026-07-23 01:43:35.483,4500.0,BETAIN HCL,142,100.0,2.25,2.505788,Production Recipes
Server2,783829ED-FEF0-4541-BC2F-4144253EFD46,9EB5AAF9-4EC2-4BC1-B78F-A2C697BCE705,4,BROILER GROWER601 4,BROILER GROWER,2026-07-23 00:38:04.473,2026-07-23 01:42:31.173,2026-07-23 01:43:35.483,4500.0,BIOSTRONG 510,140,100.0,0.675,0.7913774,Production Recipes
Server2,783829ED-FEF0-4541-BC2F-4144253EFD46,9EB5AAF9-4EC2-4BC1-B78F-A2C697BCE705,4,BROILER GROWER601 4,BROILER GROWER,2026-07-23 00:38:04.473,2026-07-23 01:42:31.173,2026-07-23 01:43:35.483,4500.0,Broiler Mineral Mix,31,100.0,4.05,4.861111,Production Recipes
Server2,783829ED-FEF0-4541-BC2F-4144253EFD46,9EB5AAF9-4EC2-4BC1-B78F-A2C697BCE705,4,BROILER GROWER601 4,BROILER GROWER,2026-07-23 00:38:04.473,2026-07-23 01:42:31.173,2026-07-23 01:43:35.483,4500.0,Broiler Starter PX,69,100.0,4.05,4.751158,Production Recipes
Server2,783829ED-FEF0-4541-BC2F-4144253EFD46,9EB5AAF9-4EC2-4BC1-B78F-A2C697BCE705,4,BROILER GROWER601 4,BROILER GROWER,2026-07-23 00:38:04.473,2026-07-23 01:42:31.173,2026-07-23 01:43:35.483,4500.0,Choline Chloride 60%,26,100.0,2.7,2.899305,Production Recipes
Server2,783829ED-FEF0-4541-BC2F-4144253EFD46,9EB5AAF9-4EC2-4BC1-B78F-A2C697BCE705,4,BROILER GROWER601 4,BROILER GROWER,2026-07-23 00:38:04.473,2026-07-23 01:42:31.173,2026-07-23 01:43:35.483,4500.0,KENZYME PRO,77,100.0,2.7,3.110532,Production Recipes
Server2,783829ED-FEF0-4541-BC2F-4144253EFD46,9EB5AAF9-4EC2-4BC1-B78F-A2C697BCE705,4,BROILER GROWER601 4,BROILER GROWER,2026-07-23 00:38:04.473,2026-07-23 01:42:31.173,2026-07-23 01:43:35.483,4500.0,Limestone,113,100.0,55.485,56.07642,Production Recipes
Server2,783829ED-FEF0-4541-BC2F-4144253EFD46,9EB5AAF9-4EC2-4BC1-B78F-A2C697BCE705,4,BROILER GROWER601 4,BROILER GROWER,2026-07-23 00:38:04.473,2026-07-23 01:42:31.173,2026-07-23 01:43:35.483,4500.0,LYSOFORTE DRY,30,100.0,0.9,1.3614,Production Recipes
Server2,783829ED-FEF0-4541-BC2F-4144253EFD46,9EB5AAF9-4EC2-4BC1-B78F-A2C697BCE705,4,BROILER GROWER601 4,BROILER GROWER,2026-07-23 00:38:04.473,2026-07-23 01:42:31.173,2026-07-23 01:43:35.483,4500.0,Maize,100,100.0,2679.705,2684.751,Production Recipes
Server2,783829ED-FEF0-4541-BC2F-4144253EFD46,9EB5AAF9-4EC2-4BC1-B78F-A2C697BCE705,4,BROILER GROWER601 4,BROILER GROWER,2026-07-23 00:38:04.473,2026-07-23 01:42:31.173,2026-07-23 01:43:35.483,4500.0,Methionine,12,100.0,10.62,10.99537,Production Recipes
Server2,783829ED-FEF0-4541-BC2F-4144253EFD46,9EB5AAF9-4EC2-4BC1-B78F-A2C697BCE705,4,BROILER GROWER601 4,BROILER GROWER,2026-07-23 00:38:04.473,2026-07-23 01:42:31.173,2026-07-23 01:43:35.483,4500.0,Monocalcium Phos,204,100.0,38.745,39.0625,Production Recipes
Server2,783829ED-FEF0-4541-BC2F-4144253EFD46,9EB5AAF9-4EC2-4BC1-B78F-A2C697BCE705,4,BROILER GROWER601 4,BROILER GROWER,2026-07-23 00:38:04.473,2026-07-23 01:42:31.173,2026-07-23 01:43:35.483,4500.0,NOVELA ECL,6,100.0,0.45,0.529514,Production Recipes
Server2,783829ED-FEF0-4541-BC2F-4144253EFD46,9EB5AAF9-4EC2-4BC1-B78F-A2C697BCE705,4,BROILER GROWER601 4,BROILER GROWER,2026-07-23 00:38:04.473,2026-07-23 01:42:31.173,2026-07-23 01:43:35.483,4500.0,Provi Oxi Stop,21,100.0,0.45,0.9403937,Production Recipes
Server2,783829ED-FEF0-4541-BC2F-4144253EFD46,9EB5AAF9-4EC2-4BC1-B78F-A2C697BCE705,4,BROILER GROWER601 4,BROILER GROWER,2026-07-23 00:38:04.473,2026-07-23 01:42:31.173,2026-07-23 01:43:35.483,4500.0,Rovabio P10,176,100.0,2.25,3.015046,Production Recipes
Server2,783829ED-FEF0-4541-BC2F-4144253EFD46,9EB5AAF9-4EC2-4BC1-B78F-A2C697BCE705,4,BROILER GROWER601 4,BROILER GROWER,2026-07-23 00:38:04.473,2026-07-23 01:42:31.173,2026-07-23 01:43:35.483,4500.0,Sacox (500g),91,100.0,2.25,2.997685,Production Recipes
Server2,783829ED-FEF0-4541-BC2F-4144253EFD46,9EB5AAF9-4EC2-4BC1-B78F-A2C697BCE705,4,BROILER GROWER601 4,BROILER GROWER,2026-07-23 00:38:04.473,2026-07-23 01:42:31.173,2026-07-23 01:43:35.483,4500.0,Salt,202,100.0,12.96,13.16551,Production Recipes
Server2,783829ED-FEF0-4541-BC2F-4144253EFD46,9EB5AAF9-4EC2-4BC1-B78F-A2C697BCE705,4,BROILER GROWER601 4,BROILER GROWER,2026-07-23 00:38:04.473,2026-07-23 01:42:31.173,2026-07-23 01:43:35.483,4500.0,SOLIS,124,100.0,6.75,7.306135,Production Recipes
Server2,783829ED-FEF0-4541-BC2F-4144253EFD46,9EB5AAF9-4EC2-4BC1-B78F-A2C697BCE705,4,BROILER GROWER601 4,BROILER GROWER,2026-07-23 00:38:04.473,2026-07-23 01:42:31.173,2026-07-23 01:43:35.483,4500.0,SOUDIOM Bicarbon,35,100.0,8.955,9.114586,Production Recipes
Server2,783829ED-FEF0-4541-BC2F-4144253EFD46,9EB5AAF9-4EC2-4BC1-B78F-A2C697BCE705,4,BROILER GROWER601 4,BROILER GROWER,2026-07-23 00:38:04.473,2026-07-23 01:42:31.173,2026-07-23 01:43:35.483,4500.0,SOYA-,105,100.0,1619.145,1605.874,Production Recipes
Server2,783829ED-FEF0-4541-BC2F-4144253EFD46,9EB5AAF9-4EC2-4BC1-B78F-A2C697BCE705,4,BROILER GROWER601 4,BROILER GROWER,2026-07-23 00:38:04.473,2026-07-23 01:42:31.173,2026-07-23 01:43:35.483,4500.0,Soya Oil,210,100.0,37.35,37.75,Production Recipes
Server2,783829ED-FEF0-4541-BC2F-4144253EFD46,9EB5AAF9-4EC2-4BC1-B78F-A2C697BCE705,4,BROILER GROWER601 4,BROILER GROWER,2026-07-23 00:38:04.473,2026-07-23 01:42:31.173,2026-07-23 01:43:35.483,4500.0,TermiN-8,33,100.0,6.75,0.0,Production Recipes
Server2,FAC0CF51-262E-4C50-96B2-B56D017E215C,9EB5AAF9-4EC2-4BC1-B78F-A2C697BCE705,4,BROILER GROWER601 3,BROILER GROWER,2026-07-23 00:38:02.497,2026-07-23 01:37:32.030,2026-07-23 01:38:36.337,4500.0,BETAIN HCL,142,100.0,2.25,2.465278,Production Recipes
Server2,FAC0CF51-262E-4C50-96B2-B56D017E215C,9EB5AAF9-4EC2-4BC1-B78F-A2C697BCE705,4,BROILER GROWER601 3,BROILER GROWER,2026-07-23 00:38:02.497,2026-07-23 01:37:32.030,2026-07-23 01:38:36.337,4500.0,BIOSTRONG 510,140,100.0,0.675,0.78125,Production Recipes
Server2,FAC0CF51-262E-4C50-96B2-B56D017E215C,9EB5AAF9-4EC2-4BC1-B78F-A2C697BCE705,4,BROILER GROWER601 3,BROILER GROWER,2026-07-23 00:38:02.497,2026-07-23 01:37:32.030,2026-07-23 01:38:36.337,4500.0,Broiler Mineral Mix,31,100.0,4.05,5.642361,Production Recipes
Server2,FAC0CF51-262E-4C50-96B2-B56D017E215C,9EB5AAF9-4EC2-4BC1-B78F-A2C697BCE705,4,BROILER GROWER601 3,BROILER GROWER,2026-07-23 00:38:02.497,2026-07-23 01:37:32.030,2026-07-23 01:38:36.337,4500.0,Broiler Starter PX,69,100.0,4.05,6.689815,Production Recipes
Server2,FAC0CF51-262E-4C50-96B2-B56D017E215C,9EB5AAF9-4EC2-4BC1-B78F-A2C697BCE705,4,BROILER GROWER601 3,BROILER GROWER,2026-07-23 00:38:02.497,2026-07-23 01:37:32.030,2026-07-23 01:38:36.337,4500.0,Choline Chloride 60%,26,100.0,2.7,2.465278,Production Recipes
Server2,FAC0CF51-262E-4C50-96B2-B56D017E215C,9EB5AAF9-4EC2-4BC1-B78F-A2C697BCE705,4,BROILER GROWER601 3,BROILER GROWER,2026-07-23 00:38:02.497,2026-07-23 01:37:32.030,2026-07-23 01:38:36.337,4500.0,KENZYME PRO,77,100.0,2.7,3.443287,Production Recipes
Server2,FAC0CF51-262E-4C50-96B2-B56D017E215C,9EB5AAF9-4EC2-4BC1-B78F-A2C697BCE705,4,BROILER GROWER601 3,BROILER GROWER,2026-07-23 00:38:02.497,2026-07-23 01:37:32.030,2026-07-23 01:38:36.337,4500.0,Limestone,113,100.0,55.485,68.17126,Production Recipes
Server2,FAC0CF51-262E-4C50-96B2-B56D017E215C,9EB5AAF9-4EC2-4BC1-B78F-A2C697BCE705,4,BROILER GROWER601 3,BROILER GROWER,2026-07-23 00:38:02.497,2026-07-23 01:37:32.030,2026-07-23 01:38:36.337,4500.0,LYSOFORTE DRY,30,100.0,0.9,1.331019,Production Recipes
Server2,FAC0CF51-262E-4C50-96B2-B56D017E215C,9EB5AAF9-4EC2-4BC1-B78F-A2C697BCE705,4,BROILER GROWER601 3,BROILER GROWER,2026-07-23 00:38:02.497,2026-07-23 01:37:32.030,2026-07-23 01:38:36.337,4500.0,Maize,100,100.0,2679.705,2683.16,Production Recipes
Server2,FAC0CF51-262E-4C50-96B2-B56D017E215C,9EB5AAF9-4EC2-4BC1-B78F-A2C697BCE705,4,BROILER GROWER601 3,BROILER GROWER,2026-07-23 00:38:02.497,2026-07-23 01:37:32.030,2026-07-23 01:38:36.337,4500.0,Methionine,12,100.0,10.62,10.99537,Production Recipes
Server2,FAC0CF51-262E-4C50-96B2-B56D017E215C,9EB5AAF9-4EC2-4BC1-B78F-A2C697BCE705,4,BROILER GROWER601 3,BROILER GROWER,2026-07-23 00:38:02.497,2026-07-23 01:37:32.030,2026-07-23 01:38:36.337,4500.0,Monocalcium Phos,204,100.0,38.745,39.20717,Production Recipes
Server2,FAC0CF51-262E-4C50-96B2-B56D017E215C,9EB5AAF9-4EC2-4BC1-B78F-A2C697BCE705,4,BROILER GROWER601 3,BROILER GROWER,2026-07-23 00:38:02.497,2026-07-23 01:37:32.030,2026-07-23 01:38:36.337,4500.0,NOVELA ECL,6,100.0,0.45,0.5208334,Production Recipes
Server2,FAC0CF51-262E-4C50-96B2-B56D017E215C,9EB5AAF9-4EC2-4BC1-B78F-A2C697BCE705,4,BROILER GROWER601 3,BROILER GROWER,2026-07-23 00:38:02.497,2026-07-23 01:37:32.030,2026-07-23 01:38:36.337,4500.0,Provi Oxi Stop,21,100.0,0.45,1.280382,Production Recipes
Server2,FAC0CF51-262E-4C50-96B2-B56D017E215C,9EB5AAF9-4EC2-4BC1-B78F-A2C697BCE705,4,BROILER GROWER601 3,BROILER GROWER,2026-07-23 00:38:02.497,2026-07-23 01:37:32.030,2026-07-23 01:38:36.337,4500.0,Rovabio P10,176,100.0,2.25,2.268518,Production Recipes
Server2,FAC0CF51-262E-4C50-96B2-B56D017E215C,9EB5AAF9-4EC2-4BC1-B78F-A2C697BCE705,4,BROILER GROWER601 3,BROILER GROWER,2026-07-23 00:38:02.497,2026-07-23 01:37:32.030,2026-07-23 01:38:36.337,4500.0,Sacox (500g),91,100.0,2.25,3.767362,Production Recipes
Server2,FAC0CF51-262E-4C50-96B2-B56D017E215C,9EB5AAF9-4EC2-4BC1-B78F-A2C697BCE705,4,BROILER GROWER601 3,BROILER GROWER,2026-07-23 00:38:02.497,2026-07-23 01:37:32.030,2026-07-23 01:38:36.337,4500.0,Salt,202,100.0,12.96,14.17824,Production Recipes
Server2,FAC0CF51-262E-4C50-96B2-B56D017E215C,9EB5AAF9-4EC2-4BC1-B78F-A2C697BCE705,4,BROILER GROWER601 3,BROILER GROWER,2026-07-23 00:38:02.497,2026-07-23 01:37:32.030,2026-07-23 01:38:36.337,4500.0,SOLIS,124,100.0,6.75,7.03125,Production Recipes
Server2,FAC0CF51-262E-4C50-96B2-B56D017E215C,9EB5AAF9-4EC2-4BC1-B78F-A2C697BCE705,4,BROILER GROWER601 3,BROILER GROWER,2026-07-23 00:38:02.497,2026-07-23 01:37:32.030,2026-07-23 01:38:36.337,4500.0,SOUDIOM Bicarbon,35,100.0,8.955,9.114586,Production Recipes
Server2,FAC0CF51-262E-4C50-96B2-B56D017E215C,9EB5AAF9-4EC2-4BC1-B78F-A2C697BCE705,4,BROILER GROWER601 3,BROILER GROWER,2026-07-23 00:38:02.497,2026-07-23 01:37:32.030,2026-07-23 01:38:36.337,4500.0,SOYA-,105,100.0,1619.145,1606.424,Production Recipes
Server2,FAC0CF51-262E-4C50-96B2-B56D017E215C,9EB5AAF9-4EC2-4BC1-B78F-A2C697BCE705,4,BROILER GROWER601 3,BROILER GROWER,2026-07-23 00:38:02.497,2026-07-23 01:37:32.030,2026-07-23 01:38:36.337,4500.0,Soya Oil,210,100.0,37.35,37.75,Production Recipes
Server2,FAC0CF51-262E-4C50-96B2-B56D017E215C,9EB5AAF9-4EC2-4BC1-B78F-A2C697BCE705,4,BROILER GROWER601 3,BROILER GROWER,2026-07-23 00:38:02.497,2026-07-23 01:37:32.030,2026-07-23 01:38:36.337,4500.0,TermiN-8,33,100.0,6.75,0.0,Production Recipes
Server2,18EC7E74-156F-4F66-A790-E22AD5026CD9,9EB5AAF9-4EC2-4BC1-B78F-A2C697BCE705,4,BROILER GROWER601 2,BROILER GROWER,2026-07-23 00:37:56.427,2026-07-23 01:32:33.197,2026-07-23 01:33:37.490,4500.0,BETAIN HCL,142,100.0,2.25,2.436342,Production Recipes
Server2,18EC7E74-156F-4F66-A790-E22AD5026CD9,9EB5AAF9-4EC2-4BC1-B78F-A2C697BCE705,4,BROILER GROWER601 2,BROILER GROWER,2026-07-23 00:37:56.427,2026-07-23 01:32:33.197,2026-07-23 01:33:37.490,4500.0,BIOSTRONG 510,140,100.0,0.675,0.7913773,Production Recipes
Server2,18EC7E74-156F-4F66-A790-E22AD5026CD9,9EB5AAF9-4EC2-4BC1-B78F-A2C697BCE705,4,BROILER GROWER601 2,BROILER GROWER,2026-07-23 00:37:56.427,2026-07-23 01:32:33.197,2026-07-23 01:33:37.490,4500.0,Broiler Mineral Mix,31,100.0,4.05,5.94618,Production Recipes
Server2,18EC7E74-156F-4F66-A790-E22AD5026CD9,9EB5AAF9-4EC2-4BC1-B78F-A2C697BCE705,4,BROILER GROWER601 2,BROILER GROWER,2026-07-23 00:37:56.427,2026-07-23 01:32:33.197,2026-07-23 01:33:37.490,4500.0,Broiler Starter PX,69,100.0,4.05,6.180556,Production Recipes
Server2,18EC7E74-156F-4F66-A790-E22AD5026CD9,9EB5AAF9-4EC2-4BC1-B78F-A2C697BCE705,4,BROILER GROWER601 2,BROILER GROWER,2026-07-23 00:37:56.427,2026-07-23 01:32:33.197,2026-07-23 01:33:37.490,4500.0,Choline Chloride 60%,26,100.0,2.7,3.038195,Production Recipes
Server2,18EC7E74-156F-4F66-A790-E22AD5026CD9,9EB5AAF9-4EC2-4BC1-B78F-A2C697BCE705,4,BROILER GROWER601 2,BROILER GROWER,2026-07-23 00:37:56.427,2026-07-23 01:32:33.197,2026-07-23 01:33:37.490,4500.0,KENZYME PRO,77,100.0,2.7,2.994792,Production Recipes
Server2,18EC7E74-156F-4F66-A790-E22AD5026CD9,9EB5AAF9-4EC2-4BC1-B78F-A2C697BCE705,4,BROILER GROWER601 2,BROILER GROWER,2026-07-23 00:37:56.427,2026-07-23 01:32:33.197,2026-07-23 01:33:37.490,4500.0,Limestone,113,100.0,55.485,67.62158,Production Recipes
Server2,18EC7E74-156F-4F66-A790-E22AD5026CD9,9EB5AAF9-4EC2-4BC1-B78F-A2C697BCE705,4,BROILER GROWER601 2,BROILER GROWER,2026-07-23 00:37:56.427,2026-07-23 01:32:33.197,2026-07-23 01:33:37.490,4500.0,LYSOFORTE DRY,30,100.0,0.9,0.8695023,Production Recipes
Server2,18EC7E74-156F-4F66-A790-E22AD5026CD9,9EB5AAF9-4EC2-4BC1-B78F-A2C697BCE705,4,BROILER GROWER601 2,BROILER GROWER,2026-07-23 00:37:56.427,2026-07-23 01:32:33.197,2026-07-23 01:33:37.490,4500.0,Maize,100,100.0,2679.705,2684.751,Production Recipes
Server2,18EC7E74-156F-4F66-A790-E22AD5026CD9,9EB5AAF9-4EC2-4BC1-B78F-A2C697BCE705,4,BROILER GROWER601 2,BROILER GROWER,2026-07-23 00:37:56.427,2026-07-23 01:32:33.197,2026-07-23 01:33:37.490,4500.0,Methionine,12,100.0,10.62,9.982639,Production Recipes
Server2,18EC7E74-156F-4F66-A790-E22AD5026CD9,9EB5AAF9-4EC2-4BC1-B78F-A2C697BCE705,4,BROILER GROWER601 2,BROILER GROWER,2026-07-23 00:37:56.427,2026-07-23 01:32:33.197,2026-07-23 01:33:37.490,4500.0,Monocalcium Phos,204,100.0,38.745,39.0625,Production Recipes
Server2,18EC7E74-156F-4F66-A790-E22AD5026CD9,9EB5AAF9-4EC2-4BC1-B78F-A2C697BCE705,4,BROILER GROWER601 2,BROILER GROWER,2026-07-23 00:37:56.427,2026-07-23 01:32:33.197,2026-07-23 01:33:37.490,4500.0,NOVELA ECL,6,100.0,0.45,0.529514,Production Recipes
Server2,18EC7E74-156F-4F66-A790-E22AD5026CD9,9EB5AAF9-4EC2-4BC1-B78F-A2C697BCE705,4,BROILER GROWER601 2,BROILER GROWER,2026-07-23 00:37:56.427,2026-07-23 01:32:33.197,2026-07-23 01:33:37.490,4500.0,Provi Oxi Stop,21,100.0,0.45,0.9823496,Production Recipes
Server2,18EC7E74-156F-4F66-A790-E22AD5026CD9,9EB5AAF9-4EC2-4BC1-B78F-A2C697BCE705,4,BROILER GROWER601 2,BROILER GROWER,2026-07-23 00:37:56.427,2026-07-23 01:32:33.197,2026-07-23 01:33:37.490,4500.0,Rovabio P10,176,100.0,2.25,2.818287,Production Recipes
Server2,18EC7E74-156F-4F66-A790-E22AD5026CD9,9EB5AAF9-4EC2-4BC1-B78F-A2C697BCE705,4,BROILER GROWER601 2,BROILER GROWER,2026-07-23 00:37:56.427,2026-07-23 01:32:33.197,2026-07-23 01:33:37.490,4500.0,Sacox (500g),91,100.0,2.25,3.182871,Production Recipes
Server2,18EC7E74-156F-4F66-A790-E22AD5026CD9,9EB5AAF9-4EC2-4BC1-B78F-A2C697BCE705,4,BROILER GROWER601 2,BROILER GROWER,2026-07-23 00:37:56.427,2026-07-23 01:32:33.197,2026-07-23 01:33:37.490,4500.0,Salt,202,100.0,12.96,14.17824,Production Recipes
Server2,18EC7E74-156F-4F66-A790-E22AD5026CD9,9EB5AAF9-4EC2-4BC1-B78F-A2C697BCE705,4,BROILER GROWER601 2,BROILER GROWER,2026-07-23 00:37:56.427,2026-07-23 01:32:33.197,2026-07-23 01:33:37.490,4500.0,SOLIS,124,100.0,6.75,13.38252,Production Recipes
Server2,18EC7E74-156F-4F66-A790-E22AD5026CD9,9EB5AAF9-4EC2-4BC1-B78F-A2C697BCE705,4,BROILER GROWER601 2,BROILER GROWER,2026-07-23 00:37:56.427,2026-07-23 01:32:33.197,2026-07-23 01:33:37.490,4500.0,SOUDIOM Bicarbon,35,100.0,8.955,9.114586,Production Recipes
Server2,18EC7E74-156F-4F66-A790-E22AD5026CD9,9EB5AAF9-4EC2-4BC1-B78F-A2C697BCE705,4,BROILER GROWER601 2,BROILER GROWER,2026-07-23 00:37:56.427,2026-07-23 01:32:33.197,2026-07-23 01:33:37.490,4500.0,SOYA-,105,100.0,1619.145,1616.869,Production Recipes
Server2,18EC7E74-156F-4F66-A790-E22AD5026CD9,9EB5AAF9-4EC2-4BC1-B78F-A2C697BCE705,4,BROILER GROWER601 2,BROILER GROWER,2026-07-23 00:37:56.427,2026-07-23 01:32:33.197,2026-07-23 01:33:37.490,4500.0,Soya Oil,210,100.0,37.35,37.75,Production Recipes
Server2,18EC7E74-156F-4F66-A790-E22AD5026CD9,9EB5AAF9-4EC2-4BC1-B78F-A2C697BCE705,4,BROILER GROWER601 2,BROILER GROWER,2026-07-23 00:37:56.427,2026-07-23 01:32:33.197,2026-07-23 01:33:37.490,4500.0,TermiN-8,33,100.0,6.75,0.0,Production Recipes
Server2,7CBA36A1-FDD2-4477-86B1-01F1A3F040EE,9EB5AAF9-4EC2-4BC1-B78F-A2C697BCE705,4,BROILER GROWER601 1,BROILER GROWER,2026-07-23 00:37:54.460,2026-07-23 01:24:48.047,2026-07-23 01:25:52.373,4500.0,BETAIN HCL,142,100.0,2.25,3.385417,Production Recipes
Server2,7CBA36A1-FDD2-4477-86B1-01F1A3F040EE,9EB5AAF9-4EC2-4BC1-B78F-A2C697BCE705,4,BROILER GROWER601 1,BROILER GROWER,2026-07-23 00:37:54.460,2026-07-23 01:24:48.047,2026-07-23 01:25:52.373,4500.0,BIOSTRONG 510,140,100.0,0.675,0.78125,Production Recipes
Server2,7CBA36A1-FDD2-4477-86B1-01F1A3F040EE,9EB5AAF9-4EC2-4BC1-B78F-A2C697BCE705,4,BROILER GROWER601 1,BROILER GROWER,2026-07-23 00:37:54.460,2026-07-23 01:24:48.047,2026-07-23 01:25:52.373,4500.0,Broiler Mineral Mix,31,100.0,4.05,5.685764,Production Recipes
Server2,7CBA36A1-FDD2-4477-86B1-01F1A3F040EE,9EB5AAF9-4EC2-4BC1-B78F-A2C697BCE705,4,BROILER GROWER601 1,BROILER GROWER,2026-07-23 00:37:54.460,2026-07-23 01:24:48.047,2026-07-23 01:25:52.373,4500.0,Broiler Starter PX,69,100.0,4.05,5.590278,Production Recipes
Server2,7CBA36A1-FDD2-4477-86B1-01F1A3F040EE,9EB5AAF9-4EC2-4BC1-B78F-A2C697BCE705,4,BROILER GROWER601 1,BROILER GROWER,2026-07-23 00:37:54.460,2026-07-23 01:24:48.047,2026-07-23 01:25:52.373,4500.0,Choline Chloride 60%,26,100.0,2.7,3.188658,Production Recipes
Server2,7CBA36A1-FDD2-4477-86B1-01F1A3F040EE,9EB5AAF9-4EC2-4BC1-B78F-A2C697BCE705,4,BROILER GROWER601 1,BROILER GROWER,2026-07-23 00:37:54.460,2026-07-23 01:24:48.047,2026-07-23 01:25:52.373,4500.0,KENZYME PRO,77,100.0,2.7,3.240741,Production Recipes
Server2,7CBA36A1-FDD2-4477-86B1-01F1A3F040EE,9EB5AAF9-4EC2-4BC1-B78F-A2C697BCE705,4,BROILER GROWER601 1,BROILER GROWER,2026-07-23 00:37:54.460,2026-07-23 01:24:48.047,2026-07-23 01:25:52.373,4500.0,Limestone,113,100.0,55.485,66.52197,Production Recipes
Server2,7CBA36A1-FDD2-4477-86B1-01F1A3F040EE,9EB5AAF9-4EC2-4BC1-B78F-A2C697BCE705,4,BROILER GROWER601 1,BROILER GROWER,2026-07-23 00:37:54.460,2026-07-23 01:24:48.047,2026-07-23 01:25:52.373,4500.0,LYSOFORTE DRY,30,100.0,0.9,0.8391204,Production Recipes
Server2,7CBA36A1-FDD2-4477-86B1-01F1A3F040EE,9EB5AAF9-4EC2-4BC1-B78F-A2C697BCE705,4,BROILER GROWER601 1,BROILER GROWER,2026-07-23 00:37:54.460,2026-07-23 01:24:48.047,2026-07-23 01:25:52.373,4500.0,Maize,100,100.0,2679.705,2684.751,Production Recipes
Server2,7CBA36A1-FDD2-4477-86B1-01F1A3F040EE,9EB5AAF9-4EC2-4BC1-B78F-A2C697BCE705,4,BROILER GROWER601 1,BROILER GROWER,2026-07-23 00:37:54.460,2026-07-23 01:24:48.047,2026-07-23 01:25:52.373,4500.0,Methionine,12,100.0,10.62,10.99537,Production Recipes
Server2,7CBA36A1-FDD2-4477-86B1-01F1A3F040EE,9EB5AAF9-4EC2-4BC1-B78F-A2C697BCE705,4,BROILER GROWER601 1,BROILER GROWER,2026-07-23 00:37:54.460,2026-07-23 01:24:48.047,2026-07-23 01:25:52.373,4500.0,Monocalcium Phos,204,100.0,38.745,39.0625,Production Recipes
Server2,7CBA36A1-FDD2-4477-86B1-01F1A3F040EE,9EB5AAF9-4EC2-4BC1-B78F-A2C697BCE705,4,BROILER GROWER601 1,BROILER GROWER,2026-07-23 00:37:54.460,2026-07-23 01:24:48.047,2026-07-23 01:25:52.373,4500.0,NOVELA ECL,6,100.0,0.45,0.5598959,Production Recipes
Server2,7CBA36A1-FDD2-4477-86B1-01F1A3F040EE,9EB5AAF9-4EC2-4BC1-B78F-A2C697BCE705,4,BROILER GROWER601 1,BROILER GROWER,2026-07-23 00:37:54.460,2026-07-23 01:24:48.047,2026-07-23 01:25:52.373,4500.0,Provi Oxi Stop,21,100.0,0.45,0.9707756,Production Recipes
Server2,7CBA36A1-FDD2-4477-86B1-01F1A3F040EE,9EB5AAF9-4EC2-4BC1-B78F-A2C697BCE705,4,BROILER GROWER601 1,BROILER GROWER,2026-07-23 00:37:54.460,2026-07-23 01:24:48.047,2026-07-23 01:25:52.373,4500.0,Rovabio P10,176,100.0,2.25,1.880787,Production Recipes
Server2,7CBA36A1-FDD2-4477-86B1-01F1A3F040EE,9EB5AAF9-4EC2-4BC1-B78F-A2C697BCE705,4,BROILER GROWER601 1,BROILER GROWER,2026-07-23 00:37:54.460,2026-07-23 01:24:48.047,2026-07-23 01:25:52.373,4500.0,Sacox (500g),91,100.0,2.25,3.582176,Production Recipes
Server2,7CBA36A1-FDD2-4477-86B1-01F1A3F040EE,9EB5AAF9-4EC2-4BC1-B78F-A2C697BCE705,4,BROILER GROWER601 1,BROILER GROWER,2026-07-23 00:37:54.460,2026-07-23 01:24:48.047,2026-07-23 01:25:52.373,4500.0,Salt,202,100.0,12.96,13.16551,Production Recipes
Server2,7CBA36A1-FDD2-4477-86B1-01F1A3F040EE,9EB5AAF9-4EC2-4BC1-B78F-A2C697BCE705,4,BROILER GROWER601 1,BROILER GROWER,2026-07-23 00:37:54.460,2026-07-23 01:24:48.047,2026-07-23 01:25:52.373,4500.0,SOLIS,124,100.0,6.75,7.407407,Production Recipes
Server2,7CBA36A1-FDD2-4477-86B1-01F1A3F040EE,9EB5AAF9-4EC2-4BC1-B78F-A2C697BCE705,4,BROILER GROWER601 1,BROILER GROWER,2026-07-23 00:37:54.460,2026-07-23 01:24:48.047,2026-07-23 01:25:52.373,4500.0,SOUDIOM Bicarbon,35,100.0,8.955,9.114578,Production Recipes
Server2,7CBA36A1-FDD2-4477-86B1-01F1A3F040EE,9EB5AAF9-4EC2-4BC1-B78F-A2C697BCE705,4,BROILER GROWER601 1,BROILER GROWER,2026-07-23 00:37:54.460,2026-07-23 01:24:48.047,2026-07-23 01:25:52.373,4500.0,SOYA-,105,100.0,1619.145,1616.319,Production Recipes
Server2,7CBA36A1-FDD2-4477-86B1-01F1A3F040EE,9EB5AAF9-4EC2-4BC1-B78F-A2C697BCE705,4,BROILER GROWER601 1,BROILER GROWER,2026-07-23 00:37:54.460,2026-07-23 01:24:48.047,2026-07-23 01:25:52.373,4500.0,Soya Oil,210,100.0,37.35,37.75,Production Recipes
Server2,7CBA36A1-FDD2-4477-86B1-01F1A3F040EE,9EB5AAF9-4EC2-4BC1-B78F-A2C697BCE705,4,BROILER GROWER601 1,BROILER GROWER,2026-07-23 00:37:54.460,2026-07-23 01:24:48.047,2026-07-23 01:25:52.373,4500.0,TermiN-8,33,100.0,6.75,0.0,Production Recipes
Server2,2BA06493-4460-4013-8F8C-0B563C201915,9EB5AAF9-4EC2-4BC1-B78F-A2C697BCE705,4,BROILER GROWER605 6,BROILER GROWER,2026-07-22 23:14:37.563,2026-07-23 01:08:14.017,2026-07-23 01:09:18.323,4500.0,BETAIN HCL,142,100.0,2.25,2.581018,Production Recipes
Server2,2BA06493-4460-4013-8F8C-0B563C201915,9EB5AAF9-4EC2-4BC1-B78F-A2C697BCE705,4,BROILER GROWER605 6,BROILER GROWER,2026-07-22 23:14:37.563,2026-07-23 01:08:14.017,2026-07-23 01:09:18.323,4500.0,BIOSTRONG 510,140,100.0,0.675,0.8000578,Production Recipes
Server2,2BA06493-4460-4013-8F8C-0B563C201915,9EB5AAF9-4EC2-4BC1-B78F-A2C697BCE705,4,BROILER GROWER605 6,BROILER GROWER,2026-07-22 23:14:37.563,2026-07-23 01:08:14.017,2026-07-23 01:09:18.323,4500.0,Broiler Mineral Mix,31,100.0,4.05,5.367476,Production Recipes
Server2,2BA06493-4460-4013-8F8C-0B563C201915,9EB5AAF9-4EC2-4BC1-B78F-A2C697BCE705,4,BROILER GROWER605 6,BROILER GROWER,2026-07-22 23:14:37.563,2026-07-23 01:08:14.017,2026-07-23 01:09:18.323,4500.0,Broiler Starter PX,69,100.0,4.05,5.555556,Production Recipes
Server2,2BA06493-4460-4013-8F8C-0B563C201915,9EB5AAF9-4EC2-4BC1-B78F-A2C697BCE705,4,BROILER GROWER605 6,BROILER GROWER,2026-07-22 23:14:37.563,2026-07-23 01:08:14.017,2026-07-23 01:09:18.323,4500.0,Choline Chloride 60%,26,100.0,2.7,3.101851,Production Recipes
Server2,2BA06493-4460-4013-8F8C-0B563C201915,9EB5AAF9-4EC2-4BC1-B78F-A2C697BCE705,4,BROILER GROWER605 6,BROILER GROWER,2026-07-22 23:14:37.563,2026-07-23 01:08:14.017,2026-07-23 01:09:18.323,4500.0,KENZYME PRO,77,100.0,2.7,3.385416,Production Recipes
Server2,2BA06493-4460-4013-8F8C-0B563C201915,9EB5AAF9-4EC2-4BC1-B78F-A2C697BCE705,4,BROILER GROWER605 6,BROILER GROWER,2026-07-22 23:14:37.563,2026-07-23 01:08:14.017,2026-07-23 01:09:18.323,4500.0,Limestone,113,100.0,55.485,59.9248,Production Recipes
Server2,2BA06493-4460-4013-8F8C-0B563C201915,9EB5AAF9-4EC2-4BC1-B78F-A2C697BCE705,4,BROILER GROWER605 6,BROILER GROWER,2026-07-22 23:14:37.563,2026-07-23 01:08:14.017,2026-07-23 01:09:18.323,4500.0,LYSOFORTE DRY,30,100.0,0.9,1.018519,Production Recipes
Server2,2BA06493-4460-4013-8F8C-0B563C201915,9EB5AAF9-4EC2-4BC1-B78F-A2C697BCE705,4,BROILER GROWER605 6,BROILER GROWER,2026-07-22 23:14:37.563,2026-07-23 01:08:14.017,2026-07-23 01:09:18.323,4500.0,Maize,100,100.0,2679.705,2686.343,Production Recipes
Server2,2BA06493-4460-4013-8F8C-0B563C201915,9EB5AAF9-4EC2-4BC1-B78F-A2C697BCE705,4,BROILER GROWER605 6,BROILER GROWER,2026-07-22 23:14:37.563,2026-07-23 01:08:14.017,2026-07-23 01:09:18.323,4500.0,Methionine,12,100.0,10.62,10.99537,Production Recipes
Server2,2BA06493-4460-4013-8F8C-0B563C201915,9EB5AAF9-4EC2-4BC1-B78F-A2C697BCE705,4,BROILER GROWER605 6,BROILER GROWER,2026-07-22 23:14:37.563,2026-07-23 01:08:14.017,2026-07-23 01:09:18.323,4500.0,Monocalcium Phos,204,100.0,38.745,39.0625,Production Recipes
Server2,2BA06493-4460-4013-8F8C-0B563C201915,9EB5AAF9-4EC2-4BC1-B78F-A2C697BCE705,4,BROILER GROWER605 6,BROILER GROWER,2026-07-22 23:14:37.563,2026-07-23 01:08:14.017,2026-07-23 01:09:18.323,4500.0,NOVELA ECL,6,100.0,0.45,0.4615163,Production Recipes
Server2,2BA06493-4460-4013-8F8C-0B563C201915,9EB5AAF9-4EC2-4BC1-B78F-A2C697BCE705,4,BROILER GROWER605 6,BROILER GROWER,2026-07-22 23:14:37.563,2026-07-23 01:08:14.017,2026-07-23 01:09:18.323,4500.0,Provi Oxi Stop,21,100.0,0.45,0.9302664,Production Recipes
Server2,2BA06493-4460-4013-8F8C-0B563C201915,9EB5AAF9-4EC2-4BC1-B78F-A2C697BCE705,4,BROILER GROWER605 6,BROILER GROWER,2026-07-22 23:14:37.563,2026-07-23 01:08:14.017,2026-07-23 01:09:18.323,4500.0,Rovabio P10,176,100.0,2.25,3.020834,Production Recipes
Server2,2BA06493-4460-4013-8F8C-0B563C201915,9EB5AAF9-4EC2-4BC1-B78F-A2C697BCE705,4,BROILER GROWER605 6,BROILER GROWER,2026-07-22 23:14:37.563,2026-07-23 01:08:14.017,2026-07-23 01:09:18.323,4500.0,Sacox (500g),91,100.0,2.25,3.408565,Production Recipes
Server2,2BA06493-4460-4013-8F8C-0B563C201915,9EB5AAF9-4EC2-4BC1-B78F-A2C697BCE705,4,BROILER GROWER605 6,BROILER GROWER,2026-07-22 23:14:37.563,2026-07-23 01:08:14.017,2026-07-23 01:09:18.323,4500.0,Salt,202,100.0,12.96,13.16551,Production Recipes
Server2,2BA06493-4460-4013-8F8C-0B563C201915,9EB5AAF9-4EC2-4BC1-B78F-A2C697BCE705,4,BROILER GROWER605 6,BROILER GROWER,2026-07-22 23:14:37.563,2026-07-23 01:08:14.017,2026-07-23 01:09:18.323,4500.0,SOLIS,124,100.0,6.75,7.349538,Production Recipes
Server2,2BA06493-4460-4013-8F8C-0B563C201915,9EB5AAF9-4EC2-4BC1-B78F-A2C697BCE705,4,BROILER GROWER605 6,BROILER GROWER,2026-07-22 23:14:37.563,2026-07-23 01:08:14.017,2026-07-23 01:09:18.323,4500.0,SOUDIOM Bicarbon,35,100.0,8.955,9.114578,Production Recipes
Server2,2BA06493-4460-4013-8F8C-0B563C201915,9EB5AAF9-4EC2-4BC1-B78F-A2C697BCE705,4,BROILER GROWER605 6,BROILER GROWER,2026-07-22 23:14:37.563,2026-07-23 01:08:14.017,2026-07-23 01:09:18.323,4500.0,SOYA-,105,100.0,1619.145,1609.172,Production Recipes
Server2,2BA06493-4460-4013-8F8C-0B563C201915,9EB5AAF9-4EC2-4BC1-B78F-A2C697BCE705,4,BROILER GROWER605 6,BROILER GROWER,2026-07-22 23:14:37.563,2026-07-23 01:08:14.017,2026-07-23 01:09:18.323,4500.0,Soya Oil,210,100.0,37.35,37.75,Production Recipes
Server2,2BA06493-4460-4013-8F8C-0B563C201915,9EB5AAF9-4EC2-4BC1-B78F-A2C697BCE705,4,BROILER GROWER605 6,BROILER GROWER,2026-07-22 23:14:37.563,2026-07-23 01:08:14.017,2026-07-23 01:09:18.323,4500.0,TermiN-8,33,100.0,6.75,0.0,Production Recipes
Server2,D083E99B-AB12-4453-9A6E-0B4CACEDC545,9EB5AAF9-4EC2-4BC1-B78F-A2C697BCE705,4,BROILER GROWER605 5,BROILER GROWER,2026-07-22 23:14:35.607,2026-07-23 01:02:26.353,2026-07-23 01:03:30.393,4500.0,BETAIN HCL,142,100.0,2.25,3.165509,Production Recipes
Server2,D083E99B-AB12-4453-9A6E-0B4CACEDC545,9EB5AAF9-4EC2-4BC1-B78F-A2C697BCE705,4,BROILER GROWER605 5,BROILER GROWER,2026-07-22 23:14:35.607,2026-07-23 01:02:26.353,2026-07-23 01:03:30.393,4500.0,BIOSTRONG 510,140,100.0,0.675,0.8116319,Production Recipes
Server2,D083E99B-AB12-4453-9A6E-0B4CACEDC545,9EB5AAF9-4EC2-4BC1-B78F-A2C697BCE705,4,BROILER GROWER605 5,BROILER GROWER,2026-07-22 23:14:35.607,2026-07-23 01:02:26.353,2026-07-23 01:03:30.393,4500.0,Broiler Mineral Mix,31,100.0,4.05,4.788773,Production Recipes
Server2,D083E99B-AB12-4453-9A6E-0B4CACEDC545,9EB5AAF9-4EC2-4BC1-B78F-A2C697BCE705,4,BROILER GROWER605 5,BROILER GROWER,2026-07-22 23:14:35.607,2026-07-23 01:02:26.353,2026-07-23 01:03:30.393,4500.0,Broiler Starter PX,69,100.0,4.05,5.133102,Production Recipes
Server2,D083E99B-AB12-4453-9A6E-0B4CACEDC545,9EB5AAF9-4EC2-4BC1-B78F-A2C697BCE705,4,BROILER GROWER605 5,BROILER GROWER,2026-07-22 23:14:35.607,2026-07-23 01:02:26.353,2026-07-23 01:03:30.393,4500.0,Choline Chloride 60%,26,100.0,2.7,2.783565,Production Recipes
Server2,D083E99B-AB12-4453-9A6E-0B4CACEDC545,9EB5AAF9-4EC2-4BC1-B78F-A2C697BCE705,4,BROILER GROWER605 5,BROILER GROWER,2026-07-22 23:14:35.607,2026-07-23 01:02:26.353,2026-07-23 01:03:30.393,4500.0,KENZYME PRO,77,100.0,2.7,2.936921,Production Recipes
Server2,D083E99B-AB12-4453-9A6E-0B4CACEDC545,9EB5AAF9-4EC2-4BC1-B78F-A2C697BCE705,4,BROILER GROWER605 5,BROILER GROWER,2026-07-22 23:14:35.607,2026-07-23 01:02:26.353,2026-07-23 01:03:30.393,4500.0,Limestone,113,100.0,55.485,57.72571,Production Recipes
Server2,D083E99B-AB12-4453-9A6E-0B4CACEDC545,9EB5AAF9-4EC2-4BC1-B78F-A2C697BCE705,4,BROILER GROWER605 5,BROILER GROWER,2026-07-22 23:14:35.607,2026-07-23 01:02:26.353,2026-07-23 01:03:30.393,4500.0,LYSOFORTE DRY,30,100.0,0.9,0.9288195,Production Recipes
Server2,D083E99B-AB12-4453-9A6E-0B4CACEDC545,9EB5AAF9-4EC2-4BC1-B78F-A2C697BCE705,4,BROILER GROWER605 5,BROILER GROWER,2026-07-22 23:14:35.607,2026-07-23 01:02:26.353,2026-07-23 01:03:30.393,4500.0,Maize,100,100.0,2679.705,2686.343,Production Recipes
Server2,D083E99B-AB12-4453-9A6E-0B4CACEDC545,9EB5AAF9-4EC2-4BC1-B78F-A2C697BCE705,4,BROILER GROWER605 5,BROILER GROWER,2026-07-22 23:14:35.607,2026-07-23 01:02:26.353,2026-07-23 01:03:30.393,4500.0,Methionine,12,100.0,10.62,10.99537,Production Recipes
Server2,D083E99B-AB12-4453-9A6E-0B4CACEDC545,9EB5AAF9-4EC2-4BC1-B78F-A2C697BCE705,4,BROILER GROWER605 5,BROILER GROWER,2026-07-22 23:14:35.607,2026-07-23 01:02:26.353,2026-07-23 01:03:30.393,4500.0,Monocalcium Phos,204,100.0,38.745,39.0625,Production Recipes
Server2,D083E99B-AB12-4453-9A6E-0B4CACEDC545,9EB5AAF9-4EC2-4BC1-B78F-A2C697BCE705,4,BROILER GROWER605 5,BROILER GROWER,2026-07-22 23:14:35.607,2026-07-23 01:02:26.353,2026-07-23 01:03:30.393,4500.0,NOVELA ECL,6,100.0,0.45,0.4904514,Production Recipes
Server2,D083E99B-AB12-4453-9A6E-0B4CACEDC545,9EB5AAF9-4EC2-4BC1-B78F-A2C697BCE705,4,BROILER GROWER605 5,BROILER GROWER,2026-07-22 23:14:35.607,2026-07-23 01:02:26.353,2026-07-23 01:03:30.393,4500.0,Provi Oxi Stop,21,100.0,0.45,1.082176,Production Recipes
Server2,D083E99B-AB12-4453-9A6E-0B4CACEDC545,9EB5AAF9-4EC2-4BC1-B78F-A2C697BCE705,4,BROILER GROWER605 5,BROILER GROWER,2026-07-22 23:14:35.607,2026-07-23 01:02:26.353,2026-07-23 01:03:30.393,4500.0,Rovabio P10,176,100.0,2.25,2.980324,Production Recipes
Server2,D083E99B-AB12-4453-9A6E-0B4CACEDC545,9EB5AAF9-4EC2-4BC1-B78F-A2C697BCE705,4,BROILER GROWER605 5,BROILER GROWER,2026-07-22 23:14:35.607,2026-07-23 01:02:26.353,2026-07-23 01:03:30.393,4500.0,Sacox (500g),91,100.0,2.25,3.605325,Production Recipes
Server2,D083E99B-AB12-4453-9A6E-0B4CACEDC545,9EB5AAF9-4EC2-4BC1-B78F-A2C697BCE705,4,BROILER GROWER605 5,BROILER GROWER,2026-07-22 23:14:35.607,2026-07-23 01:02:26.353,2026-07-23 01:03:30.393,4500.0,Salt,202,100.0,12.96,13.16551,Production Recipes
Server2,D083E99B-AB12-4453-9A6E-0B4CACEDC545,9EB5AAF9-4EC2-4BC1-B78F-A2C697BCE705,4,BROILER GROWER605 5,BROILER GROWER,2026-07-22 23:14:35.607,2026-07-23 01:02:26.353,2026-07-23 01:03:30.393,4500.0,SOLIS,124,100.0,6.75,7.233797,Production Recipes
Server2,D083E99B-AB12-4453-9A6E-0B4CACEDC545,9EB5AAF9-4EC2-4BC1-B78F-A2C697BCE705,4,BROILER GROWER605 5,BROILER GROWER,2026-07-22 23:14:35.607,2026-07-23 01:02:26.353,2026-07-23 01:03:30.393,4500.0,SOUDIOM Bicarbon,35,100.0,8.955,9.114578,Production Recipes
Server2,D083E99B-AB12-4453-9A6E-0B4CACEDC545,9EB5AAF9-4EC2-4BC1-B78F-A2C697BCE705,4,BROILER GROWER605 5,BROILER GROWER,2026-07-22 23:14:35.607,2026-07-23 01:02:26.353,2026-07-23 01:03:30.393,4500.0,SOYA-,105,100.0,1619.145,1616.869,Production Recipes
Server2,D083E99B-AB12-4453-9A6E-0B4CACEDC545,9EB5AAF9-4EC2-4BC1-B78F-A2C697BCE705,4,BROILER GROWER605 5,BROILER GROWER,2026-07-22 23:14:35.607,2026-07-23 01:02:26.353,2026-07-23 01:03:30.393,4500.0,Soya Oil,210,100.0,37.35,37.75,Production Recipes
Server2,D083E99B-AB12-4453-9A6E-0B4CACEDC545,9EB5AAF9-4EC2-4BC1-B78F-A2C697BCE705,4,BROILER GROWER605 5,BROILER GROWER,2026-07-22 23:14:35.607,2026-07-23 01:02:26.353,2026-07-23 01:03:30.393,4500.0,TermiN-8,33,100.0,6.75,0.0,Production Recipes
Server2,DDA671DC-47AE-4349-8C38-5F8290A54758,9EB5AAF9-4EC2-4BC1-B78F-A2C697BCE705,4,BROILER GROWER605 4,BROILER GROWER,2026-07-22 23:14:29.537,2026-07-23 00:47:51.143,2026-07-23 00:48:55.187,4500.0,BETAIN HCL,142,100.0,2.25,2.939816,Production Recipes
Server2,DDA671DC-47AE-4349-8C38-5F8290A54758,9EB5AAF9-4EC2-4BC1-B78F-A2C697BCE705,4,BROILER GROWER605 4,BROILER GROWER,2026-07-22 23:14:29.537,2026-07-23 00:47:51.143,2026-07-23 00:48:55.187,4500.0,BIOSTRONG 510,140,100.0,0.675,0.7798033,Production Recipes
Server2,DDA671DC-47AE-4349-8C38-5F8290A54758,9EB5AAF9-4EC2-4BC1-B78F-A2C697BCE705,4,BROILER GROWER605 4,BROILER GROWER,2026-07-22 23:14:29.537,2026-07-23 00:47:51.143,2026-07-23 00:48:55.187,4500.0,Broiler Mineral Mix,31,100.0,4.05,6.206597,Production Recipes
Server2,DDA671DC-47AE-4349-8C38-5F8290A54758,9EB5AAF9-4EC2-4BC1-B78F-A2C697BCE705,4,BROILER GROWER605 4,BROILER GROWER,2026-07-22 23:14:29.537,2026-07-23 00:47:51.143,2026-07-23 00:48:55.187,4500.0,Broiler Starter PX,69,100.0,4.05,5.83912,Production Recipes
Server2,DDA671DC-47AE-4349-8C38-5F8290A54758,9EB5AAF9-4EC2-4BC1-B78F-A2C697BCE705,4,BROILER GROWER605 4,BROILER GROWER,2026-07-22 23:14:29.537,2026-07-23 00:47:51.143,2026-07-23 00:48:55.187,4500.0,Choline Chloride 60%,26,100.0,2.7,2.627315,Production Recipes
Server2,DDA671DC-47AE-4349-8C38-5F8290A54758,9EB5AAF9-4EC2-4BC1-B78F-A2C697BCE705,4,BROILER GROWER605 4,BROILER GROWER,2026-07-22 23:14:29.537,2026-07-23 00:47:51.143,2026-07-23 00:48:55.187,4500.0,KENZYME PRO,77,100.0,2.7,2.907986,Production Recipes
Server2,DDA671DC-47AE-4349-8C38-5F8290A54758,9EB5AAF9-4EC2-4BC1-B78F-A2C697BCE705,4,BROILER GROWER605 4,BROILER GROWER,2026-07-22 23:14:29.537,2026-07-23 00:47:51.143,2026-07-23 00:48:55.187,4500.0,Limestone,113,100.0,55.485,66.52197,Production Recipes
Server2,DDA671DC-47AE-4349-8C38-5F8290A54758,9EB5AAF9-4EC2-4BC1-B78F-A2C697BCE705,4,BROILER GROWER605 4,BROILER GROWER,2026-07-22 23:14:29.537,2026-07-23 00:47:51.143,2026-07-23 00:48:55.187,4500.0,LYSOFORTE DRY,30,100.0,0.9,0.9085649,Production Recipes
Server2,DDA671DC-47AE-4349-8C38-5F8290A54758,9EB5AAF9-4EC2-4BC1-B78F-A2C697BCE705,4,BROILER GROWER605 4,BROILER GROWER,2026-07-22 23:14:29.537,2026-07-23 00:47:51.143,2026-07-23 00:48:55.187,4500.0,Maize,100,100.0,2679.705,2689.525,Production Recipes
Server2,DDA671DC-47AE-4349-8C38-5F8290A54758,9EB5AAF9-4EC2-4BC1-B78F-A2C697BCE705,4,BROILER GROWER605 4,BROILER GROWER,2026-07-22 23:14:29.537,2026-07-23 00:47:51.143,2026-07-23 00:48:55.187,4500.0,Methionine,12,100.0,10.62,10.99537,Production Recipes
Server2,DDA671DC-47AE-4349-8C38-5F8290A54758,9EB5AAF9-4EC2-4BC1-B78F-A2C697BCE705,4,BROILER GROWER605 4,BROILER GROWER,2026-07-22 23:14:29.537,2026-07-23 00:47:51.143,2026-07-23 00:48:55.187,4500.0,Monocalcium Phos,204,100.0,38.745,39.0625,Production Recipes
Server2,DDA671DC-47AE-4349-8C38-5F8290A54758,9EB5AAF9-4EC2-4BC1-B78F-A2C697BCE705,4,BROILER GROWER605 4,BROILER GROWER,2026-07-22 23:14:29.537,2026-07-23 00:47:51.143,2026-07-23 00:48:55.187,4500.0,NOVELA ECL,6,100.0,0.45,1.182002,Production Recipes
Server2,DDA671DC-47AE-4349-8C38-5F8290A54758,9EB5AAF9-4EC2-4BC1-B78F-A2C697BCE705,4,BROILER GROWER605 4,BROILER GROWER,2026-07-22 23:14:29.537,2026-07-23 00:47:51.143,2026-07-23 00:48:55.187,4500.0,Provi Oxi Stop,21,100.0,0.45,1.270255,Production Recipes
Server2,DDA671DC-47AE-4349-8C38-5F8290A54758,9EB5AAF9-4EC2-4BC1-B78F-A2C697BCE705,4,BROILER GROWER605 4,BROILER GROWER,2026-07-22 23:14:29.537,2026-07-23 00:47:51.143,2026-07-23 00:48:55.187,4500.0,Rovabio P10,176,100.0,2.25,2.829861,Production Recipes
Server2,DDA671DC-47AE-4349-8C38-5F8290A54758,9EB5AAF9-4EC2-4BC1-B78F-A2C697BCE705,4,BROILER GROWER605 4,BROILER GROWER,2026-07-22 23:14:29.537,2026-07-23 00:47:51.143,2026-07-23 00:48:55.187,4500.0,Sacox (500g),91,100.0,2.25,3.061342,Production Recipes
Server2,DDA671DC-47AE-4349-8C38-5F8290A54758,9EB5AAF9-4EC2-4BC1-B78F-A2C697BCE705,4,BROILER GROWER605 4,BROILER GROWER,2026-07-22 23:14:29.537,2026-07-23 00:47:51.143,2026-07-23 00:48:55.187,4500.0,Salt,202,100.0,12.96,13.16551,Production Recipes
Server2,DDA671DC-47AE-4349-8C38-5F8290A54758,9EB5AAF9-4EC2-4BC1-B78F-A2C697BCE705,4,BROILER GROWER605 4,BROILER GROWER,2026-07-22 23:14:29.537,2026-07-23 00:47:51.143,2026-07-23 00:48:55.187,4500.0,SOLIS,124,100.0,6.75,7.523149,Production Recipes
Server2,DDA671DC-47AE-4349-8C38-5F8290A54758,9EB5AAF9-4EC2-4BC1-B78F-A2C697BCE705,4,BROILER GROWER605 4,BROILER GROWER,2026-07-22 23:14:29.537,2026-07-23 00:47:51.143,2026-07-23 00:48:55.187,4500.0,SOUDIOM Bicarbon,35,100.0,8.955,9.114586,Production Recipes
Server2,DDA671DC-47AE-4349-8C38-5F8290A54758,9EB5AAF9-4EC2-4BC1-B78F-A2C697BCE705,4,BROILER GROWER605 4,BROILER GROWER,2026-07-22 23:14:29.537,2026-07-23 00:47:51.143,2026-07-23 00:48:55.187,4500.0,SOYA-,105,100.0,1619.145,1604.224,Production Recipes
Server2,DDA671DC-47AE-4349-8C38-5F8290A54758,9EB5AAF9-4EC2-4BC1-B78F-A2C697BCE705,4,BROILER GROWER605 4,BROILER GROWER,2026-07-22 23:14:29.537,2026-07-23 00:47:51.143,2026-07-23 00:48:55.187,4500.0,Soya Oil,210,100.0,37.35,37.75,Production Recipes
Server2,DDA671DC-47AE-4349-8C38-5F8290A54758,9EB5AAF9-4EC2-4BC1-B78F-A2C697BCE705,4,BROILER GROWER605 4,BROILER GROWER,2026-07-22 23:14:29.537,2026-07-23 00:47:51.143,2026-07-23 00:48:55.187,4500.0,TermiN-8,33,100.0,6.75,0.0,Production Recipes
Server2,47603836-605B-4A2A-BCE7-2E37E5AC6853,9EB5AAF9-4EC2-4BC1-B78F-A2C697BCE705,4,BROILER GROWER605 3,BROILER GROWER,2026-07-22 23:14:27.523,2026-07-23 00:42:57.423,2026-07-23 00:44:01.297,4500.0,BETAIN HCL,142,100.0,2.25,3.055555,Production Recipes
Server2,47603836-605B-4A2A-BCE7-2E37E5AC6853,9EB5AAF9-4EC2-4BC1-B78F-A2C697BCE705,4,BROILER GROWER605 3,BROILER GROWER,2026-07-22 23:14:27.523,2026-07-23 00:42:57.423,2026-07-23 00:44:01.297,4500.0,BIOSTRONG 510,140,100.0,0.675,0.8506944,Production Recipes
Server2,47603836-605B-4A2A-BCE7-2E37E5AC6853,9EB5AAF9-4EC2-4BC1-B78F-A2C697BCE705,4,BROILER GROWER605 3,BROILER GROWER,2026-07-22 23:14:27.523,2026-07-23 00:42:57.423,2026-07-23 00:44:01.297,4500.0,Broiler Mineral Mix,31,100.0,4.05,6.901041,Production Recipes
Server2,47603836-605B-4A2A-BCE7-2E37E5AC6853,9EB5AAF9-4EC2-4BC1-B78F-A2C697BCE705,4,BROILER GROWER605 3,BROILER GROWER,2026-07-22 23:14:27.523,2026-07-23 00:42:57.423,2026-07-23 00:44:01.297,4500.0,Broiler Starter PX,69,100.0,4.05,4.901621,Production Recipes
Server2,47603836-605B-4A2A-BCE7-2E37E5AC6853,9EB5AAF9-4EC2-4BC1-B78F-A2C697BCE705,4,BROILER GROWER605 3,BROILER GROWER,2026-07-22 23:14:27.523,2026-07-23 00:42:57.423,2026-07-23 00:44:01.297,4500.0,Choline Chloride 60%,26,100.0,2.7,2.945601,Production Recipes
Server2,47603836-605B-4A2A-BCE7-2E37E5AC6853,9EB5AAF9-4EC2-4BC1-B78F-A2C697BCE705,4,BROILER GROWER605 3,BROILER GROWER,2026-07-22 23:14:27.523,2026-07-23 00:42:57.423,2026-07-23 00:44:01.297,4500.0,KENZYME PRO,77,100.0,2.7,3.211805,Production Recipes
Server2,47603836-605B-4A2A-BCE7-2E37E5AC6853,9EB5AAF9-4EC2-4BC1-B78F-A2C697BCE705,4,BROILER GROWER605 3,BROILER GROWER,2026-07-22 23:14:27.523,2026-07-23 00:42:57.423,2026-07-23 00:44:01.297,4500.0,Limestone,113,100.0,55.485,67.07166,Production Recipes
Server2,47603836-605B-4A2A-BCE7-2E37E5AC6853,9EB5AAF9-4EC2-4BC1-B78F-A2C697BCE705,4,BROILER GROWER605 3,BROILER GROWER,2026-07-22 23:14:27.523,2026-07-23 00:42:57.423,2026-07-23 00:44:01.297,4500.0,LYSOFORTE DRY,30,100.0,0.9,0.859375,Production Recipes
Server2,47603836-605B-4A2A-BCE7-2E37E5AC6853,9EB5AAF9-4EC2-4BC1-B78F-A2C697BCE705,4,BROILER GROWER605 3,BROILER GROWER,2026-07-22 23:14:27.523,2026-07-23 00:42:57.423,2026-07-23 00:44:01.297,4500.0,Maize,100,100.0,2679.705,2686.343,Production Recipes
Server2,47603836-605B-4A2A-BCE7-2E37E5AC6853,9EB5AAF9-4EC2-4BC1-B78F-A2C697BCE705,4,BROILER GROWER605 3,BROILER GROWER,2026-07-22 23:14:27.523,2026-07-23 00:42:57.423,2026-07-23 00:44:01.297,4500.0,Methionine,12,100.0,10.62,10.99537,Production Recipes
Server2,47603836-605B-4A2A-BCE7-2E37E5AC6853,9EB5AAF9-4EC2-4BC1-B78F-A2C697BCE705,4,BROILER GROWER605 3,BROILER GROWER,2026-07-22 23:14:27.523,2026-07-23 00:42:57.423,2026-07-23 00:44:01.297,4500.0,Monocalcium Phos,204,100.0,38.745,39.0625,Production Recipes
Server2,47603836-605B-4A2A-BCE7-2E37E5AC6853,9EB5AAF9-4EC2-4BC1-B78F-A2C697BCE705,4,BROILER GROWER605 3,BROILER GROWER,2026-07-22 23:14:27.523,2026-07-23 00:42:57.423,2026-07-23 00:44:01.297,4500.0,NOVELA ECL,6,100.0,0.45,0.5396413,Production Recipes
Server2,47603836-605B-4A2A-BCE7-2E37E5AC6853,9EB5AAF9-4EC2-4BC1-B78F-A2C697BCE705,4,BROILER GROWER605 3,BROILER GROWER,2026-07-22 23:14:27.523,2026-07-23 00:42:57.423,2026-07-23 00:44:01.297,4500.0,Provi Oxi Stop,21,100.0,0.45,1.051794,Production Recipes
Server2,47603836-605B-4A2A-BCE7-2E37E5AC6853,9EB5AAF9-4EC2-4BC1-B78F-A2C697BCE705,4,BROILER GROWER605 3,BROILER GROWER,2026-07-22 23:14:27.523,2026-07-23 00:42:57.423,2026-07-23 00:44:01.297,4500.0,Rovabio P10,176,100.0,2.25,2.760418,Production Recipes
Server2,47603836-605B-4A2A-BCE7-2E37E5AC6853,9EB5AAF9-4EC2-4BC1-B78F-A2C697BCE705,4,BROILER GROWER605 3,BROILER GROWER,2026-07-22 23:14:27.523,2026-07-23 00:42:57.423,2026-07-23 00:44:01.297,4500.0,Sacox (500g),91,100.0,2.25,3.269676,Production Recipes
Server2,47603836-605B-4A2A-BCE7-2E37E5AC6853,9EB5AAF9-4EC2-4BC1-B78F-A2C697BCE705,4,BROILER GROWER605 3,BROILER GROWER,2026-07-22 23:14:27.523,2026-07-23 00:42:57.423,2026-07-23 00:44:01.297,4500.0,Salt,202,100.0,12.96,13.02083,Production Recipes
Server2,47603836-605B-4A2A-BCE7-2E37E5AC6853,9EB5AAF9-4EC2-4BC1-B78F-A2C697BCE705,4,BROILER GROWER605 3,BROILER GROWER,2026-07-22 23:14:27.523,2026-07-23 00:42:57.423,2026-07-23 00:44:01.297,4500.0,SOLIS,124,100.0,6.75,7.08912,Production Recipes
Server2,47603836-605B-4A2A-BCE7-2E37E5AC6853,9EB5AAF9-4EC2-4BC1-B78F-A2C697BCE705,4,BROILER GROWER605 3,BROILER GROWER,2026-07-22 23:14:27.523,2026-07-23 00:42:57.423,2026-07-23 00:44:01.297,4500.0,SOUDIOM Bicarbon,35,100.0,8.955,9.114586,Production Recipes
Server2,47603836-605B-4A2A-BCE7-2E37E5AC6853,9EB5AAF9-4EC2-4BC1-B78F-A2C697BCE705,4,BROILER GROWER605 3,BROILER GROWER,2026-07-22 23:14:27.523,2026-07-23 00:42:57.423,2026-07-23 00:44:01.297,4500.0,SOYA-,105,100.0,1619.145,1598.727,Production Recipes
Server2,47603836-605B-4A2A-BCE7-2E37E5AC6853,9EB5AAF9-4EC2-4BC1-B78F-A2C697BCE705,4,BROILER GROWER605 3,BROILER GROWER,2026-07-22 23:14:27.523,2026-07-23 00:42:57.423,2026-07-23 00:44:01.297,4500.0,Soya Oil,210,100.0,37.35,37.75,Production Recipes
Server2,47603836-605B-4A2A-BCE7-2E37E5AC6853,9EB5AAF9-4EC2-4BC1-B78F-A2C697BCE705,4,BROILER GROWER605 3,BROILER GROWER,2026-07-22 23:14:27.523,2026-07-23 00:42:57.423,2026-07-23 00:44:01.297,4500.0,TermiN-8,33,100.0,6.75,0.0,Production Recipes
Server2,13EDE776-B761-4AA6-9460-0600D509D5FB,9EB5AAF9-4EC2-4BC1-B78F-A2C697BCE705,4,BROILER GROWER605 2,BROILER GROWER,2026-07-22 23:14:21.477,2026-07-23 00:38:10.740,2026-07-23 00:39:15.367,4500.0,BETAIN HCL,142,100.0,2.25,2.546296,Production Recipes
Server2,13EDE776-B761-4AA6-9460-0600D509D5FB,9EB5AAF9-4EC2-4BC1-B78F-A2C697BCE705,4,BROILER GROWER605 2,BROILER GROWER,2026-07-22 23:14:21.477,2026-07-23 00:38:10.740,2026-07-23 00:39:15.367,4500.0,BIOSTRONG 510,140,100.0,0.675,0.8188658,Production Recipes
Server2,13EDE776-B761-4AA6-9460-0600D509D5FB,9EB5AAF9-4EC2-4BC1-B78F-A2C697BCE705,4,BROILER GROWER605 2,BROILER GROWER,2026-07-22 23:14:21.477,2026-07-23 00:38:10.740,2026-07-23 00:39:15.367,4500.0,Broiler Mineral Mix,31,100.0,4.05,5.52662,Production Recipes
Server2,13EDE776-B761-4AA6-9460-0600D509D5FB,9EB5AAF9-4EC2-4BC1-B78F-A2C697BCE705,4,BROILER GROWER605 2,BROILER GROWER,2026-07-22 23:14:21.477,2026-07-23 00:38:10.740,2026-07-23 00:39:15.367,4500.0,Broiler Starter PX,69,100.0,4.05,5.127315,Production Recipes
Server2,13EDE776-B761-4AA6-9460-0600D509D5FB,9EB5AAF9-4EC2-4BC1-B78F-A2C697BCE705,4,BROILER GROWER605 2,BROILER GROWER,2026-07-22 23:14:21.477,2026-07-23 00:38:10.740,2026-07-23 00:39:15.367,4500.0,Choline Chloride 60%,26,100.0,2.7,2.96875,Production Recipes
Server2,13EDE776-B761-4AA6-9460-0600D509D5FB,9EB5AAF9-4EC2-4BC1-B78F-A2C697BCE705,4,BROILER GROWER605 2,BROILER GROWER,2026-07-22 23:14:21.477,2026-07-23 00:38:10.740,2026-07-23 00:39:15.367,4500.0,KENZYME PRO,77,100.0,2.7,3.096065,Production Recipes
Server2,13EDE776-B761-4AA6-9460-0600D509D5FB,9EB5AAF9-4EC2-4BC1-B78F-A2C697BCE705,4,BROILER GROWER605 2,BROILER GROWER,2026-07-22 23:14:21.477,2026-07-23 00:38:10.740,2026-07-23 00:39:15.367,4500.0,Limestone,113,100.0,55.485,64.87268,Production Recipes
Server2,13EDE776-B761-4AA6-9460-0600D509D5FB,9EB5AAF9-4EC2-4BC1-B78F-A2C697BCE705,4,BROILER GROWER605 2,BROILER GROWER,2026-07-22 23:14:21.477,2026-07-23 00:38:10.740,2026-07-23 00:39:15.367,4500.0,LYSOFORTE DRY,30,100.0,0.9,0.8188658,Production Recipes
Server2,13EDE776-B761-4AA6-9460-0600D509D5FB,9EB5AAF9-4EC2-4BC1-B78F-A2C697BCE705,4,BROILER GROWER605 2,BROILER GROWER,2026-07-22 23:14:21.477,2026-07-23 00:38:10.740,2026-07-23 00:39:15.367,4500.0,Maize,100,100.0,2679.705,2683.16,Production Recipes
Server2,13EDE776-B761-4AA6-9460-0600D509D5FB,9EB5AAF9-4EC2-4BC1-B78F-A2C697BCE705,4,BROILER GROWER605 2,BROILER GROWER,2026-07-22 23:14:21.477,2026-07-23 00:38:10.740,2026-07-23 00:39:15.367,4500.0,Methionine,12,100.0,10.62,10.99537,Production Recipes
Server2,13EDE776-B761-4AA6-9460-0600D509D5FB,9EB5AAF9-4EC2-4BC1-B78F-A2C697BCE705,4,BROILER GROWER605 2,BROILER GROWER,2026-07-22 23:14:21.477,2026-07-23 00:38:10.740,2026-07-23 00:39:15.367,4500.0,Monocalcium Phos,204,100.0,38.745,39.20717,Production Recipes
Server2,13EDE776-B761-4AA6-9460-0600D509D5FB,9EB5AAF9-4EC2-4BC1-B78F-A2C697BCE705,4,BROILER GROWER605 2,BROILER GROWER,2026-07-22 23:14:21.477,2026-07-23 00:38:10.740,2026-07-23 00:39:15.367,4500.0,NOVELA ECL,6,100.0,0.45,0.5902778,Production Recipes
Server2,13EDE776-B761-4AA6-9460-0600D509D5FB,9EB5AAF9-4EC2-4BC1-B78F-A2C697BCE705,4,BROILER GROWER605 2,BROILER GROWER,2026-07-22 23:14:21.477,2026-07-23 00:38:10.740,2026-07-23 00:39:15.367,4500.0,Provi Oxi Stop,21,100.0,0.45,0.83044,Production Recipes
Server2,13EDE776-B761-4AA6-9460-0600D509D5FB,9EB5AAF9-4EC2-4BC1-B78F-A2C697BCE705,4,BROILER GROWER605 2,BROILER GROWER,2026-07-22 23:14:21.477,2026-07-23 00:38:10.740,2026-07-23 00:39:15.367,4500.0,Rovabio P10,176,100.0,2.25,2.800926,Production Recipes
Server2,13EDE776-B761-4AA6-9460-0600D509D5FB,9EB5AAF9-4EC2-4BC1-B78F-A2C697BCE705,4,BROILER GROWER605 2,BROILER GROWER,2026-07-22 23:14:21.477,2026-07-23 00:38:10.740,2026-07-23 00:39:15.367,4500.0,Sacox (500g),91,100.0,2.25,3.524306,Production Recipes
Server2,13EDE776-B761-4AA6-9460-0600D509D5FB,9EB5AAF9-4EC2-4BC1-B78F-A2C697BCE705,4,BROILER GROWER605 2,BROILER GROWER,2026-07-22 23:14:21.477,2026-07-23 00:38:10.740,2026-07-23 00:39:15.367,4500.0,Salt,202,100.0,12.96,14.03357,Production Recipes
Server2,13EDE776-B761-4AA6-9460-0600D509D5FB,9EB5AAF9-4EC2-4BC1-B78F-A2C697BCE705,4,BROILER GROWER605 2,BROILER GROWER,2026-07-22 23:14:21.477,2026-07-23 00:38:10.740,2026-07-23 00:39:15.367,4500.0,SOLIS,124,100.0,6.75,7.277199,Production Recipes
Server2,13EDE776-B761-4AA6-9460-0600D509D5FB,9EB5AAF9-4EC2-4BC1-B78F-A2C697BCE705,4,BROILER GROWER605 2,BROILER GROWER,2026-07-22 23:14:21.477,2026-07-23 00:38:10.740,2026-07-23 00:39:15.367,4500.0,SOUDIOM Bicarbon,35,100.0,8.955,8.96991,Production Recipes
Server2,13EDE776-B761-4AA6-9460-0600D509D5FB,9EB5AAF9-4EC2-4BC1-B78F-A2C697BCE705,4,BROILER GROWER605 2,BROILER GROWER,2026-07-22 23:14:21.477,2026-07-23 00:38:10.740,2026-07-23 00:39:15.367,4500.0,SOYA-,105,100.0,1619.145,1602.575,Production Recipes
Server2,13EDE776-B761-4AA6-9460-0600D509D5FB,9EB5AAF9-4EC2-4BC1-B78F-A2C697BCE705,4,BROILER GROWER605 2,BROILER GROWER,2026-07-22 23:14:21.477,2026-07-23 00:38:10.740,2026-07-23 00:39:15.367,4500.0,Soya Oil,210,100.0,37.35,38.0,Production Recipes
Server2,13EDE776-B761-4AA6-9460-0600D509D5FB,9EB5AAF9-4EC2-4BC1-B78F-A2C697BCE705,4,BROILER GROWER605 2,BROILER GROWER,2026-07-22 23:14:21.477,2026-07-23 00:38:10.740,2026-07-23 00:39:15.367,4500.0,TermiN-8,33,100.0,6.75,0.0,Production Recipes
Server2,328A5CD1-C5B8-48A9-9EFF-1DD8B3267F46,9EB5AAF9-4EC2-4BC1-B78F-A2C697BCE705,4,BROILER GROWER605 1,BROILER GROWER,2026-07-22 23:14:19.547,2026-07-23 00:34:56.030,2026-07-23 00:36:00.553,4500.0,BETAIN HCL,142,100.0,2.25,3.431713,Production Recipes
Server2,328A5CD1-C5B8-48A9-9EFF-1DD8B3267F46,9EB5AAF9-4EC2-4BC1-B78F-A2C697BCE705,4,BROILER GROWER605 1,BROILER GROWER,2026-07-22 23:14:19.547,2026-07-23 00:34:56.030,2026-07-23 00:36:00.553,4500.0,BIOSTRONG 510,140,100.0,0.675,0.7494214,Production Recipes
Server2,328A5CD1-C5B8-48A9-9EFF-1DD8B3267F46,9EB5AAF9-4EC2-4BC1-B78F-A2C697BCE705,4,BROILER GROWER605 1,BROILER GROWER,2026-07-22 23:14:19.547,2026-07-23 00:34:56.030,2026-07-23 00:36:00.553,4500.0,Broiler Mineral Mix,31,100.0,4.05,6.597222,Production Recipes
Server2,328A5CD1-C5B8-48A9-9EFF-1DD8B3267F46,9EB5AAF9-4EC2-4BC1-B78F-A2C697BCE705,4,BROILER GROWER605 1,BROILER GROWER,2026-07-22 23:14:19.547,2026-07-23 00:34:56.030,2026-07-23 00:36:00.553,4500.0,Broiler Starter PX,69,100.0,4.05,5.775463,Production Recipes
Server2,328A5CD1-C5B8-48A9-9EFF-1DD8B3267F46,9EB5AAF9-4EC2-4BC1-B78F-A2C697BCE705,4,BROILER GROWER605 1,BROILER GROWER,2026-07-22 23:14:19.547,2026-07-23 00:34:56.030,2026-07-23 00:36:00.553,4500.0,Choline Chloride 60%,26,100.0,2.7,2.748842,Production Recipes
Server2,328A5CD1-C5B8-48A9-9EFF-1DD8B3267F46,9EB5AAF9-4EC2-4BC1-B78F-A2C697BCE705,4,BROILER GROWER605 1,BROILER GROWER,2026-07-22 23:14:19.547,2026-07-23 00:34:56.030,2026-07-23 00:36:00.553,4500.0,KENZYME PRO,77,100.0,2.7,2.951388,Production Recipes
Server2,328A5CD1-C5B8-48A9-9EFF-1DD8B3267F46,9EB5AAF9-4EC2-4BC1-B78F-A2C697BCE705,4,BROILER GROWER605 1,BROILER GROWER,2026-07-22 23:14:19.547,2026-07-23 00:34:56.030,2026-07-23 00:36:00.553,4500.0,Limestone,113,100.0,55.485,65.97229,Production Recipes
Server2,328A5CD1-C5B8-48A9-9EFF-1DD8B3267F46,9EB5AAF9-4EC2-4BC1-B78F-A2C697BCE705,4,BROILER GROWER605 1,BROILER GROWER,2026-07-22 23:14:19.547,2026-07-23 00:34:56.030,2026-07-23 00:36:00.553,4500.0,LYSOFORTE DRY,30,100.0,0.9,0.9592014,Production Recipes
Server2,328A5CD1-C5B8-48A9-9EFF-1DD8B3267F46,9EB5AAF9-4EC2-4BC1-B78F-A2C697BCE705,4,BROILER GROWER605 1,BROILER GROWER,2026-07-22 23:14:19.547,2026-07-23 00:34:56.030,2026-07-23 00:36:00.553,4500.0,Maize,100,100.0,2679.705,2672.02,Production Recipes
Server2,328A5CD1-C5B8-48A9-9EFF-1DD8B3267F46,9EB5AAF9-4EC2-4BC1-B78F-A2C697BCE705,4,BROILER GROWER605 1,BROILER GROWER,2026-07-22 23:14:19.547,2026-07-23 00:34:56.030,2026-07-23 00:36:00.553,4500.0,Methionine,12,100.0,10.62,10.99537,Production Recipes
Server2,328A5CD1-C5B8-48A9-9EFF-1DD8B3267F46,9EB5AAF9-4EC2-4BC1-B78F-A2C697BCE705,4,BROILER GROWER605 1,BROILER GROWER,2026-07-22 23:14:19.547,2026-07-23 00:34:56.030,2026-07-23 00:36:00.553,4500.0,Monocalcium Phos,204,100.0,38.745,39.0625,Production Recipes
Server2,328A5CD1-C5B8-48A9-9EFF-1DD8B3267F46,9EB5AAF9-4EC2-4BC1-B78F-A2C697BCE705,4,BROILER GROWER605 1,BROILER GROWER,2026-07-22 23:14:19.547,2026-07-23 00:34:56.030,2026-07-23 00:36:00.553,4500.0,NOVELA ECL,6,100.0,0.45,0.510706,Production Recipes
Server2,328A5CD1-C5B8-48A9-9EFF-1DD8B3267F46,9EB5AAF9-4EC2-4BC1-B78F-A2C697BCE705,4,BROILER GROWER605 1,BROILER GROWER,2026-07-22 23:14:19.547,2026-07-23 00:34:56.030,2026-07-23 00:36:00.553,4500.0,Provi Oxi Stop,21,100.0,0.45,0.8810766,Production Recipes
Server2,328A5CD1-C5B8-48A9-9EFF-1DD8B3267F46,9EB5AAF9-4EC2-4BC1-B78F-A2C697BCE705,4,BROILER GROWER605 1,BROILER GROWER,2026-07-22 23:14:19.547,2026-07-23 00:34:56.030,2026-07-23 00:36:00.553,4500.0,Rovabio P10,176,100.0,2.25,2.303242,Production Recipes
Server2,328A5CD1-C5B8-48A9-9EFF-1DD8B3267F46,9EB5AAF9-4EC2-4BC1-B78F-A2C697BCE705,4,BROILER GROWER605 1,BROILER GROWER,2026-07-22 23:14:19.547,2026-07-23 00:34:56.030,2026-07-23 00:36:00.553,4500.0,Sacox (500g),91,100.0,2.25,3.391204,Production Recipes
Server2,328A5CD1-C5B8-48A9-9EFF-1DD8B3267F46,9EB5AAF9-4EC2-4BC1-B78F-A2C697BCE705,4,BROILER GROWER605 1,BROILER GROWER,2026-07-22 23:14:19.547,2026-07-23 00:34:56.030,2026-07-23 00:36:00.553,4500.0,Salt,202,100.0,12.96,13.02083,Production Recipes
Server2,328A5CD1-C5B8-48A9-9EFF-1DD8B3267F46,9EB5AAF9-4EC2-4BC1-B78F-A2C697BCE705,4,BROILER GROWER605 1,BROILER GROWER,2026-07-22 23:14:19.547,2026-07-23 00:34:56.030,2026-07-23 00:36:00.553,4500.0,SOLIS,124,100.0,6.75,7.595486,Production Recipes
Server2,328A5CD1-C5B8-48A9-9EFF-1DD8B3267F46,9EB5AAF9-4EC2-4BC1-B78F-A2C697BCE705,4,BROILER GROWER605 1,BROILER GROWER,2026-07-22 23:14:19.547,2026-07-23 00:34:56.030,2026-07-23 00:36:00.553,4500.0,SOUDIOM Bicarbon,35,100.0,8.955,9.114586,Production Recipes
Server2,328A5CD1-C5B8-48A9-9EFF-1DD8B3267F46,9EB5AAF9-4EC2-4BC1-B78F-A2C697BCE705,4,BROILER GROWER605 1,BROILER GROWER,2026-07-22 23:14:19.547,2026-07-23 00:34:56.030,2026-07-23 00:36:00.553,4500.0,SOYA-,105,100.0,1619.145,1615.22,Production Recipes
Server2,328A5CD1-C5B8-48A9-9EFF-1DD8B3267F46,9EB5AAF9-4EC2-4BC1-B78F-A2C697BCE705,4,BROILER GROWER605 1,BROILER GROWER,2026-07-22 23:14:19.547,2026-07-23 00:34:56.030,2026-07-23 00:36:00.553,4500.0,Soya Oil,210,100.0,37.35,37.75,Production Recipes
Server2,328A5CD1-C5B8-48A9-9EFF-1DD8B3267F46,9EB5AAF9-4EC2-4BC1-B78F-A2C697BCE705,4,BROILER GROWER605 1,BROILER GROWER,2026-07-22 23:14:19.547,2026-07-23 00:34:56.030,2026-07-23 00:36:00.553,4500.0,TermiN-8,33,100.0,6.75,0.0,Production Recipes
Server2,3BE345F3-2630-4418-85BA-465611B23A47,9EB5AAF9-4EC2-4BC1-B78F-A2C697BCE705,4,BROILER STARTER603 4,BROILER STARTER,2026-07-22 23:13:30.397,2026-07-23 00:26:54.913,2026-07-23 00:28:00.503,4500.0,BETAIN HCL,142,100.0,2.25,2.673611,Production Recipes
Server2,3BE345F3-2630-4418-85BA-465611B23A47,9EB5AAF9-4EC2-4BC1-B78F-A2C697BCE705,4,BROILER STARTER603 4,BROILER STARTER,2026-07-22 23:13:30.397,2026-07-23 00:26:54.913,2026-07-23 00:28:00.503,4500.0,BIOSTRONG 510,140,100.0,0.675,0.7899306,Production Recipes
Server2,3BE345F3-2630-4418-85BA-465611B23A47,9EB5AAF9-4EC2-4BC1-B78F-A2C697BCE705,4,BROILER STARTER603 4,BROILER STARTER,2026-07-22 23:13:30.397,2026-07-23 00:26:54.913,2026-07-23 00:28:00.503,4500.0,Broiler Mineral Mix,31,100.0,4.5,5.917245,Production Recipes
Server2,3BE345F3-2630-4418-85BA-465611B23A47,9EB5AAF9-4EC2-4BC1-B78F-A2C697BCE705,4,BROILER STARTER603 4,BROILER STARTER,2026-07-22 23:13:30.397,2026-07-23 00:26:54.913,2026-07-23 00:28:00.503,4500.0,KENZYME PRO,77,100.0,2.7,3.559028,Production Recipes
Server2,3BE345F3-2630-4418-85BA-465611B23A47,9EB5AAF9-4EC2-4BC1-B78F-A2C697BCE705,4,BROILER STARTER603 4,BROILER STARTER,2026-07-22 23:13:30.397,2026-07-23 00:26:54.913,2026-07-23 00:28:00.503,4500.0,Limestone,113,100.0,65.07,77.51733,Production Recipes
Server2,3BE345F3-2630-4418-85BA-465611B23A47,9EB5AAF9-4EC2-4BC1-B78F-A2C697BCE705,4,BROILER STARTER603 4,BROILER STARTER,2026-07-22 23:13:30.397,2026-07-23 00:26:54.913,2026-07-23 00:28:00.503,4500.0,LYSOFORTE DRY,30,100.0,0.9,0.8810763,Production Recipes
Server2,3BE345F3-2630-4418-85BA-465611B23A47,9EB5AAF9-4EC2-4BC1-B78F-A2C697BCE705,4,BROILER STARTER603 4,BROILER STARTER,2026-07-22 23:13:30.397,2026-07-23 00:26:54.913,2026-07-23 00:28:00.503,4500.0,Maize,100,100.0,2688.75,2691.117,Production Recipes
Server2,3BE345F3-2630-4418-85BA-465611B23A47,9EB5AAF9-4EC2-4BC1-B78F-A2C697BCE705,4,BROILER STARTER603 4,BROILER STARTER,2026-07-22 23:13:30.397,2026-07-23 00:26:54.913,2026-07-23 00:28:00.503,4500.0,Methionine,12,100.0,13.95,14.03356,Production Recipes
Server2,3BE345F3-2630-4418-85BA-465611B23A47,9EB5AAF9-4EC2-4BC1-B78F-A2C697BCE705,4,BROILER STARTER603 4,BROILER STARTER,2026-07-22 23:13:30.397,2026-07-23 00:26:54.913,2026-07-23 00:28:00.503,4500.0,Monocalcium Phos,204,100.0,42.03,42.24537,Production Recipes
Server2,3BE345F3-2630-4418-85BA-465611B23A47,9EB5AAF9-4EC2-4BC1-B78F-A2C697BCE705,4,BROILER STARTER603 4,BROILER STARTER,2026-07-22 23:13:30.397,2026-07-23 00:26:54.913,2026-07-23 00:28:00.503,4500.0,NOVELA ECL,6,100.0,0.45,0.5396412,Production Recipes
Server2,3BE345F3-2630-4418-85BA-465611B23A47,9EB5AAF9-4EC2-4BC1-B78F-A2C697BCE705,4,BROILER STARTER603 4,BROILER STARTER,2026-07-22 23:13:30.397,2026-07-23 00:26:54.913,2026-07-23 00:28:00.503,4500.0,Provi Oxi Stop,21,100.0,0.45,1.090857,Production Recipes
Server2,3BE345F3-2630-4418-85BA-465611B23A47,9EB5AAF9-4EC2-4BC1-B78F-A2C697BCE705,4,BROILER STARTER603 4,BROILER STARTER,2026-07-22 23:13:30.397,2026-07-23 00:26:54.913,2026-07-23 00:28:00.503,4500.0,Rovabio P10,176,100.0,2.25,3.449075,Production Recipes
Server2,3BE345F3-2630-4418-85BA-465611B23A47,9EB5AAF9-4EC2-4BC1-B78F-A2C697BCE705,4,BROILER STARTER603 4,BROILER STARTER,2026-07-22 23:13:30.397,2026-07-23 00:26:54.913,2026-07-23 00:28:00.503,4500.0,Sacox (500g),91,100.0,2.25,3.466435,Production Recipes
Server2,3BE345F3-2630-4418-85BA-465611B23A47,9EB5AAF9-4EC2-4BC1-B78F-A2C697BCE705,4,BROILER STARTER603 4,BROILER STARTER,2026-07-22 23:13:30.397,2026-07-23 00:26:54.913,2026-07-23 00:28:00.503,4500.0,Salt,202,100.0,12.105,12.0081,Production Recipes
Server2,3BE345F3-2630-4418-85BA-465611B23A47,9EB5AAF9-4EC2-4BC1-B78F-A2C697BCE705,4,BROILER STARTER603 4,BROILER STARTER,2026-07-22 23:13:30.397,2026-07-23 00:26:54.913,2026-07-23 00:28:00.503,4500.0,SOLIS,124,100.0,6.75,7.08912,Production Recipes
Server2,3BE345F3-2630-4418-85BA-465611B23A47,9EB5AAF9-4EC2-4BC1-B78F-A2C697BCE705,4,BROILER STARTER603 4,BROILER STARTER,2026-07-22 23:13:30.397,2026-07-23 00:26:54.913,2026-07-23 00:28:00.503,4500.0,SOUDIOM Bicarbon,35,100.0,9.81,9.982643,Production Recipes
Server2,3BE345F3-2630-4418-85BA-465611B23A47,9EB5AAF9-4EC2-4BC1-B78F-A2C697BCE705,4,BROILER STARTER603 4,BROILER STARTER,2026-07-22 23:13:30.397,2026-07-23 00:26:54.913,2026-07-23 00:28:00.503,4500.0,SOYA-,105,100.0,1755.0,1737.818,Production Recipes
Server2,3BE345F3-2630-4418-85BA-465611B23A47,9EB5AAF9-4EC2-4BC1-B78F-A2C697BCE705,4,BROILER STARTER603 4,BROILER STARTER,2026-07-22 23:13:30.397,2026-07-23 00:26:54.913,2026-07-23 00:28:00.503,4500.0,Soya Oil,210,100.0,14.58,15.25,Production Recipes
Server2,3BE345F3-2630-4418-85BA-465611B23A47,9EB5AAF9-4EC2-4BC1-B78F-A2C697BCE705,4,BROILER STARTER603 4,BROILER STARTER,2026-07-22 23:13:30.397,2026-07-23 00:26:54.913,2026-07-23 00:28:00.503,4500.0,TermiN-8,33,100.0,6.75,0.0,Production Recipes
Server2,CF7025E3-AB4D-4E2F-8EE0-ECDFDF757143,9EB5AAF9-4EC2-4BC1-B78F-A2C697BCE705,4,BROILER STARTER603 3,BROILER STARTER,2026-07-22 23:13:28.443,2026-07-23 00:21:52.760,2026-07-23 00:22:57.143,4500.0,BETAIN HCL,142,100.0,2.25,2.239583,Production Recipes
Server2,CF7025E3-AB4D-4E2F-8EE0-ECDFDF757143,9EB5AAF9-4EC2-4BC1-B78F-A2C697BCE705,4,BROILER STARTER603 3,BROILER STARTER,2026-07-22 23:13:28.443,2026-07-23 00:21:52.760,2026-07-23 00:22:57.143,4500.0,BIOSTRONG 510,140,100.0,0.675,0.7595487,Production Recipes
Server2,CF7025E3-AB4D-4E2F-8EE0-ECDFDF757143,9EB5AAF9-4EC2-4BC1-B78F-A2C697BCE705,4,BROILER STARTER603 3,BROILER STARTER,2026-07-22 23:13:28.443,2026-07-23 00:21:52.760,2026-07-23 00:22:57.143,4500.0,Broiler Mineral Mix,31,100.0,4.5,6.944445,Production Recipes
Server2,CF7025E3-AB4D-4E2F-8EE0-ECDFDF757143,9EB5AAF9-4EC2-4BC1-B78F-A2C697BCE705,4,BROILER STARTER603 3,BROILER STARTER,2026-07-22 23:13:28.443,2026-07-23 00:21:52.760,2026-07-23 00:22:57.143,4500.0,KENZYME PRO,77,100.0,2.7,2.82118,Production Recipes
Server2,CF7025E3-AB4D-4E2F-8EE0-ECDFDF757143,9EB5AAF9-4EC2-4BC1-B78F-A2C697BCE705,4,BROILER STARTER603 3,BROILER STARTER,2026-07-22 23:13:28.443,2026-07-23 00:21:52.760,2026-07-23 00:22:57.143,4500.0,Limestone,113,100.0,65.07,70.92004,Production Recipes
Server2,CF7025E3-AB4D-4E2F-8EE0-ECDFDF757143,9EB5AAF9-4EC2-4BC1-B78F-A2C697BCE705,4,BROILER STARTER603 3,BROILER STARTER,2026-07-22 23:13:28.443,2026-07-23 00:21:52.760,2026-07-23 00:22:57.143,4500.0,LYSOFORTE DRY,30,100.0,0.9,1.021412,Production Recipes
Server2,CF7025E3-AB4D-4E2F-8EE0-ECDFDF757143,9EB5AAF9-4EC2-4BC1-B78F-A2C697BCE705,4,BROILER STARTER603 3,BROILER STARTER,2026-07-22 23:13:28.443,2026-07-23 00:21:52.760,2026-07-23 00:22:57.143,4500.0,Maize,100,100.0,2688.75,2679.977,Production Recipes
Server2,CF7025E3-AB4D-4E2F-8EE0-ECDFDF757143,9EB5AAF9-4EC2-4BC1-B78F-A2C697BCE705,4,BROILER STARTER603 3,BROILER STARTER,2026-07-22 23:13:28.443,2026-07-23 00:21:52.760,2026-07-23 00:22:57.143,4500.0,Methionine,12,100.0,13.95,14.03356,Production Recipes
Server2,CF7025E3-AB4D-4E2F-8EE0-ECDFDF757143,9EB5AAF9-4EC2-4BC1-B78F-A2C697BCE705,4,BROILER STARTER603 3,BROILER STARTER,2026-07-22 23:13:28.443,2026-07-23 00:21:52.760,2026-07-23 00:22:57.143,4500.0,Monocalcium Phos,204,100.0,42.03,42.24537,Production Recipes
Server2,CF7025E3-AB4D-4E2F-8EE0-ECDFDF757143,9EB5AAF9-4EC2-4BC1-B78F-A2C697BCE705,4,BROILER STARTER603 3,BROILER STARTER,2026-07-22 23:13:28.443,2026-07-23 00:21:52.760,2026-07-23 00:22:57.143,4500.0,NOVELA ECL,6,100.0,0.45,0.5512153,Production Recipes
Server2,CF7025E3-AB4D-4E2F-8EE0-ECDFDF757143,9EB5AAF9-4EC2-4BC1-B78F-A2C697BCE705,4,BROILER STARTER603 3,BROILER STARTER,2026-07-22 23:13:28.443,2026-07-23 00:21:52.760,2026-07-23 00:22:57.143,4500.0,Provi Oxi Stop,21,100.0,0.45,0.9505208,Production Recipes
Server2,CF7025E3-AB4D-4E2F-8EE0-ECDFDF757143,9EB5AAF9-4EC2-4BC1-B78F-A2C697BCE705,4,BROILER STARTER603 3,BROILER STARTER,2026-07-22 23:13:28.443,2026-07-23 00:21:52.760,2026-07-23 00:22:57.143,4500.0,Rovabio P10,176,100.0,2.25,2.887732,Production Recipes
Server2,CF7025E3-AB4D-4E2F-8EE0-ECDFDF757143,9EB5AAF9-4EC2-4BC1-B78F-A2C697BCE705,4,BROILER STARTER603 3,BROILER STARTER,2026-07-22 23:13:28.443,2026-07-23 00:21:52.760,2026-07-23 00:22:57.143,4500.0,Sacox (500g),91,100.0,2.25,3.831019,Production Recipes
Server2,CF7025E3-AB4D-4E2F-8EE0-ECDFDF757143,9EB5AAF9-4EC2-4BC1-B78F-A2C697BCE705,4,BROILER STARTER603 3,BROILER STARTER,2026-07-22 23:13:28.443,2026-07-23 00:21:52.760,2026-07-23 00:22:57.143,4500.0,Salt,202,100.0,12.105,13.16551,Production Recipes
Server2,CF7025E3-AB4D-4E2F-8EE0-ECDFDF757143,9EB5AAF9-4EC2-4BC1-B78F-A2C697BCE705,4,BROILER STARTER603 3,BROILER STARTER,2026-07-22 23:13:28.443,2026-07-23 00:21:52.760,2026-07-23 00:22:57.143,4500.0,SOLIS,124,100.0,6.75,7.783565,Production Recipes
Server2,CF7025E3-AB4D-4E2F-8EE0-ECDFDF757143,9EB5AAF9-4EC2-4BC1-B78F-A2C697BCE705,4,BROILER STARTER603 3,BROILER STARTER,2026-07-22 23:13:28.443,2026-07-23 00:21:52.760,2026-07-23 00:22:57.143,4500.0,SOUDIOM Bicarbon,35,100.0,9.81,9.982635,Production Recipes
Server2,CF7025E3-AB4D-4E2F-8EE0-ECDFDF757143,9EB5AAF9-4EC2-4BC1-B78F-A2C697BCE705,4,BROILER STARTER603 3,BROILER STARTER,2026-07-22 23:13:28.443,2026-07-23 00:21:52.760,2026-07-23 00:22:57.143,4500.0,SOYA-,105,100.0,1755.0,1741.667,Production Recipes
Server2,CF7025E3-AB4D-4E2F-8EE0-ECDFDF757143,9EB5AAF9-4EC2-4BC1-B78F-A2C697BCE705,4,BROILER STARTER603 3,BROILER STARTER,2026-07-22 23:13:28.443,2026-07-23 00:21:52.760,2026-07-23 00:22:57.143,4500.0,Soya Oil,210,100.0,14.58,15.0,Production Recipes
Server2,CF7025E3-AB4D-4E2F-8EE0-ECDFDF757143,9EB5AAF9-4EC2-4BC1-B78F-A2C697BCE705,4,BROILER STARTER603 3,BROILER STARTER,2026-07-22 23:13:28.443,2026-07-23 00:21:52.760,2026-07-23 00:22:57.143,4500.0,TermiN-8,33,100.0,6.75,0.0,Production Recipes
Server2,377A216A-9D72-4CD4-9DFC-0880F382D1D5,9EB5AAF9-4EC2-4BC1-B78F-A2C697BCE705,4,BROILER STARTER603 2,BROILER STARTER,2026-07-22 23:13:22.357,2026-07-23 00:17:06.617,2026-07-23 00:18:10.133,4500.0,BETAIN HCL,142,100.0,2.25,2.5,Production Recipes
Server2,377A216A-9D72-4CD4-9DFC-0880F382D1D5,9EB5AAF9-4EC2-4BC1-B78F-A2C697BCE705,4,BROILER STARTER603 2,BROILER STARTER,2026-07-22 23:13:22.357,2026-07-23 00:17:06.617,2026-07-23 00:18:10.133,4500.0,BIOSTRONG 510,140,100.0,0.675,0.7306135,Production Recipes
Server2,377A216A-9D72-4CD4-9DFC-0880F382D1D5,9EB5AAF9-4EC2-4BC1-B78F-A2C697BCE705,4,BROILER STARTER603 2,BROILER STARTER,2026-07-22 23:13:22.357,2026-07-23 00:17:06.617,2026-07-23 00:18:10.133,4500.0,Broiler Mineral Mix,31,100.0,4.5,6.814236,Production Recipes
Server2,377A216A-9D72-4CD4-9DFC-0880F382D1D5,9EB5AAF9-4EC2-4BC1-B78F-A2C697BCE705,4,BROILER STARTER603 2,BROILER STARTER,2026-07-22 23:13:22.357,2026-07-23 00:17:06.617,2026-07-23 00:18:10.133,4500.0,KENZYME PRO,77,100.0,2.7,3.023727,Production Recipes
Server2,377A216A-9D72-4CD4-9DFC-0880F382D1D5,9EB5AAF9-4EC2-4BC1-B78F-A2C697BCE705,4,BROILER STARTER603 2,BROILER STARTER,2026-07-22 23:13:22.357,2026-07-23 00:17:06.617,2026-07-23 00:18:10.133,4500.0,Limestone,113,100.0,65.07,72.56946,Production Recipes
Server2,377A216A-9D72-4CD4-9DFC-0880F382D1D5,9EB5AAF9-4EC2-4BC1-B78F-A2C697BCE705,4,BROILER STARTER603 2,BROILER STARTER,2026-07-22 23:13:22.357,2026-07-23 00:17:06.617,2026-07-23 00:18:10.133,4500.0,LYSOFORTE DRY,30,100.0,0.9,0.8506945,Production Recipes
Server2,377A216A-9D72-4CD4-9DFC-0880F382D1D5,9EB5AAF9-4EC2-4BC1-B78F-A2C697BCE705,4,BROILER STARTER603 2,BROILER STARTER,2026-07-22 23:13:22.357,2026-07-23 00:17:06.617,2026-07-23 00:18:10.133,4500.0,Maize,100,100.0,2688.75,2684.751,Production Recipes
Server2,377A216A-9D72-4CD4-9DFC-0880F382D1D5,9EB5AAF9-4EC2-4BC1-B78F-A2C697BCE705,4,BROILER STARTER603 2,BROILER STARTER,2026-07-22 23:13:22.357,2026-07-23 00:17:06.617,2026-07-23 00:18:10.133,4500.0,Methionine,12,100.0,13.95,14.03356,Production Recipes
Server2,377A216A-9D72-4CD4-9DFC-0880F382D1D5,9EB5AAF9-4EC2-4BC1-B78F-A2C697BCE705,4,BROILER STARTER603 2,BROILER STARTER,2026-07-22 23:13:22.357,2026-07-23 00:17:06.617,2026-07-23 00:18:10.133,4500.0,Monocalcium Phos,204,100.0,42.03,42.24537,Production Recipes
Server2,377A216A-9D72-4CD4-9DFC-0880F382D1D5,9EB5AAF9-4EC2-4BC1-B78F-A2C697BCE705,4,BROILER STARTER603 2,BROILER STARTER,2026-07-22 23:13:22.357,2026-07-23 00:17:06.617,2026-07-23 00:18:10.133,4500.0,NOVELA ECL,6,100.0,0.45,0.4991319,Production Recipes
Server2,377A216A-9D72-4CD4-9DFC-0880F382D1D5,9EB5AAF9-4EC2-4BC1-B78F-A2C697BCE705,4,BROILER STARTER603 2,BROILER STARTER,2026-07-22 23:13:22.357,2026-07-23 00:17:06.617,2026-07-23 00:18:10.133,4500.0,Provi Oxi Stop,21,100.0,0.45,0.9707754,Production Recipes
Server2,377A216A-9D72-4CD4-9DFC-0880F382D1D5,9EB5AAF9-4EC2-4BC1-B78F-A2C697BCE705,4,BROILER STARTER603 2,BROILER STARTER,2026-07-22 23:13:22.357,2026-07-23 00:17:06.617,2026-07-23 00:18:10.133,4500.0,Rovabio P10,176,100.0,2.25,2.893518,Production Recipes
Server2,377A216A-9D72-4CD4-9DFC-0880F382D1D5,9EB5AAF9-4EC2-4BC1-B78F-A2C697BCE705,4,BROILER STARTER603 2,BROILER STARTER,2026-07-22 23:13:22.357,2026-07-23 00:17:06.617,2026-07-23 00:18:10.133,4500.0,Sacox (500g),91,100.0,2.25,2.928241,Production Recipes
Server2,377A216A-9D72-4CD4-9DFC-0880F382D1D5,9EB5AAF9-4EC2-4BC1-B78F-A2C697BCE705,4,BROILER STARTER603 2,BROILER STARTER,2026-07-22 23:13:22.357,2026-07-23 00:17:06.617,2026-07-23 00:18:10.133,4500.0,Salt,202,100.0,12.105,12.0081,Production Recipes
Server2,377A216A-9D72-4CD4-9DFC-0880F382D1D5,9EB5AAF9-4EC2-4BC1-B78F-A2C697BCE705,4,BROILER STARTER603 2,BROILER STARTER,2026-07-22 23:13:22.357,2026-07-23 00:17:06.617,2026-07-23 00:18:10.133,4500.0,SOLIS,124,100.0,6.75,7.798032,Production Recipes
Server2,377A216A-9D72-4CD4-9DFC-0880F382D1D5,9EB5AAF9-4EC2-4BC1-B78F-A2C697BCE705,4,BROILER STARTER603 2,BROILER STARTER,2026-07-22 23:13:22.357,2026-07-23 00:17:06.617,2026-07-23 00:18:10.133,4500.0,SOUDIOM Bicarbon,35,100.0,9.81,9.982643,Production Recipes
Server2,377A216A-9D72-4CD4-9DFC-0880F382D1D5,9EB5AAF9-4EC2-4BC1-B78F-A2C697BCE705,4,BROILER STARTER603 2,BROILER STARTER,2026-07-22 23:13:22.357,2026-07-23 00:17:06.617,2026-07-23 00:18:10.133,4500.0,SOYA-,105,100.0,1755.0,1751.013,Production Recipes
Server2,377A216A-9D72-4CD4-9DFC-0880F382D1D5,9EB5AAF9-4EC2-4BC1-B78F-A2C697BCE705,4,BROILER STARTER603 2,BROILER STARTER,2026-07-22 23:13:22.357,2026-07-23 00:17:06.617,2026-07-23 00:18:10.133,4500.0,Soya Oil,210,100.0,14.58,15.0,Production Recipes
Server2,377A216A-9D72-4CD4-9DFC-0880F382D1D5,9EB5AAF9-4EC2-4BC1-B78F-A2C697BCE705,4,BROILER STARTER603 2,BROILER STARTER,2026-07-22 23:13:22.357,2026-07-23 00:17:06.617,2026-07-23 00:18:10.133,4500.0,TermiN-8,33,100.0,6.75,0.0,Production Recipes
Server2,B6CBD4B0-6E41-48B3-AA92-949A60496BD5,9EB5AAF9-4EC2-4BC1-B78F-A2C697BCE705,4,BROILER STARTER603 1,BROILER STARTER,2026-07-22 23:13:20.407,2026-07-23 00:12:21.940,2026-07-23 00:13:25.947,4500.0,BETAIN HCL,142,100.0,2.25,0.6886573,Production Recipes
Server2,B6CBD4B0-6E41-48B3-AA92-949A60496BD5,9EB5AAF9-4EC2-4BC1-B78F-A2C697BCE705,4,BROILER STARTER603 1,BROILER STARTER,2026-07-22 23:13:20.407,2026-07-23 00:12:21.940,2026-07-23 00:13:25.947,4500.0,BIOSTRONG 510,140,100.0,0.675,0.7899306,Production Recipes
Server2,B6CBD4B0-6E41-48B3-AA92-949A60496BD5,9EB5AAF9-4EC2-4BC1-B78F-A2C697BCE705,4,BROILER STARTER603 1,BROILER STARTER,2026-07-22 23:13:20.407,2026-07-23 00:12:21.940,2026-07-23 00:13:25.947,4500.0,Broiler Mineral Mix,31,100.0,4.5,5.46875,Production Recipes
Server2,B6CBD4B0-6E41-48B3-AA92-949A60496BD5,9EB5AAF9-4EC2-4BC1-B78F-A2C697BCE705,4,BROILER STARTER603 1,BROILER STARTER,2026-07-22 23:13:20.407,2026-07-23 00:12:21.940,2026-07-23 00:13:25.947,4500.0,KENZYME PRO,77,100.0,2.7,3.399884,Production Recipes
Server2,B6CBD4B0-6E41-48B3-AA92-949A60496BD5,9EB5AAF9-4EC2-4BC1-B78F-A2C697BCE705,4,BROILER STARTER603 1,BROILER STARTER,2026-07-22 23:13:20.407,2026-07-23 00:12:21.940,2026-07-23 00:13:25.947,4500.0,Limestone,113,100.0,65.07,69.82056,Production Recipes
Server2,B6CBD4B0-6E41-48B3-AA92-949A60496BD5,9EB5AAF9-4EC2-4BC1-B78F-A2C697BCE705,4,BROILER STARTER603 1,BROILER STARTER,2026-07-22 23:13:20.407,2026-07-23 00:12:21.940,2026-07-23 00:13:25.947,4500.0,LYSOFORTE DRY,30,100.0,0.9,1.140046,Production Recipes
Server2,B6CBD4B0-6E41-48B3-AA92-949A60496BD5,9EB5AAF9-4EC2-4BC1-B78F-A2C697BCE705,4,BROILER STARTER603 1,BROILER STARTER,2026-07-22 23:13:20.407,2026-07-23 00:12:21.940,2026-07-23 00:13:25.947,4500.0,Maize,100,100.0,2688.75,2684.751,Production Recipes
Server2,B6CBD4B0-6E41-48B3-AA92-949A60496BD5,9EB5AAF9-4EC2-4BC1-B78F-A2C697BCE705,4,BROILER STARTER603 1,BROILER STARTER,2026-07-22 23:13:20.407,2026-07-23 00:12:21.940,2026-07-23 00:13:25.947,4500.0,Methionine,12,100.0,13.95,14.03356,Production Recipes
Server2,B6CBD4B0-6E41-48B3-AA92-949A60496BD5,9EB5AAF9-4EC2-4BC1-B78F-A2C697BCE705,4,BROILER STARTER603 1,BROILER STARTER,2026-07-22 23:13:20.407,2026-07-23 00:12:21.940,2026-07-23 00:13:25.947,4500.0,Monocalcium Phos,204,100.0,42.03,42.1007,Production Recipes
Server2,B6CBD4B0-6E41-48B3-AA92-949A60496BD5,9EB5AAF9-4EC2-4BC1-B78F-A2C697BCE705,4,BROILER STARTER603 1,BROILER STARTER,2026-07-22 23:13:20.407,2026-07-23 00:12:21.940,2026-07-23 00:13:25.947,4500.0,NOVELA ECL,6,100.0,0.45,0.5396412,Production Recipes
Server2,B6CBD4B0-6E41-48B3-AA92-949A60496BD5,9EB5AAF9-4EC2-4BC1-B78F-A2C697BCE705,4,BROILER STARTER603 1,BROILER STARTER,2026-07-22 23:13:20.407,2026-07-23 00:12:21.940,2026-07-23 00:13:25.947,4500.0,Provi Oxi Stop,21,100.0,0.45,0.859375,Production Recipes
Server2,B6CBD4B0-6E41-48B3-AA92-949A60496BD5,9EB5AAF9-4EC2-4BC1-B78F-A2C697BCE705,4,BROILER STARTER603 1,BROILER STARTER,2026-07-22 23:13:20.407,2026-07-23 00:12:21.940,2026-07-23 00:13:25.947,4500.0,Rovabio P10,176,100.0,2.25,3.200232,Production Recipes
Server2,B6CBD4B0-6E41-48B3-AA92-949A60496BD5,9EB5AAF9-4EC2-4BC1-B78F-A2C697BCE705,4,BROILER STARTER603 1,BROILER STARTER,2026-07-22 23:13:20.407,2026-07-23 00:12:21.940,2026-07-23 00:13:25.947,4500.0,Sacox (500g),91,100.0,2.25,3.819445,Production Recipes
Server2,B6CBD4B0-6E41-48B3-AA92-949A60496BD5,9EB5AAF9-4EC2-4BC1-B78F-A2C697BCE705,4,BROILER STARTER603 1,BROILER STARTER,2026-07-22 23:13:20.407,2026-07-23 00:12:21.940,2026-07-23 00:13:25.947,4500.0,Salt,202,100.0,12.105,19.09722,Production Recipes
Server2,B6CBD4B0-6E41-48B3-AA92-949A60496BD5,9EB5AAF9-4EC2-4BC1-B78F-A2C697BCE705,4,BROILER STARTER603 1,BROILER STARTER,2026-07-22 23:13:20.407,2026-07-23 00:12:21.940,2026-07-23 00:13:25.947,4500.0,SOLIS,124,100.0,6.75,7.378471,Production Recipes
Server2,B6CBD4B0-6E41-48B3-AA92-949A60496BD5,9EB5AAF9-4EC2-4BC1-B78F-A2C697BCE705,4,BROILER STARTER603 1,BROILER STARTER,2026-07-22 23:13:20.407,2026-07-23 00:12:21.940,2026-07-23 00:13:25.947,4500.0,SOUDIOM Bicarbon,35,100.0,9.81,10.12731,Production Recipes
Server2,B6CBD4B0-6E41-48B3-AA92-949A60496BD5,9EB5AAF9-4EC2-4BC1-B78F-A2C697BCE705,4,BROILER STARTER603 1,BROILER STARTER,2026-07-22 23:13:20.407,2026-07-23 00:12:21.940,2026-07-23 00:13:25.947,4500.0,SOYA-,105,100.0,1755.0,1744.415,Production Recipes
Server2,B6CBD4B0-6E41-48B3-AA92-949A60496BD5,9EB5AAF9-4EC2-4BC1-B78F-A2C697BCE705,4,BROILER STARTER603 1,BROILER STARTER,2026-07-22 23:13:20.407,2026-07-23 00:12:21.940,2026-07-23 00:13:25.947,4500.0,Soya Oil,210,100.0,14.58,15.0,Production Recipes
Server2,B6CBD4B0-6E41-48B3-AA92-949A60496BD5,9EB5AAF9-4EC2-4BC1-B78F-A2C697BCE705,4,BROILER STARTER603 1,BROILER STARTER,2026-07-22 23:13:20.407,2026-07-23 00:12:21.940,2026-07-23 00:13:25.947,4500.0,TermiN-8,33,100.0,6.75,0.0,Production Recipes
Server2,50B36DED-A023-4259-938C-35A2AD4BFB6B,9EB5AAF9-4EC2-4BC1-B78F-A2C697BCE705,4,BROILER STARTER604 4,BROILER STARTER,2026-07-22 22:01:59.350,2026-07-23 00:03:37.917,2026-07-23 00:04:41.917,4500.0,BETAIN HCL,142,100.0,2.25,2.320602,Production Recipes
Server2,50B36DED-A023-4259-938C-35A2AD4BFB6B,9EB5AAF9-4EC2-4BC1-B78F-A2C697BCE705,4,BROILER STARTER604 4,BROILER STARTER,2026-07-22 22:01:59.350,2026-07-23 00:03:37.917,2026-07-23 00:04:41.917,4500.0,BIOSTRONG 510,140,100.0,0.675,0.7494213,Production Recipes
Server2,50B36DED-A023-4259-938C-35A2AD4BFB6B,9EB5AAF9-4EC2-4BC1-B78F-A2C697BCE705,4,BROILER STARTER604 4,BROILER STARTER,2026-07-22 22:01:59.350,2026-07-23 00:03:37.917,2026-07-23 00:04:41.917,4500.0,Broiler Mineral Mix,31,100.0,4.5,6.741898,Production Recipes
Server2,50B36DED-A023-4259-938C-35A2AD4BFB6B,9EB5AAF9-4EC2-4BC1-B78F-A2C697BCE705,4,BROILER STARTER604 4,BROILER STARTER,2026-07-22 22:01:59.350,2026-07-23 00:03:37.917,2026-07-23 00:04:41.917,4500.0,KENZYME PRO,77,100.0,2.7,3.472222,Production Recipes
Server2,50B36DED-A023-4259-938C-35A2AD4BFB6B,9EB5AAF9-4EC2-4BC1-B78F-A2C697BCE705,4,BROILER STARTER604 4,BROILER STARTER,2026-07-22 22:01:59.350,2026-07-23 00:03:37.917,2026-07-23 00:04:41.917,4500.0,Limestone,113,100.0,65.07,73.66895,Production Recipes
Server2,50B36DED-A023-4259-938C-35A2AD4BFB6B,9EB5AAF9-4EC2-4BC1-B78F-A2C697BCE705,4,BROILER STARTER604 4,BROILER STARTER,2026-07-22 22:01:59.350,2026-07-23 00:03:37.917,2026-07-23 00:04:41.917,4500.0,LYSOFORTE DRY,30,100.0,0.9,1.041667,Production Recipes
Server2,50B36DED-A023-4259-938C-35A2AD4BFB6B,9EB5AAF9-4EC2-4BC1-B78F-A2C697BCE705,4,BROILER STARTER604 4,BROILER STARTER,2026-07-22 22:01:59.350,2026-07-23 00:03:37.917,2026-07-23 00:04:41.917,4500.0,Maize,100,100.0,2688.75,2699.074,Production Recipes
Server2,50B36DED-A023-4259-938C-35A2AD4BFB6B,9EB5AAF9-4EC2-4BC1-B78F-A2C697BCE705,4,BROILER STARTER604 4,BROILER STARTER,2026-07-22 22:01:59.350,2026-07-23 00:03:37.917,2026-07-23 00:04:41.917,4500.0,Methionine,12,100.0,13.95,14.03356,Production Recipes
Server2,50B36DED-A023-4259-938C-35A2AD4BFB6B,9EB5AAF9-4EC2-4BC1-B78F-A2C697BCE705,4,BROILER STARTER604 4,BROILER STARTER,2026-07-22 22:01:59.350,2026-07-23 00:03:37.917,2026-07-23 00:04:41.917,4500.0,Monocalcium Phos,204,100.0,42.03,42.24537,Production Recipes
Server2,50B36DED-A023-4259-938C-35A2AD4BFB6B,9EB5AAF9-4EC2-4BC1-B78F-A2C697BCE705,4,BROILER STARTER604 4,BROILER STARTER,2026-07-22 22:01:59.350,2026-07-23 00:03:37.917,2026-07-23 00:04:41.917,4500.0,NOVELA ECL,6,100.0,0.45,0.5497685,Production Recipes
Server2,50B36DED-A023-4259-938C-35A2AD4BFB6B,9EB5AAF9-4EC2-4BC1-B78F-A2C697BCE705,4,BROILER STARTER604 4,BROILER STARTER,2026-07-22 22:01:59.350,2026-07-23 00:03:37.917,2026-07-23 00:04:41.917,4500.0,Provi Oxi Stop,21,100.0,0.45,0.4701967,Production Recipes
Server2,50B36DED-A023-4259-938C-35A2AD4BFB6B,9EB5AAF9-4EC2-4BC1-B78F-A2C697BCE705,4,BROILER STARTER604 4,BROILER STARTER,2026-07-22 22:01:59.350,2026-07-23 00:03:37.917,2026-07-23 00:04:41.917,4500.0,Rovabio P10,176,100.0,2.25,2.783565,Production Recipes
Server2,50B36DED-A023-4259-938C-35A2AD4BFB6B,9EB5AAF9-4EC2-4BC1-B78F-A2C697BCE705,4,BROILER STARTER604 4,BROILER STARTER,2026-07-22 22:01:59.350,2026-07-23 00:03:37.917,2026-07-23 00:04:41.917,4500.0,Sacox (500g),91,100.0,2.25,3.402778,Production Recipes
Server2,50B36DED-A023-4259-938C-35A2AD4BFB6B,9EB5AAF9-4EC2-4BC1-B78F-A2C697BCE705,4,BROILER STARTER604 4,BROILER STARTER,2026-07-22 22:01:59.350,2026-07-23 00:03:37.917,2026-07-23 00:04:41.917,4500.0,Salt,202,100.0,12.105,12.0081,Production Recipes
Server2,50B36DED-A023-4259-938C-35A2AD4BFB6B,9EB5AAF9-4EC2-4BC1-B78F-A2C697BCE705,4,BROILER STARTER604 4,BROILER STARTER,2026-07-22 22:01:59.350,2026-07-23 00:03:37.917,2026-07-23 00:04:41.917,4500.0,SOLIS,124,100.0,6.75,7.291666,Production Recipes
Server2,50B36DED-A023-4259-938C-35A2AD4BFB6B,9EB5AAF9-4EC2-4BC1-B78F-A2C697BCE705,4,BROILER STARTER604 4,BROILER STARTER,2026-07-22 22:01:59.350,2026-07-23 00:03:37.917,2026-07-23 00:04:41.917,4500.0,SOUDIOM Bicarbon,35,100.0,9.81,9.982643,Production Recipes
Server2,50B36DED-A023-4259-938C-35A2AD4BFB6B,9EB5AAF9-4EC2-4BC1-B78F-A2C697BCE705,4,BROILER STARTER604 4,BROILER STARTER,2026-07-22 22:01:59.350,2026-07-23 00:03:37.917,2026-07-23 00:04:41.917,4500.0,SOYA-,105,100.0,1755.0,1737.268,Production Recipes
Server2,50B36DED-A023-4259-938C-35A2AD4BFB6B,9EB5AAF9-4EC2-4BC1-B78F-A2C697BCE705,4,BROILER STARTER604 4,BROILER STARTER,2026-07-22 22:01:59.350,2026-07-23 00:03:37.917,2026-07-23 00:04:41.917,4500.0,Soya Oil,210,100.0,14.58,15.0,Production Recipes
Server2,50B36DED-A023-4259-938C-35A2AD4BFB6B,9EB5AAF9-4EC2-4BC1-B78F-A2C697BCE705,4,BROILER STARTER604 4,BROILER STARTER,2026-07-22 22:01:59.350,2026-07-23 00:03:37.917,2026-07-23 00:04:41.917,4500.0,TermiN-8,33,100.0,6.75,0.0,Production Recipes
Server2,EE8517CA-7E7E-4840-9861-DF50B0C7CB42,9EB5AAF9-4EC2-4BC1-B78F-A2C697BCE705,4,BROILER STARTER604 3,BROILER STARTER,2026-07-22 22:01:57.343,2026-07-23 00:00:26.733,2026-07-23 00:01:29.880,4500.0,BETAIN HCL,142,100.0,2.25,2.575232,Production Recipes
Server2,EE8517CA-7E7E-4840-9861-DF50B0C7CB42,9EB5AAF9-4EC2-4BC1-B78F-A2C697BCE705,4,BROILER STARTER604 3,BROILER STARTER,2026-07-22 22:01:57.343,2026-07-23 00:00:26.733,2026-07-23 00:01:29.880,4500.0,BIOSTRONG 510,140,100.0,0.675,0.8101853,Production Recipes
Server2,EE8517CA-7E7E-4840-9861-DF50B0C7CB42,9EB5AAF9-4EC2-4BC1-B78F-A2C697BCE705,4,BROILER STARTER604 3,BROILER STARTER,2026-07-22 22:01:57.343,2026-07-23 00:00:26.733,2026-07-23 00:01:29.880,4500.0,Broiler Mineral Mix,31,100.0,4.5,6.886574,Production Recipes
Server2,EE8517CA-7E7E-4840-9861-DF50B0C7CB42,9EB5AAF9-4EC2-4BC1-B78F-A2C697BCE705,4,BROILER STARTER604 3,BROILER STARTER,2026-07-22 22:01:57.343,2026-07-23 00:00:26.733,2026-07-23 00:01:29.880,4500.0,KENZYME PRO,77,100.0,2.7,2.936921,Production Recipes
Server2,EE8517CA-7E7E-4840-9861-DF50B0C7CB42,9EB5AAF9-4EC2-4BC1-B78F-A2C697BCE705,4,BROILER STARTER604 3,BROILER STARTER,2026-07-22 22:01:57.343,2026-07-23 00:00:26.733,2026-07-23 00:01:29.880,4500.0,Limestone,113,100.0,65.07,73.66895,Production Recipes
Server2,EE8517CA-7E7E-4840-9861-DF50B0C7CB42,9EB5AAF9-4EC2-4BC1-B78F-A2C697BCE705,4,BROILER STARTER604 3,BROILER STARTER,2026-07-22 22:01:57.343,2026-07-23 00:00:26.733,2026-07-23 00:01:29.880,4500.0,LYSOFORTE DRY,30,100.0,0.9,0.9519677,Production Recipes
Server2,EE8517CA-7E7E-4840-9861-DF50B0C7CB42,9EB5AAF9-4EC2-4BC1-B78F-A2C697BCE705,4,BROILER STARTER604 3,BROILER STARTER,2026-07-22 22:01:57.343,2026-07-23 00:00:26.733,2026-07-23 00:01:29.880,4500.0,Maize,100,100.0,2688.75,2691.117,Production Recipes
Server2,EE8517CA-7E7E-4840-9861-DF50B0C7CB42,9EB5AAF9-4EC2-4BC1-B78F-A2C697BCE705,4,BROILER STARTER604 3,BROILER STARTER,2026-07-22 22:01:57.343,2026-07-23 00:00:26.733,2026-07-23 00:01:29.880,4500.0,Methionine,12,100.0,13.95,14.03356,Production Recipes
Server2,EE8517CA-7E7E-4840-9861-DF50B0C7CB42,9EB5AAF9-4EC2-4BC1-B78F-A2C697BCE705,4,BROILER STARTER604 3,BROILER STARTER,2026-07-22 22:01:57.343,2026-07-23 00:00:26.733,2026-07-23 00:01:29.880,4500.0,Monocalcium Phos,204,100.0,42.03,42.24537,Production Recipes
Server2,EE8517CA-7E7E-4840-9861-DF50B0C7CB42,9EB5AAF9-4EC2-4BC1-B78F-A2C697BCE705,4,BROILER STARTER604 3,BROILER STARTER,2026-07-22 22:01:57.343,2026-07-23 00:00:26.733,2026-07-23 00:01:29.880,4500.0,NOVELA ECL,6,100.0,0.45,0.5902778,Production Recipes
Server2,EE8517CA-7E7E-4840-9861-DF50B0C7CB42,9EB5AAF9-4EC2-4BC1-B78F-A2C697BCE705,4,BROILER STARTER604 3,BROILER STARTER,2026-07-22 22:01:57.343,2026-07-23 00:00:26.733,2026-07-23 00:01:29.880,4500.0,Provi Oxi Stop,21,100.0,0.45,1.180556,Production Recipes
Server2,EE8517CA-7E7E-4840-9861-DF50B0C7CB42,9EB5AAF9-4EC2-4BC1-B78F-A2C697BCE705,4,BROILER STARTER604 3,BROILER STARTER,2026-07-22 22:01:57.343,2026-07-23 00:00:26.733,2026-07-23 00:01:29.880,4500.0,Rovabio P10,176,100.0,2.25,3.240741,Production Recipes
Server2,EE8517CA-7E7E-4840-9861-DF50B0C7CB42,9EB5AAF9-4EC2-4BC1-B78F-A2C697BCE705,4,BROILER STARTER604 3,BROILER STARTER,2026-07-22 22:01:57.343,2026-07-23 00:00:26.733,2026-07-23 00:01:29.880,4500.0,Sacox (500g),91,100.0,2.25,3.385417,Production Recipes
Server2,EE8517CA-7E7E-4840-9861-DF50B0C7CB42,9EB5AAF9-4EC2-4BC1-B78F-A2C697BCE705,4,BROILER STARTER604 3,BROILER STARTER,2026-07-22 22:01:57.343,2026-07-23 00:00:26.733,2026-07-23 00:01:29.880,4500.0,Salt,202,100.0,12.105,13.16551,Production Recipes
Server2,EE8517CA-7E7E-4840-9861-DF50B0C7CB42,9EB5AAF9-4EC2-4BC1-B78F-A2C697BCE705,4,BROILER STARTER604 3,BROILER STARTER,2026-07-22 22:01:57.343,2026-07-23 00:00:26.733,2026-07-23 00:01:29.880,4500.0,SOLIS,124,100.0,6.75,7.118055,Production Recipes
Server2,EE8517CA-7E7E-4840-9861-DF50B0C7CB42,9EB5AAF9-4EC2-4BC1-B78F-A2C697BCE705,4,BROILER STARTER604 3,BROILER STARTER,2026-07-22 22:01:57.343,2026-07-23 00:00:26.733,2026-07-23 00:01:29.880,4500.0,SOUDIOM Bicarbon,35,100.0,9.81,9.982643,Production Recipes
Server2,EE8517CA-7E7E-4840-9861-DF50B0C7CB42,9EB5AAF9-4EC2-4BC1-B78F-A2C697BCE705,4,BROILER STARTER604 3,BROILER STARTER,2026-07-22 22:01:57.343,2026-07-23 00:00:26.733,2026-07-23 00:01:29.880,4500.0,SOYA-,105,100.0,1755.0,1743.866,Production Recipes
Server2,EE8517CA-7E7E-4840-9861-DF50B0C7CB42,9EB5AAF9-4EC2-4BC1-B78F-A2C697BCE705,4,BROILER STARTER604 3,BROILER STARTER,2026-07-22 22:01:57.343,2026-07-23 00:00:26.733,2026-07-23 00:01:29.880,4500.0,Soya Oil,210,100.0,14.58,15.0,Production Recipes
Server2,EE8517CA-7E7E-4840-9861-DF50B0C7CB42,9EB5AAF9-4EC2-4BC1-B78F-A2C697BCE705,4,BROILER STARTER604 3,BROILER STARTER,2026-07-22 22:01:57.343,2026-07-23 00:00:26.733,2026-07-23 00:01:29.880,4500.0,TermiN-8,33,100.0,6.75,0.0,Production Recipes
Server2,BC387F01-8B87-43BC-80F4-A6B5E1216088,9EB5AAF9-4EC2-4BC1-B78F-A2C697BCE705,4,BROILER GROWER602 4,BROILER GROWER,2026-07-22 22:01:42.403,2026-07-22 23:55:41.040,2026-07-22 23:56:45.360,4500.0,BETAIN HCL,142,100.0,2.25,2.372684,Production Recipes
Server2,BC387F01-8B87-43BC-80F4-A6B5E1216088,9EB5AAF9-4EC2-4BC1-B78F-A2C697BCE705,4,BROILER GROWER602 4,BROILER GROWER,2026-07-22 22:01:42.403,2026-07-22 23:55:41.040,2026-07-22 23:56:45.360,4500.0,BIOSTRONG 510,140,100.0,0.675,0.7508681,Production Recipes
Server2,BC387F01-8B87-43BC-80F4-A6B5E1216088,9EB5AAF9-4EC2-4BC1-B78F-A2C697BCE705,4,BROILER GROWER602 4,BROILER GROWER,2026-07-22 22:01:42.403,2026-07-22 23:55:41.040,2026-07-22 23:56:45.360,4500.0,Broiler Mineral Mix,31,100.0,4.05,5.555555,Production Recipes
Server2,BC387F01-8B87-43BC-80F4-A6B5E1216088,9EB5AAF9-4EC2-4BC1-B78F-A2C697BCE705,4,BROILER GROWER602 4,BROILER GROWER,2026-07-22 22:01:42.403,2026-07-22 23:55:41.040,2026-07-22 23:56:45.360,4500.0,Broiler Starter PX,69,100.0,4.05,5.804399,Production Recipes
Server2,BC387F01-8B87-43BC-80F4-A6B5E1216088,9EB5AAF9-4EC2-4BC1-B78F-A2C697BCE705,4,BROILER GROWER602 4,BROILER GROWER,2026-07-22 22:01:42.403,2026-07-22 23:55:41.040,2026-07-22 23:56:45.360,4500.0,Choline Chloride 60%,26,100.0,2.7,2.621528,Production Recipes
Server2,BC387F01-8B87-43BC-80F4-A6B5E1216088,9EB5AAF9-4EC2-4BC1-B78F-A2C697BCE705,4,BROILER GROWER602 4,BROILER GROWER,2026-07-22 22:01:42.403,2026-07-22 23:55:41.040,2026-07-22 23:56:45.360,4500.0,KENZYME PRO,77,100.0,2.7,2.936921,Production Recipes
Server2,BC387F01-8B87-43BC-80F4-A6B5E1216088,9EB5AAF9-4EC2-4BC1-B78F-A2C697BCE705,4,BROILER GROWER602 4,BROILER GROWER,2026-07-22 22:01:42.403,2026-07-22 23:55:41.040,2026-07-22 23:56:45.360,4500.0,Limestone,113,100.0,55.485,70.37036,Production Recipes
Server2,BC387F01-8B87-43BC-80F4-A6B5E1216088,9EB5AAF9-4EC2-4BC1-B78F-A2C697BCE705,4,BROILER GROWER602 4,BROILER GROWER,2026-07-22 22:01:42.403,2026-07-22 23:55:41.040,2026-07-22 23:56:45.360,4500.0,LYSOFORTE DRY,30,100.0,0.9,1.019965,Production Recipes
Server2,BC387F01-8B87-43BC-80F4-A6B5E1216088,9EB5AAF9-4EC2-4BC1-B78F-A2C697BCE705,4,BROILER GROWER602 4,BROILER GROWER,2026-07-22 22:01:42.403,2026-07-22 23:55:41.040,2026-07-22 23:56:45.360,4500.0,Maize,100,100.0,2679.705,2681.568,Production Recipes
Server2,BC387F01-8B87-43BC-80F4-A6B5E1216088,9EB5AAF9-4EC2-4BC1-B78F-A2C697BCE705,4,BROILER GROWER602 4,BROILER GROWER,2026-07-22 22:01:42.403,2026-07-22 23:55:41.040,2026-07-22 23:56:45.360,4500.0,Methionine,12,100.0,10.62,10.99537,Production Recipes
Server2,BC387F01-8B87-43BC-80F4-A6B5E1216088,9EB5AAF9-4EC2-4BC1-B78F-A2C697BCE705,4,BROILER GROWER602 4,BROILER GROWER,2026-07-22 22:01:42.403,2026-07-22 23:55:41.040,2026-07-22 23:56:45.360,4500.0,Monocalcium Phos,204,100.0,38.745,39.0625,Production Recipes
Server2,BC387F01-8B87-43BC-80F4-A6B5E1216088,9EB5AAF9-4EC2-4BC1-B78F-A2C697BCE705,4,BROILER GROWER602 4,BROILER GROWER,2026-07-22 22:01:42.403,2026-07-22 23:55:41.040,2026-07-22 23:56:45.360,4500.0,NOVELA ECL,6,100.0,0.45,1.219618,Production Recipes
Server2,BC387F01-8B87-43BC-80F4-A6B5E1216088,9EB5AAF9-4EC2-4BC1-B78F-A2C697BCE705,4,BROILER GROWER602 4,BROILER GROWER,2026-07-22 22:01:42.403,2026-07-22 23:55:41.040,2026-07-22 23:56:45.360,4500.0,Provi Oxi Stop,21,100.0,0.45,0.9114585,Production Recipes
Server2,BC387F01-8B87-43BC-80F4-A6B5E1216088,9EB5AAF9-4EC2-4BC1-B78F-A2C697BCE705,4,BROILER GROWER602 4,BROILER GROWER,2026-07-22 22:01:42.403,2026-07-22 23:55:41.040,2026-07-22 23:56:45.360,4500.0,Rovabio P10,176,100.0,2.25,3.032408,Production Recipes
Server2,BC387F01-8B87-43BC-80F4-A6B5E1216088,9EB5AAF9-4EC2-4BC1-B78F-A2C697BCE705,4,BROILER GROWER602 4,BROILER GROWER,2026-07-22 22:01:42.403,2026-07-22 23:55:41.040,2026-07-22 23:56:45.360,4500.0,Sacox (500g),91,100.0,2.25,3.836806,Production Recipes
Server2,BC387F01-8B87-43BC-80F4-A6B5E1216088,9EB5AAF9-4EC2-4BC1-B78F-A2C697BCE705,4,BROILER GROWER602 4,BROILER GROWER,2026-07-22 22:01:42.403,2026-07-22 23:55:41.040,2026-07-22 23:56:45.360,4500.0,Salt,202,100.0,12.96,14.03357,Production Recipes
Server2,BC387F01-8B87-43BC-80F4-A6B5E1216088,9EB5AAF9-4EC2-4BC1-B78F-A2C697BCE705,4,BROILER GROWER602 4,BROILER GROWER,2026-07-22 22:01:42.403,2026-07-22 23:55:41.040,2026-07-22 23:56:45.360,4500.0,SOLIS,124,100.0,6.75,7.190392,Production Recipes
Server2,BC387F01-8B87-43BC-80F4-A6B5E1216088,9EB5AAF9-4EC2-4BC1-B78F-A2C697BCE705,4,BROILER GROWER602 4,BROILER GROWER,2026-07-22 22:01:42.403,2026-07-22 23:55:41.040,2026-07-22 23:56:45.360,4500.0,SOUDIOM Bicarbon,35,100.0,8.955,9.114578,Production Recipes
Server2,BC387F01-8B87-43BC-80F4-A6B5E1216088,9EB5AAF9-4EC2-4BC1-B78F-A2C697BCE705,4,BROILER GROWER602 4,BROILER GROWER,2026-07-22 22:01:42.403,2026-07-22 23:55:41.040,2026-07-22 23:56:45.360,4500.0,SOYA-,105,100.0,1619.145,1610.272,Production Recipes
Server2,BC387F01-8B87-43BC-80F4-A6B5E1216088,9EB5AAF9-4EC2-4BC1-B78F-A2C697BCE705,4,BROILER GROWER602 4,BROILER GROWER,2026-07-22 22:01:42.403,2026-07-22 23:55:41.040,2026-07-22 23:56:45.360,4500.0,Soya Oil,210,100.0,37.35,37.75,Production Recipes
Server2,BC387F01-8B87-43BC-80F4-A6B5E1216088,9EB5AAF9-4EC2-4BC1-B78F-A2C697BCE705,4,BROILER GROWER602 4,BROILER GROWER,2026-07-22 22:01:42.403,2026-07-22 23:55:41.040,2026-07-22 23:56:45.360,4500.0,TermiN-8,33,100.0,6.75,0.0,Production Recipes
Server2,951C001F-50D1-4810-81BC-8AC2F4A5E404,9EB5AAF9-4EC2-4BC1-B78F-A2C697BCE705,4,BROILER GROWER602 3,BROILER GROWER,2026-07-22 22:01:20.137,2026-07-22 23:39:17.920,2026-07-22 23:40:22.417,4500.0,BETAIN HCL,142,100.0,2.25,3.269676,Production Recipes
Server2,951C001F-50D1-4810-81BC-8AC2F4A5E404,9EB5AAF9-4EC2-4BC1-B78F-A2C697BCE705,4,BROILER GROWER602 3,BROILER GROWER,2026-07-22 22:01:20.137,2026-07-22 23:39:17.920,2026-07-22 23:40:22.417,4500.0,BIOSTRONG 510,140,100.0,0.675,0.7609955,Production Recipes
Server2,951C001F-50D1-4810-81BC-8AC2F4A5E404,9EB5AAF9-4EC2-4BC1-B78F-A2C697BCE705,4,BROILER GROWER602 3,BROILER GROWER,2026-07-22 22:01:20.137,2026-07-22 23:39:17.920,2026-07-22 23:40:22.417,4500.0,Broiler Mineral Mix,31,100.0,4.05,6.626157,Production Recipes
Server2,951C001F-50D1-4810-81BC-8AC2F4A5E404,9EB5AAF9-4EC2-4BC1-B78F-A2C697BCE705,4,BROILER GROWER602 3,BROILER GROWER,2026-07-22 22:01:20.137,2026-07-22 23:39:17.920,2026-07-22 23:40:22.417,4500.0,Broiler Starter PX,69,100.0,4.05,5.260417,Production Recipes
Server2,951C001F-50D1-4810-81BC-8AC2F4A5E404,9EB5AAF9-4EC2-4BC1-B78F-A2C697BCE705,4,BROILER GROWER602 3,BROILER GROWER,2026-07-22 22:01:20.137,2026-07-22 23:39:17.920,2026-07-22 23:40:22.417,4500.0,Choline Chloride 60%,26,100.0,2.7,2.818288,Production Recipes
Server2,951C001F-50D1-4810-81BC-8AC2F4A5E404,9EB5AAF9-4EC2-4BC1-B78F-A2C697BCE705,4,BROILER GROWER602 3,BROILER GROWER,2026-07-22 22:01:20.137,2026-07-22 23:39:17.920,2026-07-22 23:40:22.417,4500.0,KENZYME PRO,77,100.0,2.7,3.211806,Production Recipes
Server2,951C001F-50D1-4810-81BC-8AC2F4A5E404,9EB5AAF9-4EC2-4BC1-B78F-A2C697BCE705,4,BROILER GROWER602 3,BROILER GROWER,2026-07-22 22:01:20.137,2026-07-22 23:39:17.920,2026-07-22 23:40:22.417,4500.0,Limestone,113,100.0,55.485,67.07178,Production Recipes
Server2,951C001F-50D1-4810-81BC-8AC2F4A5E404,9EB5AAF9-4EC2-4BC1-B78F-A2C697BCE705,4,BROILER GROWER602 3,BROILER GROWER,2026-07-22 22:01:20.137,2026-07-22 23:39:17.920,2026-07-22 23:40:22.417,4500.0,LYSOFORTE DRY,30,100.0,0.9,1.050347,Production Recipes
Server2,951C001F-50D1-4810-81BC-8AC2F4A5E404,9EB5AAF9-4EC2-4BC1-B78F-A2C697BCE705,4,BROILER GROWER602 3,BROILER GROWER,2026-07-22 22:01:20.137,2026-07-22 23:39:17.920,2026-07-22 23:40:22.417,4500.0,Maize,100,100.0,2679.705,2676.794,Production Recipes
Server2,951C001F-50D1-4810-81BC-8AC2F4A5E404,9EB5AAF9-4EC2-4BC1-B78F-A2C697BCE705,4,BROILER GROWER602 3,BROILER GROWER,2026-07-22 22:01:20.137,2026-07-22 23:39:17.920,2026-07-22 23:40:22.417,4500.0,Methionine,12,100.0,10.62,10.99537,Production Recipes
Server2,951C001F-50D1-4810-81BC-8AC2F4A5E404,9EB5AAF9-4EC2-4BC1-B78F-A2C697BCE705,4,BROILER GROWER602 3,BROILER GROWER,2026-07-22 22:01:20.137,2026-07-22 23:39:17.920,2026-07-22 23:40:22.417,4500.0,Monocalcium Phos,204,100.0,38.745,39.20717,Production Recipes
Server2,951C001F-50D1-4810-81BC-8AC2F4A5E404,9EB5AAF9-4EC2-4BC1-B78F-A2C697BCE705,4,BROILER GROWER602 3,BROILER GROWER,2026-07-22 22:01:20.137,2026-07-22 23:39:17.920,2026-07-22 23:40:22.417,4500.0,NOVELA ECL,6,100.0,0.45,0.5685765,Production Recipes
Server2,951C001F-50D1-4810-81BC-8AC2F4A5E404,9EB5AAF9-4EC2-4BC1-B78F-A2C697BCE705,4,BROILER GROWER602 3,BROILER GROWER,2026-07-22 22:01:20.137,2026-07-22 23:39:17.920,2026-07-22 23:40:22.417,4500.0,Provi Oxi Stop,21,100.0,0.45,1.429398,Production Recipes
Server2,951C001F-50D1-4810-81BC-8AC2F4A5E404,9EB5AAF9-4EC2-4BC1-B78F-A2C697BCE705,4,BROILER GROWER602 3,BROILER GROWER,2026-07-22 22:01:20.137,2026-07-22 23:39:17.920,2026-07-22 23:40:22.417,4500.0,Rovabio P10,176,100.0,2.25,1.741898,Production Recipes
Server2,951C001F-50D1-4810-81BC-8AC2F4A5E404,9EB5AAF9-4EC2-4BC1-B78F-A2C697BCE705,4,BROILER GROWER602 3,BROILER GROWER,2026-07-22 22:01:20.137,2026-07-22 23:39:17.920,2026-07-22 23:40:22.417,4500.0,Sacox (500g),91,100.0,2.25,4.594908,Production Recipes
Server2,951C001F-50D1-4810-81BC-8AC2F4A5E404,9EB5AAF9-4EC2-4BC1-B78F-A2C697BCE705,4,BROILER GROWER602 3,BROILER GROWER,2026-07-22 22:01:20.137,2026-07-22 23:39:17.920,2026-07-22 23:40:22.417,4500.0,Salt,202,100.0,12.96,13.16551,Production Recipes
Server2,951C001F-50D1-4810-81BC-8AC2F4A5E404,9EB5AAF9-4EC2-4BC1-B78F-A2C697BCE705,4,BROILER GROWER602 3,BROILER GROWER,2026-07-22 22:01:20.137,2026-07-22 23:39:17.920,2026-07-22 23:40:22.417,4500.0,SOLIS,124,100.0,6.75,7.103587,Production Recipes
Server2,951C001F-50D1-4810-81BC-8AC2F4A5E404,9EB5AAF9-4EC2-4BC1-B78F-A2C697BCE705,4,BROILER GROWER602 3,BROILER GROWER,2026-07-22 22:01:20.137,2026-07-22 23:39:17.920,2026-07-22 23:40:22.417,4500.0,SOUDIOM Bicarbon,35,100.0,8.955,9.114586,Production Recipes
Server2,951C001F-50D1-4810-81BC-8AC2F4A5E404,9EB5AAF9-4EC2-4BC1-B78F-A2C697BCE705,4,BROILER GROWER602 3,BROILER GROWER,2026-07-22 22:01:20.137,2026-07-22 23:39:17.920,2026-07-22 23:40:22.417,4500.0,SOYA-,105,100.0,1619.145,1609.722,Production Recipes
Server2,951C001F-50D1-4810-81BC-8AC2F4A5E404,9EB5AAF9-4EC2-4BC1-B78F-A2C697BCE705,4,BROILER GROWER602 3,BROILER GROWER,2026-07-22 22:01:20.137,2026-07-22 23:39:17.920,2026-07-22 23:40:22.417,4500.0,Soya Oil,210,100.0,37.35,37.5,Production Recipes
Server2,951C001F-50D1-4810-81BC-8AC2F4A5E404,9EB5AAF9-4EC2-4BC1-B78F-A2C697BCE705,4,BROILER GROWER602 3,BROILER GROWER,2026-07-22 22:01:20.137,2026-07-22 23:39:17.920,2026-07-22 23:40:22.417,4500.0,TermiN-8,33,100.0,6.75,0.0,Production Recipes
Server2,955E3DEC-9FB6-4F3B-9872-3D7D641D544E,9EB5AAF9-4EC2-4BC1-B78F-A2C697BCE705,4,BROILER GROWER602 2,BROILER GROWER,2026-07-22 22:01:18.207,2026-07-22 23:34:05.147,2026-07-22 23:35:09.640,4500.0,BETAIN HCL,142,100.0,2.25,2.609954,Production Recipes
Server2,955E3DEC-9FB6-4F3B-9872-3D7D641D544E,9EB5AAF9-4EC2-4BC1-B78F-A2C697BCE705,4,BROILER GROWER602 2,BROILER GROWER,2026-07-22 22:01:18.207,2026-07-22 23:34:05.147,2026-07-22 23:35:09.640,4500.0,BIOSTRONG 510,140,100.0,0.675,0.8203125,Production Recipes
Server2,955E3DEC-9FB6-4F3B-9872-3D7D641D544E,9EB5AAF9-4EC2-4BC1-B78F-A2C697BCE705,4,BROILER GROWER602 2,BROILER GROWER,2026-07-22 22:01:18.207,2026-07-22 23:34:05.147,2026-07-22 23:35:09.640,4500.0,Broiler Mineral Mix,31,100.0,4.05,5.844907,Production Recipes
Server2,955E3DEC-9FB6-4F3B-9872-3D7D641D544E,9EB5AAF9-4EC2-4BC1-B78F-A2C697BCE705,4,BROILER GROWER602 2,BROILER GROWER,2026-07-22 22:01:18.207,2026-07-22 23:34:05.147,2026-07-22 23:35:09.640,4500.0,Broiler Starter PX,69,100.0,4.05,4.820602,Production Recipes
Server2,955E3DEC-9FB6-4F3B-9872-3D7D641D544E,9EB5AAF9-4EC2-4BC1-B78F-A2C697BCE705,4,BROILER GROWER602 2,BROILER GROWER,2026-07-22 22:01:18.207,2026-07-22 23:34:05.147,2026-07-22 23:35:09.640,4500.0,Choline Chloride 60%,26,100.0,2.7,2.818288,Production Recipes
Server2,955E3DEC-9FB6-4F3B-9872-3D7D641D544E,9EB5AAF9-4EC2-4BC1-B78F-A2C697BCE705,4,BROILER GROWER602 2,BROILER GROWER,2026-07-22 22:01:18.207,2026-07-22 23:34:05.147,2026-07-22 23:35:09.640,4500.0,KENZYME PRO,77,100.0,2.7,3.298611,Production Recipes
Server2,955E3DEC-9FB6-4F3B-9872-3D7D641D544E,9EB5AAF9-4EC2-4BC1-B78F-A2C697BCE705,4,BROILER GROWER602 2,BROILER GROWER,2026-07-22 22:01:18.207,2026-07-22 23:34:05.147,2026-07-22 23:35:09.640,4500.0,Limestone,113,100.0,55.485,54.97693,Production Recipes
Server2,955E3DEC-9FB6-4F3B-9872-3D7D641D544E,9EB5AAF9-4EC2-4BC1-B78F-A2C697BCE705,4,BROILER GROWER602 2,BROILER GROWER,2026-07-22 22:01:18.207,2026-07-22 23:34:05.147,2026-07-22 23:35:09.640,4500.0,LYSOFORTE DRY,30,100.0,0.9,0.889757,Production Recipes
Server2,955E3DEC-9FB6-4F3B-9872-3D7D641D544E,9EB5AAF9-4EC2-4BC1-B78F-A2C697BCE705,4,BROILER GROWER602 2,BROILER GROWER,2026-07-22 22:01:18.207,2026-07-22 23:34:05.147,2026-07-22 23:35:09.640,4500.0,Maize,100,100.0,2679.705,2678.385,Production Recipes
Server2,955E3DEC-9FB6-4F3B-9872-3D7D641D544E,9EB5AAF9-4EC2-4BC1-B78F-A2C697BCE705,4,BROILER GROWER602 2,BROILER GROWER,2026-07-22 22:01:18.207,2026-07-22 23:34:05.147,2026-07-22 23:35:09.640,4500.0,Methionine,12,100.0,10.62,10.99537,Production Recipes
Server2,955E3DEC-9FB6-4F3B-9872-3D7D641D544E,9EB5AAF9-4EC2-4BC1-B78F-A2C697BCE705,4,BROILER GROWER602 2,BROILER GROWER,2026-07-22 22:01:18.207,2026-07-22 23:34:05.147,2026-07-22 23:35:09.640,4500.0,Monocalcium Phos,204,100.0,38.745,39.0625,Production Recipes
Server2,955E3DEC-9FB6-4F3B-9872-3D7D641D544E,9EB5AAF9-4EC2-4BC1-B78F-A2C697BCE705,4,BROILER GROWER602 2,BROILER GROWER,2026-07-22 22:01:18.207,2026-07-22 23:34:05.147,2026-07-22 23:35:09.640,4500.0,NOVELA ECL,6,100.0,0.45,0.4701968,Production Recipes
Server2,955E3DEC-9FB6-4F3B-9872-3D7D641D544E,9EB5AAF9-4EC2-4BC1-B78F-A2C697BCE705,4,BROILER GROWER602 2,BROILER GROWER,2026-07-22 22:01:18.207,2026-07-22 23:34:05.147,2026-07-22 23:35:09.640,4500.0,Provi Oxi Stop,21,100.0,0.45,0.9403937,Production Recipes
Server2,955E3DEC-9FB6-4F3B-9872-3D7D641D544E,9EB5AAF9-4EC2-4BC1-B78F-A2C697BCE705,4,BROILER GROWER602 2,BROILER GROWER,2026-07-22 22:01:18.207,2026-07-22 23:34:05.147,2026-07-22 23:35:09.640,4500.0,Rovabio P10,176,100.0,2.25,2.609954,Production Recipes
Server2,955E3DEC-9FB6-4F3B-9872-3D7D641D544E,9EB5AAF9-4EC2-4BC1-B78F-A2C697BCE705,4,BROILER GROWER602 2,BROILER GROWER,2026-07-22 22:01:18.207,2026-07-22 23:34:05.147,2026-07-22 23:35:09.640,4500.0,Sacox (500g),91,100.0,2.25,3.061343,Production Recipes
Server2,955E3DEC-9FB6-4F3B-9872-3D7D641D544E,9EB5AAF9-4EC2-4BC1-B78F-A2C697BCE705,4,BROILER GROWER602 2,BROILER GROWER,2026-07-22 22:01:18.207,2026-07-22 23:34:05.147,2026-07-22 23:35:09.640,4500.0,Salt,202,100.0,12.96,13.16551,Production Recipes
Server2,955E3DEC-9FB6-4F3B-9872-3D7D641D544E,9EB5AAF9-4EC2-4BC1-B78F-A2C697BCE705,4,BROILER GROWER602 2,BROILER GROWER,2026-07-22 22:01:18.207,2026-07-22 23:34:05.147,2026-07-22 23:35:09.640,4500.0,SOLIS,124,100.0,6.75,7.421874,Production Recipes
Server2,955E3DEC-9FB6-4F3B-9872-3D7D641D544E,9EB5AAF9-4EC2-4BC1-B78F-A2C697BCE705,4,BROILER GROWER602 2,BROILER GROWER,2026-07-22 22:01:18.207,2026-07-22 23:34:05.147,2026-07-22 23:35:09.640,4500.0,SOUDIOM Bicarbon,35,100.0,8.955,9.114578,Production Recipes
Server2,955E3DEC-9FB6-4F3B-9872-3D7D641D544E,9EB5AAF9-4EC2-4BC1-B78F-A2C697BCE705,4,BROILER GROWER602 2,BROILER GROWER,2026-07-22 22:01:18.207,2026-07-22 23:34:05.147,2026-07-22 23:35:09.640,4500.0,SOYA-,105,100.0,1619.145,1616.869,Production Recipes
Server2,955E3DEC-9FB6-4F3B-9872-3D7D641D544E,9EB5AAF9-4EC2-4BC1-B78F-A2C697BCE705,4,BROILER GROWER602 2,BROILER GROWER,2026-07-22 22:01:18.207,2026-07-22 23:34:05.147,2026-07-22 23:35:09.640,4500.0,Soya Oil,210,100.0,37.35,37.75,Production Recipes
Server2,955E3DEC-9FB6-4F3B-9872-3D7D641D544E,9EB5AAF9-4EC2-4BC1-B78F-A2C697BCE705,4,BROILER GROWER602 2,BROILER GROWER,2026-07-22 22:01:18.207,2026-07-22 23:34:05.147,2026-07-22 23:35:09.640,4500.0,TermiN-8,33,100.0,6.75,0.0,Production Recipes
Server2,87A58E2B-05D0-4BF6-913F-74DA70735D8B,9EB5AAF9-4EC2-4BC1-B78F-A2C697BCE705,4,BROILER GROWER602 1,BROILER GROWER,2026-07-22 22:01:12.080,2026-07-22 23:19:11.530,2026-07-22 23:20:15.260,4500.0,BETAIN HCL,142,100.0,2.25,2.366899,Production Recipes
Server2,87A58E2B-05D0-4BF6-913F-74DA70735D8B,9EB5AAF9-4EC2-4BC1-B78F-A2C697BCE705,4,BROILER GROWER602 1,BROILER GROWER,2026-07-22 22:01:12.080,2026-07-22 23:19:11.530,2026-07-22 23:20:15.260,4500.0,BIOSTRONG 510,140,100.0,0.675,0.7320603,Production Recipes
Server2,87A58E2B-05D0-4BF6-913F-74DA70735D8B,9EB5AAF9-4EC2-4BC1-B78F-A2C697BCE705,4,BROILER GROWER602 1,BROILER GROWER,2026-07-22 22:01:12.080,2026-07-22 23:19:11.530,2026-07-22 23:20:15.260,4500.0,Broiler Mineral Mix,31,100.0,4.05,5.685763,Production Recipes
Server2,87A58E2B-05D0-4BF6-913F-74DA70735D8B,9EB5AAF9-4EC2-4BC1-B78F-A2C697BCE705,4,BROILER GROWER602 1,BROILER GROWER,2026-07-22 22:01:12.080,2026-07-22 23:19:11.530,2026-07-22 23:20:15.260,4500.0,Broiler Starter PX,69,100.0,4.05,6.458334,Production Recipes
Server2,87A58E2B-05D0-4BF6-913F-74DA70735D8B,9EB5AAF9-4EC2-4BC1-B78F-A2C697BCE705,4,BROILER GROWER602 1,BROILER GROWER,2026-07-22 22:01:12.080,2026-07-22 23:19:11.530,2026-07-22 23:20:15.260,4500.0,Choline Chloride 60%,26,100.0,2.7,2.44213,Production Recipes
Server2,87A58E2B-05D0-4BF6-913F-74DA70735D8B,9EB5AAF9-4EC2-4BC1-B78F-A2C697BCE705,4,BROILER GROWER602 1,BROILER GROWER,2026-07-22 22:01:12.080,2026-07-22 23:19:11.530,2026-07-22 23:20:15.260,4500.0,KENZYME PRO,77,100.0,2.7,3.443287,Production Recipes
Server2,87A58E2B-05D0-4BF6-913F-74DA70735D8B,9EB5AAF9-4EC2-4BC1-B78F-A2C697BCE705,4,BROILER GROWER602 1,BROILER GROWER,2026-07-22 22:01:12.080,2026-07-22 23:19:11.530,2026-07-22 23:20:15.260,4500.0,Limestone,113,100.0,55.485,56.07629,Production Recipes
Server2,87A58E2B-05D0-4BF6-913F-74DA70735D8B,9EB5AAF9-4EC2-4BC1-B78F-A2C697BCE705,4,BROILER GROWER602 1,BROILER GROWER,2026-07-22 22:01:12.080,2026-07-22 23:19:11.530,2026-07-22 23:20:15.260,4500.0,LYSOFORTE DRY,30,100.0,0.9,1.069155,Production Recipes
Server2,87A58E2B-05D0-4BF6-913F-74DA70735D8B,9EB5AAF9-4EC2-4BC1-B78F-A2C697BCE705,4,BROILER GROWER602 1,BROILER GROWER,2026-07-22 22:01:12.080,2026-07-22 23:19:11.530,2026-07-22 23:20:15.260,4500.0,Maize,100,100.0,2679.705,2679.977,Production Recipes
Server2,87A58E2B-05D0-4BF6-913F-74DA70735D8B,9EB5AAF9-4EC2-4BC1-B78F-A2C697BCE705,4,BROILER GROWER602 1,BROILER GROWER,2026-07-22 22:01:12.080,2026-07-22 23:19:11.530,2026-07-22 23:20:15.260,4500.0,Methionine,12,100.0,10.62,10.99537,Production Recipes
Server2,87A58E2B-05D0-4BF6-913F-74DA70735D8B,9EB5AAF9-4EC2-4BC1-B78F-A2C697BCE705,4,BROILER GROWER602 1,BROILER GROWER,2026-07-22 22:01:12.080,2026-07-22 23:19:11.530,2026-07-22 23:20:15.260,4500.0,Monocalcium Phos,204,100.0,38.745,39.0625,Production Recipes
Server2,87A58E2B-05D0-4BF6-913F-74DA70735D8B,9EB5AAF9-4EC2-4BC1-B78F-A2C697BCE705,4,BROILER GROWER602 1,BROILER GROWER,2026-07-22 22:01:12.080,2026-07-22 23:19:11.530,2026-07-22 23:20:15.260,4500.0,NOVELA ECL,6,100.0,0.45,0.5613426,Production Recipes
Server2,87A58E2B-05D0-4BF6-913F-74DA70735D8B,9EB5AAF9-4EC2-4BC1-B78F-A2C697BCE705,4,BROILER GROWER602 1,BROILER GROWER,2026-07-22 22:01:12.080,2026-07-22 23:19:11.530,2026-07-22 23:20:15.260,4500.0,Provi Oxi Stop,21,100.0,0.45,0.7320604,Production Recipes
Server2,87A58E2B-05D0-4BF6-913F-74DA70735D8B,9EB5AAF9-4EC2-4BC1-B78F-A2C697BCE705,4,BROILER GROWER602 1,BROILER GROWER,2026-07-22 22:01:12.080,2026-07-22 23:19:11.530,2026-07-22 23:20:15.260,4500.0,Rovabio P10,176,100.0,2.25,3.206018,Production Recipes
Server2,87A58E2B-05D0-4BF6-913F-74DA70735D8B,9EB5AAF9-4EC2-4BC1-B78F-A2C697BCE705,4,BROILER GROWER602 1,BROILER GROWER,2026-07-22 22:01:12.080,2026-07-22 23:19:11.530,2026-07-22 23:20:15.260,4500.0,Sacox (500g),91,100.0,2.25,3.200232,Production Recipes
Server2,87A58E2B-05D0-4BF6-913F-74DA70735D8B,9EB5AAF9-4EC2-4BC1-B78F-A2C697BCE705,4,BROILER GROWER602 1,BROILER GROWER,2026-07-22 22:01:12.080,2026-07-22 23:19:11.530,2026-07-22 23:20:15.260,4500.0,Salt,202,100.0,12.96,14.03356,Production Recipes
Server2,87A58E2B-05D0-4BF6-913F-74DA70735D8B,9EB5AAF9-4EC2-4BC1-B78F-A2C697BCE705,4,BROILER GROWER602 1,BROILER GROWER,2026-07-22 22:01:12.080,2026-07-22 23:19:11.530,2026-07-22 23:20:15.260,4500.0,SOLIS,124,100.0,6.75,7.190393,Production Recipes
Server2,87A58E2B-05D0-4BF6-913F-74DA70735D8B,9EB5AAF9-4EC2-4BC1-B78F-A2C697BCE705,4,BROILER GROWER602 1,BROILER GROWER,2026-07-22 22:01:12.080,2026-07-22 23:19:11.530,2026-07-22 23:20:15.260,4500.0,SOUDIOM Bicarbon,35,100.0,8.955,9.114586,Production Recipes
Server2,87A58E2B-05D0-4BF6-913F-74DA70735D8B,9EB5AAF9-4EC2-4BC1-B78F-A2C697BCE705,4,BROILER GROWER602 1,BROILER GROWER,2026-07-22 22:01:12.080,2026-07-22 23:19:11.530,2026-07-22 23:20:15.260,4500.0,SOYA-,105,100.0,1619.145,1611.371,Production Recipes
Server2,87A58E2B-05D0-4BF6-913F-74DA70735D8B,9EB5AAF9-4EC2-4BC1-B78F-A2C697BCE705,4,BROILER GROWER602 1,BROILER GROWER,2026-07-22 22:01:12.080,2026-07-22 23:19:11.530,2026-07-22 23:20:15.260,4500.0,Soya Oil,210,100.0,37.35,37.75,Production Recipes
Server2,87A58E2B-05D0-4BF6-913F-74DA70735D8B,9EB5AAF9-4EC2-4BC1-B78F-A2C697BCE705,4,BROILER GROWER602 1,BROILER GROWER,2026-07-22 22:01:12.080,2026-07-22 23:19:11.530,2026-07-22 23:20:15.260,4500.0,TermiN-8,33,100.0,6.75,0.0,Production Recipes
Server2,0760B19C-5A53-4DE2-A0EB-E39A06A41F62,9EB5AAF9-4EC2-4BC1-B78F-A2C697BCE705,4,BROILER GROWER605 5,BROILER GROWER,2026-07-22 22:01:10.050,2026-07-22 23:11:25.313,2026-07-22 23:12:29.270,4500.0,BETAIN HCL,142,100.0,2.25,2.795138,Production Recipes
Server2,0760B19C-5A53-4DE2-A0EB-E39A06A41F62,9EB5AAF9-4EC2-4BC1-B78F-A2C697BCE705,4,BROILER GROWER605 5,BROILER GROWER,2026-07-22 22:01:10.050,2026-07-22 23:11:25.313,2026-07-22 23:12:29.270,4500.0,BIOSTRONG 510,140,100.0,0.675,0.8203125,Production Recipes
Server2,0760B19C-5A53-4DE2-A0EB-E39A06A41F62,9EB5AAF9-4EC2-4BC1-B78F-A2C697BCE705,4,BROILER GROWER605 5,BROILER GROWER,2026-07-22 22:01:10.050,2026-07-22 23:11:25.313,2026-07-22 23:12:29.270,4500.0,Broiler Mineral Mix,31,100.0,4.05,6.322338,Production Recipes
Server2,0760B19C-5A53-4DE2-A0EB-E39A06A41F62,9EB5AAF9-4EC2-4BC1-B78F-A2C697BCE705,4,BROILER GROWER605 5,BROILER GROWER,2026-07-22 22:01:10.050,2026-07-22 23:11:25.313,2026-07-22 23:12:29.270,4500.0,Broiler Starter PX,69,100.0,4.05,5.503472,Production Recipes
Server2,0760B19C-5A53-4DE2-A0EB-E39A06A41F62,9EB5AAF9-4EC2-4BC1-B78F-A2C697BCE705,4,BROILER GROWER605 5,BROILER GROWER,2026-07-22 22:01:10.050,2026-07-22 23:11:25.313,2026-07-22 23:12:29.270,4500.0,Choline Chloride 60%,26,100.0,2.7,3.148149,Production Recipes
Server2,0760B19C-5A53-4DE2-A0EB-E39A06A41F62,9EB5AAF9-4EC2-4BC1-B78F-A2C697BCE705,4,BROILER GROWER605 5,BROILER GROWER,2026-07-22 22:01:10.050,2026-07-22 23:11:25.313,2026-07-22 23:12:29.270,4500.0,KENZYME PRO,77,100.0,2.7,3.052662,Production Recipes
Server2,0760B19C-5A53-4DE2-A0EB-E39A06A41F62,9EB5AAF9-4EC2-4BC1-B78F-A2C697BCE705,4,BROILER GROWER605 5,BROILER GROWER,2026-07-22 22:01:10.050,2026-07-22 23:11:25.313,2026-07-22 23:12:29.270,4500.0,Limestone,113,100.0,55.485,68.17126,Production Recipes
Server2,0760B19C-5A53-4DE2-A0EB-E39A06A41F62,9EB5AAF9-4EC2-4BC1-B78F-A2C697BCE705,4,BROILER GROWER605 5,BROILER GROWER,2026-07-22 22:01:10.050,2026-07-22 23:11:25.313,2026-07-22 23:12:29.270,4500.0,LYSOFORTE DRY,30,100.0,0.9,0.9389468,Production Recipes
Server2,0760B19C-5A53-4DE2-A0EB-E39A06A41F62,9EB5AAF9-4EC2-4BC1-B78F-A2C697BCE705,4,BROILER GROWER605 5,BROILER GROWER,2026-07-22 22:01:10.050,2026-07-22 23:11:25.313,2026-07-22 23:12:29.270,4500.0,Maize,100,100.0,2679.705,2673.611,Production Recipes
Server2,0760B19C-5A53-4DE2-A0EB-E39A06A41F62,9EB5AAF9-4EC2-4BC1-B78F-A2C697BCE705,4,BROILER GROWER605 5,BROILER GROWER,2026-07-22 22:01:10.050,2026-07-22 23:11:25.313,2026-07-22 23:12:29.270,4500.0,Methionine,12,100.0,10.62,10.99537,Production Recipes
Server2,0760B19C-5A53-4DE2-A0EB-E39A06A41F62,9EB5AAF9-4EC2-4BC1-B78F-A2C697BCE705,4,BROILER GROWER605 5,BROILER GROWER,2026-07-22 22:01:10.050,2026-07-22 23:11:25.313,2026-07-22 23:12:29.270,4500.0,Monocalcium Phos,204,100.0,38.745,39.0625,Production Recipes
Server2,0760B19C-5A53-4DE2-A0EB-E39A06A41F62,9EB5AAF9-4EC2-4BC1-B78F-A2C697BCE705,4,BROILER GROWER605 5,BROILER GROWER,2026-07-22 22:01:10.050,2026-07-22 23:11:25.313,2026-07-22 23:12:29.270,4500.0,NOVELA ECL,6,100.0,0.45,0.4701968,Production Recipes
Server2,0760B19C-5A53-4DE2-A0EB-E39A06A41F62,9EB5AAF9-4EC2-4BC1-B78F-A2C697BCE705,4,BROILER GROWER605 5,BROILER GROWER,2026-07-22 22:01:10.050,2026-07-22 23:11:25.313,2026-07-22 23:12:29.270,4500.0,Provi Oxi Stop,21,100.0,0.45,1.229745,Production Recipes
Server2,0760B19C-5A53-4DE2-A0EB-E39A06A41F62,9EB5AAF9-4EC2-4BC1-B78F-A2C697BCE705,4,BROILER GROWER605 5,BROILER GROWER,2026-07-22 22:01:10.050,2026-07-22 23:11:25.313,2026-07-22 23:12:29.270,4500.0,Rovabio P10,176,100.0,2.25,2.621527,Production Recipes
Server2,0760B19C-5A53-4DE2-A0EB-E39A06A41F62,9EB5AAF9-4EC2-4BC1-B78F-A2C697BCE705,4,BROILER GROWER605 5,BROILER GROWER,2026-07-22 22:01:10.050,2026-07-22 23:11:25.313,2026-07-22 23:12:29.270,4500.0,Sacox (500g),91,100.0,2.25,3.628473,Production Recipes
Server2,0760B19C-5A53-4DE2-A0EB-E39A06A41F62,9EB5AAF9-4EC2-4BC1-B78F-A2C697BCE705,4,BROILER GROWER605 5,BROILER GROWER,2026-07-22 22:01:10.050,2026-07-22 23:11:25.313,2026-07-22 23:12:29.270,4500.0,Salt,202,100.0,12.96,13.16551,Production Recipes
Server2,0760B19C-5A53-4DE2-A0EB-E39A06A41F62,9EB5AAF9-4EC2-4BC1-B78F-A2C697BCE705,4,BROILER GROWER605 5,BROILER GROWER,2026-07-22 22:01:10.050,2026-07-22 23:11:25.313,2026-07-22 23:12:29.270,4500.0,SOLIS,124,100.0,6.75,7.306134,Production Recipes
Server2,0760B19C-5A53-4DE2-A0EB-E39A06A41F62,9EB5AAF9-4EC2-4BC1-B78F-A2C697BCE705,4,BROILER GROWER605 5,BROILER GROWER,2026-07-22 22:01:10.050,2026-07-22 23:11:25.313,2026-07-22 23:12:29.270,4500.0,SOUDIOM Bicarbon,35,100.0,8.955,9.114578,Production Recipes
Server2,0760B19C-5A53-4DE2-A0EB-E39A06A41F62,9EB5AAF9-4EC2-4BC1-B78F-A2C697BCE705,4,BROILER GROWER605 5,BROILER GROWER,2026-07-22 22:01:10.050,2026-07-22 23:11:25.313,2026-07-22 23:12:29.270,4500.0,SOYA-,105,100.0,1619.145,1605.874,Production Recipes
Server2,0760B19C-5A53-4DE2-A0EB-E39A06A41F62,9EB5AAF9-4EC2-4BC1-B78F-A2C697BCE705,4,BROILER GROWER605 5,BROILER GROWER,2026-07-22 22:01:10.050,2026-07-22 23:11:25.313,2026-07-22 23:12:29.270,4500.0,Soya Oil,210,100.0,37.35,37.75,Production Recipes
Server2,0760B19C-5A53-4DE2-A0EB-E39A06A41F62,9EB5AAF9-4EC2-4BC1-B78F-A2C697BCE705,4,BROILER GROWER605 5,BROILER GROWER,2026-07-22 22:01:10.050,2026-07-22 23:11:25.313,2026-07-22 23:12:29.270,4500.0,TermiN-8,33,100.0,6.75,0.0,Production Recipes
Server2,B738644E-5E0E-4AE7-8C9F-D146070C6135,9EB5AAF9-4EC2-4BC1-B78F-A2C697BCE705,4,BROILER GROWER605 4,BROILER GROWER,2026-07-22 22:01:08.040,2026-07-22 23:06:34.530,2026-07-22 23:07:38.547,4500.0,BETAIN HCL,142,100.0,2.25,2.523149,Production Recipes
Server2,B738644E-5E0E-4AE7-8C9F-D146070C6135,9EB5AAF9-4EC2-4BC1-B78F-A2C697BCE705,4,BROILER GROWER605 4,BROILER GROWER,2026-07-22 22:01:08.040,2026-07-22 23:06:34.530,2026-07-22 23:07:38.547,4500.0,BIOSTRONG 510,140,100.0,0.675,0.8318866,Production Recipes
Server2,B738644E-5E0E-4AE7-8C9F-D146070C6135,9EB5AAF9-4EC2-4BC1-B78F-A2C697BCE705,4,BROILER GROWER605 4,BROILER GROWER,2026-07-22 22:01:08.040,2026-07-22 23:06:34.530,2026-07-22 23:07:38.547,4500.0,Broiler Mineral Mix,31,100.0,4.05,6.336805,Production Recipes
Server2,B738644E-5E0E-4AE7-8C9F-D146070C6135,9EB5AAF9-4EC2-4BC1-B78F-A2C697BCE705,4,BROILER GROWER605 4,BROILER GROWER,2026-07-22 22:01:08.040,2026-07-22 23:06:34.530,2026-07-22 23:07:38.547,4500.0,Broiler Starter PX,69,100.0,4.05,4.675926,Production Recipes
Server2,B738644E-5E0E-4AE7-8C9F-D146070C6135,9EB5AAF9-4EC2-4BC1-B78F-A2C697BCE705,4,BROILER GROWER605 4,BROILER GROWER,2026-07-22 22:01:08.040,2026-07-22 23:06:34.530,2026-07-22 23:07:38.547,4500.0,Choline Chloride 60%,26,100.0,2.7,2.783565,Production Recipes
Server2,B738644E-5E0E-4AE7-8C9F-D146070C6135,9EB5AAF9-4EC2-4BC1-B78F-A2C697BCE705,4,BROILER GROWER605 4,BROILER GROWER,2026-07-22 22:01:08.040,2026-07-22 23:06:34.530,2026-07-22 23:07:38.547,4500.0,KENZYME PRO,77,100.0,2.7,2.893518,Production Recipes
Server2,B738644E-5E0E-4AE7-8C9F-D146070C6135,9EB5AAF9-4EC2-4BC1-B78F-A2C697BCE705,4,BROILER GROWER605 4,BROILER GROWER,2026-07-22 22:01:08.040,2026-07-22 23:06:34.530,2026-07-22 23:07:38.547,4500.0,Limestone,113,100.0,55.485,56.07629,Production Recipes
Server2,B738644E-5E0E-4AE7-8C9F-D146070C6135,9EB5AAF9-4EC2-4BC1-B78F-A2C697BCE705,4,BROILER GROWER605 4,BROILER GROWER,2026-07-22 22:01:08.040,2026-07-22 23:06:34.530,2026-07-22 23:07:38.547,4500.0,LYSOFORTE DRY,30,100.0,0.9,1.030093,Production Recipes
Server2,B738644E-5E0E-4AE7-8C9F-D146070C6135,9EB5AAF9-4EC2-4BC1-B78F-A2C697BCE705,4,BROILER GROWER605 4,BROILER GROWER,2026-07-22 22:01:08.040,2026-07-22 23:06:34.530,2026-07-22 23:07:38.547,4500.0,Maize,100,100.0,2679.705,2678.385,Production Recipes
Server2,B738644E-5E0E-4AE7-8C9F-D146070C6135,9EB5AAF9-4EC2-4BC1-B78F-A2C697BCE705,4,BROILER GROWER605 4,BROILER GROWER,2026-07-22 22:01:08.040,2026-07-22 23:06:34.530,2026-07-22 23:07:38.547,4500.0,Methionine,12,100.0,10.62,10.99537,Production Recipes
Server2,B738644E-5E0E-4AE7-8C9F-D146070C6135,9EB5AAF9-4EC2-4BC1-B78F-A2C697BCE705,4,BROILER GROWER605 4,BROILER GROWER,2026-07-22 22:01:08.040,2026-07-22 23:06:34.530,2026-07-22 23:07:38.547,4500.0,Monocalcium Phos,204,100.0,38.745,39.0625,Production Recipes
Server2,B738644E-5E0E-4AE7-8C9F-D146070C6135,9EB5AAF9-4EC2-4BC1-B78F-A2C697BCE705,4,BROILER GROWER605 4,BROILER GROWER,2026-07-22 22:01:08.040,2026-07-22 23:06:34.530,2026-07-22 23:07:38.547,4500.0,NOVELA ECL,6,100.0,0.45,0.5193866,Production Recipes
Server2,B738644E-5E0E-4AE7-8C9F-D146070C6135,9EB5AAF9-4EC2-4BC1-B78F-A2C697BCE705,4,BROILER GROWER605 4,BROILER GROWER,2026-07-22 22:01:08.040,2026-07-22 23:06:34.530,2026-07-22 23:07:38.547,4500.0,Provi Oxi Stop,21,100.0,0.45,0.9809027,Production Recipes
Server2,B738644E-5E0E-4AE7-8C9F-D146070C6135,9EB5AAF9-4EC2-4BC1-B78F-A2C697BCE705,4,BROILER GROWER605 4,BROILER GROWER,2026-07-22 22:01:08.040,2026-07-22 23:06:34.530,2026-07-22 23:07:38.547,4500.0,Rovabio P10,176,100.0,2.25,2.662037,Production Recipes
Server2,B738644E-5E0E-4AE7-8C9F-D146070C6135,9EB5AAF9-4EC2-4BC1-B78F-A2C697BCE705,4,BROILER GROWER605 4,BROILER GROWER,2026-07-22 22:01:08.040,2026-07-22 23:06:34.530,2026-07-22 23:07:38.547,4500.0,Sacox (500g),91,100.0,2.25,3.188657,Production Recipes
Server2,B738644E-5E0E-4AE7-8C9F-D146070C6135,9EB5AAF9-4EC2-4BC1-B78F-A2C697BCE705,4,BROILER GROWER605 4,BROILER GROWER,2026-07-22 22:01:08.040,2026-07-22 23:06:34.530,2026-07-22 23:07:38.547,4500.0,Salt,202,100.0,12.96,13.16551,Production Recipes
Server2,B738644E-5E0E-4AE7-8C9F-D146070C6135,9EB5AAF9-4EC2-4BC1-B78F-A2C697BCE705,4,BROILER GROWER605 4,BROILER GROWER,2026-07-22 22:01:08.040,2026-07-22 23:06:34.530,2026-07-22 23:07:38.547,4500.0,SOLIS,124,100.0,6.75,7.262732,Production Recipes
Server2,B738644E-5E0E-4AE7-8C9F-D146070C6135,9EB5AAF9-4EC2-4BC1-B78F-A2C697BCE705,4,BROILER GROWER605 4,BROILER GROWER,2026-07-22 22:01:08.040,2026-07-22 23:06:34.530,2026-07-22 23:07:38.547,4500.0,SOUDIOM Bicarbon,35,100.0,8.955,9.114586,Production Recipes
Server2,B738644E-5E0E-4AE7-8C9F-D146070C6135,9EB5AAF9-4EC2-4BC1-B78F-A2C697BCE705,4,BROILER GROWER605 4,BROILER GROWER,2026-07-22 22:01:08.040,2026-07-22 23:06:34.530,2026-07-22 23:07:38.547,4500.0,SOYA-,105,100.0,1619.145,1672.396,Production Recipes
Server2,B738644E-5E0E-4AE7-8C9F-D146070C6135,9EB5AAF9-4EC2-4BC1-B78F-A2C697BCE705,4,BROILER GROWER605 4,BROILER GROWER,2026-07-22 22:01:08.040,2026-07-22 23:06:34.530,2026-07-22 23:07:38.547,4500.0,Soya Oil,210,100.0,37.35,38.0,Production Recipes
Server2,B738644E-5E0E-4AE7-8C9F-D146070C6135,9EB5AAF9-4EC2-4BC1-B78F-A2C697BCE705,4,BROILER GROWER605 4,BROILER GROWER,2026-07-22 22:01:08.040,2026-07-22 23:06:34.530,2026-07-22 23:07:38.547,4500.0,TermiN-8,33,100.0,6.75,0.0,Production Recipes
Server2,D6CBE823-5059-440F-A864-3519C3104C37,9EB5AAF9-4EC2-4BC1-B78F-A2C697BCE705,4,BROILER GROWER605 3,BROILER GROWER,2026-07-22 22:01:06.010,2026-07-22 22:45:19.717,2026-07-22 22:46:23.227,4500.0,BETAIN HCL,142,100.0,2.25,2.511574,Production Recipes
Server2,D6CBE823-5059-440F-A864-3519C3104C37,9EB5AAF9-4EC2-4BC1-B78F-A2C697BCE705,4,BROILER GROWER605 3,BROILER GROWER,2026-07-22 22:01:06.010,2026-07-22 22:45:19.717,2026-07-22 22:46:23.227,4500.0,BIOSTRONG 510,140,100.0,0.675,0.720486,Production Recipes
Server2,D6CBE823-5059-440F-A864-3519C3104C37,9EB5AAF9-4EC2-4BC1-B78F-A2C697BCE705,4,BROILER GROWER605 3,BROILER GROWER,2026-07-22 22:01:06.010,2026-07-22 22:45:19.717,2026-07-22 22:46:23.227,4500.0,Broiler Mineral Mix,31,100.0,4.05,5.917245,Production Recipes
Server2,D6CBE823-5059-440F-A864-3519C3104C37,9EB5AAF9-4EC2-4BC1-B78F-A2C697BCE705,4,BROILER GROWER605 3,BROILER GROWER,2026-07-22 22:01:06.010,2026-07-22 22:45:19.717,2026-07-22 22:46:23.227,4500.0,Broiler Starter PX,69,100.0,4.05,5.474537,Production Recipes
Server2,D6CBE823-5059-440F-A864-3519C3104C37,9EB5AAF9-4EC2-4BC1-B78F-A2C697BCE705,4,BROILER GROWER605 3,BROILER GROWER,2026-07-22 22:01:06.010,2026-07-22 22:45:19.717,2026-07-22 22:46:23.227,4500.0,Choline Chloride 60%,26,100.0,2.7,2.5,Production Recipes
Server2,D6CBE823-5059-440F-A864-3519C3104C37,9EB5AAF9-4EC2-4BC1-B78F-A2C697BCE705,4,BROILER GROWER605 3,BROILER GROWER,2026-07-22 22:01:06.010,2026-07-22 22:45:19.717,2026-07-22 22:46:23.227,4500.0,KENZYME PRO,77,100.0,2.7,2.893518,Production Recipes
Server2,D6CBE823-5059-440F-A864-3519C3104C37,9EB5AAF9-4EC2-4BC1-B78F-A2C697BCE705,4,BROILER GROWER605 3,BROILER GROWER,2026-07-22 22:01:06.010,2026-07-22 22:45:19.717,2026-07-22 22:46:23.227,4500.0,Limestone,113,100.0,55.485,58.8252,Production Recipes
Server2,D6CBE823-5059-440F-A864-3519C3104C37,9EB5AAF9-4EC2-4BC1-B78F-A2C697BCE705,4,BROILER GROWER605 3,BROILER GROWER,2026-07-22 22:01:06.010,2026-07-22 22:45:19.717,2026-07-22 22:46:23.227,4500.0,LYSOFORTE DRY,30,100.0,0.9,0.9794561,Production Recipes
Server2,D6CBE823-5059-440F-A864-3519C3104C37,9EB5AAF9-4EC2-4BC1-B78F-A2C697BCE705,4,BROILER GROWER605 3,BROILER GROWER,2026-07-22 22:01:06.010,2026-07-22 22:45:19.717,2026-07-22 22:46:23.227,4500.0,Maize,100,100.0,2679.705,2691.117,Production Recipes
Server2,D6CBE823-5059-440F-A864-3519C3104C37,9EB5AAF9-4EC2-4BC1-B78F-A2C697BCE705,4,BROILER GROWER605 3,BROILER GROWER,2026-07-22 22:01:06.010,2026-07-22 22:45:19.717,2026-07-22 22:46:23.227,4500.0,Methionine,12,100.0,10.62,10.99537,Production Recipes
Server2,D6CBE823-5059-440F-A864-3519C3104C37,9EB5AAF9-4EC2-4BC1-B78F-A2C697BCE705,4,BROILER GROWER605 3,BROILER GROWER,2026-07-22 22:01:06.010,2026-07-22 22:45:19.717,2026-07-22 22:46:23.227,4500.0,Monocalcium Phos,204,100.0,38.745,39.20718,Production Recipes
Server2,D6CBE823-5059-440F-A864-3519C3104C37,9EB5AAF9-4EC2-4BC1-B78F-A2C697BCE705,4,BROILER GROWER605 3,BROILER GROWER,2026-07-22 22:01:06.010,2026-07-22 22:45:19.717,2026-07-22 22:46:23.227,4500.0,NOVELA ECL,6,100.0,0.45,0.5512153,Production Recipes
Server2,D6CBE823-5059-440F-A864-3519C3104C37,9EB5AAF9-4EC2-4BC1-B78F-A2C697BCE705,4,BROILER GROWER605 3,BROILER GROWER,2026-07-22 22:01:06.010,2026-07-22 22:45:19.717,2026-07-22 22:46:23.227,4500.0,Provi Oxi Stop,21,100.0,0.45,0.9013312,Production Recipes
Server2,D6CBE823-5059-440F-A864-3519C3104C37,9EB5AAF9-4EC2-4BC1-B78F-A2C697BCE705,4,BROILER GROWER605 3,BROILER GROWER,2026-07-22 22:01:06.010,2026-07-22 22:45:19.717,2026-07-22 22:46:23.227,4500.0,Rovabio P10,176,100.0,2.25,2.899305,Production Recipes
Server2,D6CBE823-5059-440F-A864-3519C3104C37,9EB5AAF9-4EC2-4BC1-B78F-A2C697BCE705,4,BROILER GROWER605 3,BROILER GROWER,2026-07-22 22:01:06.010,2026-07-22 22:45:19.717,2026-07-22 22:46:23.227,4500.0,Sacox (500g),91,100.0,2.25,3.217593,Production Recipes
Server2,D6CBE823-5059-440F-A864-3519C3104C37,9EB5AAF9-4EC2-4BC1-B78F-A2C697BCE705,4,BROILER GROWER605 3,BROILER GROWER,2026-07-22 22:01:06.010,2026-07-22 22:45:19.717,2026-07-22 22:46:23.227,4500.0,Salt,202,100.0,12.96,20.10995,Production Recipes
Server2,D6CBE823-5059-440F-A864-3519C3104C37,9EB5AAF9-4EC2-4BC1-B78F-A2C697BCE705,4,BROILER GROWER605 3,BROILER GROWER,2026-07-22 22:01:06.010,2026-07-22 22:45:19.717,2026-07-22 22:46:23.227,4500.0,SOLIS,124,100.0,6.75,7.364005,Production Recipes
Server2,D6CBE823-5059-440F-A864-3519C3104C37,9EB5AAF9-4EC2-4BC1-B78F-A2C697BCE705,4,BROILER GROWER605 3,BROILER GROWER,2026-07-22 22:01:06.010,2026-07-22 22:45:19.717,2026-07-22 22:46:23.227,4500.0,SOUDIOM Bicarbon,35,100.0,8.955,8.969902,Production Recipes
Server2,D6CBE823-5059-440F-A864-3519C3104C37,9EB5AAF9-4EC2-4BC1-B78F-A2C697BCE705,4,BROILER GROWER605 3,BROILER GROWER,2026-07-22 22:01:06.010,2026-07-22 22:45:19.717,2026-07-22 22:46:23.227,4500.0,SOYA-,105,100.0,1619.145,1603.675,Production Recipes
Server2,D6CBE823-5059-440F-A864-3519C3104C37,9EB5AAF9-4EC2-4BC1-B78F-A2C697BCE705,4,BROILER GROWER605 3,BROILER GROWER,2026-07-22 22:01:06.010,2026-07-22 22:45:19.717,2026-07-22 22:46:23.227,4500.0,Soya Oil,210,100.0,37.35,37.75,Production Recipes
Server2,D6CBE823-5059-440F-A864-3519C3104C37,9EB5AAF9-4EC2-4BC1-B78F-A2C697BCE705,4,BROILER GROWER605 3,BROILER GROWER,2026-07-22 22:01:06.010,2026-07-22 22:45:19.717,2026-07-22 22:46:23.227,4500.0,TermiN-8,33,100.0,6.75,0.0,Production Recipes
Server2,65D775F4-E6D1-4530-8C7A-9BA37BD171D9,9EB5AAF9-4EC2-4BC1-B78F-A2C697BCE705,4,BROILER GROWER605 2,BROILER GROWER,2026-07-22 22:01:04.013,2026-07-22 22:34:47.820,2026-07-22 22:35:52.230,4500.0,BETAIN HCL,142,100.0,2.25,3.298612,Production Recipes
Server2,65D775F4-E6D1-4530-8C7A-9BA37BD171D9,9EB5AAF9-4EC2-4BC1-B78F-A2C697BCE705,4,BROILER GROWER605 2,BROILER GROWER,2026-07-22 22:01:04.013,2026-07-22 22:34:47.820,2026-07-22 22:35:52.230,4500.0,BIOSTRONG 510,140,100.0,0.675,0.800058,Production Recipes
Server2,65D775F4-E6D1-4530-8C7A-9BA37BD171D9,9EB5AAF9-4EC2-4BC1-B78F-A2C697BCE705,4,BROILER GROWER605 2,BROILER GROWER,2026-07-22 22:01:04.013,2026-07-22 22:34:47.820,2026-07-22 22:35:52.230,4500.0,Broiler Mineral Mix,31,100.0,4.05,6.684028,Production Recipes
Server2,65D775F4-E6D1-4530-8C7A-9BA37BD171D9,9EB5AAF9-4EC2-4BC1-B78F-A2C697BCE705,4,BROILER GROWER605 2,BROILER GROWER,2026-07-22 22:01:04.013,2026-07-22 22:34:47.820,2026-07-22 22:35:52.230,4500.0,Broiler Starter PX,69,100.0,4.05,5.97801,Production Recipes
Server2,65D775F4-E6D1-4530-8C7A-9BA37BD171D9,9EB5AAF9-4EC2-4BC1-B78F-A2C697BCE705,4,BROILER GROWER605 2,BROILER GROWER,2026-07-22 22:01:04.013,2026-07-22 22:34:47.820,2026-07-22 22:35:52.230,4500.0,Choline Chloride 60%,26,100.0,2.7,3.217592,Production Recipes
Server2,65D775F4-E6D1-4530-8C7A-9BA37BD171D9,9EB5AAF9-4EC2-4BC1-B78F-A2C697BCE705,4,BROILER GROWER605 2,BROILER GROWER,2026-07-22 22:01:04.013,2026-07-22 22:34:47.820,2026-07-22 22:35:52.230,4500.0,KENZYME PRO,77,100.0,2.7,3.298611,Production Recipes
Server2,65D775F4-E6D1-4530-8C7A-9BA37BD171D9,9EB5AAF9-4EC2-4BC1-B78F-A2C697BCE705,4,BROILER GROWER605 2,BROILER GROWER,2026-07-22 22:01:04.013,2026-07-22 22:34:47.820,2026-07-22 22:35:52.230,4500.0,Limestone,113,100.0,55.485,56.07629,Production Recipes
Server2,65D775F4-E6D1-4530-8C7A-9BA37BD171D9,9EB5AAF9-4EC2-4BC1-B78F-A2C697BCE705,4,BROILER GROWER605 2,BROILER GROWER,2026-07-22 22:01:04.013,2026-07-22 22:34:47.820,2026-07-22 22:35:52.230,4500.0,LYSOFORTE DRY,30,100.0,0.9,1.439525,Production Recipes
Server2,65D775F4-E6D1-4530-8C7A-9BA37BD171D9,9EB5AAF9-4EC2-4BC1-B78F-A2C697BCE705,4,BROILER GROWER605 2,BROILER GROWER,2026-07-22 22:01:04.013,2026-07-22 22:34:47.820,2026-07-22 22:35:52.230,4500.0,Maize,100,100.0,2679.705,2687.934,Production Recipes
Server2,65D775F4-E6D1-4530-8C7A-9BA37BD171D9,9EB5AAF9-4EC2-4BC1-B78F-A2C697BCE705,4,BROILER GROWER605 2,BROILER GROWER,2026-07-22 22:01:04.013,2026-07-22 22:34:47.820,2026-07-22 22:35:52.230,4500.0,Methionine,12,100.0,10.62,10.99537,Production Recipes
Server2,65D775F4-E6D1-4530-8C7A-9BA37BD171D9,9EB5AAF9-4EC2-4BC1-B78F-A2C697BCE705,4,BROILER GROWER605 2,BROILER GROWER,2026-07-22 22:01:04.013,2026-07-22 22:34:47.820,2026-07-22 22:35:52.230,4500.0,Monocalcium Phos,204,100.0,38.745,39.20718,Production Recipes
Server2,65D775F4-E6D1-4530-8C7A-9BA37BD171D9,9EB5AAF9-4EC2-4BC1-B78F-A2C697BCE705,4,BROILER GROWER605 2,BROILER GROWER,2026-07-22 22:01:04.013,2026-07-22 22:34:47.820,2026-07-22 22:35:52.230,4500.0,NOVELA ECL,6,100.0,0.45,0.5208334,Production Recipes
Server2,65D775F4-E6D1-4530-8C7A-9BA37BD171D9,9EB5AAF9-4EC2-4BC1-B78F-A2C697BCE705,4,BROILER GROWER605 2,BROILER GROWER,2026-07-22 22:01:04.013,2026-07-22 22:34:47.820,2026-07-22 22:35:52.230,4500.0,Provi Oxi Stop,21,100.0,0.45,0.99103,Production Recipes
Server2,65D775F4-E6D1-4530-8C7A-9BA37BD171D9,9EB5AAF9-4EC2-4BC1-B78F-A2C697BCE705,4,BROILER GROWER605 2,BROILER GROWER,2026-07-22 22:01:04.013,2026-07-22 22:34:47.820,2026-07-22 22:35:52.230,4500.0,Rovabio P10,176,100.0,2.25,1.950232,Production Recipes
Server2,65D775F4-E6D1-4530-8C7A-9BA37BD171D9,9EB5AAF9-4EC2-4BC1-B78F-A2C697BCE705,4,BROILER GROWER605 2,BROILER GROWER,2026-07-22 22:01:04.013,2026-07-22 22:34:47.820,2026-07-22 22:35:52.230,4500.0,Sacox (500g),91,100.0,2.25,3.252315,Production Recipes
Server2,65D775F4-E6D1-4530-8C7A-9BA37BD171D9,9EB5AAF9-4EC2-4BC1-B78F-A2C697BCE705,4,BROILER GROWER605 2,BROILER GROWER,2026-07-22 22:01:04.013,2026-07-22 22:34:47.820,2026-07-22 22:35:52.230,4500.0,Salt,202,100.0,12.96,14.03357,Production Recipes
Server2,65D775F4-E6D1-4530-8C7A-9BA37BD171D9,9EB5AAF9-4EC2-4BC1-B78F-A2C697BCE705,4,BROILER GROWER605 2,BROILER GROWER,2026-07-22 22:01:04.013,2026-07-22 22:34:47.820,2026-07-22 22:35:52.230,4500.0,SOLIS,124,100.0,6.75,7.378471,Production Recipes
Server2,65D775F4-E6D1-4530-8C7A-9BA37BD171D9,9EB5AAF9-4EC2-4BC1-B78F-A2C697BCE705,4,BROILER GROWER605 2,BROILER GROWER,2026-07-22 22:01:04.013,2026-07-22 22:34:47.820,2026-07-22 22:35:52.230,4500.0,SOUDIOM Bicarbon,35,100.0,8.955,9.114586,Production Recipes
Server2,65D775F4-E6D1-4530-8C7A-9BA37BD171D9,9EB5AAF9-4EC2-4BC1-B78F-A2C697BCE705,4,BROILER GROWER605 2,BROILER GROWER,2026-07-22 22:01:04.013,2026-07-22 22:34:47.820,2026-07-22 22:35:52.230,4500.0,SOYA-,105,100.0,1619.145,1616.319,Production Recipes
Server2,65D775F4-E6D1-4530-8C7A-9BA37BD171D9,9EB5AAF9-4EC2-4BC1-B78F-A2C697BCE705,4,BROILER GROWER605 2,BROILER GROWER,2026-07-22 22:01:04.013,2026-07-22 22:34:47.820,2026-07-22 22:35:52.230,4500.0,Soya Oil,210,100.0,37.35,38.0,Production Recipes
Server2,65D775F4-E6D1-4530-8C7A-9BA37BD171D9,9EB5AAF9-4EC2-4BC1-B78F-A2C697BCE705,4,BROILER GROWER605 2,BROILER GROWER,2026-07-22 22:01:04.013,2026-07-22 22:34:47.820,2026-07-22 22:35:52.230,4500.0,TermiN-8,33,100.0,6.75,0.0,Production Recipes
Server2,FF0529D4-7273-46E4-BAA5-5FE42E4073EF,9EB5AAF9-4EC2-4BC1-B78F-A2C697BCE705,4,BROILER GROWER605 1,BROILER GROWER,2026-07-22 22:00:37.863,2026-07-22 22:24:25.997,2026-07-22 22:25:30.187,4500.0,BETAIN HCL,142,100.0,2.25,2.604167,Production Recipes
Server2,FF0529D4-7273-46E4-BAA5-5FE42E4073EF,9EB5AAF9-4EC2-4BC1-B78F-A2C697BCE705,4,BROILER GROWER605 1,BROILER GROWER,2026-07-22 22:00:37.863,2026-07-22 22:24:25.997,2026-07-22 22:25:30.187,4500.0,BIOSTRONG 510,140,100.0,0.675,0.7002316,Production Recipes
Server2,FF0529D4-7273-46E4-BAA5-5FE42E4073EF,9EB5AAF9-4EC2-4BC1-B78F-A2C697BCE705,4,BROILER GROWER605 1,BROILER GROWER,2026-07-22 22:00:37.863,2026-07-22 22:24:25.997,2026-07-22 22:25:30.187,4500.0,Broiler Mineral Mix,31,100.0,4.05,6.293403,Production Recipes
Server2,FF0529D4-7273-46E4-BAA5-5FE42E4073EF,9EB5AAF9-4EC2-4BC1-B78F-A2C697BCE705,4,BROILER GROWER605 1,BROILER GROWER,2026-07-22 22:00:37.863,2026-07-22 22:24:25.997,2026-07-22 22:25:30.187,4500.0,Broiler Starter PX,69,100.0,4.05,5.162037,Production Recipes
Server2,FF0529D4-7273-46E4-BAA5-5FE42E4073EF,9EB5AAF9-4EC2-4BC1-B78F-A2C697BCE705,4,BROILER GROWER605 1,BROILER GROWER,2026-07-22 22:00:37.863,2026-07-22 22:24:25.997,2026-07-22 22:25:30.187,4500.0,Choline Chloride 60%,26,100.0,2.7,2.557871,Production Recipes
Server2,FF0529D4-7273-46E4-BAA5-5FE42E4073EF,9EB5AAF9-4EC2-4BC1-B78F-A2C697BCE705,4,BROILER GROWER605 1,BROILER GROWER,2026-07-22 22:00:37.863,2026-07-22 22:24:25.997,2026-07-22 22:25:30.187,4500.0,KENZYME PRO,77,100.0,2.7,3.038194,Production Recipes
Server2,FF0529D4-7273-46E4-BAA5-5FE42E4073EF,9EB5AAF9-4EC2-4BC1-B78F-A2C697BCE705,4,BROILER GROWER605 1,BROILER GROWER,2026-07-22 22:00:37.863,2026-07-22 22:24:25.997,2026-07-22 22:25:30.187,4500.0,Limestone,113,100.0,55.485,63.22339,Production Recipes
Server2,FF0529D4-7273-46E4-BAA5-5FE42E4073EF,9EB5AAF9-4EC2-4BC1-B78F-A2C697BCE705,4,BROILER GROWER605 1,BROILER GROWER,2026-07-22 22:00:37.863,2026-07-22 22:24:25.997,2026-07-22 22:25:30.187,4500.0,LYSOFORTE DRY,30,100.0,0.9,0.9490741,Production Recipes
Server2,FF0529D4-7273-46E4-BAA5-5FE42E4073EF,9EB5AAF9-4EC2-4BC1-B78F-A2C697BCE705,4,BROILER GROWER605 1,BROILER GROWER,2026-07-22 22:00:37.863,2026-07-22 22:24:25.997,2026-07-22 22:25:30.187,4500.0,Maize,100,100.0,2679.705,2687.934,Production Recipes
Server2,FF0529D4-7273-46E4-BAA5-5FE42E4073EF,9EB5AAF9-4EC2-4BC1-B78F-A2C697BCE705,4,BROILER GROWER605 1,BROILER GROWER,2026-07-22 22:00:37.863,2026-07-22 22:24:25.997,2026-07-22 22:25:30.187,4500.0,Methionine,12,100.0,10.62,10.99537,Production Recipes
Server2,FF0529D4-7273-46E4-BAA5-5FE42E4073EF,9EB5AAF9-4EC2-4BC1-B78F-A2C697BCE705,4,BROILER GROWER605 1,BROILER GROWER,2026-07-22 22:00:37.863,2026-07-22 22:24:25.997,2026-07-22 22:25:30.187,4500.0,Monocalcium Phos,204,100.0,38.745,39.20718,Production Recipes
Server2,FF0529D4-7273-46E4-BAA5-5FE42E4073EF,9EB5AAF9-4EC2-4BC1-B78F-A2C697BCE705,4,BROILER GROWER605 1,BROILER GROWER,2026-07-22 22:00:37.863,2026-07-22 22:24:25.997,2026-07-22 22:25:30.187,4500.0,NOVELA ECL,6,100.0,0.45,0.5208333,Production Recipes
Server2,FF0529D4-7273-46E4-BAA5-5FE42E4073EF,9EB5AAF9-4EC2-4BC1-B78F-A2C697BCE705,4,BROILER GROWER605 1,BROILER GROWER,2026-07-22 22:00:37.863,2026-07-22 22:24:25.997,2026-07-22 22:25:30.187,4500.0,Provi Oxi Stop,21,100.0,0.45,0.8116319,Production Recipes
Server2,FF0529D4-7273-46E4-BAA5-5FE42E4073EF,9EB5AAF9-4EC2-4BC1-B78F-A2C697BCE705,4,BROILER GROWER605 1,BROILER GROWER,2026-07-22 22:00:37.863,2026-07-22 22:24:25.997,2026-07-22 22:25:30.187,4500.0,Rovabio P10,176,100.0,2.25,3.090277,Production Recipes
Server2,FF0529D4-7273-46E4-BAA5-5FE42E4073EF,9EB5AAF9-4EC2-4BC1-B78F-A2C697BCE705,4,BROILER GROWER605 1,BROILER GROWER,2026-07-22 22:00:37.863,2026-07-22 22:24:25.997,2026-07-22 22:25:30.187,4500.0,Sacox (500g),91,100.0,2.25,3.130787,Production Recipes
Server2,FF0529D4-7273-46E4-BAA5-5FE42E4073EF,9EB5AAF9-4EC2-4BC1-B78F-A2C697BCE705,4,BROILER GROWER605 1,BROILER GROWER,2026-07-22 22:00:37.863,2026-07-22 22:24:25.997,2026-07-22 22:25:30.187,4500.0,Salt,202,100.0,12.96,14.03357,Production Recipes
Server2,FF0529D4-7273-46E4-BAA5-5FE42E4073EF,9EB5AAF9-4EC2-4BC1-B78F-A2C697BCE705,4,BROILER GROWER605 1,BROILER GROWER,2026-07-22 22:00:37.863,2026-07-22 22:24:25.997,2026-07-22 22:25:30.187,4500.0,SOLIS,124,100.0,6.75,7.595487,Production Recipes
Server2,FF0529D4-7273-46E4-BAA5-5FE42E4073EF,9EB5AAF9-4EC2-4BC1-B78F-A2C697BCE705,4,BROILER GROWER605 1,BROILER GROWER,2026-07-22 22:00:37.863,2026-07-22 22:24:25.997,2026-07-22 22:25:30.187,4500.0,SOUDIOM Bicarbon,35,100.0,8.955,8.96991,Production Recipes
Server2,FF0529D4-7273-46E4-BAA5-5FE42E4073EF,9EB5AAF9-4EC2-4BC1-B78F-A2C697BCE705,4,BROILER GROWER605 1,BROILER GROWER,2026-07-22 22:00:37.863,2026-07-22 22:24:25.997,2026-07-22 22:25:30.187,4500.0,SOYA-,105,100.0,1619.145,1603.125,Production Recipes
Server2,FF0529D4-7273-46E4-BAA5-5FE42E4073EF,9EB5AAF9-4EC2-4BC1-B78F-A2C697BCE705,4,BROILER GROWER605 1,BROILER GROWER,2026-07-22 22:00:37.863,2026-07-22 22:24:25.997,2026-07-22 22:25:30.187,4500.0,Soya Oil,210,100.0,37.35,38.0,Production Recipes
Server2,FF0529D4-7273-46E4-BAA5-5FE42E4073EF,9EB5AAF9-4EC2-4BC1-B78F-A2C697BCE705,4,BROILER GROWER605 1,BROILER GROWER,2026-07-22 22:00:37.863,2026-07-22 22:24:25.997,2026-07-22 22:25:30.187,4500.0,TermiN-8,33,100.0,6.75,0.0,Production Recipes
Server2,F6BA1469-A8B0-4973-A592-44B3B836A7C3,9EB5AAF9-4EC2-4BC1-B78F-A2C697BCE705,4,BROILER STARTER604 2,BROILER STARTER,2026-07-22 20:31:13.387,2026-07-22 22:18:38.127,2026-07-22 22:19:41.857,4500.0,BETAIN HCL,142,100.0,2.25,2.951388,Production Recipes
Server2,F6BA1469-A8B0-4973-A592-44B3B836A7C3,9EB5AAF9-4EC2-4BC1-B78F-A2C697BCE705,4,BROILER STARTER604 2,BROILER STARTER,2026-07-22 20:31:13.387,2026-07-22 22:18:38.127,2026-07-22 22:19:41.857,4500.0,BIOSTRONG 510,140,100.0,0.675,0.7798032,Production Recipes
Server2,F6BA1469-A8B0-4973-A592-44B3B836A7C3,9EB5AAF9-4EC2-4BC1-B78F-A2C697BCE705,4,BROILER STARTER604 2,BROILER STARTER,2026-07-22 20:31:13.387,2026-07-22 22:18:38.127,2026-07-22 22:19:41.857,4500.0,Broiler Mineral Mix,31,100.0,4.5,6.828704,Production Recipes
Server2,F6BA1469-A8B0-4973-A592-44B3B836A7C3,9EB5AAF9-4EC2-4BC1-B78F-A2C697BCE705,4,BROILER STARTER604 2,BROILER STARTER,2026-07-22 20:31:13.387,2026-07-22 22:18:38.127,2026-07-22 22:19:41.857,4500.0,KENZYME PRO,77,100.0,2.7,2.835649,Production Recipes
Server2,F6BA1469-A8B0-4973-A592-44B3B836A7C3,9EB5AAF9-4EC2-4BC1-B78F-A2C697BCE705,4,BROILER STARTER604 2,BROILER STARTER,2026-07-22 20:31:13.387,2026-07-22 22:18:38.127,2026-07-22 22:19:41.857,4500.0,Limestone,113,100.0,65.07,70.37036,Production Recipes
Server2,F6BA1469-A8B0-4973-A592-44B3B836A7C3,9EB5AAF9-4EC2-4BC1-B78F-A2C697BCE705,4,BROILER STARTER604 2,BROILER STARTER,2026-07-22 20:31:13.387,2026-07-22 22:18:38.127,2026-07-22 22:19:41.857,4500.0,LYSOFORTE DRY,30,100.0,0.9,0.8810765,Production Recipes
Server2,F6BA1469-A8B0-4973-A592-44B3B836A7C3,9EB5AAF9-4EC2-4BC1-B78F-A2C697BCE705,4,BROILER STARTER604 2,BROILER STARTER,2026-07-22 20:31:13.387,2026-07-22 22:18:38.127,2026-07-22 22:19:41.857,4500.0,Maize,100,100.0,2688.75,2684.751,Production Recipes
Server2,F6BA1469-A8B0-4973-A592-44B3B836A7C3,9EB5AAF9-4EC2-4BC1-B78F-A2C697BCE705,4,BROILER STARTER604 2,BROILER STARTER,2026-07-22 20:31:13.387,2026-07-22 22:18:38.127,2026-07-22 22:19:41.857,4500.0,Methionine,12,100.0,13.95,14.03356,Production Recipes
Server2,F6BA1469-A8B0-4973-A592-44B3B836A7C3,9EB5AAF9-4EC2-4BC1-B78F-A2C697BCE705,4,BROILER STARTER604 2,BROILER STARTER,2026-07-22 20:31:13.387,2026-07-22 22:18:38.127,2026-07-22 22:19:41.857,4500.0,Monocalcium Phos,204,100.0,42.03,42.24537,Production Recipes
Server2,F6BA1469-A8B0-4973-A592-44B3B836A7C3,9EB5AAF9-4EC2-4BC1-B78F-A2C697BCE705,4,BROILER STARTER604 2,BROILER STARTER,2026-07-22 20:31:13.387,2026-07-22 22:18:38.127,2026-07-22 22:19:41.857,4500.0,NOVELA ECL,6,100.0,0.45,0.5208334,Production Recipes
Server2,F6BA1469-A8B0-4973-A592-44B3B836A7C3,9EB5AAF9-4EC2-4BC1-B78F-A2C697BCE705,4,BROILER STARTER604 2,BROILER STARTER,2026-07-22 20:31:13.387,2026-07-22 22:18:38.127,2026-07-22 22:19:41.857,4500.0,Provi Oxi Stop,21,100.0,0.45,1.180556,Production Recipes
Server2,F6BA1469-A8B0-4973-A592-44B3B836A7C3,9EB5AAF9-4EC2-4BC1-B78F-A2C697BCE705,4,BROILER STARTER604 2,BROILER STARTER,2026-07-22 20:31:13.387,2026-07-22 22:18:38.127,2026-07-22 22:19:41.857,4500.0,Rovabio P10,176,100.0,2.25,3.084492,Production Recipes
Server2,F6BA1469-A8B0-4973-A592-44B3B836A7C3,9EB5AAF9-4EC2-4BC1-B78F-A2C697BCE705,4,BROILER STARTER604 2,BROILER STARTER,2026-07-22 20:31:13.387,2026-07-22 22:18:38.127,2026-07-22 22:19:41.857,4500.0,Sacox (500g),91,100.0,2.25,3.055556,Production Recipes
Server2,F6BA1469-A8B0-4973-A592-44B3B836A7C3,9EB5AAF9-4EC2-4BC1-B78F-A2C697BCE705,4,BROILER STARTER604 2,BROILER STARTER,2026-07-22 20:31:13.387,2026-07-22 22:18:38.127,2026-07-22 22:19:41.857,4500.0,Salt,202,100.0,12.105,13.02084,Production Recipes
Server2,F6BA1469-A8B0-4973-A592-44B3B836A7C3,9EB5AAF9-4EC2-4BC1-B78F-A2C697BCE705,4,BROILER STARTER604 2,BROILER STARTER,2026-07-22 20:31:13.387,2026-07-22 22:18:38.127,2026-07-22 22:19:41.857,4500.0,SOLIS,124,100.0,6.75,7.248263,Production Recipes
Server2,F6BA1469-A8B0-4973-A592-44B3B836A7C3,9EB5AAF9-4EC2-4BC1-B78F-A2C697BCE705,4,BROILER STARTER604 2,BROILER STARTER,2026-07-22 20:31:13.387,2026-07-22 22:18:38.127,2026-07-22 22:19:41.857,4500.0,SOUDIOM Bicarbon,35,100.0,9.81,9.982635,Production Recipes
Server2,F6BA1469-A8B0-4973-A592-44B3B836A7C3,9EB5AAF9-4EC2-4BC1-B78F-A2C697BCE705,4,BROILER STARTER604 2,BROILER STARTER,2026-07-22 20:31:13.387,2026-07-22 22:18:38.127,2026-07-22 22:19:41.857,4500.0,SOYA-,105,100.0,1755.0,1750.463,Production Recipes
Server2,F6BA1469-A8B0-4973-A592-44B3B836A7C3,9EB5AAF9-4EC2-4BC1-B78F-A2C697BCE705,4,BROILER STARTER604 2,BROILER STARTER,2026-07-22 20:31:13.387,2026-07-22 22:18:38.127,2026-07-22 22:19:41.857,4500.0,Soya Oil,210,100.0,14.58,15.25,Production Recipes
Server2,F6BA1469-A8B0-4973-A592-44B3B836A7C3,9EB5AAF9-4EC2-4BC1-B78F-A2C697BCE705,4,BROILER STARTER604 2,BROILER STARTER,2026-07-22 20:31:13.387,2026-07-22 22:18:38.127,2026-07-22 22:19:41.857,4500.0,TermiN-8,33,100.0,6.75,0.0,Production Recipes
Server2,5D67A1E6-499C-4A21-8A76-34C0852DC880,9EB5AAF9-4EC2-4BC1-B78F-A2C697BCE705,4,BROILER STARTER604 1,BROILER STARTER,2026-07-22 20:31:10.140,2026-07-22 22:15:30.013,2026-07-22 22:16:33.997,4500.0,BETAIN HCL,142,100.0,2.25,3.142362,Production Recipes
Server2,5D67A1E6-499C-4A21-8A76-34C0852DC880,9EB5AAF9-4EC2-4BC1-B78F-A2C697BCE705,4,BROILER STARTER604 1,BROILER STARTER,2026-07-22 20:31:10.140,2026-07-22 22:15:30.013,2026-07-22 22:16:33.997,4500.0,BIOSTRONG 510,140,100.0,0.675,0.7899306,Production Recipes
Server2,5D67A1E6-499C-4A21-8A76-34C0852DC880,9EB5AAF9-4EC2-4BC1-B78F-A2C697BCE705,4,BROILER STARTER604 1,BROILER STARTER,2026-07-22 20:31:10.140,2026-07-22 22:15:30.013,2026-07-22 22:16:33.997,4500.0,Broiler Mineral Mix,31,100.0,4.5,6.30787,Production Recipes
