Source Server,Batch GUID,ROOTGUID,OrderId,Batch Name,Product Name,Batch Act Start,Batch Act End,Batch Transfer Time,Quantity,Material Name,Material Code,sp_prot,SetPoint Float,Actual Value Float,FormulaCategoryName,POBJID,EventID
Server2,57E2E539-A1C3-41A1-B9A2-775F98407A18,9EB5AAF9-4EC2-4BC1-B78F-A2C697BCE705,4,BROILER GROWER605 1,BROILER GROWER,2026-07-22 06:04:24.547,2026-07-22 07:27:01.140,2026-07-22 07:28:05.147,4500.0,BETAIN HCL,142,100.0,2.25,3.518519,Production Recipes,1,
Server2,57E2E539-A1C3-41A1-B9A2-775F98407A18,9EB5AAF9-4EC2-4BC1-B78F-A2C697BCE705,4,BROILER GROWER605 1,BROILER GROWER,2026-07-22 06:04:24.547,2026-07-22 07:27:01.140,2026-07-22 07:28:05.147,4500.0,BIOSTRONG 510,140,100.0,0.675,0.6901042,Production Recipes,1,
Server2,57E2E539-A1C3-41A1-B9A2-775F98407A18,9EB5AAF9-4EC2-4BC1-B78F-A2C697BCE705,4,BROILER GROWER605 1,BROILER GROWER,2026-07-22 06:04:24.547,2026-07-22 07:27:01.140,2026-07-22 07:28:05.147,4500.0,Broiler Mineral Mix,31,100.0,4.05,5.512153,Production Recipes,1,
Server2,57E2E539-A1C3-41A1-B9A2-775F98407A18,9EB5AAF9-4EC2-4BC1-B78F-A2C697BCE705,4,BROILER GROWER605 1,BROILER GROWER,2026-07-22 06:04:24.547,2026-07-22 07:27:01.140,2026-07-22 07:28:05.147,4500.0,Broiler Starter PX,69,100.0,4.05,5.451389,Production Recipes,1,
Server2,57E2E539-A1C3-41A1-B9A2-775F98407A18,9EB5AAF9-4EC2-4BC1-B78F-A2C697BCE705,4,BROILER GROWER605 1,BROILER GROWER,2026-07-22 06:04:24.547,2026-07-22 07:27:01.140,2026-07-22 07:28:05.147,4500.0,Choline Chloride 60%,26,100.0,2.7,2.627316,Production Recipes,1,
Server2,57E2E539-A1C3-41A1-B9A2-775F98407A18,9EB5AAF9-4EC2-4BC1-B78F-A2C697BCE705,4,BROILER GROWER605 1,BROILER GROWER,2026-07-22 06:04:24.547,2026-07-22 07:27:01.140,2026-07-22 07:28:05.147,4500.0,KENZYME PRO,77,100.0,2.7,2.734375,Production Recipes,1,
Server2,57E2E539-A1C3-41A1-B9A2-775F98407A18,9EB5AAF9-4EC2-4BC1-B78F-A2C697BCE705,4,BROILER GROWER605 1,BROILER GROWER,2026-07-22 06:04:24.547,2026-07-22 07:27:01.140,2026-07-22 07:28:05.147,4500.0,Limestone,113,100.0,55.485,67.07166,Production Recipes,1,
Server2,57E2E539-A1C3-41A1-B9A2-775F98407A18,9EB5AAF9-4EC2-4BC1-B78F-A2C697BCE705,4,BROILER GROWER605 1,BROILER GROWER,2026-07-22 06:04:24.547,2026-07-22 07:27:01.140,2026-07-22 07:28:05.147,4500.0,LYSOFORTE DRY,30,100.0,0.9,0.8998843,Production Recipes,1,
Server2,57E2E539-A1C3-41A1-B9A2-775F98407A18,9EB5AAF9-4EC2-4BC1-B78F-A2C697BCE705,4,BROILER GROWER605 1,BROILER GROWER,2026-07-22 06:04:24.547,2026-07-22 07:27:01.140,2026-07-22 07:28:05.147,4500.0,Maize,100,100.0,2679.705,2691.117,Production Recipes,4,
Server2,57E2E539-A1C3-41A1-B9A2-775F98407A18,9EB5AAF9-4EC2-4BC1-B78F-A2C697BCE705,4,BROILER GROWER605 1,BROILER GROWER,2026-07-22 06:04:24.547,2026-07-22 07:27:01.140,2026-07-22 07:28:05.147,4500.0,Methionine,12,100.0,10.62,10.99537,Production Recipes,1,
Server2,57E2E539-A1C3-41A1-B9A2-775F98407A18,9EB5AAF9-4EC2-4BC1-B78F-A2C697BCE705,4,BROILER GROWER605 1,BROILER GROWER,2026-07-22 06:04:24.547,2026-07-22 07:27:01.140,2026-07-22 07:28:05.147,4500.0,Monocalcium Phos,204,100.0,38.745,39.20717,Production Recipes,1,
Server2,57E2E539-A1C3-41A1-B9A2-775F98407A18,9EB5AAF9-4EC2-4BC1-B78F-A2C697BCE705,4,BROILER GROWER605 1,BROILER GROWER,2026-07-22 06:04:24.547,2026-07-22 07:27:01.140,2026-07-22 07:28:05.147,4500.0,NOVELA ECL,6,100.0,0.45,0.5396411,Production Recipes,1,
Server2,57E2E539-A1C3-41A1-B9A2-775F98407A18,9EB5AAF9-4EC2-4BC1-B78F-A2C697BCE705,4,BROILER GROWER605 1,BROILER GROWER,2026-07-22 06:04:24.547,2026-07-22 07:27:01.140,2026-07-22 07:28:05.147,4500.0,Provi Oxi Stop,21,100.0,0.45,1.255787,Production Recipes,1,
Server2,57E2E539-A1C3-41A1-B9A2-775F98407A18,9EB5AAF9-4EC2-4BC1-B78F-A2C697BCE705,4,BROILER GROWER605 1,BROILER GROWER,2026-07-22 06:04:24.547,2026-07-22 07:27:01.140,2026-07-22 07:28:05.147,4500.0,Rovabio P10,176,100.0,2.25,3.078705,Production Recipes,1,
Server2,57E2E539-A1C3-41A1-B9A2-775F98407A18,9EB5AAF9-4EC2-4BC1-B78F-A2C697BCE705,4,BROILER GROWER605 1,BROILER GROWER,2026-07-22 06:04:24.547,2026-07-22 07:27:01.140,2026-07-22 07:28:05.147,4500.0,Sacox (500g),91,100.0,2.25,4.479167,Production Recipes,1,
Server2,57E2E539-A1C3-41A1-B9A2-775F98407A18,9EB5AAF9-4EC2-4BC1-B78F-A2C697BCE705,4,BROILER GROWER605 1,BROILER GROWER,2026-07-22 06:04:24.547,2026-07-22 07:27:01.140,2026-07-22 07:28:05.147,4500.0,Salt,202,100.0,12.96,14.03357,Production Recipes,1,
Server2,57E2E539-A1C3-41A1-B9A2-775F98407A18,9EB5AAF9-4EC2-4BC1-B78F-A2C697BCE705,4,BROILER GROWER605 1,BROILER GROWER,2026-07-22 06:04:24.547,2026-07-22 07:27:01.140,2026-07-22 07:28:05.147,4500.0,SOLIS,124,100.0,6.75,6.944445,Production Recipes,1,
Server2,57E2E539-A1C3-41A1-B9A2-775F98407A18,9EB5AAF9-4EC2-4BC1-B78F-A2C697BCE705,4,BROILER GROWER605 1,BROILER GROWER,2026-07-22 06:04:24.547,2026-07-22 07:27:01.140,2026-07-22 07:28:05.147,4500.0,SOUDIOM Bicarbon,35,100.0,8.955,10.99538,Production Recipes,1,
Server2,57E2E539-A1C3-41A1-B9A2-775F98407A18,9EB5AAF9-4EC2-4BC1-B78F-A2C697BCE705,4,BROILER GROWER605 1,BROILER GROWER,2026-07-22 06:04:24.547,2026-07-22 07:27:01.140,2026-07-22 07:28:05.147,4500.0,SOYA-,105,100.0,1619.145,1600.926,Production Recipes,1,
Server2,57E2E539-A1C3-41A1-B9A2-775F98407A18,9EB5AAF9-4EC2-4BC1-B78F-A2C697BCE705,4,BROILER GROWER605 1,BROILER GROWER,2026-07-22 06:04:24.547,2026-07-22 07:27:01.140,2026-07-22 07:28:05.147,4500.0,Soya Oil,210,100.0,37.35,37.75,Production Recipes,10,
Server2,57E2E539-A1C3-41A1-B9A2-775F98407A18,9EB5AAF9-4EC2-4BC1-B78F-A2C697BCE705,4,BROILER GROWER605 1,BROILER GROWER,2026-07-22 06:04:24.547,2026-07-22 07:27:01.140,2026-07-22 07:28:05.147,4500.0,TermiN-8,33,100.0,6.75,0.0,Production Recipes,6,
Server2,B00D650B-FBB0-4C50-B5CE-DDC8922542A0,9EB5AAF9-4EC2-4BC1-B78F-A2C697BCE705,4,BROILER GROWER605 2,BROILER GROWER,2026-07-22 06:04:26.547,2026-07-22 07:37:15.737,2026-07-22 07:38:21.500,4500.0,BETAIN HCL,142,100.0,2.25,3.564815,Production Recipes,1,
Server2,B00D650B-FBB0-4C50-B5CE-DDC8922542A0,9EB5AAF9-4EC2-4BC1-B78F-A2C697BCE705,4,BROILER GROWER605 2,BROILER GROWER,2026-07-22 06:04:26.547,2026-07-22 07:37:15.737,2026-07-22 07:38:21.500,4500.0,BIOSTRONG 510,140,100.0,0.675,0.8101851,Production Recipes,1,
Server2,B00D650B-FBB0-4C50-B5CE-DDC8922542A0,9EB5AAF9-4EC2-4BC1-B78F-A2C697BCE705,4,BROILER GROWER605 2,BROILER GROWER,2026-07-22 06:04:26.547,2026-07-22 07:37:15.737,2026-07-22 07:38:21.500,4500.0,Broiler Mineral Mix,31,100.0,4.05,6.047454,Production Recipes,1,
Server2,B00D650B-FBB0-4C50-B5CE-DDC8922542A0,9EB5AAF9-4EC2-4BC1-B78F-A2C697BCE705,4,BROILER GROWER605 2,BROILER GROWER,2026-07-22 06:04:26.547,2026-07-22 07:37:15.737,2026-07-22 07:38:21.500,4500.0,Broiler Starter PX,69,100.0,4.05,4.88426,Production Recipes,1,
Server2,B00D650B-FBB0-4C50-B5CE-DDC8922542A0,9EB5AAF9-4EC2-4BC1-B78F-A2C697BCE705,4,BROILER GROWER605 2,BROILER GROWER,2026-07-22 06:04:26.547,2026-07-22 07:37:15.737,2026-07-22 07:38:21.500,4500.0,Choline Chloride 60%,26,100.0,2.7,2.309029,Production Recipes,1,
Server2,B00D650B-FBB0-4C50-B5CE-DDC8922542A0,9EB5AAF9-4EC2-4BC1-B78F-A2C697BCE705,4,BROILER GROWER605 2,BROILER GROWER,2026-07-22 06:04:26.547,2026-07-22 07:37:15.737,2026-07-22 07:38:21.500,4500.0,KENZYME PRO,77,100.0,2.7,2.980325,Production Recipes,1,
Server2,B00D650B-FBB0-4C50-B5CE-DDC8922542A0,9EB5AAF9-4EC2-4BC1-B78F-A2C697BCE705,4,BROILER GROWER605 2,BROILER GROWER,2026-07-22 06:04:26.547,2026-07-22 07:37:15.737,2026-07-22 07:38:21.500,4500.0,Limestone,113,100.0,55.485,61.02429,Production Recipes,1,
Server2,B00D650B-FBB0-4C50-B5CE-DDC8922542A0,9EB5AAF9-4EC2-4BC1-B78F-A2C697BCE705,4,BROILER GROWER605 2,BROILER GROWER,2026-07-22 06:04:26.547,2026-07-22 07:37:15.737,2026-07-22 07:38:21.500,4500.0,LYSOFORTE DRY,30,100.0,0.9,0.8695024,Production Recipes,1,
Server2,B00D650B-FBB0-4C50-B5CE-DDC8922542A0,9EB5AAF9-4EC2-4BC1-B78F-A2C697BCE705,4,BROILER GROWER605 2,BROILER GROWER,2026-07-22 06:04:26.547,2026-07-22 07:37:15.737,2026-07-22 07:38:21.500,4500.0,Maize,100,100.0,2679.705,2684.751,Production Recipes,4,
Server2,B00D650B-FBB0-4C50-B5CE-DDC8922542A0,9EB5AAF9-4EC2-4BC1-B78F-A2C697BCE705,4,BROILER GROWER605 2,BROILER GROWER,2026-07-22 06:04:26.547,2026-07-22 07:37:15.737,2026-07-22 07:38:21.500,4500.0,Methionine,12,100.0,10.62,10.99537,Production Recipes,1,
Server2,B00D650B-FBB0-4C50-B5CE-DDC8922542A0,9EB5AAF9-4EC2-4BC1-B78F-A2C697BCE705,4,BROILER GROWER605 2,BROILER GROWER,2026-07-22 06:04:26.547,2026-07-22 07:37:15.737,2026-07-22 07:38:21.500,4500.0,Monocalcium Phos,204,100.0,38.745,39.0625,Production Recipes,1,
Server2,B00D650B-FBB0-4C50-B5CE-DDC8922542A0,9EB5AAF9-4EC2-4BC1-B78F-A2C697BCE705,4,BROILER GROWER605 2,BROILER GROWER,2026-07-22 06:04:26.547,2026-07-22 07:37:15.737,2026-07-22 07:38:21.500,4500.0,NOVELA ECL,6,100.0,0.45,0.5902779,Production Recipes,1,
Server2,B00D650B-FBB0-4C50-B5CE-DDC8922542A0,9EB5AAF9-4EC2-4BC1-B78F-A2C697BCE705,4,BROILER GROWER605 2,BROILER GROWER,2026-07-22 06:04:26.547,2026-07-22 07:37:15.737,2026-07-22 07:38:21.500,4500.0,Provi Oxi Stop,21,100.0,0.45,1.458333,Production Recipes,1,
Server2,B00D650B-FBB0-4C50-B5CE-DDC8922542A0,9EB5AAF9-4EC2-4BC1-B78F-A2C697BCE705,4,BROILER GROWER605 2,BROILER GROWER,2026-07-22 06:04:26.547,2026-07-22 07:37:15.737,2026-07-22 07:38:21.500,4500.0,Rovabio P10,176,100.0,2.25,0.0,Production Recipes,1,
Server2,B00D650B-FBB0-4C50-B5CE-DDC8922542A0,9EB5AAF9-4EC2-4BC1-B78F-A2C697BCE705,4,BROILER GROWER605 2,BROILER GROWER,2026-07-22 06:04:26.547,2026-07-22 07:37:15.737,2026-07-22 07:38:21.500,4500.0,Sacox (500g),91,100.0,2.25,4.774305,Production Recipes,1,
Server2,B00D650B-FBB0-4C50-B5CE-DDC8922542A0,9EB5AAF9-4EC2-4BC1-B78F-A2C697BCE705,4,BROILER GROWER605 2,BROILER GROWER,2026-07-22 06:04:26.547,2026-07-22 07:37:15.737,2026-07-22 07:38:21.500,4500.0,Salt,202,100.0,12.96,7.089121,Production Recipes,1,
Server2,B00D650B-FBB0-4C50-B5CE-DDC8922542A0,9EB5AAF9-4EC2-4BC1-B78F-A2C697BCE705,4,BROILER GROWER605 2,BROILER GROWER,2026-07-22 06:04:26.547,2026-07-22 07:37:15.737,2026-07-22 07:38:21.500,4500.0,SOLIS,124,100.0,6.75,7.248263,Production Recipes,1,
Server2,B00D650B-FBB0-4C50-B5CE-DDC8922542A0,9EB5AAF9-4EC2-4BC1-B78F-A2C697BCE705,4,BROILER GROWER605 2,BROILER GROWER,2026-07-22 06:04:26.547,2026-07-22 07:37:15.737,2026-07-22 07:38:21.500,4500.0,SOUDIOM Bicarbon,35,100.0,8.955,10.12731,Production Recipes,1,
Server2,B00D650B-FBB0-4C50-B5CE-DDC8922542A0,9EB5AAF9-4EC2-4BC1-B78F-A2C697BCE705,4,BROILER GROWER605 2,BROILER GROWER,2026-07-22 06:04:26.547,2026-07-22 07:37:15.737,2026-07-22 07:38:21.500,4500.0,SOYA-,105,100.0,1619.145,1617.969,Production Recipes,1,
Server2,B00D650B-FBB0-4C50-B5CE-DDC8922542A0,9EB5AAF9-4EC2-4BC1-B78F-A2C697BCE705,4,BROILER GROWER605 2,BROILER GROWER,2026-07-22 06:04:26.547,2026-07-22 07:37:15.737,2026-07-22 07:38:21.500,4500.0,Soya Oil,210,100.0,37.35,37.75,Production Recipes,10,
Server2,B00D650B-FBB0-4C50-B5CE-DDC8922542A0,9EB5AAF9-4EC2-4BC1-B78F-A2C697BCE705,4,BROILER GROWER605 2,BROILER GROWER,2026-07-22 06:04:26.547,2026-07-22 07:37:15.737,2026-07-22 07:38:21.500,4500.0,TermiN-8,33,100.0,6.75,0.0,Production Recipes,6,
Server2,2E066F9A-4534-4527-96A5-6A8E25DD7E15,9EB5AAF9-4EC2-4BC1-B78F-A2C697BCE705,4,BROILER GROWER605 3,BROILER GROWER,2026-07-22 06:04:32.637,2026-07-22 07:49:34.937,2026-07-22 07:50:39.193,4500.0,BETAIN HCL,142,100.0,2.25,2.609954,Production Recipes,1,
Server2,2E066F9A-4534-4527-96A5-6A8E25DD7E15,9EB5AAF9-4EC2-4BC1-B78F-A2C697BCE705,4,BROILER GROWER605 3,BROILER GROWER,2026-07-22 06:04:32.637,2026-07-22 07:49:34.937,2026-07-22 07:50:39.193,4500.0,BIOSTRONG 510,140,100.0,0.675,0.7306136,Production Recipes,1,
Server2,2E066F9A-4534-4527-96A5-6A8E25DD7E15,9EB5AAF9-4EC2-4BC1-B78F-A2C697BCE705,4,BROILER GROWER605 3,BROILER GROWER,2026-07-22 06:04:32.637,2026-07-22 07:49:34.937,2026-07-22 07:50:39.193,4500.0,Broiler Mineral Mix,31,100.0,4.05,5.208333,Production Recipes,1,
Server2,2E066F9A-4534-4527-96A5-6A8E25DD7E15,9EB5AAF9-4EC2-4BC1-B78F-A2C697BCE705,4,BROILER GROWER605 3,BROILER GROWER,2026-07-22 06:04:32.637,2026-07-22 07:49:34.937,2026-07-22 07:50:39.193,4500.0,Broiler Starter PX,69,100.0,4.05,5.3125,Production Recipes,1,
Server2,2E066F9A-4534-4527-96A5-6A8E25DD7E15,9EB5AAF9-4EC2-4BC1-B78F-A2C697BCE705,4,BROILER GROWER605 3,BROILER GROWER,2026-07-22 06:04:32.637,2026-07-22 07:49:34.937,2026-07-22 07:50:39.193,4500.0,Choline Chloride 60%,26,100.0,2.7,3.055555,Production Recipes,1,
Server2,2E066F9A-4534-4527-96A5-6A8E25DD7E15,9EB5AAF9-4EC2-4BC1-B78F-A2C697BCE705,4,BROILER GROWER605 3,BROILER GROWER,2026-07-22 06:04:32.637,2026-07-22 07:49:34.937,2026-07-22 07:50:39.193,4500.0,KENZYME PRO,77,100.0,2.7,3.081597,Production Recipes,1,
Server2,2E066F9A-4534-4527-96A5-6A8E25DD7E15,9EB5AAF9-4EC2-4BC1-B78F-A2C697BCE705,4,BROILER GROWER605 3,BROILER GROWER,2026-07-22 06:04:32.637,2026-07-22 07:49:34.937,2026-07-22 07:50:39.193,4500.0,Limestone,113,100.0,55.485,15.94336,Production Recipes,1,
Server2,2E066F9A-4534-4527-96A5-6A8E25DD7E15,9EB5AAF9-4EC2-4BC1-B78F-A2C697BCE705,4,BROILER GROWER605 3,BROILER GROWER,2026-07-22 06:04:32.637,2026-07-22 07:49:34.937,2026-07-22 07:50:39.193,4500.0,LYSOFORTE DRY,30,100.0,0.9,1.019965,Production Recipes,1,
Server2,2E066F9A-4534-4527-96A5-6A8E25DD7E15,9EB5AAF9-4EC2-4BC1-B78F-A2C697BCE705,4,BROILER GROWER605 3,BROILER GROWER,2026-07-22 06:04:32.637,2026-07-22 07:49:34.937,2026-07-22 07:50:39.193,4500.0,Maize,100,100.0,2679.705,2689.525,Production Recipes,4,
Server2,2E066F9A-4534-4527-96A5-6A8E25DD7E15,9EB5AAF9-4EC2-4BC1-B78F-A2C697BCE705,4,BROILER GROWER605 3,BROILER GROWER,2026-07-22 06:04:32.637,2026-07-22 07:49:34.937,2026-07-22 07:50:39.193,4500.0,Methionine,12,100.0,10.62,9.982639,Production Recipes,1,
Server2,2E066F9A-4534-4527-96A5-6A8E25DD7E15,9EB5AAF9-4EC2-4BC1-B78F-A2C697BCE705,4,BROILER GROWER605 3,BROILER GROWER,2026-07-22 06:04:32.637,2026-07-22 07:49:34.937,2026-07-22 07:50:39.193,4500.0,Monocalcium Phos,204,100.0,38.745,39.20718,Production Recipes,1,
Server2,2E066F9A-4534-4527-96A5-6A8E25DD7E15,9EB5AAF9-4EC2-4BC1-B78F-A2C697BCE705,4,BROILER GROWER605 3,BROILER GROWER,2026-07-22 06:04:32.637,2026-07-22 07:49:34.937,2026-07-22 07:50:39.193,4500.0,NOVELA ECL,6,100.0,0.45,0.5309607,Production Recipes,1,
Server2,2E066F9A-4534-4527-96A5-6A8E25DD7E15,9EB5AAF9-4EC2-4BC1-B78F-A2C697BCE705,4,BROILER GROWER605 3,BROILER GROWER,2026-07-22 06:04:32.637,2026-07-22 07:49:34.937,2026-07-22 07:50:39.193,4500.0,Provi Oxi Stop,21,100.0,0.45,1.03588,Production Recipes,1,
Server2,2E066F9A-4534-4527-96A5-6A8E25DD7E15,9EB5AAF9-4EC2-4BC1-B78F-A2C697BCE705,4,BROILER GROWER605 3,BROILER GROWER,2026-07-22 06:04:32.637,2026-07-22 07:49:34.937,2026-07-22 07:50:39.193,4500.0,Rovabio P10,176,100.0,2.25,2.401621,Production Recipes,1,
Server2,2E066F9A-4534-4527-96A5-6A8E25DD7E15,9EB5AAF9-4EC2-4BC1-B78F-A2C697BCE705,4,BROILER GROWER605 3,BROILER GROWER,2026-07-22 06:04:32.637,2026-07-22 07:49:34.937,2026-07-22 07:50:39.193,4500.0,Sacox (500g),91,100.0,2.25,3.292825,Production Recipes,1,
Server2,2E066F9A-4534-4527-96A5-6A8E25DD7E15,9EB5AAF9-4EC2-4BC1-B78F-A2C697BCE705,4,BROILER GROWER605 3,BROILER GROWER,2026-07-22 06:04:32.637,2026-07-22 07:49:34.937,2026-07-22 07:50:39.193,4500.0,Salt,202,100.0,12.96,0.0,Production Recipes,1,
Server2,2E066F9A-4534-4527-96A5-6A8E25DD7E15,9EB5AAF9-4EC2-4BC1-B78F-A2C697BCE705,4,BROILER GROWER605 3,BROILER GROWER,2026-07-22 06:04:32.637,2026-07-22 07:49:34.937,2026-07-22 07:50:39.193,4500.0,SOLIS,124,100.0,6.75,5.729168,Production Recipes,1,
Server2,2E066F9A-4534-4527-96A5-6A8E25DD7E15,9EB5AAF9-4EC2-4BC1-B78F-A2C697BCE705,4,BROILER GROWER605 3,BROILER GROWER,2026-07-22 06:04:32.637,2026-07-22 07:49:34.937,2026-07-22 07:50:39.193,4500.0,SOUDIOM Bicarbon,35,100.0,8.955,9.982635,Production Recipes,1,
Server2,2E066F9A-4534-4527-96A5-6A8E25DD7E15,9EB5AAF9-4EC2-4BC1-B78F-A2C697BCE705,4,BROILER GROWER605 3,BROILER GROWER,2026-07-22 06:04:32.637,2026-07-22 07:49:34.937,2026-07-22 07:50:39.193,4500.0,SOYA-,105,100.0,1619.145,1618.518,Production Recipes,1,
Server2,2E066F9A-4534-4527-96A5-6A8E25DD7E15,9EB5AAF9-4EC2-4BC1-B78F-A2C697BCE705,4,BROILER GROWER605 3,BROILER GROWER,2026-07-22 06:04:32.637,2026-07-22 07:49:34.937,2026-07-22 07:50:39.193,4500.0,Soya Oil,210,100.0,37.35,37.75,Production Recipes,10,
Server2,2E066F9A-4534-4527-96A5-6A8E25DD7E15,9EB5AAF9-4EC2-4BC1-B78F-A2C697BCE705,4,BROILER GROWER605 3,BROILER GROWER,2026-07-22 06:04:32.637,2026-07-22 07:49:34.937,2026-07-22 07:50:39.193,4500.0,TermiN-8,33,100.0,6.75,0.0,Production Recipes,6,
Server2,4C9A587C-9C7E-4814-BB9F-52FD72319613,9EB5AAF9-4EC2-4BC1-B78F-A2C697BCE705,4,BROILER GROWER605 4,BROILER GROWER,2026-07-22 06:04:34.633,2026-07-22 07:59:19.033,2026-07-22 08:00:23.130,4500.0,BETAIN HCL,142,100.0,2.25,2.280092,Production Recipes,1,
Server2,4C9A587C-9C7E-4814-BB9F-52FD72319613,9EB5AAF9-4EC2-4BC1-B78F-A2C697BCE705,4,BROILER GROWER605 4,BROILER GROWER,2026-07-22 06:04:34.633,2026-07-22 07:59:19.033,2026-07-22 08:00:23.130,4500.0,BIOSTRONG 510,140,100.0,0.675,0.8203127,Production Recipes,1,
Server2,4C9A587C-9C7E-4814-BB9F-52FD72319613,9EB5AAF9-4EC2-4BC1-B78F-A2C697BCE705,4,BROILER GROWER605 4,BROILER GROWER,2026-07-22 06:04:34.633,2026-07-22 07:59:19.033,2026-07-22 08:00:23.130,4500.0,Broiler Mineral Mix,31,100.0,4.05,5.092592,Production Recipes,1,
Server2,4C9A587C-9C7E-4814-BB9F-52FD72319613,9EB5AAF9-4EC2-4BC1-B78F-A2C697BCE705,4,BROILER GROWER605 4,BROILER GROWER,2026-07-22 06:04:34.633,2026-07-22 07:59:19.033,2026-07-22 08:00:23.130,4500.0,Broiler Starter PX,69,100.0,4.05,5.19676,Production Recipes,1,
Server2,4C9A587C-9C7E-4814-BB9F-52FD72319613,9EB5AAF9-4EC2-4BC1-B78F-A2C697BCE705,4,BROILER GROWER605 4,BROILER GROWER,2026-07-22 06:04:34.633,2026-07-22 07:59:19.033,2026-07-22 08:00:23.130,4500.0,Choline Chloride 60%,26,100.0,2.7,2.85301,Production Recipes,1,
Server2,4C9A587C-9C7E-4814-BB9F-52FD72319613,9EB5AAF9-4EC2-4BC1-B78F-A2C697BCE705,4,BROILER GROWER605 4,BROILER GROWER,2026-07-22 06:04:34.633,2026-07-22 07:59:19.033,2026-07-22 08:00:23.130,4500.0,KENZYME PRO,77,100.0,2.7,3.06713,Production Recipes,1,
Server2,4C9A587C-9C7E-4814-BB9F-52FD72319613,9EB5AAF9-4EC2-4BC1-B78F-A2C697BCE705,4,BROILER GROWER605 4,BROILER GROWER,2026-07-22 06:04:34.633,2026-07-22 07:59:19.033,2026-07-22 08:00:23.130,4500.0,Limestone,113,100.0,55.485,30.78699,Production Recipes,1,
Server2,4C9A587C-9C7E-4814-BB9F-52FD72319613,9EB5AAF9-4EC2-4BC1-B78F-A2C697BCE705,4,BROILER GROWER605 4,BROILER GROWER,2026-07-22 06:04:34.633,2026-07-22 07:59:19.033,2026-07-22 08:00:23.130,4500.0,LYSOFORTE DRY,30,100.0,0.9,0.9100116,Production Recipes,1,
Server2,4C9A587C-9C7E-4814-BB9F-52FD72319613,9EB5AAF9-4EC2-4BC1-B78F-A2C697BCE705,4,BROILER GROWER605 4,BROILER GROWER,2026-07-22 06:04:34.633,2026-07-22 07:59:19.033,2026-07-22 08:00:23.130,4500.0,Maize,100,100.0,2679.705,2689.526,Production Recipes,4,
Server2,4C9A587C-9C7E-4814-BB9F-52FD72319613,9EB5AAF9-4EC2-4BC1-B78F-A2C697BCE705,4,BROILER GROWER605 4,BROILER GROWER,2026-07-22 06:04:34.633,2026-07-22 07:59:19.033,2026-07-22 08:00:23.130,4500.0,Methionine,12,100.0,10.62,10.99537,Production Recipes,1,
Server2,4C9A587C-9C7E-4814-BB9F-52FD72319613,9EB5AAF9-4EC2-4BC1-B78F-A2C697BCE705,4,BROILER GROWER605 4,BROILER GROWER,2026-07-22 06:04:34.633,2026-07-22 07:59:19.033,2026-07-22 08:00:23.130,4500.0,Monocalcium Phos,204,100.0,38.745,39.20718,Production Recipes,1,
Server2,4C9A587C-9C7E-4814-BB9F-52FD72319613,9EB5AAF9-4EC2-4BC1-B78F-A2C697BCE705,4,BROILER GROWER605 4,BROILER GROWER,2026-07-22 06:04:34.633,2026-07-22 07:59:19.033,2026-07-22 08:00:23.130,4500.0,NOVELA ECL,6,100.0,0.45,1.323785,Production Recipes,1,
Server2,4C9A587C-9C7E-4814-BB9F-52FD72319613,9EB5AAF9-4EC2-4BC1-B78F-A2C697BCE705,4,BROILER GROWER605 4,BROILER GROWER,2026-07-22 06:04:34.633,2026-07-22 07:59:19.033,2026-07-22 08:00:23.130,4500.0,Provi Oxi Stop,21,100.0,0.45,1.053241,Production Recipes,1,
Server2,4C9A587C-9C7E-4814-BB9F-52FD72319613,9EB5AAF9-4EC2-4BC1-B78F-A2C697BCE705,4,BROILER GROWER605 4,BROILER GROWER,2026-07-22 06:04:34.633,2026-07-22 07:59:19.033,2026-07-22 08:00:23.130,4500.0,Rovabio P10,176,100.0,2.25,2.447916,Production Recipes,1,
Server2,4C9A587C-9C7E-4814-BB9F-52FD72319613,9EB5AAF9-4EC2-4BC1-B78F-A2C697BCE705,4,BROILER GROWER605 4,BROILER GROWER,2026-07-22 06:04:34.633,2026-07-22 07:59:19.033,2026-07-22 08:00:23.130,4500.0,Sacox (500g),91,100.0,2.25,3.90625,Production Recipes,1,
Server2,4C9A587C-9C7E-4814-BB9F-52FD72319613,9EB5AAF9-4EC2-4BC1-B78F-A2C697BCE705,4,BROILER GROWER605 4,BROILER GROWER,2026-07-22 06:04:34.633,2026-07-22 07:59:19.033,2026-07-22 08:00:23.130,4500.0,Salt,202,100.0,12.96,14.03357,Production Recipes,1,
Server2,4C9A587C-9C7E-4814-BB9F-52FD72319613,9EB5AAF9-4EC2-4BC1-B78F-A2C697BCE705,4,BROILER GROWER605 4,BROILER GROWER,2026-07-22 06:04:34.633,2026-07-22 07:59:19.033,2026-07-22 08:00:23.130,4500.0,SOLIS,124,100.0,6.75,7.653357,Production Recipes,1,
Server2,4C9A587C-9C7E-4814-BB9F-52FD72319613,9EB5AAF9-4EC2-4BC1-B78F-A2C697BCE705,4,BROILER GROWER605 4,BROILER GROWER,2026-07-22 06:04:34.633,2026-07-22 07:59:19.033,2026-07-22 08:00:23.130,4500.0,SOUDIOM Bicarbon,35,100.0,8.955,10.99537,Production Recipes,1,
Server2,4C9A587C-9C7E-4814-BB9F-52FD72319613,9EB5AAF9-4EC2-4BC1-B78F-A2C697BCE705,4,BROILER GROWER605 4,BROILER GROWER,2026-07-22 06:04:34.633,2026-07-22 07:59:19.033,2026-07-22 08:00:23.130,4500.0,SOYA-,105,100.0,1619.145,1619.068,Production Recipes,1,
Server2,4C9A587C-9C7E-4814-BB9F-52FD72319613,9EB5AAF9-4EC2-4BC1-B78F-A2C697BCE705,4,BROILER GROWER605 4,BROILER GROWER,2026-07-22 06:04:34.633,2026-07-22 07:59:19.033,2026-07-22 08:00:23.130,4500.0,Soya Oil,210,100.0,37.35,37.5,Production Recipes,10,
Server2,4C9A587C-9C7E-4814-BB9F-52FD72319613,9EB5AAF9-4EC2-4BC1-B78F-A2C697BCE705,4,BROILER GROWER605 4,BROILER GROWER,2026-07-22 06:04:34.633,2026-07-22 07:59:19.033,2026-07-22 08:00:23.130,4500.0,TermiN-8,33,100.0,6.75,0.0,Production Recipes,6,
Server2,AF86D826-42E4-4CAB-8013-0F09EA555FCB,9EB5AAF9-4EC2-4BC1-B78F-A2C697BCE705,4,BROILER STARTER603 1,BROILER STARTER,2026-07-22 07:19:59.197,2026-07-22 08:10:42.127,2026-07-22 08:11:45.940,4500.0,BETAIN HCL,142,100.0,2.25,2.8125,Production Recipes,1,
Server2,AF86D826-42E4-4CAB-8013-0F09EA555FCB,9EB5AAF9-4EC2-4BC1-B78F-A2C697BCE705,4,BROILER STARTER603 1,BROILER STARTER,2026-07-22 07:19:59.197,2026-07-22 08:10:42.127,2026-07-22 08:11:45.940,4500.0,BIOSTRONG 510,140,100.0,0.675,0.7899306,Production Recipes,1,
Server2,AF86D826-42E4-4CAB-8013-0F09EA555FCB,9EB5AAF9-4EC2-4BC1-B78F-A2C697BCE705,4,BROILER STARTER603 1,BROILER STARTER,2026-07-22 07:19:59.197,2026-07-22 08:10:42.127,2026-07-22 08:11:45.940,4500.0,Broiler Mineral Mix,31,100.0,4.5,5.844907,Production Recipes,1,
Server2,AF86D826-42E4-4CAB-8013-0F09EA555FCB,9EB5AAF9-4EC2-4BC1-B78F-A2C697BCE705,4,BROILER STARTER603 1,BROILER STARTER,2026-07-22 07:19:59.197,2026-07-22 08:10:42.127,2026-07-22 08:11:45.940,4500.0,KENZYME PRO,77,100.0,2.7,3.038195,Production Recipes,1,
Server2,AF86D826-42E4-4CAB-8013-0F09EA555FCB,9EB5AAF9-4EC2-4BC1-B78F-A2C697BCE705,4,BROILER STARTER603 1,BROILER STARTER,2026-07-22 07:19:59.197,2026-07-22 08:10:42.127,2026-07-22 08:11:45.940,4500.0,Limestone,113,100.0,65.07,66.52197,Production Recipes,1,
Server2,AF86D826-42E4-4CAB-8013-0F09EA555FCB,9EB5AAF9-4EC2-4BC1-B78F-A2C697BCE705,4,BROILER STARTER603 1,BROILER STARTER,2026-07-22 07:19:59.197,2026-07-22 08:10:42.127,2026-07-22 08:11:45.940,4500.0,LYSOFORTE DRY,30,100.0,0.9,1.030093,Production Recipes,1,
Server2,AF86D826-42E4-4CAB-8013-0F09EA555FCB,9EB5AAF9-4EC2-4BC1-B78F-A2C697BCE705,4,BROILER STARTER603 1,BROILER STARTER,2026-07-22 07:19:59.197,2026-07-22 08:10:42.127,2026-07-22 08:11:45.940,4500.0,Maize,100,100.0,2688.75,2700.666,Production Recipes,4,
Server2,AF86D826-42E4-4CAB-8013-0F09EA555FCB,9EB5AAF9-4EC2-4BC1-B78F-A2C697BCE705,4,BROILER STARTER603 1,BROILER STARTER,2026-07-22 07:19:59.197,2026-07-22 08:10:42.127,2026-07-22 08:11:45.940,4500.0,Methionine,12,100.0,13.95,4.050926,Production Recipes,1,
Server2,AF86D826-42E4-4CAB-8013-0F09EA555FCB,9EB5AAF9-4EC2-4BC1-B78F-A2C697BCE705,4,BROILER STARTER603 1,BROILER STARTER,2026-07-22 07:19:59.197,2026-07-22 08:10:42.127,2026-07-22 08:11:45.940,4500.0,Monocalcium Phos,204,100.0,42.03,42.10069,Production Recipes,1,
Server2,AF86D826-42E4-4CAB-8013-0F09EA555FCB,9EB5AAF9-4EC2-4BC1-B78F-A2C697BCE705,4,BROILER STARTER603 1,BROILER STARTER,2026-07-22 07:19:59.197,2026-07-22 08:10:42.127,2026-07-22 08:11:45.940,4500.0,NOVELA ECL,6,100.0,0.45,0.5700232,Production Recipes,1,
Server2,AF86D826-42E4-4CAB-8013-0F09EA555FCB,9EB5AAF9-4EC2-4BC1-B78F-A2C697BCE705,4,BROILER STARTER603 1,BROILER STARTER,2026-07-22 07:19:59.197,2026-07-22 08:10:42.127,2026-07-22 08:11:45.940,4500.0,Provi Oxi Stop,21,100.0,0.45,1.070602,Production Recipes,1,
Server2,AF86D826-42E4-4CAB-8013-0F09EA555FCB,9EB5AAF9-4EC2-4BC1-B78F-A2C697BCE705,4,BROILER STARTER603 1,BROILER STARTER,2026-07-22 07:19:59.197,2026-07-22 08:10:42.127,2026-07-22 08:11:45.940,4500.0,Rovabio P10,176,100.0,2.25,2.795139,Production Recipes,1,
Server2,AF86D826-42E4-4CAB-8013-0F09EA555FCB,9EB5AAF9-4EC2-4BC1-B78F-A2C697BCE705,4,BROILER STARTER603 1,BROILER STARTER,2026-07-22 07:19:59.197,2026-07-22 08:10:42.127,2026-07-22 08:11:45.940,4500.0,Sacox (500g),91,100.0,2.25,3.136574,Production Recipes,1,
Server2,AF86D826-42E4-4CAB-8013-0F09EA555FCB,9EB5AAF9-4EC2-4BC1-B78F-A2C697BCE705,4,BROILER STARTER603 1,BROILER STARTER,2026-07-22 07:19:59.197,2026-07-22 08:10:42.127,2026-07-22 08:11:45.940,4500.0,Salt,202,100.0,12.105,14.03356,Production Recipes,1,
Server2,AF86D826-42E4-4CAB-8013-0F09EA555FCB,9EB5AAF9-4EC2-4BC1-B78F-A2C697BCE705,4,BROILER STARTER603 1,BROILER STARTER,2026-07-22 07:19:59.197,2026-07-22 08:10:42.127,2026-07-22 08:11:45.940,4500.0,SOLIS,124,100.0,6.75,7.653357,Production Recipes,1,
Server2,AF86D826-42E4-4CAB-8013-0F09EA555FCB,9EB5AAF9-4EC2-4BC1-B78F-A2C697BCE705,4,BROILER STARTER603 1,BROILER STARTER,2026-07-22 07:19:59.197,2026-07-22 08:10:42.127,2026-07-22 08:11:45.940,4500.0,SOUDIOM Bicarbon,35,100.0,9.81,11.14005,Production Recipes,1,
Server2,AF86D826-42E4-4CAB-8013-0F09EA555FCB,9EB5AAF9-4EC2-4BC1-B78F-A2C697BCE705,4,BROILER STARTER603 1,BROILER STARTER,2026-07-22 07:19:59.197,2026-07-22 08:10:42.127,2026-07-22 08:11:45.940,4500.0,SOYA-,105,100.0,1755.0,1757.61,Production Recipes,1,
Server2,AF86D826-42E4-4CAB-8013-0F09EA555FCB,9EB5AAF9-4EC2-4BC1-B78F-A2C697BCE705,4,BROILER STARTER603 1,BROILER STARTER,2026-07-22 07:19:59.197,2026-07-22 08:10:42.127,2026-07-22 08:11:45.940,4500.0,Soya Oil,210,100.0,14.58,15.0,Production Recipes,10,
Server2,AF86D826-42E4-4CAB-8013-0F09EA555FCB,9EB5AAF9-4EC2-4BC1-B78F-A2C697BCE705,4,BROILER STARTER603 1,BROILER STARTER,2026-07-22 07:19:59.197,2026-07-22 08:10:42.127,2026-07-22 08:11:45.940,4500.0,TermiN-8,33,100.0,6.75,0.0,Production Recipes,6,
Server2,8CE6550A-9C16-4B65-B09D-D491D5C6721F,9EB5AAF9-4EC2-4BC1-B78F-A2C697BCE705,4,BROILER STARTER603 2,BROILER STARTER,2026-07-22 07:20:01.173,2026-07-22 08:16:47.947,2026-07-22 08:17:52.077,4500.0,BETAIN HCL,142,100.0,2.25,2.662037,Production Recipes,1,
Server2,8CE6550A-9C16-4B65-B09D-D491D5C6721F,9EB5AAF9-4EC2-4BC1-B78F-A2C697BCE705,4,BROILER STARTER603 2,BROILER STARTER,2026-07-22 07:20:01.173,2026-07-22 08:16:47.947,2026-07-22 08:17:52.077,4500.0,BIOSTRONG 510,140,100.0,0.675,0.7899306,Production Recipes,1,
Server2,8CE6550A-9C16-4B65-B09D-D491D5C6721F,9EB5AAF9-4EC2-4BC1-B78F-A2C697BCE705,4,BROILER STARTER603 2,BROILER STARTER,2026-07-22 07:20:01.173,2026-07-22 08:16:47.947,2026-07-22 08:17:52.077,4500.0,Broiler Mineral Mix,31,100.0,4.5,6.25,Production Recipes,1,
Server2,8CE6550A-9C16-4B65-B09D-D491D5C6721F,9EB5AAF9-4EC2-4BC1-B78F-A2C697BCE705,4,BROILER STARTER603 2,BROILER STARTER,2026-07-22 07:20:01.173,2026-07-22 08:16:47.947,2026-07-22 08:17:52.077,4500.0,KENZYME PRO,77,100.0,2.7,3.226273,Production Recipes,1,
Server2,8CE6550A-9C16-4B65-B09D-D491D5C6721F,9EB5AAF9-4EC2-4BC1-B78F-A2C697BCE705,4,BROILER STARTER603 2,BROILER STARTER,2026-07-22 07:20:01.173,2026-07-22 08:16:47.947,2026-07-22 08:17:52.077,4500.0,Limestone,113,100.0,65.07,71.46997,Production Recipes,1,
Server2,8CE6550A-9C16-4B65-B09D-D491D5C6721F,9EB5AAF9-4EC2-4BC1-B78F-A2C697BCE705,4,BROILER STARTER603 2,BROILER STARTER,2026-07-22 07:20:01.173,2026-07-22 08:16:47.947,2026-07-22 08:17:52.077,4500.0,LYSOFORTE DRY,30,100.0,0.9,0.8506944,Production Recipes,1,
Server2,8CE6550A-9C16-4B65-B09D-D491D5C6721F,9EB5AAF9-4EC2-4BC1-B78F-A2C697BCE705,4,BROILER STARTER603 2,BROILER STARTER,2026-07-22 07:20:01.173,2026-07-22 08:16:47.947,2026-07-22 08:17:52.077,4500.0,Maize,100,100.0,2688.75,2692.708,Production Recipes,4,
Server2,8CE6550A-9C16-4B65-B09D-D491D5C6721F,9EB5AAF9-4EC2-4BC1-B78F-A2C697BCE705,4,BROILER STARTER603 2,BROILER STARTER,2026-07-22 07:20:01.173,2026-07-22 08:16:47.947,2026-07-22 08:17:52.077,4500.0,Monocalcium Phos,204,100.0,42.03,42.24537,Production Recipes,1,
Server2,8CE6550A-9C16-4B65-B09D-D491D5C6721F,9EB5AAF9-4EC2-4BC1-B78F-A2C697BCE705,4,BROILER STARTER603 2,BROILER STARTER,2026-07-22 07:20:01.173,2026-07-22 08:16:47.947,2026-07-22 08:17:52.077,4500.0,NOVELA ECL,6,100.0,0.45,0.5295139,Production Recipes,1,
Server2,8CE6550A-9C16-4B65-B09D-D491D5C6721F,9EB5AAF9-4EC2-4BC1-B78F-A2C697BCE705,4,BROILER STARTER603 2,BROILER STARTER,2026-07-22 07:20:01.173,2026-07-22 08:16:47.947,2026-07-22 08:17:52.077,4500.0,Provi Oxi Stop,21,100.0,0.45,1.030092,Production Recipes,1,
Server2,8CE6550A-9C16-4B65-B09D-D491D5C6721F,9EB5AAF9-4EC2-4BC1-B78F-A2C697BCE705,4,BROILER STARTER603 2,BROILER STARTER,2026-07-22 07:20:01.173,2026-07-22 08:16:47.947,2026-07-22 08:17:52.077,4500.0,Rovabio P10,176,100.0,2.25,3.258102,Production Recipes,1,
Server2,8CE6550A-9C16-4B65-B09D-D491D5C6721F,9EB5AAF9-4EC2-4BC1-B78F-A2C697BCE705,4,BROILER STARTER603 2,BROILER STARTER,2026-07-22 07:20:01.173,2026-07-22 08:16:47.947,2026-07-22 08:17:52.077,4500.0,Sacox (500g),91,100.0,2.25,3.674769,Production Recipes,1,
Server2,8CE6550A-9C16-4B65-B09D-D491D5C6721F,9EB5AAF9-4EC2-4BC1-B78F-A2C697BCE705,4,BROILER STARTER603 2,BROILER STARTER,2026-07-22 07:20:01.173,2026-07-22 08:16:47.947,2026-07-22 08:17:52.077,4500.0,Salt,202,100.0,12.105,14.03356,Production Recipes,1,
Server2,8CE6550A-9C16-4B65-B09D-D491D5C6721F,9EB5AAF9-4EC2-4BC1-B78F-A2C697BCE705,4,BROILER STARTER603 2,BROILER STARTER,2026-07-22 07:20:01.173,2026-07-22 08:16:47.947,2026-07-22 08:17:52.077,4500.0,SOLIS,124,100.0,6.75,7.277198,Production Recipes,1,
Server2,8CE6550A-9C16-4B65-B09D-D491D5C6721F,9EB5AAF9-4EC2-4BC1-B78F-A2C697BCE705,4,BROILER STARTER603 2,BROILER STARTER,2026-07-22 07:20:01.173,2026-07-22 08:16:47.947,2026-07-22 08:17:52.077,4500.0,SOUDIOM Bicarbon,35,100.0,9.81,10.99537,Production Recipes,1,
Server2,8CE6550A-9C16-4B65-B09D-D491D5C6721F,9EB5AAF9-4EC2-4BC1-B78F-A2C697BCE705,4,BROILER STARTER603 2,BROILER STARTER,2026-07-22 07:20:01.173,2026-07-22 08:16:47.947,2026-07-22 08:17:52.077,4500.0,SOYA-,105,100.0,1755.0,1762.008,Production Recipes,1,
Server2,8CE6550A-9C16-4B65-B09D-D491D5C6721F,9EB5AAF9-4EC2-4BC1-B78F-A2C697BCE705,4,BROILER STARTER603 2,BROILER STARTER,2026-07-22 07:20:01.173,2026-07-22 08:16:47.947,2026-07-22 08:17:52.077,4500.0,Soya Oil,210,100.0,14.58,15.0,Production Recipes,10,
Server2,8CE6550A-9C16-4B65-B09D-D491D5C6721F,9EB5AAF9-4EC2-4BC1-B78F-A2C697BCE705,4,BROILER STARTER603 2,BROILER STARTER,2026-07-22 07:20:01.173,2026-07-22 08:16:47.947,2026-07-22 08:17:52.077,4500.0,TermiN-8,33,100.0,6.75,0.0,Production Recipes,6,
Server2,E3112A74-DF78-4297-9734-9EC5CBFC2F37,9EB5AAF9-4EC2-4BC1-B78F-A2C697BCE705,4,BROILER STARTER603 3,BROILER STARTER,2026-07-22 07:55:38.730,2026-07-22 08:21:43.527,2026-07-22 08:22:46.873,4500.0,BETAIN HCL,142,100.0,2.25,2.957176,Production Recipes,1,
Server2,E3112A74-DF78-4297-9734-9EC5CBFC2F37,9EB5AAF9-4EC2-4BC1-B78F-A2C697BCE705,4,BROILER STARTER603 3,BROILER STARTER,2026-07-22 07:55:38.730,2026-07-22 08:21:43.527,2026-07-22 08:22:46.873,4500.0,BIOSTRONG 510,140,100.0,0.675,0.7595486,Production Recipes,1,
Server2,E3112A74-DF78-4297-9734-9EC5CBFC2F37,9EB5AAF9-4EC2-4BC1-B78F-A2C697BCE705,4,BROILER STARTER603 3,BROILER STARTER,2026-07-22 07:55:38.730,2026-07-22 08:21:43.527,2026-07-22 08:22:46.873,4500.0,Broiler Mineral Mix,31,100.0,4.5,5.77257,Production Recipes,1,
Server2,E3112A74-DF78-4297-9734-9EC5CBFC2F37,9EB5AAF9-4EC2-4BC1-B78F-A2C697BCE705,4,BROILER STARTER603 3,BROILER STARTER,2026-07-22 07:55:38.730,2026-07-22 08:21:43.527,2026-07-22 08:22:46.873,4500.0,KENZYME PRO,77,100.0,2.7,2.922453,Production Recipes,1,
Server2,E3112A74-DF78-4297-9734-9EC5CBFC2F37,9EB5AAF9-4EC2-4BC1-B78F-A2C697BCE705,4,BROILER STARTER603 3,BROILER STARTER,2026-07-22 07:55:38.730,2026-07-22 08:21:43.527,2026-07-22 08:22:46.873,4500.0,Limestone,113,100.0,65.07,69.82068,Production Recipes,1,
Server2,E3112A74-DF78-4297-9734-9EC5CBFC2F37,9EB5AAF9-4EC2-4BC1-B78F-A2C697BCE705,4,BROILER STARTER603 3,BROILER STARTER,2026-07-22 07:55:38.730,2026-07-22 08:21:43.527,2026-07-22 08:22:46.873,4500.0,LYSOFORTE DRY,30,100.0,0.9,0.9201391,Production Recipes,1,
Server2,E3112A74-DF78-4297-9734-9EC5CBFC2F37,9EB5AAF9-4EC2-4BC1-B78F-A2C697BCE705,4,BROILER STARTER603 3,BROILER STARTER,2026-07-22 07:55:38.730,2026-07-22 08:21:43.527,2026-07-22 08:22:46.873,4500.0,Maize,100,100.0,2688.75,2697.483,Production Recipes,4,
Server2,E3112A74-DF78-4297-9734-9EC5CBFC2F37,9EB5AAF9-4EC2-4BC1-B78F-A2C697BCE705,4,BROILER STARTER603 3,BROILER STARTER,2026-07-22 07:55:38.730,2026-07-22 08:21:43.527,2026-07-22 08:22:46.873,4500.0,Methionine,12,100.0,13.95,1.012732,Production Recipes,1,
Server2,E3112A74-DF78-4297-9734-9EC5CBFC2F37,9EB5AAF9-4EC2-4BC1-B78F-A2C697BCE705,4,BROILER STARTER603 3,BROILER STARTER,2026-07-22 07:55:38.730,2026-07-22 08:21:43.527,2026-07-22 08:22:46.873,4500.0,Monocalcium Phos,204,100.0,42.03,42.24538,Production Recipes,1,
Server2,E3112A74-DF78-4297-9734-9EC5CBFC2F37,9EB5AAF9-4EC2-4BC1-B78F-A2C697BCE705,4,BROILER STARTER603 3,BROILER STARTER,2026-07-22 07:55:38.730,2026-07-22 08:21:43.527,2026-07-22 08:22:46.873,4500.0,NOVELA ECL,6,100.0,0.45,0.6090857,Production Recipes,1,
Server2,E3112A74-DF78-4297-9734-9EC5CBFC2F37,9EB5AAF9-4EC2-4BC1-B78F-A2C697BCE705,4,BROILER STARTER603 3,BROILER STARTER,2026-07-22 07:55:38.730,2026-07-22 08:21:43.527,2026-07-22 08:22:46.873,4500.0,Provi Oxi Stop,21,100.0,0.45,1.614584,Production Recipes,1,
Server2,E3112A74-DF78-4297-9734-9EC5CBFC2F37,9EB5AAF9-4EC2-4BC1-B78F-A2C697BCE705,4,BROILER STARTER603 3,BROILER STARTER,2026-07-22 07:55:38.730,2026-07-22 08:21:43.527,2026-07-22 08:22:46.873,4500.0,Rovabio P10,176,100.0,2.25,2.841435,Production Recipes,1,
Server2,E3112A74-DF78-4297-9734-9EC5CBFC2F37,9EB5AAF9-4EC2-4BC1-B78F-A2C697BCE705,4,BROILER STARTER603 3,BROILER STARTER,2026-07-22 07:55:38.730,2026-07-22 08:21:43.527,2026-07-22 08:22:46.873,4500.0,Sacox (500g),91,100.0,2.25,5.092593,Production Recipes,1,
Server2,E3112A74-DF78-4297-9734-9EC5CBFC2F37,9EB5AAF9-4EC2-4BC1-B78F-A2C697BCE705,4,BROILER STARTER603 3,BROILER STARTER,2026-07-22 07:55:38.730,2026-07-22 08:21:43.527,2026-07-22 08:22:46.873,4500.0,Salt,202,100.0,12.105,13.02083,Production Recipes,1,
Server2,E3112A74-DF78-4297-9734-9EC5CBFC2F37,9EB5AAF9-4EC2-4BC1-B78F-A2C697BCE705,4,BROILER STARTER603 3,BROILER STARTER,2026-07-22 07:55:38.730,2026-07-22 08:21:43.527,2026-07-22 08:22:46.873,4500.0,SOLIS,124,100.0,6.75,7.407408,Production Recipes,1,
Server2,E3112A74-DF78-4297-9734-9EC5CBFC2F37,9EB5AAF9-4EC2-4BC1-B78F-A2C697BCE705,4,BROILER STARTER603 3,BROILER STARTER,2026-07-22 07:55:38.730,2026-07-22 08:21:43.527,2026-07-22 08:22:46.873,4500.0,SOUDIOM Bicarbon,35,100.0,9.81,10.99537,Production Recipes,1,
Server2,E3112A74-DF78-4297-9734-9EC5CBFC2F37,9EB5AAF9-4EC2-4BC1-B78F-A2C697BCE705,4,BROILER STARTER603 3,BROILER STARTER,2026-07-22 07:55:38.730,2026-07-22 08:21:43.527,2026-07-22 08:22:46.873,4500.0,SOYA-,105,100.0,1755.0,1758.709,Production Recipes,1,
Server2,E3112A74-DF78-4297-9734-9EC5CBFC2F37,9EB5AAF9-4EC2-4BC1-B78F-A2C697BCE705,4,BROILER STARTER603 3,BROILER STARTER,2026-07-22 07:55:38.730,2026-07-22 08:21:43.527,2026-07-22 08:22:46.873,4500.0,Soya Oil,210,100.0,14.58,15.0,Production Recipes,10,
Server2,E3112A74-DF78-4297-9734-9EC5CBFC2F37,9EB5AAF9-4EC2-4BC1-B78F-A2C697BCE705,4,BROILER STARTER603 3,BROILER STARTER,2026-07-22 07:55:38.730,2026-07-22 08:21:43.527,2026-07-22 08:22:46.873,4500.0,TermiN-8,33,100.0,6.75,0.0,Production Recipes,6,
Server2,48DA4129-982A-4D0F-AB75-4EB3423475D2,9EB5AAF9-4EC2-4BC1-B78F-A2C697BCE705,4,BROILER STARTER603 4,BROILER STARTER,2026-07-22 07:55:40.710,2026-07-22 08:33:51.937,2026-07-22 08:34:55.873,4500.0,BETAIN HCL,142,100.0,2.25,2.638889,Production Recipes,1,
Server2,48DA4129-982A-4D0F-AB75-4EB3423475D2,9EB5AAF9-4EC2-4BC1-B78F-A2C697BCE705,4,BROILER STARTER603 4,BROILER STARTER,2026-07-22 07:55:40.710,2026-07-22 08:33:51.937,2026-07-22 08:34:55.873,4500.0,BIOSTRONG 510,140,100.0,0.675,0.7508681,Production Recipes,1,
Server2,48DA4129-982A-4D0F-AB75-4EB3423475D2,9EB5AAF9-4EC2-4BC1-B78F-A2C697BCE705,4,BROILER STARTER603 4,BROILER STARTER,2026-07-22 07:55:40.710,2026-07-22 08:33:51.937,2026-07-22 08:34:55.873,4500.0,Broiler Mineral Mix,31,100.0,4.5,5.989584,Production Recipes,1,
Server2,48DA4129-982A-4D0F-AB75-4EB3423475D2,9EB5AAF9-4EC2-4BC1-B78F-A2C697BCE705,4,BROILER STARTER603 4,BROILER STARTER,2026-07-22 07:55:40.710,2026-07-22 08:33:51.937,2026-07-22 08:34:55.873,4500.0,KENZYME PRO,77,100.0,2.7,2.879051,Production Recipes,1,
Server2,48DA4129-982A-4D0F-AB75-4EB3423475D2,9EB5AAF9-4EC2-4BC1-B78F-A2C697BCE705,4,BROILER STARTER603 4,BROILER STARTER,2026-07-22 07:55:40.710,2026-07-22 08:33:51.937,2026-07-22 08:34:55.873,4500.0,Limestone,113,100.0,65.07,65.42249,Production Recipes,1,
Server2,48DA4129-982A-4D0F-AB75-4EB3423475D2,9EB5AAF9-4EC2-4BC1-B78F-A2C697BCE705,4,BROILER STARTER603 4,BROILER STARTER,2026-07-22 07:55:40.710,2026-07-22 08:33:51.937,2026-07-22 08:34:55.873,4500.0,LYSOFORTE DRY,30,100.0,0.9,0.9403937,Production Recipes,1,
Server2,48DA4129-982A-4D0F-AB75-4EB3423475D2,9EB5AAF9-4EC2-4BC1-B78F-A2C697BCE705,4,BROILER STARTER603 4,BROILER STARTER,2026-07-22 07:55:40.710,2026-07-22 08:33:51.937,2026-07-22 08:34:55.873,4500.0,Maize,100,100.0,2688.75,2689.526,Production Recipes,4,
Server2,48DA4129-982A-4D0F-AB75-4EB3423475D2,9EB5AAF9-4EC2-4BC1-B78F-A2C697BCE705,4,BROILER STARTER603 4,BROILER STARTER,2026-07-22 07:55:40.710,2026-07-22 08:33:51.937,2026-07-22 08:34:55.873,4500.0,Methionine,12,100.0,13.95,0.0,Production Recipes,1,
Server2,48DA4129-982A-4D0F-AB75-4EB3423475D2,9EB5AAF9-4EC2-4BC1-B78F-A2C697BCE705,4,BROILER STARTER603 4,BROILER STARTER,2026-07-22 07:55:40.710,2026-07-22 08:33:51.937,2026-07-22 08:34:55.873,4500.0,Monocalcium Phos,204,100.0,42.03,42.24537,Production Recipes,1,
Server2,48DA4129-982A-4D0F-AB75-4EB3423475D2,9EB5AAF9-4EC2-4BC1-B78F-A2C697BCE705,4,BROILER STARTER603 4,BROILER STARTER,2026-07-22 07:55:40.710,2026-07-22 08:33:51.937,2026-07-22 08:34:55.873,4500.0,NOVELA ECL,6,100.0,0.45,0.5497686,Production Recipes,1,
Server2,48DA4129-982A-4D0F-AB75-4EB3423475D2,9EB5AAF9-4EC2-4BC1-B78F-A2C697BCE705,4,BROILER STARTER603 4,BROILER STARTER,2026-07-22 07:55:40.710,2026-07-22 08:33:51.937,2026-07-22 08:34:55.873,4500.0,Provi Oxi Stop,21,100.0,0.45,1.336805,Production Recipes,1,
Server2,48DA4129-982A-4D0F-AB75-4EB3423475D2,9EB5AAF9-4EC2-4BC1-B78F-A2C697BCE705,4,BROILER STARTER603 4,BROILER STARTER,2026-07-22 07:55:40.710,2026-07-22 08:33:51.937,2026-07-22 08:34:55.873,4500.0,Rovabio P10,176,100.0,2.25,3.090278,Production Recipes,1,
Server2,48DA4129-982A-4D0F-AB75-4EB3423475D2,9EB5AAF9-4EC2-4BC1-B78F-A2C697BCE705,4,BROILER STARTER603 4,BROILER STARTER,2026-07-22 07:55:40.710,2026-07-22 08:33:51.937,2026-07-22 08:34:55.873,4500.0,Sacox (500g),91,100.0,2.25,2.980324,Production Recipes,1,
Server2,48DA4129-982A-4D0F-AB75-4EB3423475D2,9EB5AAF9-4EC2-4BC1-B78F-A2C697BCE705,4,BROILER STARTER603 4,BROILER STARTER,2026-07-22 07:55:40.710,2026-07-22 08:33:51.937,2026-07-22 08:34:55.873,4500.0,Salt,202,100.0,12.105,15.0463,Production Recipes,1,
Server2,48DA4129-982A-4D0F-AB75-4EB3423475D2,9EB5AAF9-4EC2-4BC1-B78F-A2C697BCE705,4,BROILER STARTER603 4,BROILER STARTER,2026-07-22 07:55:40.710,2026-07-22 08:33:51.937,2026-07-22 08:34:55.873,4500.0,SOLIS,124,100.0,6.75,7.725694,Production Recipes,1,
Server2,48DA4129-982A-4D0F-AB75-4EB3423475D2,9EB5AAF9-4EC2-4BC1-B78F-A2C697BCE705,4,BROILER STARTER603 4,BROILER STARTER,2026-07-22 07:55:40.710,2026-07-22 08:33:51.937,2026-07-22 08:34:55.873,4500.0,SOUDIOM Bicarbon,35,100.0,9.81,10.99537,Production Recipes,1,
Server2,48DA4129-982A-4D0F-AB75-4EB3423475D2,9EB5AAF9-4EC2-4BC1-B78F-A2C697BCE705,4,BROILER STARTER603 4,BROILER STARTER,2026-07-22 07:55:40.710,2026-07-22 08:33:51.937,2026-07-22 08:34:55.873,4500.0,SOYA-,105,100.0,1755.0,1753.761,Production Recipes,1,
Server2,48DA4129-982A-4D0F-AB75-4EB3423475D2,9EB5AAF9-4EC2-4BC1-B78F-A2C697BCE705,4,BROILER STARTER603 4,BROILER STARTER,2026-07-22 07:55:40.710,2026-07-22 08:33:51.937,2026-07-22 08:34:55.873,4500.0,Soya Oil,210,100.0,14.58,15.0,Production Recipes,10,
Server2,48DA4129-982A-4D0F-AB75-4EB3423475D2,9EB5AAF9-4EC2-4BC1-B78F-A2C697BCE705,4,BROILER STARTER603 4,BROILER STARTER,2026-07-22 07:55:40.710,2026-07-22 08:33:51.937,2026-07-22 08:34:55.873,4500.0,TermiN-8,33,100.0,6.75,0.0,Production Recipes,6,
Server2,3606EA11-96CD-4355-A02C-AB2B9A0F3223,9EB5AAF9-4EC2-4BC1-B78F-A2C697BCE705,4,BROILER STARTER603 5,BROILER STARTER,2026-07-22 07:55:44.777,2026-07-22 08:53:24.943,2026-07-22 08:54:29.007,4500.0,BETAIN HCL,142,100.0,2.25,2.8125,Production Recipes,1,
Server2,3606EA11-96CD-4355-A02C-AB2B9A0F3223,9EB5AAF9-4EC2-4BC1-B78F-A2C697BCE705,4,BROILER STARTER603 5,BROILER STARTER,2026-07-22 07:55:44.777,2026-07-22 08:53:24.943,2026-07-22 08:54:29.007,4500.0,BIOSTRONG 510,140,100.0,0.675,0.7291667,Production Recipes,1,
Server2,3606EA11-96CD-4355-A02C-AB2B9A0F3223,9EB5AAF9-4EC2-4BC1-B78F-A2C697BCE705,4,BROILER STARTER603 5,BROILER STARTER,2026-07-22 07:55:44.777,2026-07-22 08:53:24.943,2026-07-22 08:54:29.007,4500.0,Broiler Mineral Mix,31,100.0,4.5,5.671296,Production Recipes,1,
Server2,3606EA11-96CD-4355-A02C-AB2B9A0F3223,9EB5AAF9-4EC2-4BC1-B78F-A2C697BCE705,4,BROILER STARTER603 5,BROILER STARTER,2026-07-22 07:55:44.777,2026-07-22 08:53:24.943,2026-07-22 08:54:29.007,4500.0,KENZYME PRO,77,100.0,2.7,3.139468,Production Recipes,1,
Server2,3606EA11-96CD-4355-A02C-AB2B9A0F3223,9EB5AAF9-4EC2-4BC1-B78F-A2C697BCE705,4,BROILER STARTER603 5,BROILER STARTER,2026-07-22 07:55:44.777,2026-07-22 08:53:24.943,2026-07-22 08:54:29.007,4500.0,Limestone,113,100.0,65.07,80.26624,Production Recipes,1,
Server2,3606EA11-96CD-4355-A02C-AB2B9A0F3223,9EB5AAF9-4EC2-4BC1-B78F-A2C697BCE705,4,BROILER STARTER603 5,BROILER STARTER,2026-07-22 07:55:44.777,2026-07-22 08:53:24.943,2026-07-22 08:54:29.007,4500.0,LYSOFORTE DRY,30,100.0,0.9,1.090857,Production Recipes,1,
Server2,3606EA11-96CD-4355-A02C-AB2B9A0F3223,9EB5AAF9-4EC2-4BC1-B78F-A2C697BCE705,4,BROILER STARTER603 5,BROILER STARTER,2026-07-22 07:55:44.777,2026-07-22 08:53:24.943,2026-07-22 08:54:29.007,4500.0,Maize,100,100.0,2688.75,2691.117,Production Recipes,4,
Server2,3606EA11-96CD-4355-A02C-AB2B9A0F3223,9EB5AAF9-4EC2-4BC1-B78F-A2C697BCE705,4,BROILER STARTER603 5,BROILER STARTER,2026-07-22 07:55:44.777,2026-07-22 08:53:24.943,2026-07-22 08:54:29.007,4500.0,Methionine,12,100.0,13.95,0.0,Production Recipes,1,
Server2,3606EA11-96CD-4355-A02C-AB2B9A0F3223,9EB5AAF9-4EC2-4BC1-B78F-A2C697BCE705,4,BROILER STARTER603 5,BROILER STARTER,2026-07-22 07:55:44.777,2026-07-22 08:53:24.943,2026-07-22 08:54:29.007,4500.0,Monocalcium Phos,204,100.0,42.03,42.24537,Production Recipes,1,
Server2,3606EA11-96CD-4355-A02C-AB2B9A0F3223,9EB5AAF9-4EC2-4BC1-B78F-A2C697BCE705,4,BROILER STARTER603 5,BROILER STARTER,2026-07-22 07:55:44.777,2026-07-22 08:53:24.943,2026-07-22 08:54:29.007,4500.0,NOVELA ECL,6,100.0,0.45,0.5801505,Production Recipes,1,
Server2,3606EA11-96CD-4355-A02C-AB2B9A0F3223,9EB5AAF9-4EC2-4BC1-B78F-A2C697BCE705,4,BROILER STARTER603 5,BROILER STARTER,2026-07-22 07:55:44.777,2026-07-22 08:53:24.943,2026-07-22 08:54:29.007,4500.0,Provi Oxi Stop,21,100.0,0.45,0.7696762,Production Recipes,1,
Server2,3606EA11-96CD-4355-A02C-AB2B9A0F3223,9EB5AAF9-4EC2-4BC1-B78F-A2C697BCE705,4,BROILER STARTER603 5,BROILER STARTER,2026-07-22 07:55:44.777,2026-07-22 08:53:24.943,2026-07-22 08:54:29.007,4500.0,Rovabio P10,176,100.0,2.25,2.847222,Production Recipes,1,
Server2,3606EA11-96CD-4355-A02C-AB2B9A0F3223,9EB5AAF9-4EC2-4BC1-B78F-A2C697BCE705,4,BROILER STARTER603 5,BROILER STARTER,2026-07-22 07:55:44.777,2026-07-22 08:53:24.943,2026-07-22 08:54:29.007,4500.0,Sacox (500g),91,100.0,2.25,3.06713,Production Recipes,1,
Server2,3606EA11-96CD-4355-A02C-AB2B9A0F3223,9EB5AAF9-4EC2-4BC1-B78F-A2C697BCE705,4,BROILER STARTER603 5,BROILER STARTER,2026-07-22 07:55:44.777,2026-07-22 08:53:24.943,2026-07-22 08:54:29.007,4500.0,Salt,202,100.0,12.105,14.03357,Production Recipes,1,
Server2,3606EA11-96CD-4355-A02C-AB2B9A0F3223,9EB5AAF9-4EC2-4BC1-B78F-A2C697BCE705,4,BROILER STARTER603 5,BROILER STARTER,2026-07-22 07:55:44.777,2026-07-22 08:53:24.943,2026-07-22 08:54:29.007,4500.0,SOLIS,124,100.0,6.75,7.103589,Production Recipes,1,
Server2,3606EA11-96CD-4355-A02C-AB2B9A0F3223,9EB5AAF9-4EC2-4BC1-B78F-A2C697BCE705,4,BROILER STARTER603 5,BROILER STARTER,2026-07-22 07:55:44.777,2026-07-22 08:53:24.943,2026-07-22 08:54:29.007,4500.0,SOUDIOM Bicarbon,35,100.0,9.81,10.99537,Production Recipes,1,
Server2,3606EA11-96CD-4355-A02C-AB2B9A0F3223,9EB5AAF9-4EC2-4BC1-B78F-A2C697BCE705,4,BROILER STARTER603 5,BROILER STARTER,2026-07-22 07:55:44.777,2026-07-22 08:53:24.943,2026-07-22 08:54:29.007,4500.0,SOYA-,105,100.0,1755.0,1755.411,Production Recipes,1,
Server2,3606EA11-96CD-4355-A02C-AB2B9A0F3223,9EB5AAF9-4EC2-4BC1-B78F-A2C697BCE705,4,BROILER STARTER603 5,BROILER STARTER,2026-07-22 07:55:44.777,2026-07-22 08:53:24.943,2026-07-22 08:54:29.007,4500.0,Soya Oil,210,100.0,14.58,15.0,Production Recipes,10,
Server2,3606EA11-96CD-4355-A02C-AB2B9A0F3223,9EB5AAF9-4EC2-4BC1-B78F-A2C697BCE705,4,BROILER STARTER603 5,BROILER STARTER,2026-07-22 07:55:44.777,2026-07-22 08:53:24.943,2026-07-22 08:54:29.007,4500.0,TermiN-8,33,100.0,6.75,0.0,Production Recipes,6,
Server2,51A5F393-BDD1-4DC0-BF0F-F7E7A7FA0923,9EB5AAF9-4EC2-4BC1-B78F-A2C697BCE705,4,BROILER GROWER605 1,BROILER GROWER,2026-07-22 08:06:04.567,2026-07-22 08:59:09.473,2026-07-22 09:00:13.187,4500.0,BETAIN HCL,142,100.0,2.25,2.609954,Production Recipes,1,
Server2,51A5F393-BDD1-4DC0-BF0F-F7E7A7FA0923,9EB5AAF9-4EC2-4BC1-B78F-A2C697BCE705,4,BROILER GROWER605 1,BROILER GROWER,2026-07-22 08:06:04.567,2026-07-22 08:59:09.473,2026-07-22 09:00:13.187,4500.0,BIOSTRONG 510,140,100.0,0.675,0.7798033,Production Recipes,1,
Server2,51A5F393-BDD1-4DC0-BF0F-F7E7A7FA0923,9EB5AAF9-4EC2-4BC1-B78F-A2C697BCE705,4,BROILER GROWER605 1,BROILER GROWER,2026-07-22 08:06:04.567,2026-07-22 08:59:09.473,2026-07-22 09:00:13.187,4500.0,Broiler Mineral Mix,31,100.0,4.05,6.770833,Production Recipes,1,
Server2,51A5F393-BDD1-4DC0-BF0F-F7E7A7FA0923,9EB5AAF9-4EC2-4BC1-B78F-A2C697BCE705,4,BROILER GROWER605 1,BROILER GROWER,2026-07-22 08:06:04.567,2026-07-22 08:59:09.473,2026-07-22 09:00:13.187,4500.0,Broiler Starter PX,69,100.0,4.05,5.572917,Production Recipes,1,
Server2,51A5F393-BDD1-4DC0-BF0F-F7E7A7FA0923,9EB5AAF9-4EC2-4BC1-B78F-A2C697BCE705,4,BROILER GROWER605 1,BROILER GROWER,2026-07-22 08:06:04.567,2026-07-22 08:59:09.473,2026-07-22 09:00:13.187,4500.0,Choline Chloride 60%,26,100.0,2.7,2.476852,Production Recipes,1,
Server2,51A5F393-BDD1-4DC0-BF0F-F7E7A7FA0923,9EB5AAF9-4EC2-4BC1-B78F-A2C697BCE705,4,BROILER GROWER605 1,BROILER GROWER,2026-07-22 08:06:04.567,2026-07-22 08:59:09.473,2026-07-22 09:00:13.187,4500.0,KENZYME PRO,77,100.0,2.7,2.82118,Production Recipes,1,
Server2,51A5F393-BDD1-4DC0-BF0F-F7E7A7FA0923,9EB5AAF9-4EC2-4BC1-B78F-A2C697BCE705,4,BROILER GROWER605 1,BROILER GROWER,2026-07-22 08:06:04.567,2026-07-22 08:59:09.473,2026-07-22 09:00:13.187,4500.0,Limestone,113,100.0,55.485,61.5741,Production Recipes,1,
Server2,51A5F393-BDD1-4DC0-BF0F-F7E7A7FA0923,9EB5AAF9-4EC2-4BC1-B78F-A2C697BCE705,4,BROILER GROWER605 1,BROILER GROWER,2026-07-22 08:06:04.567,2026-07-22 08:59:09.473,2026-07-22 09:00:13.187,4500.0,LYSOFORTE DRY,30,100.0,0.9,0.8304399,Production Recipes,1,
Server2,51A5F393-BDD1-4DC0-BF0F-F7E7A7FA0923,9EB5AAF9-4EC2-4BC1-B78F-A2C697BCE705,4,BROILER GROWER605 1,BROILER GROWER,2026-07-22 08:06:04.567,2026-07-22 08:59:09.473,2026-07-22 09:00:13.187,4500.0,Maize,100,100.0,2679.705,2686.343,Production Recipes,4,
Server2,51A5F393-BDD1-4DC0-BF0F-F7E7A7FA0923,9EB5AAF9-4EC2-4BC1-B78F-A2C697BCE705,4,BROILER GROWER605 1,BROILER GROWER,2026-07-22 08:06:04.567,2026-07-22 08:59:09.473,2026-07-22 09:00:13.187,4500.0,Methionine,12,100.0,10.62,11.14005,Production Recipes,1,
Server2,51A5F393-BDD1-4DC0-BF0F-F7E7A7FA0923,9EB5AAF9-4EC2-4BC1-B78F-A2C697BCE705,4,BROILER GROWER605 1,BROILER GROWER,2026-07-22 08:06:04.567,2026-07-22 08:59:09.473,2026-07-22 09:00:13.187,4500.0,Monocalcium Phos,204,100.0,38.745,39.0625,Production Recipes,1,
Server2,51A5F393-BDD1-4DC0-BF0F-F7E7A7FA0923,9EB5AAF9-4EC2-4BC1-B78F-A2C697BCE705,4,BROILER GROWER605 1,BROILER GROWER,2026-07-22 08:06:04.567,2026-07-22 08:59:09.473,2026-07-22 09:00:13.187,4500.0,NOVELA ECL,6,100.0,0.45,0.5396412,Production Recipes,1,
Server2,51A5F393-BDD1-4DC0-BF0F-F7E7A7FA0923,9EB5AAF9-4EC2-4BC1-B78F-A2C697BCE705,4,BROILER GROWER605 1,BROILER GROWER,2026-07-22 08:06:04.567,2026-07-22 08:59:09.473,2026-07-22 09:00:13.187,4500.0,Provi Oxi Stop,21,100.0,0.45,0.4687495,Production Recipes,1,
Server2,51A5F393-BDD1-4DC0-BF0F-F7E7A7FA0923,9EB5AAF9-4EC2-4BC1-B78F-A2C697BCE705,4,BROILER GROWER605 1,BROILER GROWER,2026-07-22 08:06:04.567,2026-07-22 08:59:09.473,2026-07-22 09:00:13.187,4500.0,Rovabio P10,176,100.0,2.25,2.193287,Production Recipes,1,
Server2,51A5F393-BDD1-4DC0-BF0F-F7E7A7FA0923,9EB5AAF9-4EC2-4BC1-B78F-A2C697BCE705,4,BROILER GROWER605 1,BROILER GROWER,2026-07-22 08:06:04.567,2026-07-22 08:59:09.473,2026-07-22 09:00:13.187,4500.0,Sacox (500g),91,100.0,2.25,4.351852,Production Recipes,1,
Server2,51A5F393-BDD1-4DC0-BF0F-F7E7A7FA0923,9EB5AAF9-4EC2-4BC1-B78F-A2C697BCE705,4,BROILER GROWER605 1,BROILER GROWER,2026-07-22 08:06:04.567,2026-07-22 08:59:09.473,2026-07-22 09:00:13.187,4500.0,Salt,202,100.0,12.96,14.03357,Production Recipes,1,
Server2,51A5F393-BDD1-4DC0-BF0F-F7E7A7FA0923,9EB5AAF9-4EC2-4BC1-B78F-A2C697BCE705,4,BROILER GROWER605 1,BROILER GROWER,2026-07-22 08:06:04.567,2026-07-22 08:59:09.473,2026-07-22 09:00:13.187,4500.0,SOLIS,124,100.0,6.75,7.335069,Production Recipes,1,
Server2,51A5F393-BDD1-4DC0-BF0F-F7E7A7FA0923,9EB5AAF9-4EC2-4BC1-B78F-A2C697BCE705,4,BROILER GROWER605 1,BROILER GROWER,2026-07-22 08:06:04.567,2026-07-22 08:59:09.473,2026-07-22 09:00:13.187,4500.0,SOUDIOM Bicarbon,35,100.0,8.955,10.12731,Production Recipes,1,
Server2,51A5F393-BDD1-4DC0-BF0F-F7E7A7FA0923,9EB5AAF9-4EC2-4BC1-B78F-A2C697BCE705,4,BROILER GROWER605 1,BROILER GROWER,2026-07-22 08:06:04.567,2026-07-22 08:59:09.473,2026-07-22 09:00:13.187,4500.0,SOYA-,105,100.0,1619.145,1620.168,Production Recipes,1,
Server2,51A5F393-BDD1-4DC0-BF0F-F7E7A7FA0923,9EB5AAF9-4EC2-4BC1-B78F-A2C697BCE705,4,BROILER GROWER605 1,BROILER GROWER,2026-07-22 08:06:04.567,2026-07-22 08:59:09.473,2026-07-22 09:00:13.187,4500.0,Soya Oil,210,100.0,37.35,37.75,Production Recipes,10,
Server2,51A5F393-BDD1-4DC0-BF0F-F7E7A7FA0923,9EB5AAF9-4EC2-4BC1-B78F-A2C697BCE705,4,BROILER GROWER605 1,BROILER GROWER,2026-07-22 08:06:04.567,2026-07-22 08:59:09.473,2026-07-22 09:00:13.187,4500.0,TermiN-8,33,100.0,6.75,0.0,Production Recipes,6,
Server2,3DA972A4-F4F4-45A6-87A4-83AA0F9AC6EA,9EB5AAF9-4EC2-4BC1-B78F-A2C697BCE705,4,BROILER GROWER605 2,BROILER GROWER,2026-07-22 08:06:06.597,2026-07-22 09:10:48.080,2026-07-22 09:11:52.150,4500.0,BETAIN HCL,142,100.0,2.25,3.211805,Production Recipes,1,
Server2,3DA972A4-F4F4-45A6-87A4-83AA0F9AC6EA,9EB5AAF9-4EC2-4BC1-B78F-A2C697BCE705,4,BROILER GROWER605 2,BROILER GROWER,2026-07-22 08:06:06.597,2026-07-22 09:10:48.080,2026-07-22 09:11:52.150,4500.0,BIOSTRONG 510,140,100.0,0.675,0.7609955,Production Recipes,1,
Server2,3DA972A4-F4F4-45A6-87A4-83AA0F9AC6EA,9EB5AAF9-4EC2-4BC1-B78F-A2C697BCE705,4,BROILER GROWER605 2,BROILER GROWER,2026-07-22 08:06:06.597,2026-07-22 09:10:48.080,2026-07-22 09:11:52.150,4500.0,Broiler Mineral Mix,31,100.0,4.05,5.280671,Production Recipes,1,
Server2,3DA972A4-F4F4-45A6-87A4-83AA0F9AC6EA,9EB5AAF9-4EC2-4BC1-B78F-A2C697BCE705,4,BROILER GROWER605 2,BROILER GROWER,2026-07-22 08:06:06.597,2026-07-22 09:10:48.080,2026-07-22 09:11:52.150,4500.0,Broiler Starter PX,69,100.0,4.05,5.526621,Production Recipes,1,
Server2,3DA972A4-F4F4-45A6-87A4-83AA0F9AC6EA,9EB5AAF9-4EC2-4BC1-B78F-A2C697BCE705,4,BROILER GROWER605 2,BROILER GROWER,2026-07-22 08:06:06.597,2026-07-22 09:10:48.080,2026-07-22 09:11:52.150,4500.0,Choline Chloride 60%,26,100.0,2.7,3.275463,Production Recipes,1,
Server2,3DA972A4-F4F4-45A6-87A4-83AA0F9AC6EA,9EB5AAF9-4EC2-4BC1-B78F-A2C697BCE705,4,BROILER GROWER605 2,BROILER GROWER,2026-07-22 08:06:06.597,2026-07-22 09:10:48.080,2026-07-22 09:11:52.150,4500.0,KENZYME PRO,77,100.0,2.7,2.777778,Production Recipes,1,
Server2,3DA972A4-F4F4-45A6-87A4-83AA0F9AC6EA,9EB5AAF9-4EC2-4BC1-B78F-A2C697BCE705,4,BROILER GROWER605 2,BROILER GROWER,2026-07-22 08:06:06.597,2026-07-22 09:10:48.080,2026-07-22 09:11:52.150,4500.0,Limestone,113,100.0,55.485,71.46997,Production Recipes,1,
Server2,3DA972A4-F4F4-45A6-87A4-83AA0F9AC6EA,9EB5AAF9-4EC2-4BC1-B78F-A2C697BCE705,4,BROILER GROWER605 2,BROILER GROWER,2026-07-22 08:06:06.597,2026-07-22 09:10:48.080,2026-07-22 09:11:52.150,4500.0,LYSOFORTE DRY,30,100.0,0.9,0.9592015,Production Recipes,1,
Server2,3DA972A4-F4F4-45A6-87A4-83AA0F9AC6EA,9EB5AAF9-4EC2-4BC1-B78F-A2C697BCE705,4,BROILER GROWER605 2,BROILER GROWER,2026-07-22 08:06:06.597,2026-07-22 09:10:48.080,2026-07-22 09:11:52.150,4500.0,Maize,100,100.0,2679.705,2676.794,Production Recipes,4,
Server2,3DA972A4-F4F4-45A6-87A4-83AA0F9AC6EA,9EB5AAF9-4EC2-4BC1-B78F-A2C697BCE705,4,BROILER GROWER605 2,BROILER GROWER,2026-07-22 08:06:06.597,2026-07-22 09:10:48.080,2026-07-22 09:11:52.150,4500.0,Methionine,12,100.0,10.62,11.14005,Production Recipes,1,
Server2,3DA972A4-F4F4-45A6-87A4-83AA0F9AC6EA,9EB5AAF9-4EC2-4BC1-B78F-A2C697BCE705,4,BROILER GROWER605 2,BROILER GROWER,2026-07-22 08:06:06.597,2026-07-22 09:10:48.080,2026-07-22 09:11:52.150,4500.0,Monocalcium Phos,204,100.0,38.745,39.0625,Production Recipes,1,
Server2,3DA972A4-F4F4-45A6-87A4-83AA0F9AC6EA,9EB5AAF9-4EC2-4BC1-B78F-A2C697BCE705,4,BROILER GROWER605 2,BROILER GROWER,2026-07-22 08:06:06.597,2026-07-22 09:10:48.080,2026-07-22 09:11:52.150,4500.0,NOVELA ECL,6,100.0,0.45,0.5801505,Production Recipes,1,
Server2,3DA972A4-F4F4-45A6-87A4-83AA0F9AC6EA,9EB5AAF9-4EC2-4BC1-B78F-A2C697BCE705,4,BROILER GROWER605 2,BROILER GROWER,2026-07-22 08:06:06.597,2026-07-22 09:10:48.080,2026-07-22 09:11:52.150,4500.0,Provi Oxi Stop,21,100.0,0.45,1.608797,Production Recipes,1,
Server2,3DA972A4-F4F4-45A6-87A4-83AA0F9AC6EA,9EB5AAF9-4EC2-4BC1-B78F-A2C697BCE705,4,BROILER GROWER605 2,BROILER GROWER,2026-07-22 08:06:06.597,2026-07-22 09:10:48.080,2026-07-22 09:11:52.150,4500.0,Rovabio P10,176,100.0,2.25,0.0,Production Recipes,1,
Server2,3DA972A4-F4F4-45A6-87A4-83AA0F9AC6EA,9EB5AAF9-4EC2-4BC1-B78F-A2C697BCE705,4,BROILER GROWER605 2,BROILER GROWER,2026-07-22 08:06:06.597,2026-07-22 09:10:48.080,2026-07-22 09:11:52.150,4500.0,Sacox (500g),91,100.0,2.25,4.178241,Production Recipes,1,
Server2,3DA972A4-F4F4-45A6-87A4-83AA0F9AC6EA,9EB5AAF9-4EC2-4BC1-B78F-A2C697BCE705,4,BROILER GROWER605 2,BROILER GROWER,2026-07-22 08:06:06.597,2026-07-22 09:10:48.080,2026-07-22 09:11:52.150,4500.0,Salt,202,100.0,12.96,14.03356,Production Recipes,1,
Server2,3DA972A4-F4F4-45A6-87A4-83AA0F9AC6EA,9EB5AAF9-4EC2-4BC1-B78F-A2C697BCE705,4,BROILER GROWER605 2,BROILER GROWER,2026-07-22 08:06:06.597,2026-07-22 09:10:48.080,2026-07-22 09:11:52.150,4500.0,SOLIS,124,100.0,6.75,7.248263,Production Recipes,1,
Server2,3DA972A4-F4F4-45A6-87A4-83AA0F9AC6EA,9EB5AAF9-4EC2-4BC1-B78F-A2C697BCE705,4,BROILER GROWER605 2,BROILER GROWER,2026-07-22 08:06:06.597,2026-07-22 09:10:48.080,2026-07-22 09:11:52.150,4500.0,SOUDIOM Bicarbon,35,100.0,8.955,10.12732,Production Recipes,1,
Server2,3DA972A4-F4F4-45A6-87A4-83AA0F9AC6EA,9EB5AAF9-4EC2-4BC1-B78F-A2C697BCE705,4,BROILER GROWER605 2,BROILER GROWER,2026-07-22 08:06:06.597,2026-07-22 09:10:48.080,2026-07-22 09:11:52.150,4500.0,SOYA-,105,100.0,1619.145,1620.718,Production Recipes,1,
Server2,3DA972A4-F4F4-45A6-87A4-83AA0F9AC6EA,9EB5AAF9-4EC2-4BC1-B78F-A2C697BCE705,4,BROILER GROWER605 2,BROILER GROWER,2026-07-22 08:06:06.597,2026-07-22 09:10:48.080,2026-07-22 09:11:52.150,4500.0,Soya Oil,210,100.0,37.35,37.75,Production Recipes,10,
Server2,3DA972A4-F4F4-45A6-87A4-83AA0F9AC6EA,9EB5AAF9-4EC2-4BC1-B78F-A2C697BCE705,4,BROILER GROWER605 2,BROILER GROWER,2026-07-22 08:06:06.597,2026-07-22 09:10:48.080,2026-07-22 09:11:52.150,4500.0,TermiN-8,33,100.0,6.75,0.0,Production Recipes,6,
Server2,BC7463EF-EFDF-4EFA-A006-7B8F72F99138,9EB5AAF9-4EC2-4BC1-B78F-A2C697BCE705,4,BROILER GROWER605 3,BROILER GROWER,2026-07-22 08:06:12.657,2026-07-22 09:39:26.720,2026-07-22 09:40:31.323,4500.0,BETAIN HCL,142,100.0,2.25,2.650463,Production Recipes,1,
Server2,BC7463EF-EFDF-4EFA-A006-7B8F72F99138,9EB5AAF9-4EC2-4BC1-B78F-A2C697BCE705,4,BROILER GROWER605 3,BROILER GROWER,2026-07-22 08:06:12.657,2026-07-22 09:39:26.720,2026-07-22 09:40:31.323,4500.0,BIOSTRONG 510,140,100.0,0.675,0.7508681,Production Recipes,1,
Server2,BC7463EF-EFDF-4EFA-A006-7B8F72F99138,9EB5AAF9-4EC2-4BC1-B78F-A2C697BCE705,4,BROILER GROWER605 3,BROILER GROWER,2026-07-22 08:06:12.657,2026-07-22 09:39:26.720,2026-07-22 09:40:31.323,4500.0,Broiler Mineral Mix,31,100.0,4.05,4.470486,Production Recipes,1,
Server2,BC7463EF-EFDF-4EFA-A006-7B8F72F99138,9EB5AAF9-4EC2-4BC1-B78F-A2C697BCE705,4,BROILER GROWER605 3,BROILER GROWER,2026-07-22 08:06:12.657,2026-07-22 09:39:26.720,2026-07-22 09:40:31.323,4500.0,Broiler Starter PX,69,100.0,4.05,5.416667,Production Recipes,1,
Server2,BC7463EF-EFDF-4EFA-A006-7B8F72F99138,9EB5AAF9-4EC2-4BC1-B78F-A2C697BCE705,4,BROILER GROWER605 3,BROILER GROWER,2026-07-22 08:06:12.657,2026-07-22 09:39:26.720,2026-07-22 09:40:31.323,4500.0,Choline Chloride 60%,26,100.0,2.7,2.615742,Production Recipes,1,
Server2,BC7463EF-EFDF-4EFA-A006-7B8F72F99138,9EB5AAF9-4EC2-4BC1-B78F-A2C697BCE705,4,BROILER GROWER605 3,BROILER GROWER,2026-07-22 08:06:12.657,2026-07-22 09:39:26.720,2026-07-22 09:40:31.323,4500.0,KENZYME PRO,77,100.0,2.7,2.690972,Production Recipes,1,
Server2,BC7463EF-EFDF-4EFA-A006-7B8F72F99138,9EB5AAF9-4EC2-4BC1-B78F-A2C697BCE705,4,BROILER GROWER605 3,BROILER GROWER,2026-07-22 08:06:12.657,2026-07-22 09:39:26.720,2026-07-22 09:40:31.323,4500.0,Limestone,113,100.0,55.485,56.6261,Production Recipes,1,
Server2,BC7463EF-EFDF-4EFA-A006-7B8F72F99138,9EB5AAF9-4EC2-4BC1-B78F-A2C697BCE705,4,BROILER GROWER605 3,BROILER GROWER,2026-07-22 08:06:12.657,2026-07-22 09:39:26.720,2026-07-22 09:40:31.323,4500.0,LYSOFORTE DRY,30,100.0,0.9,0.8304399,Production Recipes,1,
Server2,BC7463EF-EFDF-4EFA-A006-7B8F72F99138,9EB5AAF9-4EC2-4BC1-B78F-A2C697BCE705,4,BROILER GROWER605 3,BROILER GROWER,2026-07-22 08:06:12.657,2026-07-22 09:39:26.720,2026-07-22 09:40:31.323,4500.0,Maize,100,100.0,2679.705,2691.117,Production Recipes,4,
Server2,BC7463EF-EFDF-4EFA-A006-7B8F72F99138,9EB5AAF9-4EC2-4BC1-B78F-A2C697BCE705,4,BROILER GROWER605 3,BROILER GROWER,2026-07-22 08:06:12.657,2026-07-22 09:39:26.720,2026-07-22 09:40:31.323,4500.0,Methionine,12,100.0,10.62,11.14005,Production Recipes,1,
Server2,BC7463EF-EFDF-4EFA-A006-7B8F72F99138,9EB5AAF9-4EC2-4BC1-B78F-A2C697BCE705,4,BROILER GROWER605 3,BROILER GROWER,2026-07-22 08:06:12.657,2026-07-22 09:39:26.720,2026-07-22 09:40:31.323,4500.0,Monocalcium Phos,204,100.0,38.745,39.0625,Production Recipes,1,
Server2,BC7463EF-EFDF-4EFA-A006-7B8F72F99138,9EB5AAF9-4EC2-4BC1-B78F-A2C697BCE705,4,BROILER GROWER605 3,BROILER GROWER,2026-07-22 08:06:12.657,2026-07-22 09:39:26.720,2026-07-22 09:40:31.323,4500.0,NOVELA ECL,6,100.0,0.45,0.5512153,Production Recipes,1,
Server2,BC7463EF-EFDF-4EFA-A006-7B8F72F99138,9EB5AAF9-4EC2-4BC1-B78F-A2C697BCE705,4,BROILER GROWER605 3,BROILER GROWER,2026-07-22 08:06:12.657,2026-07-22 09:39:26.720,2026-07-22 09:40:31.323,4500.0,Provi Oxi Stop,21,100.0,0.45,1.805556,Production Recipes,1,
Server2,BC7463EF-EFDF-4EFA-A006-7B8F72F99138,9EB5AAF9-4EC2-4BC1-B78F-A2C697BCE705,4,BROILER GROWER605 3,BROILER GROWER,2026-07-22 08:06:12.657,2026-07-22 09:39:26.720,2026-07-22 09:40:31.323,4500.0,Rovabio P10,176,100.0,2.25,0.9664345,Production Recipes,1,
Server2,BC7463EF-EFDF-4EFA-A006-7B8F72F99138,9EB5AAF9-4EC2-4BC1-B78F-A2C697BCE705,4,BROILER GROWER605 3,BROILER GROWER,2026-07-22 08:06:12.657,2026-07-22 09:39:26.720,2026-07-22 09:40:31.323,4500.0,Sacox (500g),91,100.0,2.25,4.311342,Production Recipes,1,
Server2,BC7463EF-EFDF-4EFA-A006-7B8F72F99138,9EB5AAF9-4EC2-4BC1-B78F-A2C697BCE705,4,BROILER GROWER605 3,BROILER GROWER,2026-07-22 08:06:12.657,2026-07-22 09:39:26.720,2026-07-22 09:40:31.323,4500.0,Salt,202,100.0,12.96,15.0463,Production Recipes,1,
Server2,BC7463EF-EFDF-4EFA-A006-7B8F72F99138,9EB5AAF9-4EC2-4BC1-B78F-A2C697BCE705,4,BROILER GROWER605 3,BROILER GROWER,2026-07-22 08:06:12.657,2026-07-22 09:39:26.720,2026-07-22 09:40:31.323,4500.0,SOLIS,124,100.0,6.75,7.306134,Production Recipes,1,
Server2,BC7463EF-EFDF-4EFA-A006-7B8F72F99138,9EB5AAF9-4EC2-4BC1-B78F-A2C697BCE705,4,BROILER GROWER605 3,BROILER GROWER,2026-07-22 08:06:12.657,2026-07-22 09:39:26.720,2026-07-22 09:40:31.323,4500.0,SOUDIOM Bicarbon,35,100.0,8.955,10.12731,Production Recipes,1,
Server2,BC7463EF-EFDF-4EFA-A006-7B8F72F99138,9EB5AAF9-4EC2-4BC1-B78F-A2C697BCE705,4,BROILER GROWER605 3,BROILER GROWER,2026-07-22 08:06:12.657,2026-07-22 09:39:26.720,2026-07-22 09:40:31.323,4500.0,SOYA-,105,100.0,1619.145,1623.466,Production Recipes,1,
Server2,BC7463EF-EFDF-4EFA-A006-7B8F72F99138,9EB5AAF9-4EC2-4BC1-B78F-A2C697BCE705,4,BROILER GROWER605 3,BROILER GROWER,2026-07-22 08:06:12.657,2026-07-22 09:39:26.720,2026-07-22 09:40:31.323,4500.0,Soya Oil,210,100.0,37.35,37.75,Production Recipes,10,
Server2,BC7463EF-EFDF-4EFA-A006-7B8F72F99138,9EB5AAF9-4EC2-4BC1-B78F-A2C697BCE705,4,BROILER GROWER605 3,BROILER GROWER,2026-07-22 08:06:12.657,2026-07-22 09:39:26.720,2026-07-22 09:40:31.323,4500.0,TermiN-8,33,100.0,6.75,0.0,Production Recipes,6,
Server2,31B27B06-12F9-408A-9B69-5650F5FB545B,9EB5AAF9-4EC2-4BC1-B78F-A2C697BCE705,4,BROILER GROWER605 4,BROILER GROWER,2026-07-22 08:06:14.647,2026-07-22 09:50:45.863,2026-07-22 09:51:50.133,4500.0,BETAIN HCL,142,100.0,2.25,2.615741,Production Recipes,1,
Server2,31B27B06-12F9-408A-9B69-5650F5FB545B,9EB5AAF9-4EC2-4BC1-B78F-A2C697BCE705,4,BROILER GROWER605 4,BROILER GROWER,2026-07-22 08:06:14.647,2026-07-22 09:50:45.863,2026-07-22 09:51:50.133,4500.0,BIOSTRONG 510,140,100.0,0.675,0.7595488,Production Recipes,1,
Server2,31B27B06-12F9-408A-9B69-5650F5FB545B,9EB5AAF9-4EC2-4BC1-B78F-A2C697BCE705,4,BROILER GROWER605 4,BROILER GROWER,2026-07-22 08:06:14.647,2026-07-22 09:50:45.863,2026-07-22 09:51:50.133,4500.0,Broiler Mineral Mix,31,100.0,4.05,5.642361,Production Recipes,1,
Server2,31B27B06-12F9-408A-9B69-5650F5FB545B,9EB5AAF9-4EC2-4BC1-B78F-A2C697BCE705,4,BROILER GROWER605 4,BROILER GROWER,2026-07-22 08:06:14.647,2026-07-22 09:50:45.863,2026-07-22 09:51:50.133,4500.0,Broiler Starter PX,69,100.0,4.05,5.381945,Production Recipes,1,
Server2,31B27B06-12F9-408A-9B69-5650F5FB545B,9EB5AAF9-4EC2-4BC1-B78F-A2C697BCE705,4,BROILER GROWER605 4,BROILER GROWER,2026-07-22 08:06:14.647,2026-07-22 09:50:45.863,2026-07-22 09:51:50.133,4500.0,Choline Chloride 60%,26,100.0,2.7,2.5,Production Recipes,1,
Server2,31B27B06-12F9-408A-9B69-5650F5FB545B,9EB5AAF9-4EC2-4BC1-B78F-A2C697BCE705,4,BROILER GROWER605 4,BROILER GROWER,2026-07-22 08:06:14.647,2026-07-22 09:50:45.863,2026-07-22 09:51:50.133,4500.0,KENZYME PRO,77,100.0,2.7,3.023727,Production Recipes,1,
Server2,31B27B06-12F9-408A-9B69-5650F5FB545B,9EB5AAF9-4EC2-4BC1-B78F-A2C697BCE705,4,BROILER GROWER605 4,BROILER GROWER,2026-07-22 08:06:14.647,2026-07-22 09:50:45.863,2026-07-22 09:51:50.133,4500.0,Limestone,113,100.0,55.485,73.11926,Production Recipes,1,
Server2,31B27B06-12F9-408A-9B69-5650F5FB545B,9EB5AAF9-4EC2-4BC1-B78F-A2C697BCE705,4,BROILER GROWER605 4,BROILER GROWER,2026-07-22 08:06:14.647,2026-07-22 09:50:45.863,2026-07-22 09:51:50.133,4500.0,LYSOFORTE DRY,30,100.0,0.9,0.9403936,Production Recipes,1,
Server2,31B27B06-12F9-408A-9B69-5650F5FB545B,9EB5AAF9-4EC2-4BC1-B78F-A2C697BCE705,4,BROILER GROWER605 4,BROILER GROWER,2026-07-22 08:06:14.647,2026-07-22 09:50:45.863,2026-07-22 09:51:50.133,4500.0,Maize,100,100.0,2679.705,2686.343,Production Recipes,4,
Server2,31B27B06-12F9-408A-9B69-5650F5FB545B,9EB5AAF9-4EC2-4BC1-B78F-A2C697BCE705,4,BROILER GROWER605 4,BROILER GROWER,2026-07-22 08:06:14.647,2026-07-22 09:50:45.863,2026-07-22 09:51:50.133,4500.0,Methionine,12,100.0,10.62,11.14005,Production Recipes,1,
Server2,31B27B06-12F9-408A-9B69-5650F5FB545B,9EB5AAF9-4EC2-4BC1-B78F-A2C697BCE705,4,BROILER GROWER605 4,BROILER GROWER,2026-07-22 08:06:14.647,2026-07-22 09:50:45.863,2026-07-22 09:51:50.133,4500.0,Monocalcium Phos,204,100.0,38.745,39.0625,Production Recipes,1,
Server2,31B27B06-12F9-408A-9B69-5650F5FB545B,9EB5AAF9-4EC2-4BC1-B78F-A2C697BCE705,4,BROILER GROWER605 4,BROILER GROWER,2026-07-22 08:06:14.647,2026-07-22 09:50:45.863,2026-07-22 09:51:50.133,4500.0,NOVELA ECL,6,100.0,0.45,0.5801505,Production Recipes,1,
Server2,31B27B06-12F9-408A-9B69-5650F5FB545B,9EB5AAF9-4EC2-4BC1-B78F-A2C697BCE705,4,BROILER GROWER605 4,BROILER GROWER,2026-07-22 08:06:14.647,2026-07-22 09:50:45.863,2026-07-22 09:51:50.133,4500.0,Provi Oxi Stop,21,100.0,0.45,0.7002316,Production Recipes,1,
Server2,31B27B06-12F9-408A-9B69-5650F5FB545B,9EB5AAF9-4EC2-4BC1-B78F-A2C697BCE705,4,BROILER GROWER605 4,BROILER GROWER,2026-07-22 08:06:14.647,2026-07-22 09:50:45.863,2026-07-22 09:51:50.133,4500.0,Rovabio P10,176,100.0,2.25,2.442129,Production Recipes,1,
Server2,31B27B06-12F9-408A-9B69-5650F5FB545B,9EB5AAF9-4EC2-4BC1-B78F-A2C697BCE705,4,BROILER GROWER605 4,BROILER GROWER,2026-07-22 08:06:14.647,2026-07-22 09:50:45.863,2026-07-22 09:51:50.133,4500.0,Sacox (500g),91,100.0,2.25,3.807871,Production Recipes,1,
Server2,31B27B06-12F9-408A-9B69-5650F5FB545B,9EB5AAF9-4EC2-4BC1-B78F-A2C697BCE705,4,BROILER GROWER605 4,BROILER GROWER,2026-07-22 08:06:14.647,2026-07-22 09:50:45.863,2026-07-22 09:51:50.133,4500.0,Salt,202,100.0,12.96,14.03357,Production Recipes,1,
Server2,31B27B06-12F9-408A-9B69-5650F5FB545B,9EB5AAF9-4EC2-4BC1-B78F-A2C697BCE705,4,BROILER GROWER605 4,BROILER GROWER,2026-07-22 08:06:14.647,2026-07-22 09:50:45.863,2026-07-22 09:51:50.133,4500.0,SOLIS,124,100.0,6.75,7.33507,Production Recipes,1,
Server2,31B27B06-12F9-408A-9B69-5650F5FB545B,9EB5AAF9-4EC2-4BC1-B78F-A2C697BCE705,4,BROILER GROWER605 4,BROILER GROWER,2026-07-22 08:06:14.647,2026-07-22 09:50:45.863,2026-07-22 09:51:50.133,4500.0,SOUDIOM Bicarbon,35,100.0,8.955,11.14005,Production Recipes,1,
Server2,31B27B06-12F9-408A-9B69-5650F5FB545B,9EB5AAF9-4EC2-4BC1-B78F-A2C697BCE705,4,BROILER GROWER605 4,BROILER GROWER,2026-07-22 08:06:14.647,2026-07-22 09:50:45.863,2026-07-22 09:51:50.133,4500.0,SOYA-,105,100.0,1619.145,1621.267,Production Recipes,1,
Server2,31B27B06-12F9-408A-9B69-5650F5FB545B,9EB5AAF9-4EC2-4BC1-B78F-A2C697BCE705,4,BROILER GROWER605 4,BROILER GROWER,2026-07-22 08:06:14.647,2026-07-22 09:50:45.863,2026-07-22 09:51:50.133,4500.0,Soya Oil,210,100.0,37.35,37.75,Production Recipes,10,
Server2,31B27B06-12F9-408A-9B69-5650F5FB545B,9EB5AAF9-4EC2-4BC1-B78F-A2C697BCE705,4,BROILER GROWER605 4,BROILER GROWER,2026-07-22 08:06:14.647,2026-07-22 09:50:45.863,2026-07-22 09:51:50.133,4500.0,TermiN-8,33,100.0,6.75,0.0,Production Recipes,6,
Server2,CC70A0A0-E959-4880-BF10-5534F330462A,9EB5AAF9-4EC2-4BC1-B78F-A2C697BCE705,4,BROILER GROWER605 5,BROILER GROWER,2026-07-22 08:06:18.690,2026-07-22 09:57:49.127,2026-07-22 09:58:53.410,4500.0,BETAIN HCL,142,100.0,2.25,3.489583,Production Recipes,1,
Server2,CC70A0A0-E959-4880-BF10-5534F330462A,9EB5AAF9-4EC2-4BC1-B78F-A2C697BCE705,4,BROILER GROWER605 5,BROILER GROWER,2026-07-22 08:06:18.690,2026-07-22 09:57:49.127,2026-07-22 09:58:53.410,4500.0,BIOSTRONG 510,140,100.0,0.675,0.7609953,Production Recipes,1,
Server2,CC70A0A0-E959-4880-BF10-5534F330462A,9EB5AAF9-4EC2-4BC1-B78F-A2C697BCE705,4,BROILER GROWER605 5,BROILER GROWER,2026-07-22 08:06:18.690,2026-07-22 09:57:49.127,2026-07-22 09:58:53.410,4500.0,Broiler Mineral Mix,31,100.0,4.05,5.367476,Production Recipes,1,
Server2,CC70A0A0-E959-4880-BF10-5534F330462A,9EB5AAF9-4EC2-4BC1-B78F-A2C697BCE705,4,BROILER GROWER605 5,BROILER GROWER,2026-07-22 08:06:18.690,2026-07-22 09:57:49.127,2026-07-22 09:58:53.410,4500.0,Broiler Starter PX,69,100.0,4.05,4.994213,Production Recipes,1,
Server2,CC70A0A0-E959-4880-BF10-5534F330462A,9EB5AAF9-4EC2-4BC1-B78F-A2C697BCE705,4,BROILER GROWER605 5,BROILER GROWER,2026-07-22 08:06:18.690,2026-07-22 09:57:49.127,2026-07-22 09:58:53.410,4500.0,Choline Chloride 60%,26,100.0,2.7,2.459492,Production Recipes,1,
Server2,CC70A0A0-E959-4880-BF10-5534F330462A,9EB5AAF9-4EC2-4BC1-B78F-A2C697BCE705,4,BROILER GROWER605 5,BROILER GROWER,2026-07-22 08:06:18.690,2026-07-22 09:57:49.127,2026-07-22 09:58:53.410,4500.0,KENZYME PRO,77,100.0,2.7,3.530093,Production Recipes,1,
Server2,CC70A0A0-E959-4880-BF10-5534F330462A,9EB5AAF9-4EC2-4BC1-B78F-A2C697BCE705,4,BROILER GROWER605 5,BROILER GROWER,2026-07-22 08:06:18.690,2026-07-22 09:57:49.127,2026-07-22 09:58:53.410,4500.0,Limestone,113,100.0,55.485,59.375,Production Recipes,1,
Server2,CC70A0A0-E959-4880-BF10-5534F330462A,9EB5AAF9-4EC2-4BC1-B78F-A2C697BCE705,4,BROILER GROWER605 5,BROILER GROWER,2026-07-22 08:06:18.690,2026-07-22 09:57:49.127,2026-07-22 09:58:53.410,4500.0,LYSOFORTE DRY,30,100.0,0.9,0.889757,Production Recipes,1,
Server2,CC70A0A0-E959-4880-BF10-5534F330462A,9EB5AAF9-4EC2-4BC1-B78F-A2C697BCE705,4,BROILER GROWER605 5,BROILER GROWER,2026-07-22 08:06:18.690,2026-07-22 09:57:49.127,2026-07-22 09:58:53.410,4500.0,Maize,100,100.0,2679.705,2694.3,Production Recipes,4,
Server2,CC70A0A0-E959-4880-BF10-5534F330462A,9EB5AAF9-4EC2-4BC1-B78F-A2C697BCE705,4,BROILER GROWER605 5,BROILER GROWER,2026-07-22 08:06:18.690,2026-07-22 09:57:49.127,2026-07-22 09:58:53.410,4500.0,Methionine,12,100.0,10.62,11.14005,Production Recipes,1,
Server2,CC70A0A0-E959-4880-BF10-5534F330462A,9EB5AAF9-4EC2-4BC1-B78F-A2C697BCE705,4,BROILER GROWER605 5,BROILER GROWER,2026-07-22 08:06:18.690,2026-07-22 09:57:49.127,2026-07-22 09:58:53.410,4500.0,Monocalcium Phos,204,100.0,38.745,39.0625,Production Recipes,1,
Server2,CC70A0A0-E959-4880-BF10-5534F330462A,9EB5AAF9-4EC2-4BC1-B78F-A2C697BCE705,4,BROILER GROWER605 5,BROILER GROWER,2026-07-22 08:06:18.690,2026-07-22 09:57:49.127,2026-07-22 09:58:53.410,4500.0,NOVELA ECL,6,100.0,0.45,0.5801505,Production Recipes,1,
Server2,CC70A0A0-E959-4880-BF10-5534F330462A,9EB5AAF9-4EC2-4BC1-B78F-A2C697BCE705,4,BROILER GROWER605 5,BROILER GROWER,2026-07-22 08:06:18.690,2026-07-22 09:57:49.127,2026-07-22 09:58:53.410,4500.0,Provi Oxi Stop,21,100.0,0.45,1.50463,Production Recipes,1,
Server2,CC70A0A0-E959-4880-BF10-5534F330462A,9EB5AAF9-4EC2-4BC1-B78F-A2C697BCE705,4,BROILER GROWER605 5,BROILER GROWER,2026-07-22 08:06:18.690,2026-07-22 09:57:49.127,2026-07-22 09:58:53.410,4500.0,Rovabio P10,176,100.0,2.25,1.354166,Production Recipes,1,
Server2,CC70A0A0-E959-4880-BF10-5534F330462A,9EB5AAF9-4EC2-4BC1-B78F-A2C697BCE705,4,BROILER GROWER605 5,BROILER GROWER,2026-07-22 08:06:18.690,2026-07-22 09:57:49.127,2026-07-22 09:58:53.410,4500.0,Sacox (500g),91,100.0,2.25,3.946759,Production Recipes,1,
Server2,CC70A0A0-E959-4880-BF10-5534F330462A,9EB5AAF9-4EC2-4BC1-B78F-A2C697BCE705,4,BROILER GROWER605 5,BROILER GROWER,2026-07-22 08:06:18.690,2026-07-22 09:57:49.127,2026-07-22 09:58:53.410,4500.0,Salt,202,100.0,12.96,14.03357,Production Recipes,1,
Server2,CC70A0A0-E959-4880-BF10-5534F330462A,9EB5AAF9-4EC2-4BC1-B78F-A2C697BCE705,4,BROILER GROWER605 5,BROILER GROWER,2026-07-22 08:06:18.690,2026-07-22 09:57:49.127,2026-07-22 09:58:53.410,4500.0,SOLIS,124,100.0,6.75,7.392941,Production Recipes,1,
Server2,CC70A0A0-E959-4880-BF10-5534F330462A,9EB5AAF9-4EC2-4BC1-B78F-A2C697BCE705,4,BROILER GROWER605 5,BROILER GROWER,2026-07-22 08:06:18.690,2026-07-22 09:57:49.127,2026-07-22 09:58:53.410,4500.0,SOUDIOM Bicarbon,35,100.0,8.955,10.12732,Production Recipes,1,
Server2,CC70A0A0-E959-4880-BF10-5534F330462A,9EB5AAF9-4EC2-4BC1-B78F-A2C697BCE705,4,BROILER GROWER605 5,BROILER GROWER,2026-07-22 08:06:18.690,2026-07-22 09:57:49.127,2026-07-22 09:58:53.410,4500.0,SOYA-,105,100.0,1619.145,1613.571,Production Recipes,1,
Server2,CC70A0A0-E959-4880-BF10-5534F330462A,9EB5AAF9-4EC2-4BC1-B78F-A2C697BCE705,4,BROILER GROWER605 5,BROILER GROWER,2026-07-22 08:06:18.690,2026-07-22 09:57:49.127,2026-07-22 09:58:53.410,4500.0,Soya Oil,210,100.0,37.35,37.75,Production Recipes,10,
Server2,CC70A0A0-E959-4880-BF10-5534F330462A,9EB5AAF9-4EC2-4BC1-B78F-A2C697BCE705,4,BROILER GROWER605 5,BROILER GROWER,2026-07-22 08:06:18.690,2026-07-22 09:57:49.127,2026-07-22 09:58:53.410,4500.0,TermiN-8,33,100.0,6.75,0.0,Production Recipes,6,
Server2,8B0A5D76-8566-4F86-8898-075C4B680CD9,9EB5AAF9-4EC2-4BC1-B78F-A2C697BCE705,4,BROILER FINISHER 601 1,BROILER FINISHER BAG,2026-07-22 09:37:49.417,2026-07-22 10:03:59.583,2026-07-22 10:05:03.110,4500.0,BETAIN HCL,142,100.0,2.25,2.280093,Production Recipes,1,
Server2,8B0A5D76-8566-4F86-8898-075C4B680CD9,9EB5AAF9-4EC2-4BC1-B78F-A2C697BCE705,4,BROILER FINISHER 601 1,BROILER FINISHER BAG,2026-07-22 09:37:49.417,2026-07-22 10:03:59.583,2026-07-22 10:05:03.110,4500.0,BIOSTRONG 510,140,100.0,0.675,0.7696759,Production Recipes,1,
Server2,8B0A5D76-8566-4F86-8898-075C4B680CD9,9EB5AAF9-4EC2-4BC1-B78F-A2C697BCE705,4,BROILER FINISHER 601 1,BROILER FINISHER BAG,2026-07-22 09:37:49.417,2026-07-22 10:03:59.583,2026-07-22 10:05:03.110,4500.0,Broiler Mineral Mix,31,100.0,4.05,5.88831,Production Recipes,1,
Server2,8B0A5D76-8566-4F86-8898-075C4B680CD9,9EB5AAF9-4EC2-4BC1-B78F-A2C697BCE705,4,BROILER FINISHER 601 1,BROILER FINISHER BAG,2026-07-22 09:37:49.417,2026-07-22 10:03:59.583,2026-07-22 10:05:03.110,4500.0,Broiler Starter PX,69,100.0,4.05,5.619213,Production Recipes,1,
Server2,8B0A5D76-8566-4F86-8898-075C4B680CD9,9EB5AAF9-4EC2-4BC1-B78F-A2C697BCE705,4,BROILER FINISHER 601 1,BROILER FINISHER BAG,2026-07-22 09:37:49.417,2026-07-22 10:03:59.583,2026-07-22 10:05:03.110,4500.0,Choline Chloride 60%,26,100.0,2.7,2.447917,Production Recipes,1,
Server2,8B0A5D76-8566-4F86-8898-075C4B680CD9,9EB5AAF9-4EC2-4BC1-B78F-A2C697BCE705,4,BROILER FINISHER 601 1,BROILER FINISHER BAG,2026-07-22 09:37:49.417,2026-07-22 10:03:59.583,2026-07-22 10:05:03.110,4500.0,KENZYME PRO,77,100.0,2.7,3.515625,Production Recipes,1,
Server2,8B0A5D76-8566-4F86-8898-075C4B680CD9,9EB5AAF9-4EC2-4BC1-B78F-A2C697BCE705,4,BROILER FINISHER 601 1,BROILER FINISHER BAG,2026-07-22 09:37:49.417,2026-07-22 10:03:59.583,2026-07-22 10:05:03.110,4500.0,Limestone,113,100.0,47.655,58.8252,Production Recipes,1,
Server2,8B0A5D76-8566-4F86-8898-075C4B680CD9,9EB5AAF9-4EC2-4BC1-B78F-A2C697BCE705,4,BROILER FINISHER 601 1,BROILER FINISHER BAG,2026-07-22 09:37:49.417,2026-07-22 10:03:59.583,2026-07-22 10:05:03.110,4500.0,LYSOFORTE DRY,30,100.0,0.9,0.8506945,Production Recipes,1,
Server2,8B0A5D76-8566-4F86-8898-075C4B680CD9,9EB5AAF9-4EC2-4BC1-B78F-A2C697BCE705,4,BROILER FINISHER 601 1,BROILER FINISHER BAG,2026-07-22 09:37:49.417,2026-07-22 10:03:59.583,2026-07-22 10:05:03.110,4500.0,Maize,100,100.0,2877.075,2883.681,Production Recipes,4,
Server2,8B0A5D76-8566-4F86-8898-075C4B680CD9,9EB5AAF9-4EC2-4BC1-B78F-A2C697BCE705,4,BROILER FINISHER 601 1,BROILER FINISHER BAG,2026-07-22 09:37:49.417,2026-07-22 10:03:59.583,2026-07-22 10:05:03.110,4500.0,Methionine,12,100.0,9.72,10.12732,Production Recipes,1,
Server2,8B0A5D76-8566-4F86-8898-075C4B680CD9,9EB5AAF9-4EC2-4BC1-B78F-A2C697BCE705,4,BROILER FINISHER 601 1,BROILER FINISHER BAG,2026-07-22 09:37:49.417,2026-07-22 10:03:59.583,2026-07-22 10:05:03.110,4500.0,Monocalcium Phos,204,100.0,31.14,31.10532,Production Recipes,1,
Server2,8B0A5D76-8566-4F86-8898-075C4B680CD9,9EB5AAF9-4EC2-4BC1-B78F-A2C697BCE705,4,BROILER FINISHER 601 1,BROILER FINISHER BAG,2026-07-22 09:37:49.417,2026-07-22 10:03:59.583,2026-07-22 10:05:03.110,4500.0,NOVELA ECL,6,100.0,0.45,0.6394677,Production Recipes,1,
Server2,8B0A5D76-8566-4F86-8898-075C4B680CD9,9EB5AAF9-4EC2-4BC1-B78F-A2C697BCE705,4,BROILER FINISHER 601 1,BROILER FINISHER BAG,2026-07-22 09:37:49.417,2026-07-22 10:03:59.583,2026-07-22 10:05:03.110,4500.0,Provi Oxi Stop,21,100.0,0.45,0.6307869,Production Recipes,1,
Server2,8B0A5D76-8566-4F86-8898-075C4B680CD9,9EB5AAF9-4EC2-4BC1-B78F-A2C697BCE705,4,BROILER FINISHER 601 1,BROILER FINISHER BAG,2026-07-22 09:37:49.417,2026-07-22 10:03:59.583,2026-07-22 10:05:03.110,4500.0,Rovabio P10,176,100.0,2.25,2.581018,Production Recipes,1,
Server2,8B0A5D76-8566-4F86-8898-075C4B680CD9,9EB5AAF9-4EC2-4BC1-B78F-A2C697BCE705,4,BROILER FINISHER 601 1,BROILER FINISHER BAG,2026-07-22 09:37:49.417,2026-07-22 10:03:59.583,2026-07-22 10:05:03.110,4500.0,Salt,202,100.0,13.635,14.03357,Production Recipes,1,
Server2,8B0A5D76-8566-4F86-8898-075C4B680CD9,9EB5AAF9-4EC2-4BC1-B78F-A2C697BCE705,4,BROILER FINISHER 601 1,BROILER FINISHER BAG,2026-07-22 09:37:49.417,2026-07-22 10:03:59.583,2026-07-22 10:05:03.110,4500.0,SOLIS,124,100.0,6.75,7.552083,Production Recipes,1,
Server2,8B0A5D76-8566-4F86-8898-075C4B680CD9,9EB5AAF9-4EC2-4BC1-B78F-A2C697BCE705,4,BROILER FINISHER 601 1,BROILER FINISHER BAG,2026-07-22 09:37:49.417,2026-07-22 10:03:59.583,2026-07-22 10:05:03.110,4500.0,SOUDIOM Bicarbon,35,100.0,8.145,9.982639,Production Recipes,1,
Server2,8B0A5D76-8566-4F86-8898-075C4B680CD9,9EB5AAF9-4EC2-4BC1-B78F-A2C697BCE705,4,BROILER FINISHER 601 1,BROILER FINISHER BAG,2026-07-22 09:37:49.417,2026-07-22 10:03:59.583,2026-07-22 10:05:03.110,4500.0,SOYA-,105,100.0,1443.105,1448.64,Production Recipes,1,
Server2,8B0A5D76-8566-4F86-8898-075C4B680CD9,9EB5AAF9-4EC2-4BC1-B78F-A2C697BCE705,4,BROILER FINISHER 601 1,BROILER FINISHER BAG,2026-07-22 09:37:49.417,2026-07-22 10:03:59.583,2026-07-22 10:05:03.110,4500.0,Soya Oil,210,100.0,37.35,38.0,Production Recipes,10,
Server2,8B0A5D76-8566-4F86-8898-075C4B680CD9,9EB5AAF9-4EC2-4BC1-B78F-A2C697BCE705,4,BROILER FINISHER 601 1,BROILER FINISHER BAG,2026-07-22 09:37:49.417,2026-07-22 10:03:59.583,2026-07-22 10:05:03.110,4500.0,TermiN-8,33,100.0,4.5,0.0,Production Recipes,6,
Server2,6746F9D7-2C15-4581-AE54-8610B17E7F51,9EB5AAF9-4EC2-4BC1-B78F-A2C697BCE705,4,BROILER FINISHER 601 2,BROILER FINISHER BAG,2026-07-22 09:38:19.480,2026-07-22 10:06:48.347,2026-07-22 10:07:51.900,4500.0,BETAIN HCL,142,100.0,2.25,2.604167,Production Recipes,1,
Server2,6746F9D7-2C15-4581-AE54-8610B17E7F51,9EB5AAF9-4EC2-4BC1-B78F-A2C697BCE705,4,BROILER FINISHER 601 2,BROILER FINISHER BAG,2026-07-22 09:38:19.480,2026-07-22 10:06:48.347,2026-07-22 10:07:51.900,4500.0,BIOSTRONG 510,140,100.0,0.675,0.7407407,Production Recipes,1,
Server2,6746F9D7-2C15-4581-AE54-8610B17E7F51,9EB5AAF9-4EC2-4BC1-B78F-A2C697BCE705,4,BROILER FINISHER 601 2,BROILER FINISHER BAG,2026-07-22 09:38:19.480,2026-07-22 10:06:48.347,2026-07-22 10:07:51.900,4500.0,Broiler Mineral Mix,31,100.0,4.05,5.295139,Production Recipes,1,
Server2,6746F9D7-2C15-4581-AE54-8610B17E7F51,9EB5AAF9-4EC2-4BC1-B78F-A2C697BCE705,4,BROILER FINISHER 601 2,BROILER FINISHER BAG,2026-07-22 09:38:19.480,2026-07-22 10:06:48.347,2026-07-22 10:07:51.900,4500.0,Broiler Starter PX,69,100.0,4.05,6.319445,Production Recipes,1,
Server2,6746F9D7-2C15-4581-AE54-8610B17E7F51,9EB5AAF9-4EC2-4BC1-B78F-A2C697BCE705,4,BROILER FINISHER 601 2,BROILER FINISHER BAG,2026-07-22 09:38:19.480,2026-07-22 10:06:48.347,2026-07-22 10:07:51.900,4500.0,Choline Chloride 60%,26,100.0,2.7,2.430555,Production Recipes,1,
Server2,6746F9D7-2C15-4581-AE54-8610B17E7F51,9EB5AAF9-4EC2-4BC1-B78F-A2C697BCE705,4,BROILER FINISHER 601 2,BROILER FINISHER BAG,2026-07-22 09:38:19.480,2026-07-22 10:06:48.347,2026-07-22 10:07:51.900,4500.0,KENZYME PRO,77,100.0,2.7,3.370949,Production Recipes,1,
Server2,6746F9D7-2C15-4581-AE54-8610B17E7F51,9EB5AAF9-4EC2-4BC1-B78F-A2C697BCE705,4,BROILER FINISHER 601 2,BROILER FINISHER BAG,2026-07-22 09:38:19.480,2026-07-22 10:06:48.347,2026-07-22 10:07:51.900,4500.0,Limestone,113,100.0,47.655,57.72559,Production Recipes,1,
Server2,6746F9D7-2C15-4581-AE54-8610B17E7F51,9EB5AAF9-4EC2-4BC1-B78F-A2C697BCE705,4,BROILER FINISHER 601 2,BROILER FINISHER BAG,2026-07-22 09:38:19.480,2026-07-22 10:06:48.347,2026-07-22 10:07:51.900,4500.0,LYSOFORTE DRY,30,100.0,0.9,0.9013311,Production Recipes,1,
Server2,6746F9D7-2C15-4581-AE54-8610B17E7F51,9EB5AAF9-4EC2-4BC1-B78F-A2C697BCE705,4,BROILER FINISHER 601 2,BROILER FINISHER BAG,2026-07-22 09:38:19.480,2026-07-22 10:06:48.347,2026-07-22 10:07:51.900,4500.0,Maize,100,100.0,2877.075,2870.949,Production Recipes,4,
Server2,6746F9D7-2C15-4581-AE54-8610B17E7F51,9EB5AAF9-4EC2-4BC1-B78F-A2C697BCE705,4,BROILER FINISHER 601 2,BROILER FINISHER BAG,2026-07-22 09:38:19.480,2026-07-22 10:06:48.347,2026-07-22 10:07:51.900,4500.0,Methionine,12,100.0,9.72,10.12732,Production Recipes,1,
Server2,6746F9D7-2C15-4581-AE54-8610B17E7F51,9EB5AAF9-4EC2-4BC1-B78F-A2C697BCE705,4,BROILER FINISHER 601 2,BROILER FINISHER BAG,2026-07-22 09:38:19.480,2026-07-22 10:06:48.347,2026-07-22 10:07:51.900,4500.0,Monocalcium Phos,204,100.0,31.14,31.10532,Production Recipes,1,
Server2,6746F9D7-2C15-4581-AE54-8610B17E7F51,9EB5AAF9-4EC2-4BC1-B78F-A2C697BCE705,4,BROILER FINISHER 601 2,BROILER FINISHER BAG,2026-07-22 09:38:19.480,2026-07-22 10:06:48.347,2026-07-22 10:07:51.900,4500.0,NOVELA ECL,6,100.0,0.45,0.5801505,Production Recipes,1,
Server2,6746F9D7-2C15-4581-AE54-8610B17E7F51,9EB5AAF9-4EC2-4BC1-B78F-A2C697BCE705,4,BROILER FINISHER 601 2,BROILER FINISHER BAG,2026-07-22 09:38:19.480,2026-07-22 10:06:48.347,2026-07-22 10:07:51.900,4500.0,Provi Oxi Stop,21,100.0,0.45,0.5381947,Production Recipes,1,
Server2,6746F9D7-2C15-4581-AE54-8610B17E7F51,9EB5AAF9-4EC2-4BC1-B78F-A2C697BCE705,4,BROILER FINISHER 601 2,BROILER FINISHER BAG,2026-07-22 09:38:19.480,2026-07-22 10:06:48.347,2026-07-22 10:07:51.900,4500.0,Rovabio P10,176,100.0,2.25,2.638889,Production Recipes,1,
Server2,6746F9D7-2C15-4581-AE54-8610B17E7F51,9EB5AAF9-4EC2-4BC1-B78F-A2C697BCE705,4,BROILER FINISHER 601 2,BROILER FINISHER BAG,2026-07-22 09:38:19.480,2026-07-22 10:06:48.347,2026-07-22 10:07:51.900,4500.0,Salt,202,100.0,13.635,14.03356,Production Recipes,1,
Server2,6746F9D7-2C15-4581-AE54-8610B17E7F51,9EB5AAF9-4EC2-4BC1-B78F-A2C697BCE705,4,BROILER FINISHER 601 2,BROILER FINISHER BAG,2026-07-22 09:38:19.480,2026-07-22 10:06:48.347,2026-07-22 10:07:51.900,4500.0,SOLIS,124,100.0,6.75,7.089121,Production Recipes,1,
Server2,6746F9D7-2C15-4581-AE54-8610B17E7F51,9EB5AAF9-4EC2-4BC1-B78F-A2C697BCE705,4,BROILER FINISHER 601 2,BROILER FINISHER BAG,2026-07-22 09:38:19.480,2026-07-22 10:06:48.347,2026-07-22 10:07:51.900,4500.0,SOUDIOM Bicarbon,35,100.0,8.145,8.96991,Production Recipes,1,
Server2,6746F9D7-2C15-4581-AE54-8610B17E7F51,9EB5AAF9-4EC2-4BC1-B78F-A2C697BCE705,4,BROILER FINISHER 601 2,BROILER FINISHER BAG,2026-07-22 09:38:19.480,2026-07-22 10:06:48.347,2026-07-22 10:07:51.900,4500.0,SOYA-,105,100.0,1443.105,1444.242,Production Recipes,1,
Server2,6746F9D7-2C15-4581-AE54-8610B17E7F51,9EB5AAF9-4EC2-4BC1-B78F-A2C697BCE705,4,BROILER FINISHER 601 2,BROILER FINISHER BAG,2026-07-22 09:38:19.480,2026-07-22 10:06:48.347,2026-07-22 10:07:51.900,4500.0,Soya Oil,210,100.0,37.35,38.0,Production Recipes,10,
Server2,6746F9D7-2C15-4581-AE54-8610B17E7F51,9EB5AAF9-4EC2-4BC1-B78F-A2C697BCE705,4,BROILER FINISHER 601 2,BROILER FINISHER BAG,2026-07-22 09:38:19.480,2026-07-22 10:06:48.347,2026-07-22 10:07:51.900,4500.0,TermiN-8,33,100.0,4.5,0.0,Production Recipes,6,
Server2,45B1FC2F-6517-4337-9CCF-B99C1B45DC4E,9EB5AAF9-4EC2-4BC1-B78F-A2C697BCE705,4,BROILER FINISHER 601 3,BROILER FINISHER BAG,2026-07-22 09:38:21.500,2026-07-22 10:17:56.967,2026-07-22 10:19:01.180,4500.0,BETAIN HCL,142,100.0,2.25,2.644676,Production Recipes,1,
Server2,45B1FC2F-6517-4337-9CCF-B99C1B45DC4E,9EB5AAF9-4EC2-4BC1-B78F-A2C697BCE705,4,BROILER FINISHER 601 3,BROILER FINISHER BAG,2026-07-22 09:38:21.500,2026-07-22 10:17:56.967,2026-07-22 10:19:01.180,4500.0,BIOSTRONG 510,140,100.0,0.675,0.720486,Production Recipes,1,
Server2,45B1FC2F-6517-4337-9CCF-B99C1B45DC4E,9EB5AAF9-4EC2-4BC1-B78F-A2C697BCE705,4,BROILER FINISHER 601 3,BROILER FINISHER BAG,2026-07-22 09:38:21.500,2026-07-22 10:17:56.967,2026-07-22 10:19:01.180,4500.0,Broiler Mineral Mix,31,100.0,4.05,4.890046,Production Recipes,1,
Server2,45B1FC2F-6517-4337-9CCF-B99C1B45DC4E,9EB5AAF9-4EC2-4BC1-B78F-A2C697BCE705,4,BROILER FINISHER 601 3,BROILER FINISHER BAG,2026-07-22 09:38:21.500,2026-07-22 10:17:56.967,2026-07-22 10:19:01.180,4500.0,Broiler Starter PX,69,100.0,4.05,5.462963,Production Recipes,1,
Server2,45B1FC2F-6517-4337-9CCF-B99C1B45DC4E,9EB5AAF9-4EC2-4BC1-B78F-A2C697BCE705,4,BROILER FINISHER 601 3,BROILER FINISHER BAG,2026-07-22 09:38:21.500,2026-07-22 10:17:56.967,2026-07-22 10:19:01.180,4500.0,Choline Chloride 60%,26,100.0,2.7,2.569445,Production Recipes,1,
Server2,45B1FC2F-6517-4337-9CCF-B99C1B45DC4E,9EB5AAF9-4EC2-4BC1-B78F-A2C697BCE705,4,BROILER FINISHER 601 3,BROILER FINISHER BAG,2026-07-22 09:38:21.500,2026-07-22 10:17:56.967,2026-07-22 10:19:01.180,4500.0,KENZYME PRO,77,100.0,2.7,2.70544,Production Recipes,1,
Server2,45B1FC2F-6517-4337-9CCF-B99C1B45DC4E,9EB5AAF9-4EC2-4BC1-B78F-A2C697BCE705,4,BROILER FINISHER 601 3,BROILER FINISHER BAG,2026-07-22 09:38:21.500,2026-07-22 10:17:56.967,2026-07-22 10:19:01.180,4500.0,Limestone,113,100.0,47.655,48.37964,Production Recipes,1,
Server2,45B1FC2F-6517-4337-9CCF-B99C1B45DC4E,9EB5AAF9-4EC2-4BC1-B78F-A2C697BCE705,4,BROILER FINISHER 601 3,BROILER FINISHER BAG,2026-07-22 09:38:21.500,2026-07-22 10:17:56.967,2026-07-22 10:19:01.180,4500.0,LYSOFORTE DRY,30,100.0,0.9,0.920139,Production Recipes,1,
Server2,45B1FC2F-6517-4337-9CCF-B99C1B45DC4E,9EB5AAF9-4EC2-4BC1-B78F-A2C697BCE705,4,BROILER FINISHER 601 3,BROILER FINISHER BAG,2026-07-22 09:38:21.500,2026-07-22 10:17:56.967,2026-07-22 10:19:01.180,4500.0,Maize,100,100.0,2877.075,2886.864,Production Recipes,4,
Server2,45B1FC2F-6517-4337-9CCF-B99C1B45DC4E,9EB5AAF9-4EC2-4BC1-B78F-A2C697BCE705,4,BROILER FINISHER 601 3,BROILER FINISHER BAG,2026-07-22 09:38:21.500,2026-07-22 10:17:56.967,2026-07-22 10:19:01.180,4500.0,Methionine,12,100.0,9.72,10.12732,Production Recipes,1,
Server2,45B1FC2F-6517-4337-9CCF-B99C1B45DC4E,9EB5AAF9-4EC2-4BC1-B78F-A2C697BCE705,4,BROILER FINISHER 601 3,BROILER FINISHER BAG,2026-07-22 09:38:21.500,2026-07-22 10:17:56.967,2026-07-22 10:19:01.180,4500.0,Monocalcium Phos,204,100.0,31.14,31.10532,Production Recipes,1,
Server2,45B1FC2F-6517-4337-9CCF-B99C1B45DC4E,9EB5AAF9-4EC2-4BC1-B78F-A2C697BCE705,4,BROILER FINISHER 601 3,BROILER FINISHER BAG,2026-07-22 09:38:21.500,2026-07-22 10:17:56.967,2026-07-22 10:19:01.180,4500.0,NOVELA ECL,6,100.0,0.45,0.5497686,Production Recipes,1,
Server2,45B1FC2F-6517-4337-9CCF-B99C1B45DC4E,9EB5AAF9-4EC2-4BC1-B78F-A2C697BCE705,4,BROILER FINISHER 601 3,BROILER FINISHER BAG,2026-07-22 09:38:21.500,2026-07-22 10:17:56.967,2026-07-22 10:19:01.180,4500.0,Provi Oxi Stop,21,100.0,0.45,1.383102,Production Recipes,1,
Server2,45B1FC2F-6517-4337-9CCF-B99C1B45DC4E,9EB5AAF9-4EC2-4BC1-B78F-A2C697BCE705,4,BROILER FINISHER 601 3,BROILER FINISHER BAG,2026-07-22 09:38:21.500,2026-07-22 10:17:56.967,2026-07-22 10:19:01.180,4500.0,Rovabio P10,176,100.0,2.25,3.258101,Production Recipes,1,
Server2,45B1FC2F-6517-4337-9CCF-B99C1B45DC4E,9EB5AAF9-4EC2-4BC1-B78F-A2C697BCE705,4,BROILER FINISHER 601 3,BROILER FINISHER BAG,2026-07-22 09:38:21.500,2026-07-22 10:17:56.967,2026-07-22 10:19:01.180,4500.0,Salt,202,100.0,13.635,14.03357,Production Recipes,1,
Server2,45B1FC2F-6517-4337-9CCF-B99C1B45DC4E,9EB5AAF9-4EC2-4BC1-B78F-A2C697BCE705,4,BROILER FINISHER 601 3,BROILER FINISHER BAG,2026-07-22 09:38:21.500,2026-07-22 10:17:56.967,2026-07-22 10:19:01.180,4500.0,SOLIS,124,100.0,6.75,6.886574,Production Recipes,1,
Server2,45B1FC2F-6517-4337-9CCF-B99C1B45DC4E,9EB5AAF9-4EC2-4BC1-B78F-A2C697BCE705,4,BROILER FINISHER 601 3,BROILER FINISHER BAG,2026-07-22 09:38:21.500,2026-07-22 10:17:56.967,2026-07-22 10:19:01.180,4500.0,SOUDIOM Bicarbon,35,100.0,8.145,8.96991,Production Recipes,1,
Server2,45B1FC2F-6517-4337-9CCF-B99C1B45DC4E,9EB5AAF9-4EC2-4BC1-B78F-A2C697BCE705,4,BROILER FINISHER 601 3,BROILER FINISHER BAG,2026-07-22 09:38:21.500,2026-07-22 10:17:56.967,2026-07-22 10:19:01.180,4500.0,SOYA-,105,100.0,1443.105,1444.792,Production Recipes,1,
Server2,45B1FC2F-6517-4337-9CCF-B99C1B45DC4E,9EB5AAF9-4EC2-4BC1-B78F-A2C697BCE705,4,BROILER FINISHER 601 3,BROILER FINISHER BAG,2026-07-22 09:38:21.500,2026-07-22 10:17:56.967,2026-07-22 10:19:01.180,4500.0,Soya Oil,210,100.0,37.35,37.5,Production Recipes,10,
Server2,45B1FC2F-6517-4337-9CCF-B99C1B45DC4E,9EB5AAF9-4EC2-4BC1-B78F-A2C697BCE705,4,BROILER FINISHER 601 3,BROILER FINISHER BAG,2026-07-22 09:38:21.500,2026-07-22 10:17:56.967,2026-07-22 10:19:01.180,4500.0,TermiN-8,33,100.0,4.5,0.0,Production Recipes,6,
Server2,C0A695F9-279F-4F72-AF51-7616DFB18E43,9EB5AAF9-4EC2-4BC1-B78F-A2C697BCE705,4,BROILER FINISHER 601 4,BROILER FINISHER BAG,2026-07-22 09:38:23.517,2026-07-22 10:22:49.147,2026-07-22 10:23:53.217,4500.0,BETAIN HCL,142,100.0,2.25,2.465278,Production Recipes,1,
Server2,C0A695F9-279F-4F72-AF51-7616DFB18E43,9EB5AAF9-4EC2-4BC1-B78F-A2C697BCE705,4,BROILER FINISHER 601 4,BROILER FINISHER BAG,2026-07-22 09:38:23.517,2026-07-22 10:22:49.147,2026-07-22 10:23:53.217,4500.0,BIOSTRONG 510,140,100.0,0.675,0.7899306,Production Recipes,1,
Server2,C0A695F9-279F-4F72-AF51-7616DFB18E43,9EB5AAF9-4EC2-4BC1-B78F-A2C697BCE705,4,BROILER FINISHER 601 4,BROILER FINISHER BAG,2026-07-22 09:38:23.517,2026-07-22 10:22:49.147,2026-07-22 10:23:53.217,4500.0,Broiler Mineral Mix,31,100.0,4.05,4.38368,Production Recipes,1,
Server2,C0A695F9-279F-4F72-AF51-7616DFB18E43,9EB5AAF9-4EC2-4BC1-B78F-A2C697BCE705,4,BROILER FINISHER 601 4,BROILER FINISHER BAG,2026-07-22 09:38:23.517,2026-07-22 10:22:49.147,2026-07-22 10:23:53.217,4500.0,Broiler Starter PX,69,100.0,4.05,5.625,Production Recipes,1,
Server2,C0A695F9-279F-4F72-AF51-7616DFB18E43,9EB5AAF9-4EC2-4BC1-B78F-A2C697BCE705,4,BROILER FINISHER 601 4,BROILER FINISHER BAG,2026-07-22 09:38:23.517,2026-07-22 10:22:49.147,2026-07-22 10:23:53.217,4500.0,Choline Chloride 60%,26,100.0,2.7,2.563658,Production Recipes,1,
Server2,C0A695F9-279F-4F72-AF51-7616DFB18E43,9EB5AAF9-4EC2-4BC1-B78F-A2C697BCE705,4,BROILER FINISHER 601 4,BROILER FINISHER BAG,2026-07-22 09:38:23.517,2026-07-22 10:22:49.147,2026-07-22 10:23:53.217,4500.0,KENZYME PRO,77,100.0,2.7,2.994792,Production Recipes,1,
Server2,C0A695F9-279F-4F72-AF51-7616DFB18E43,9EB5AAF9-4EC2-4BC1-B78F-A2C697BCE705,4,BROILER FINISHER 601 4,BROILER FINISHER BAG,2026-07-22 09:38:23.517,2026-07-22 10:22:49.147,2026-07-22 10:23:53.217,4500.0,Limestone,113,100.0,47.655,63.77319,Production Recipes,1,
Server2,C0A695F9-279F-4F72-AF51-7616DFB18E43,9EB5AAF9-4EC2-4BC1-B78F-A2C697BCE705,4,BROILER FINISHER 601 4,BROILER FINISHER BAG,2026-07-22 09:38:23.517,2026-07-22 10:22:49.147,2026-07-22 10:23:53.217,4500.0,LYSOFORTE DRY,30,100.0,0.9,1.099537,Production Recipes,1,
Server2,C0A695F9-279F-4F72-AF51-7616DFB18E43,9EB5AAF9-4EC2-4BC1-B78F-A2C697BCE705,4,BROILER FINISHER 601 4,BROILER FINISHER BAG,2026-07-22 09:38:23.517,2026-07-22 10:22:49.147,2026-07-22 10:23:53.217,4500.0,Maize,100,100.0,2877.075,2877.315,Production Recipes,4,
Server2,C0A695F9-279F-4F72-AF51-7616DFB18E43,9EB5AAF9-4EC2-4BC1-B78F-A2C697BCE705,4,BROILER FINISHER 601 4,BROILER FINISHER BAG,2026-07-22 09:38:23.517,2026-07-22 10:22:49.147,2026-07-22 10:23:53.217,4500.0,Methionine,12,100.0,9.72,10.12732,Production Recipes,1,
Server2,C0A695F9-279F-4F72-AF51-7616DFB18E43,9EB5AAF9-4EC2-4BC1-B78F-A2C697BCE705,4,BROILER FINISHER 601 4,BROILER FINISHER BAG,2026-07-22 09:38:23.517,2026-07-22 10:22:49.147,2026-07-22 10:23:53.217,4500.0,Monocalcium Phos,204,100.0,31.14,31.10532,Production Recipes,1,
Server2,C0A695F9-279F-4F72-AF51-7616DFB18E43,9EB5AAF9-4EC2-4BC1-B78F-A2C697BCE705,4,BROILER FINISHER 601 4,BROILER FINISHER BAG,2026-07-22 09:38:23.517,2026-07-22 10:22:49.147,2026-07-22 10:23:53.217,4500.0,NOVELA ECL,6,100.0,0.45,0.5888311,Production Recipes,1,
Server2,C0A695F9-279F-4F72-AF51-7616DFB18E43,9EB5AAF9-4EC2-4BC1-B78F-A2C697BCE705,4,BROILER FINISHER 601 4,BROILER FINISHER BAG,2026-07-22 09:38:23.517,2026-07-22 10:22:49.147,2026-07-22 10:23:53.217,4500.0,Provi Oxi Stop,21,100.0,0.45,0.46875,Production Recipes,1,
Server2,C0A695F9-279F-4F72-AF51-7616DFB18E43,9EB5AAF9-4EC2-4BC1-B78F-A2C697BCE705,4,BROILER FINISHER 601 4,BROILER FINISHER BAG,2026-07-22 09:38:23.517,2026-07-22 10:22:49.147,2026-07-22 10:23:53.217,4500.0,Rovabio P10,176,100.0,2.25,2.482639,Production Recipes,1,
Server2,C0A695F9-279F-4F72-AF51-7616DFB18E43,9EB5AAF9-4EC2-4BC1-B78F-A2C697BCE705,4,BROILER FINISHER 601 4,BROILER FINISHER BAG,2026-07-22 09:38:23.517,2026-07-22 10:22:49.147,2026-07-22 10:23:53.217,4500.0,Salt,202,100.0,13.635,14.03357,Production Recipes,1,
Server2,C0A695F9-279F-4F72-AF51-7616DFB18E43,9EB5AAF9-4EC2-4BC1-B78F-A2C697BCE705,4,BROILER FINISHER 601 4,BROILER FINISHER BAG,2026-07-22 09:38:23.517,2026-07-22 10:22:49.147,2026-07-22 10:23:53.217,4500.0,SOLIS,124,100.0,6.75,7.089121,Production Recipes,1,
Server2,C0A695F9-279F-4F72-AF51-7616DFB18E43,9EB5AAF9-4EC2-4BC1-B78F-A2C697BCE705,4,BROILER FINISHER 601 4,BROILER FINISHER BAG,2026-07-22 09:38:23.517,2026-07-22 10:22:49.147,2026-07-22 10:23:53.217,4500.0,SOUDIOM Bicarbon,35,100.0,8.145,9.982639,Production Recipes,1,
Server2,C0A695F9-279F-4F72-AF51-7616DFB18E43,9EB5AAF9-4EC2-4BC1-B78F-A2C697BCE705,4,BROILER FINISHER 601 4,BROILER FINISHER BAG,2026-07-22 09:38:23.517,2026-07-22 10:22:49.147,2026-07-22 10:23:53.217,4500.0,SOYA-,105,100.0,1443.105,1438.194,Production Recipes,1,
Server2,C0A695F9-279F-4F72-AF51-7616DFB18E43,9EB5AAF9-4EC2-4BC1-B78F-A2C697BCE705,4,BROILER FINISHER 601 4,BROILER FINISHER BAG,2026-07-22 09:38:23.517,2026-07-22 10:22:49.147,2026-07-22 10:23:53.217,4500.0,Soya Oil,210,100.0,37.35,37.75,Production Recipes,10,
Server2,C0A695F9-279F-4F72-AF51-7616DFB18E43,9EB5AAF9-4EC2-4BC1-B78F-A2C697BCE705,4,BROILER FINISHER 601 4,BROILER FINISHER BAG,2026-07-22 09:38:23.517,2026-07-22 10:22:49.147,2026-07-22 10:23:53.217,4500.0,TermiN-8,33,100.0,4.5,0.0,Production Recipes,6,
Server2,1A7D0D15-59D4-4A58-A10F-B74ADFE3E092,9EB5AAF9-4EC2-4BC1-B78F-A2C697BCE705,4,BROILER FINISHER 602 1,BROILER FINISHER BAG,2026-07-22 09:38:25.530,2026-07-22 10:28:19.057,2026-07-22 10:29:23.210,4500.0,BETAIN HCL,142,100.0,2.25,2.714121,Production Recipes,1,
Server2,1A7D0D15-59D4-4A58-A10F-B74ADFE3E092,9EB5AAF9-4EC2-4BC1-B78F-A2C697BCE705,4,BROILER FINISHER 602 1,BROILER FINISHER BAG,2026-07-22 09:38:25.530,2026-07-22 10:28:19.057,2026-07-22 10:29:23.210,4500.0,BIOSTRONG 510,140,100.0,0.675,0.7798034,Production Recipes,1,
Server2,1A7D0D15-59D4-4A58-A10F-B74ADFE3E092,9EB5AAF9-4EC2-4BC1-B78F-A2C697BCE705,4,BROILER FINISHER 602 1,BROILER FINISHER BAG,2026-07-22 09:38:25.530,2026-07-22 10:28:19.057,2026-07-22 10:29:23.210,4500.0,Broiler Mineral Mix,31,100.0,4.05,4.890046,Production Recipes,1,
Server2,1A7D0D15-59D4-4A58-A10F-B74ADFE3E092,9EB5AAF9-4EC2-4BC1-B78F-A2C697BCE705,4,BROILER FINISHER 602 1,BROILER FINISHER BAG,2026-07-22 09:38:25.530,2026-07-22 10:28:19.057,2026-07-22 10:29:23.210,4500.0,Broiler Starter PX,69,100.0,4.05,6.122685,Production Recipes,1,
Server2,1A7D0D15-59D4-4A58-A10F-B74ADFE3E092,9EB5AAF9-4EC2-4BC1-B78F-A2C697BCE705,4,BROILER FINISHER 602 1,BROILER FINISHER BAG,2026-07-22 09:38:25.530,2026-07-22 10:28:19.057,2026-07-22 10:29:23.210,4500.0,Choline Chloride 60%,26,100.0,2.7,2.737268,Production Recipes,1,
Server2,1A7D0D15-59D4-4A58-A10F-B74ADFE3E092,9EB5AAF9-4EC2-4BC1-B78F-A2C697BCE705,4,BROILER FINISHER 602 1,BROILER FINISHER BAG,2026-07-22 09:38:25.530,2026-07-22 10:28:19.057,2026-07-22 10:29:23.210,4500.0,KENZYME PRO,77,100.0,2.7,3.052662,Production Recipes,1,
Server2,1A7D0D15-59D4-4A58-A10F-B74ADFE3E092,9EB5AAF9-4EC2-4BC1-B78F-A2C697BCE705,4,BROILER FINISHER 602 1,BROILER FINISHER BAG,2026-07-22 09:38:25.530,2026-07-22 10:28:19.057,2026-07-22 10:29:23.210,4500.0,Limestone,113,100.0,47.655,51.67822,Production Recipes,1,
Server2,1A7D0D15-59D4-4A58-A10F-B74ADFE3E092,9EB5AAF9-4EC2-4BC1-B78F-A2C697BCE705,4,BROILER FINISHER 602 1,BROILER FINISHER BAG,2026-07-22 09:38:25.530,2026-07-22 10:28:19.057,2026-07-22 10:29:23.210,4500.0,LYSOFORTE DRY,30,100.0,0.9,0.9013311,Production Recipes,1,
Server2,1A7D0D15-59D4-4A58-A10F-B74ADFE3E092,9EB5AAF9-4EC2-4BC1-B78F-A2C697BCE705,4,BROILER FINISHER 602 1,BROILER FINISHER BAG,2026-07-22 09:38:25.530,2026-07-22 10:28:19.057,2026-07-22 10:29:23.210,4500.0,Maize,100,100.0,2877.075,2896.412,Production Recipes,4,
Server2,1A7D0D15-59D4-4A58-A10F-B74ADFE3E092,9EB5AAF9-4EC2-4BC1-B78F-A2C697BCE705,4,BROILER FINISHER 602 1,BROILER FINISHER BAG,2026-07-22 09:38:25.530,2026-07-22 10:28:19.057,2026-07-22 10:29:23.210,4500.0,Methionine,12,100.0,9.72,10.12732,Production Recipes,1,
Server2,1A7D0D15-59D4-4A58-A10F-B74ADFE3E092,9EB5AAF9-4EC2-4BC1-B78F-A2C697BCE705,4,BROILER FINISHER 602 1,BROILER FINISHER BAG,2026-07-22 09:38:25.530,2026-07-22 10:28:19.057,2026-07-22 10:29:23.210,4500.0,Monocalcium Phos,204,100.0,31.14,31.10532,Production Recipes,1,
Server2,1A7D0D15-59D4-4A58-A10F-B74ADFE3E092,9EB5AAF9-4EC2-4BC1-B78F-A2C697BCE705,4,BROILER FINISHER 602 1,BROILER FINISHER BAG,2026-07-22 09:38:25.530,2026-07-22 10:28:19.057,2026-07-22 10:29:23.210,4500.0,NOVELA ECL,6,100.0,0.45,0.619213,Production Recipes,1,
Server2,1A7D0D15-59D4-4A58-A10F-B74ADFE3E092,9EB5AAF9-4EC2-4BC1-B78F-A2C697BCE705,4,BROILER FINISHER 602 1,BROILER FINISHER BAG,2026-07-22 09:38:25.530,2026-07-22 10:28:19.057,2026-07-22 10:29:23.210,4500.0,Provi Oxi Stop,21,100.0,0.45,1.435185,Production Recipes,1,
Server2,1A7D0D15-59D4-4A58-A10F-B74ADFE3E092,9EB5AAF9-4EC2-4BC1-B78F-A2C697BCE705,4,BROILER FINISHER 602 1,BROILER FINISHER BAG,2026-07-22 09:38:25.530,2026-07-22 10:28:19.057,2026-07-22 10:29:23.210,4500.0,Rovabio P10,176,100.0,2.25,2.737267,Production Recipes,1,
Server2,1A7D0D15-59D4-4A58-A10F-B74ADFE3E092,9EB5AAF9-4EC2-4BC1-B78F-A2C697BCE705,4,BROILER FINISHER 602 1,BROILER FINISHER BAG,2026-07-22 09:38:25.530,2026-07-22 10:28:19.057,2026-07-22 10:29:23.210,4500.0,Salt,202,100.0,13.635,21.12269,Production Recipes,1,
Server2,1A7D0D15-59D4-4A58-A10F-B74ADFE3E092,9EB5AAF9-4EC2-4BC1-B78F-A2C697BCE705,4,BROILER FINISHER 602 1,BROILER FINISHER BAG,2026-07-22 09:38:25.530,2026-07-22 10:28:19.057,2026-07-22 10:29:23.210,4500.0,SOLIS,124,100.0,6.75,7.103588,Production Recipes,1,
Server2,1A7D0D15-59D4-4A58-A10F-B74ADFE3E092,9EB5AAF9-4EC2-4BC1-B78F-A2C697BCE705,4,BROILER FINISHER 602 1,BROILER FINISHER BAG,2026-07-22 09:38:25.530,2026-07-22 10:28:19.057,2026-07-22 10:29:23.210,4500.0,SOUDIOM Bicarbon,35,100.0,8.145,7.957176,Production Recipes,1,
Server2,1A7D0D15-59D4-4A58-A10F-B74ADFE3E092,9EB5AAF9-4EC2-4BC1-B78F-A2C697BCE705,4,BROILER FINISHER 602 1,BROILER FINISHER BAG,2026-07-22 09:38:25.530,2026-07-22 10:28:19.057,2026-07-22 10:29:23.210,4500.0,SOYA-,105,100.0,1443.105,1445.341,Production Recipes,1,
Server2,1A7D0D15-59D4-4A58-A10F-B74ADFE3E092,9EB5AAF9-4EC2-4BC1-B78F-A2C697BCE705,4,BROILER FINISHER 602 1,BROILER FINISHER BAG,2026-07-22 09:38:25.530,2026-07-22 10:28:19.057,2026-07-22 10:29:23.210,4500.0,Soya Oil,210,100.0,37.35,37.75,Production Recipes,10,
Server2,1A7D0D15-59D4-4A58-A10F-B74ADFE3E092,9EB5AAF9-4EC2-4BC1-B78F-A2C697BCE705,4,BROILER FINISHER 602 1,BROILER FINISHER BAG,2026-07-22 09:38:25.530,2026-07-22 10:28:19.057,2026-07-22 10:29:23.210,4500.0,TermiN-8,33,100.0,4.5,0.0,Production Recipes,6,
Server2,31DC742B-A7DE-4B44-B1B2-F59334E781C6,9EB5AAF9-4EC2-4BC1-B78F-A2C697BCE705,4,BROILER FINISHER 602 2,BROILER FINISHER BAG,2026-07-22 09:38:31.600,2026-07-22 10:31:43.887,2026-07-22 10:32:48.067,4500.0,BETAIN HCL,142,100.0,2.25,2.5,Production Recipes,1,
Server2,31DC742B-A7DE-4B44-B1B2-F59334E781C6,9EB5AAF9-4EC2-4BC1-B78F-A2C697BCE705,4,BROILER FINISHER 602 2,BROILER FINISHER BAG,2026-07-22 09:38:31.600,2026-07-22 10:31:43.887,2026-07-22 10:32:48.067,4500.0,BIOSTRONG 510,140,100.0,0.675,0.7899307,Production Recipes,1,
Server2,31DC742B-A7DE-4B44-B1B2-F59334E781C6,9EB5AAF9-4EC2-4BC1-B78F-A2C697BCE705,4,BROILER FINISHER 602 2,BROILER FINISHER BAG,2026-07-22 09:38:31.600,2026-07-22 10:31:43.887,2026-07-22 10:32:48.067,4500.0,Broiler Mineral Mix,31,100.0,4.05,4.600694,Production Recipes,1,
Server2,31DC742B-A7DE-4B44-B1B2-F59334E781C6,9EB5AAF9-4EC2-4BC1-B78F-A2C697BCE705,4,BROILER FINISHER 602 2,BROILER FINISHER BAG,2026-07-22 09:38:31.600,2026-07-22 10:31:43.887,2026-07-22 10:32:48.067,4500.0,Broiler Starter PX,69,100.0,4.05,4.907408,Production Recipes,1,
Server2,31DC742B-A7DE-4B44-B1B2-F59334E781C6,9EB5AAF9-4EC2-4BC1-B78F-A2C697BCE705,4,BROILER FINISHER 602 2,BROILER FINISHER BAG,2026-07-22 09:38:31.600,2026-07-22 10:31:43.887,2026-07-22 10:32:48.067,4500.0,Choline Chloride 60%,26,100.0,2.7,2.552083,Production Recipes,1,
Server2,31DC742B-A7DE-4B44-B1B2-F59334E781C6,9EB5AAF9-4EC2-4BC1-B78F-A2C697BCE705,4,BROILER FINISHER 602 2,BROILER FINISHER BAG,2026-07-22 09:38:31.600,2026-07-22 10:31:43.887,2026-07-22 10:32:48.067,4500.0,KENZYME PRO,77,100.0,2.7,3.48669,Production Recipes,1,
Server2,31DC742B-A7DE-4B44-B1B2-F59334E781C6,9EB5AAF9-4EC2-4BC1-B78F-A2C697BCE705,4,BROILER FINISHER 602 2,BROILER FINISHER BAG,2026-07-22 09:38:31.600,2026-07-22 10:31:43.887,2026-07-22 10:32:48.067,4500.0,Limestone,113,100.0,47.655,51.67822,Production Recipes,1,
Server2,31DC742B-A7DE-4B44-B1B2-F59334E781C6,9EB5AAF9-4EC2-4BC1-B78F-A2C697BCE705,4,BROILER FINISHER 602 2,BROILER FINISHER BAG,2026-07-22 09:38:31.600,2026-07-22 10:31:43.887,2026-07-22 10:32:48.067,4500.0,LYSOFORTE DRY,30,100.0,0.9,0.9997106,Production Recipes,1,
Server2,31DC742B-A7DE-4B44-B1B2-F59334E781C6,9EB5AAF9-4EC2-4BC1-B78F-A2C697BCE705,4,BROILER FINISHER 602 2,BROILER FINISHER BAG,2026-07-22 09:38:31.600,2026-07-22 10:31:43.887,2026-07-22 10:32:48.067,4500.0,Maize,100,100.0,2877.075,2883.681,Production Recipes,4,
Server2,31DC742B-A7DE-4B44-B1B2-F59334E781C6,9EB5AAF9-4EC2-4BC1-B78F-A2C697BCE705,4,BROILER FINISHER 602 2,BROILER FINISHER BAG,2026-07-22 09:38:31.600,2026-07-22 10:31:43.887,2026-07-22 10:32:48.067,4500.0,Methionine,12,100.0,9.72,10.12732,Production Recipes,1,
Server2,31DC742B-A7DE-4B44-B1B2-F59334E781C6,9EB5AAF9-4EC2-4BC1-B78F-A2C697BCE705,4,BROILER FINISHER 602 2,BROILER FINISHER BAG,2026-07-22 09:38:31.600,2026-07-22 10:31:43.887,2026-07-22 10:32:48.067,4500.0,Monocalcium Phos,204,100.0,31.14,31.10532,Production Recipes,1,
Server2,31DC742B-A7DE-4B44-B1B2-F59334E781C6,9EB5AAF9-4EC2-4BC1-B78F-A2C697BCE705,4,BROILER FINISHER 602 2,BROILER FINISHER BAG,2026-07-22 09:38:31.600,2026-07-22 10:31:43.887,2026-07-22 10:32:48.067,4500.0,NOVELA ECL,6,100.0,0.45,0.5989584,Production Recipes,1,
Server2,31DC742B-A7DE-4B44-B1B2-F59334E781C6,9EB5AAF9-4EC2-4BC1-B78F-A2C697BCE705,4,BROILER FINISHER 602 2,BROILER FINISHER BAG,2026-07-22 09:38:31.600,2026-07-22 10:31:43.887,2026-07-22 10:32:48.067,4500.0,Provi Oxi Stop,21,100.0,0.45,0.5439816,Production Recipes,1,
Server2,31DC742B-A7DE-4B44-B1B2-F59334E781C6,9EB5AAF9-4EC2-4BC1-B78F-A2C697BCE705,4,BROILER FINISHER 602 2,BROILER FINISHER BAG,2026-07-22 09:38:31.600,2026-07-22 10:31:43.887,2026-07-22 10:32:48.067,4500.0,Rovabio P10,176,100.0,2.25,3.038195,Production Recipes,1,
Server2,31DC742B-A7DE-4B44-B1B2-F59334E781C6,9EB5AAF9-4EC2-4BC1-B78F-A2C697BCE705,4,BROILER FINISHER 602 2,BROILER FINISHER BAG,2026-07-22 09:38:31.600,2026-07-22 10:31:43.887,2026-07-22 10:32:48.067,4500.0,Salt,202,100.0,13.635,15.0463,Production Recipes,1,
Server2,31DC742B-A7DE-4B44-B1B2-F59334E781C6,9EB5AAF9-4EC2-4BC1-B78F-A2C697BCE705,4,BROILER FINISHER 602 2,BROILER FINISHER BAG,2026-07-22 09:38:31.600,2026-07-22 10:31:43.887,2026-07-22 10:32:48.067,4500.0,SOLIS,124,100.0,6.75,7.75463,Production Recipes,1,
Server2,31DC742B-A7DE-4B44-B1B2-F59334E781C6,9EB5AAF9-4EC2-4BC1-B78F-A2C697BCE705,4,BROILER FINISHER 602 2,BROILER FINISHER BAG,2026-07-22 09:38:31.600,2026-07-22 10:31:43.887,2026-07-22 10:32:48.067,4500.0,SOUDIOM Bicarbon,35,100.0,8.145,9.982639,Production Recipes,1,
Server2,31DC742B-A7DE-4B44-B1B2-F59334E781C6,9EB5AAF9-4EC2-4BC1-B78F-A2C697BCE705,4,BROILER FINISHER 602 2,BROILER FINISHER BAG,2026-07-22 09:38:31.600,2026-07-22 10:31:43.887,2026-07-22 10:32:48.067,4500.0,SOYA-,105,100.0,1443.105,1446.441,Production Recipes,1,
Server2,31DC742B-A7DE-4B44-B1B2-F59334E781C6,9EB5AAF9-4EC2-4BC1-B78F-A2C697BCE705,4,BROILER FINISHER 602 2,BROILER FINISHER BAG,2026-07-22 09:38:31.600,2026-07-22 10:31:43.887,2026-07-22 10:32:48.067,4500.0,Soya Oil,210,100.0,37.35,37.75,Production Recipes,10,
Server2,31DC742B-A7DE-4B44-B1B2-F59334E781C6,9EB5AAF9-4EC2-4BC1-B78F-A2C697BCE705,4,BROILER FINISHER 602 2,BROILER FINISHER BAG,2026-07-22 09:38:31.600,2026-07-22 10:31:43.887,2026-07-22 10:32:48.067,4500.0,TermiN-8,33,100.0,4.5,0.0,Production Recipes,6,
Server2,2D435917-AB80-41AF-9544-F8A3F1ED2F41,9EB5AAF9-4EC2-4BC1-B78F-A2C697BCE705,4,BROILER FINISHER 602 3,BROILER FINISHER BAG,2026-07-22 09:38:33.540,2026-07-22 10:36:15.590,2026-07-22 10:37:20.050,4500.0,BETAIN HCL,142,100.0,2.25,2.44213,Production Recipes,1,
Server2,2D435917-AB80-41AF-9544-F8A3F1ED2F41,9EB5AAF9-4EC2-4BC1-B78F-A2C697BCE705,4,BROILER FINISHER 602 3,BROILER FINISHER BAG,2026-07-22 09:38:33.540,2026-07-22 10:36:15.590,2026-07-22 10:37:20.050,4500.0,BIOSTRONG 510,140,100.0,0.675,0.7508682,Production Recipes,1,
Server2,2D435917-AB80-41AF-9544-F8A3F1ED2F41,9EB5AAF9-4EC2-4BC1-B78F-A2C697BCE705,4,BROILER FINISHER 602 3,BROILER FINISHER BAG,2026-07-22 09:38:33.540,2026-07-22 10:36:15.590,2026-07-22 10:37:20.050,4500.0,Broiler Mineral Mix,31,100.0,4.05,5.324074,Production Recipes,1,
Server2,2D435917-AB80-41AF-9544-F8A3F1ED2F41,9EB5AAF9-4EC2-4BC1-B78F-A2C697BCE705,4,BROILER FINISHER 602 3,BROILER FINISHER BAG,2026-07-22 09:38:33.540,2026-07-22 10:36:15.590,2026-07-22 10:37:20.050,4500.0,Broiler Starter PX,69,100.0,4.05,5.862269,Production Recipes,1,
Server2,2D435917-AB80-41AF-9544-F8A3F1ED2F41,9EB5AAF9-4EC2-4BC1-B78F-A2C697BCE705,4,BROILER FINISHER 602 3,BROILER FINISHER BAG,2026-07-22 09:38:33.540,2026-07-22 10:36:15.590,2026-07-22 10:37:20.050,4500.0,Choline Chloride 60%,26,100.0,2.7,2.945601,Production Recipes,1,
Server2,2D435917-AB80-41AF-9544-F8A3F1ED2F41,9EB5AAF9-4EC2-4BC1-B78F-A2C697BCE705,4,BROILER FINISHER 602 3,BROILER FINISHER BAG,2026-07-22 09:38:33.540,2026-07-22 10:36:15.590,2026-07-22 10:37:20.050,4500.0,KENZYME PRO,77,100.0,2.7,2.806713,Production Recipes,1,
Server2,2D435917-AB80-41AF-9544-F8A3F1ED2F41,9EB5AAF9-4EC2-4BC1-B78F-A2C697BCE705,4,BROILER FINISHER 602 3,BROILER FINISHER BAG,2026-07-22 09:38:33.540,2026-07-22 10:36:15.590,2026-07-22 10:37:20.050,4500.0,Limestone,113,100.0,47.655,60.47449,Production Recipes,1,
Server2,2D435917-AB80-41AF-9544-F8A3F1ED2F41,9EB5AAF9-4EC2-4BC1-B78F-A2C697BCE705,4,BROILER FINISHER 602 3,BROILER FINISHER BAG,2026-07-22 09:38:33.540,2026-07-22 10:36:15.590,2026-07-22 10:37:20.050,4500.0,LYSOFORTE DRY,30,100.0,0.9,0.9186922,Production Recipes,1,
Server2,2D435917-AB80-41AF-9544-F8A3F1ED2F41,9EB5AAF9-4EC2-4BC1-B78F-A2C697BCE705,4,BROILER FINISHER 602 3,BROILER FINISHER BAG,2026-07-22 09:38:33.540,2026-07-22 10:36:15.590,2026-07-22 10:37:20.050,4500.0,Maize,100,100.0,2877.075,2880.498,Production Recipes,4,
Server2,2D435917-AB80-41AF-9544-F8A3F1ED2F41,9EB5AAF9-4EC2-4BC1-B78F-A2C697BCE705,4,BROILER FINISHER 602 3,BROILER FINISHER BAG,2026-07-22 09:38:33.540,2026-07-22 10:36:15.590,2026-07-22 10:37:20.050,4500.0,Methionine,12,100.0,9.72,10.12732,Production Recipes,1,
Server2,2D435917-AB80-41AF-9544-F8A3F1ED2F41,9EB5AAF9-4EC2-4BC1-B78F-A2C697BCE705,4,BROILER FINISHER 602 3,BROILER FINISHER BAG,2026-07-22 09:38:33.540,2026-07-22 10:36:15.590,2026-07-22 10:37:20.050,4500.0,Monocalcium Phos,204,100.0,31.14,31.10532,Production Recipes,1,
Server2,2D435917-AB80-41AF-9544-F8A3F1ED2F41,9EB5AAF9-4EC2-4BC1-B78F-A2C697BCE705,4,BROILER FINISHER 602 3,BROILER FINISHER BAG,2026-07-22 09:38:33.540,2026-07-22 10:36:15.590,2026-07-22 10:37:20.050,4500.0,NOVELA ECL,6,100.0,0.45,0.6090857,Production Recipes,1,
Server2,2D435917-AB80-41AF-9544-F8A3F1ED2F41,9EB5AAF9-4EC2-4BC1-B78F-A2C697BCE705,4,BROILER FINISHER 602 3,BROILER FINISHER BAG,2026-07-22 09:38:33.540,2026-07-22 10:36:15.590,2026-07-22 10:37:20.050,4500.0,Provi Oxi Stop,21,100.0,0.45,0.5324078,Production Recipes,1,
Server2,2D435917-AB80-41AF-9544-F8A3F1ED2F41,9EB5AAF9-4EC2-4BC1-B78F-A2C697BCE705,4,BROILER FINISHER 602 3,BROILER FINISHER BAG,2026-07-22 09:38:33.540,2026-07-22 10:36:15.590,2026-07-22 10:37:20.050,4500.0,Rovabio P10,176,100.0,2.25,3.107638,Production Recipes,1,
Server2,2D435917-AB80-41AF-9544-F8A3F1ED2F41,9EB5AAF9-4EC2-4BC1-B78F-A2C697BCE705,4,BROILER FINISHER 602 3,BROILER FINISHER BAG,2026-07-22 09:38:33.540,2026-07-22 10:36:15.590,2026-07-22 10:37:20.050,4500.0,Salt,202,100.0,13.635,15.0463,Production Recipes,1,
Server2,2D435917-AB80-41AF-9544-F8A3F1ED2F41,9EB5AAF9-4EC2-4BC1-B78F-A2C697BCE705,4,BROILER FINISHER 602 3,BROILER FINISHER BAG,2026-07-22 09:38:33.540,2026-07-22 10:36:15.590,2026-07-22 10:37:20.050,4500.0,SOLIS,124,100.0,6.75,7.060184,Production Recipes,1,
Server2,2D435917-AB80-41AF-9544-F8A3F1ED2F41,9EB5AAF9-4EC2-4BC1-B78F-A2C697BCE705,4,BROILER FINISHER 602 3,BROILER FINISHER BAG,2026-07-22 09:38:33.540,2026-07-22 10:36:15.590,2026-07-22 10:37:20.050,4500.0,SOUDIOM Bicarbon,35,100.0,8.145,8.969906,Production Recipes,1,
Server2,2D435917-AB80-41AF-9544-F8A3F1ED2F41,9EB5AAF9-4EC2-4BC1-B78F-A2C697BCE705,4,BROILER FINISHER 602 3,BROILER FINISHER BAG,2026-07-22 09:38:33.540,2026-07-22 10:36:15.590,2026-07-22 10:37:20.050,4500.0,SOYA-,105,100.0,1443.105,1442.043,Production Recipes,1,
Server2,2D435917-AB80-41AF-9544-F8A3F1ED2F41,9EB5AAF9-4EC2-4BC1-B78F-A2C697BCE705,4,BROILER FINISHER 602 3,BROILER FINISHER BAG,2026-07-22 09:38:33.540,2026-07-22 10:36:15.590,2026-07-22 10:37:20.050,4500.0,Soya Oil,210,100.0,37.35,37.75,Production Recipes,10,
Server2,2D435917-AB80-41AF-9544-F8A3F1ED2F41,9EB5AAF9-4EC2-4BC1-B78F-A2C697BCE705,4,BROILER FINISHER 602 3,BROILER FINISHER BAG,2026-07-22 09:38:33.540,2026-07-22 10:36:15.590,2026-07-22 10:37:20.050,4500.0,TermiN-8,33,100.0,4.5,0.0,Production Recipes,6,
Server2,977A38C3-2EBA-4E79-BF2F-00E8142627FC,9EB5AAF9-4EC2-4BC1-B78F-A2C697BCE705,4,BROILER STARTER604 1,BROILER STARTER,2026-07-22 10:16:43.937,2026-07-22 10:41:39.257,2026-07-22 10:42:44.173,4500.0,BETAIN HCL,142,100.0,2.25,2.800926,Production Recipes,1,
Server2,977A38C3-2EBA-4E79-BF2F-00E8142627FC,9EB5AAF9-4EC2-4BC1-B78F-A2C697BCE705,4,BROILER STARTER604 1,BROILER STARTER,2026-07-22 10:16:43.937,2026-07-22 10:41:39.257,2026-07-22 10:42:44.173,4500.0,BIOSTRONG 510,140,100.0,0.675,0.6090857,Production Recipes,1,
Server2,977A38C3-2EBA-4E79-BF2F-00E8142627FC,9EB5AAF9-4EC2-4BC1-B78F-A2C697BCE705,4,BROILER STARTER604 1,BROILER STARTER,2026-07-22 10:16:43.937,2026-07-22 10:41:39.257,2026-07-22 10:42:44.173,4500.0,Broiler Mineral Mix,31,100.0,4.5,7.711226,Production Recipes,1,
Server2,977A38C3-2EBA-4E79-BF2F-00E8142627FC,9EB5AAF9-4EC2-4BC1-B78F-A2C697BCE705,4,BROILER STARTER604 1,BROILER STARTER,2026-07-22 10:16:43.937,2026-07-22 10:41:39.257,2026-07-22 10:42:44.173,4500.0,KENZYME PRO,77,100.0,2.7,3.096065,Production Recipes,1,
Server2,977A38C3-2EBA-4E79-BF2F-00E8142627FC,9EB5AAF9-4EC2-4BC1-B78F-A2C697BCE705,4,BROILER STARTER604 1,BROILER STARTER,2026-07-22 10:16:43.937,2026-07-22 10:41:39.257,2026-07-22 10:42:44.173,4500.0,Limestone,113,100.0,65.07,73.66895,Production Recipes,1,
Server2,977A38C3-2EBA-4E79-BF2F-00E8142627FC,9EB5AAF9-4EC2-4BC1-B78F-A2C697BCE705,4,BROILER STARTER604 1,BROILER STARTER,2026-07-22 10:16:43.937,2026-07-22 10:41:39.257,2026-07-22 10:42:44.173,4500.0,LYSOFORTE DRY,30,100.0,0.9,0.8304399,Production Recipes,1,
Server2,977A38C3-2EBA-4E79-BF2F-00E8142627FC,9EB5AAF9-4EC2-4BC1-B78F-A2C697BCE705,4,BROILER STARTER604 1,BROILER STARTER,2026-07-22 10:16:43.937,2026-07-22 10:41:39.257,2026-07-22 10:42:44.173,4500.0,Maize,100,100.0,2688.75,2694.3,Production Recipes,4,
Server2,977A38C3-2EBA-4E79-BF2F-00E8142627FC,9EB5AAF9-4EC2-4BC1-B78F-A2C697BCE705,4,BROILER STARTER604 1,BROILER STARTER,2026-07-22 10:16:43.937,2026-07-22 10:41:39.257,2026-07-22 10:42:44.173,4500.0,Methionine,12,100.0,13.95,14.17824,Production Recipes,1,
Server2,977A38C3-2EBA-4E79-BF2F-00E8142627FC,9EB5AAF9-4EC2-4BC1-B78F-A2C697BCE705,4,BROILER STARTER604 1,BROILER STARTER,2026-07-22 10:16:43.937,2026-07-22 10:41:39.257,2026-07-22 10:42:44.173,4500.0,Monocalcium Phos,204,100.0,42.03,42.10069,Production Recipes,1,
Server2,977A38C3-2EBA-4E79-BF2F-00E8142627FC,9EB5AAF9-4EC2-4BC1-B78F-A2C697BCE705,4,BROILER STARTER604 1,BROILER STARTER,2026-07-22 10:16:43.937,2026-07-22 10:41:39.257,2026-07-22 10:42:44.173,4500.0,NOVELA ECL,6,100.0,0.45,0.5497686,Production Recipes,1,
Server2,977A38C3-2EBA-4E79-BF2F-00E8142627FC,9EB5AAF9-4EC2-4BC1-B78F-A2C697BCE705,4,BROILER STARTER604 1,BROILER STARTER,2026-07-22 10:16:43.937,2026-07-22 10:41:39.257,2026-07-22 10:42:44.173,4500.0,Provi Oxi Stop,21,100.0,0.45,0.8969908,Production Recipes,1,
Server2,977A38C3-2EBA-4E79-BF2F-00E8142627FC,9EB5AAF9-4EC2-4BC1-B78F-A2C697BCE705,4,BROILER STARTER604 1,BROILER STARTER,2026-07-22 10:16:43.937,2026-07-22 10:41:39.257,2026-07-22 10:42:44.173,4500.0,Rovabio P10,176,100.0,2.25,2.962963,Production Recipes,1,
Server2,977A38C3-2EBA-4E79-BF2F-00E8142627FC,9EB5AAF9-4EC2-4BC1-B78F-A2C697BCE705,4,BROILER STARTER604 1,BROILER STARTER,2026-07-22 10:16:43.937,2026-07-22 10:41:39.257,2026-07-22 10:42:44.173,4500.0,Sacox (500g),91,100.0,2.25,3.396991,Production Recipes,1,
Server2,977A38C3-2EBA-4E79-BF2F-00E8142627FC,9EB5AAF9-4EC2-4BC1-B78F-A2C697BCE705,4,BROILER STARTER604 1,BROILER STARTER,2026-07-22 10:16:43.937,2026-07-22 10:41:39.257,2026-07-22 10:42:44.173,4500.0,Salt,202,100.0,12.105,13.16551,Production Recipes,1,
Server2,977A38C3-2EBA-4E79-BF2F-00E8142627FC,9EB5AAF9-4EC2-4BC1-B78F-A2C697BCE705,4,BROILER STARTER604 1,BROILER STARTER,2026-07-22 10:16:43.937,2026-07-22 10:41:39.257,2026-07-22 10:42:44.173,4500.0,SOLIS,124,100.0,6.75,7.132524,Production Recipes,1,
Server2,977A38C3-2EBA-4E79-BF2F-00E8142627FC,9EB5AAF9-4EC2-4BC1-B78F-A2C697BCE705,4,BROILER STARTER604 1,BROILER STARTER,2026-07-22 10:16:43.937,2026-07-22 10:41:39.257,2026-07-22 10:42:44.173,4500.0,SOUDIOM Bicarbon,35,100.0,9.81,10.99537,Production Recipes,1,
Server2,977A38C3-2EBA-4E79-BF2F-00E8142627FC,9EB5AAF9-4EC2-4BC1-B78F-A2C697BCE705,4,BROILER STARTER604 1,BROILER STARTER,2026-07-22 10:16:43.937,2026-07-22 10:41:39.257,2026-07-22 10:42:44.173,4500.0,SOYA-,105,100.0,1755.0,1755.411,Production Recipes,1,
Server2,977A38C3-2EBA-4E79-BF2F-00E8142627FC,9EB5AAF9-4EC2-4BC1-B78F-A2C697BCE705,4,BROILER STARTER604 1,BROILER STARTER,2026-07-22 10:16:43.937,2026-07-22 10:41:39.257,2026-07-22 10:42:44.173,4500.0,Soya Oil,210,100.0,14.58,15.0,Production Recipes,10,
Server2,977A38C3-2EBA-4E79-BF2F-00E8142627FC,9EB5AAF9-4EC2-4BC1-B78F-A2C697BCE705,4,BROILER STARTER604 1,BROILER STARTER,2026-07-22 10:16:43.937,2026-07-22 10:41:39.257,2026-07-22 10:42:44.173,4500.0,TermiN-8,33,100.0,6.75,0.0,Production Recipes,6,
Server2,E97F3466-A3AE-40B7-9007-EF9FB89475F0,9EB5AAF9-4EC2-4BC1-B78F-A2C697BCE705,4,BROILER STARTER604 2,BROILER STARTER,2026-07-22 10:16:45.903,2026-07-22 10:44:30.677,2026-07-22 10:45:34.983,4500.0,BETAIN HCL,142,100.0,2.25,2.962963,Production Recipes,1,
Server2,E97F3466-A3AE-40B7-9007-EF9FB89475F0,9EB5AAF9-4EC2-4BC1-B78F-A2C697BCE705,4,BROILER STARTER604 2,BROILER STARTER,2026-07-22 10:16:45.903,2026-07-22 10:44:30.677,2026-07-22 10:45:34.983,4500.0,BIOSTRONG 510,140,100.0,0.675,0.7494213,Production Recipes,1,
Server2,E97F3466-A3AE-40B7-9007-EF9FB89475F0,9EB5AAF9-4EC2-4BC1-B78F-A2C697BCE705,4,BROILER STARTER604 2,BROILER STARTER,2026-07-22 10:16:45.903,2026-07-22 10:44:30.677,2026-07-22 10:45:34.983,4500.0,Broiler Mineral Mix,31,100.0,4.5,6.206597,Production Recipes,1,
Server2,E97F3466-A3AE-40B7-9007-EF9FB89475F0,9EB5AAF9-4EC2-4BC1-B78F-A2C697BCE705,4,BROILER STARTER604 2,BROILER STARTER,2026-07-22 10:16:45.903,2026-07-22 10:44:30.677,2026-07-22 10:45:34.983,4500.0,KENZYME PRO,77,100.0,2.7,2.994791,Production Recipes,1,
Server2,E97F3466-A3AE-40B7-9007-EF9FB89475F0,9EB5AAF9-4EC2-4BC1-B78F-A2C697BCE705,4,BROILER STARTER604 2,BROILER STARTER,2026-07-22 10:16:45.903,2026-07-22 10:44:30.677,2026-07-22 10:45:34.983,4500.0,Limestone,113,100.0,65.07,65.97217,Production Recipes,1,
Server2,E97F3466-A3AE-40B7-9007-EF9FB89475F0,9EB5AAF9-4EC2-4BC1-B78F-A2C697BCE705,4,BROILER STARTER604 2,BROILER STARTER,2026-07-22 10:16:45.903,2026-07-22 10:44:30.677,2026-07-22 10:45:34.983,4500.0,LYSOFORTE DRY,30,100.0,0.9,0.8304398,Production Recipes,1,
Server2,E97F3466-A3AE-40B7-9007-EF9FB89475F0,9EB5AAF9-4EC2-4BC1-B78F-A2C697BCE705,4,BROILER STARTER604 2,BROILER STARTER,2026-07-22 10:16:45.903,2026-07-22 10:44:30.677,2026-07-22 10:45:34.983,4500.0,Maize,100,100.0,2688.75,2697.483,Production Recipes,4,
Server2,E97F3466-A3AE-40B7-9007-EF9FB89475F0,9EB5AAF9-4EC2-4BC1-B78F-A2C697BCE705,4,BROILER STARTER604 2,BROILER STARTER,2026-07-22 10:16:45.903,2026-07-22 10:44:30.677,2026-07-22 10:45:34.983,4500.0,Methionine,12,100.0,13.95,14.17824,Production Recipes,1,
Server2,E97F3466-A3AE-40B7-9007-EF9FB89475F0,9EB5AAF9-4EC2-4BC1-B78F-A2C697BCE705,4,BROILER STARTER604 2,BROILER STARTER,2026-07-22 10:16:45.903,2026-07-22 10:44:30.677,2026-07-22 10:45:34.983,4500.0,Monocalcium Phos,204,100.0,42.03,42.10069,Production Recipes,1,
Server2,E97F3466-A3AE-40B7-9007-EF9FB89475F0,9EB5AAF9-4EC2-4BC1-B78F-A2C697BCE705,4,BROILER STARTER604 2,BROILER STARTER,2026-07-22 10:16:45.903,2026-07-22 10:44:30.677,2026-07-22 10:45:34.983,4500.0,NOVELA ECL,6,100.0,0.45,0.5989584,Production Recipes,1,
Server2,E97F3466-A3AE-40B7-9007-EF9FB89475F0,9EB5AAF9-4EC2-4BC1-B78F-A2C697BCE705,4,BROILER STARTER604 2,BROILER STARTER,2026-07-22 10:16:45.903,2026-07-22 10:44:30.677,2026-07-22 10:45:34.983,4500.0,Provi Oxi Stop,21,100.0,0.45,1.244213,Production Recipes,1,
Server2,E97F3466-A3AE-40B7-9007-EF9FB89475F0,9EB5AAF9-4EC2-4BC1-B78F-A2C697BCE705,4,BROILER STARTER604 2,BROILER STARTER,2026-07-22 10:16:45.903,2026-07-22 10:44:30.677,2026-07-22 10:45:34.983,4500.0,Rovabio P10,176,100.0,2.25,3.362268,Production Recipes,1,
Server2,E97F3466-A3AE-40B7-9007-EF9FB89475F0,9EB5AAF9-4EC2-4BC1-B78F-A2C697BCE705,4,BROILER STARTER604 2,BROILER STARTER,2026-07-22 10:16:45.903,2026-07-22 10:44:30.677,2026-07-22 10:45:34.983,4500.0,Sacox (500g),91,100.0,2.25,2.986111,Production Recipes,1,
Server2,E97F3466-A3AE-40B7-9007-EF9FB89475F0,9EB5AAF9-4EC2-4BC1-B78F-A2C697BCE705,4,BROILER STARTER604 2,BROILER STARTER,2026-07-22 10:16:45.903,2026-07-22 10:44:30.677,2026-07-22 10:45:34.983,4500.0,Salt,202,100.0,12.105,13.02083,Production Recipes,1,
Server2,E97F3466-A3AE-40B7-9007-EF9FB89475F0,9EB5AAF9-4EC2-4BC1-B78F-A2C697BCE705,4,BROILER STARTER604 2,BROILER STARTER,2026-07-22 10:16:45.903,2026-07-22 10:44:30.677,2026-07-22 10:45:34.983,4500.0,SOLIS,124,100.0,6.75,7.378472,Production Recipes,1,
Server2,E97F3466-A3AE-40B7-9007-EF9FB89475F0,9EB5AAF9-4EC2-4BC1-B78F-A2C697BCE705,4,BROILER STARTER604 2,BROILER STARTER,2026-07-22 10:16:45.903,2026-07-22 10:44:30.677,2026-07-22 10:45:34.983,4500.0,SOUDIOM Bicarbon,35,100.0,9.81,9.982643,Production Recipes,1,
Server2,E97F3466-A3AE-40B7-9007-EF9FB89475F0,9EB5AAF9-4EC2-4BC1-B78F-A2C697BCE705,4,BROILER STARTER604 2,BROILER STARTER,2026-07-22 10:16:45.903,2026-07-22 10:44:30.677,2026-07-22 10:45:34.983,4500.0,SOYA-,105,100.0,1755.0,1757.06,Production Recipes,1,
Server2,E97F3466-A3AE-40B7-9007-EF9FB89475F0,9EB5AAF9-4EC2-4BC1-B78F-A2C697BCE705,4,BROILER STARTER604 2,BROILER STARTER,2026-07-22 10:16:45.903,2026-07-22 10:44:30.677,2026-07-22 10:45:34.983,4500.0,Soya Oil,210,100.0,14.58,14.75,Production Recipes,10,
Server2,E97F3466-A3AE-40B7-9007-EF9FB89475F0,9EB5AAF9-4EC2-4BC1-B78F-A2C697BCE705,4,BROILER STARTER604 2,BROILER STARTER,2026-07-22 10:16:45.903,2026-07-22 10:44:30.677,2026-07-22 10:45:34.983,4500.0,TermiN-8,33,100.0,6.75,0.0,Production Recipes,6,
Server2,0DFD96C6-1B3E-4B78-AA0B-77D0796F6745,9EB5AAF9-4EC2-4BC1-B78F-A2C697BCE705,4,BROILER STARTER604 3,BROILER STARTER,2026-07-22 10:17:19.140,2026-07-22 10:49:21.650,2026-07-22 10:50:25.890,4500.0,BETAIN HCL,142,100.0,2.25,2.581018,Production Recipes,1,
Server2,0DFD96C6-1B3E-4B78-AA0B-77D0796F6745,9EB5AAF9-4EC2-4BC1-B78F-A2C697BCE705,4,BROILER STARTER604 3,BROILER STARTER,2026-07-22 10:17:19.140,2026-07-22 10:49:21.650,2026-07-22 10:50:25.890,4500.0,BIOSTRONG 510,140,100.0,0.675,0.8116319,Production Recipes,1,
Server2,0DFD96C6-1B3E-4B78-AA0B-77D0796F6745,9EB5AAF9-4EC2-4BC1-B78F-A2C697BCE705,4,BROILER STARTER604 3,BROILER STARTER,2026-07-22 10:17:19.140,2026-07-22 10:49:21.650,2026-07-22 10:50:25.890,4500.0,Broiler Mineral Mix,31,100.0,4.5,5.52662,Production Recipes,1,
Server2,0DFD96C6-1B3E-4B78-AA0B-77D0796F6745,9EB5AAF9-4EC2-4BC1-B78F-A2C697BCE705,4,BROILER STARTER604 3,BROILER STARTER,2026-07-22 10:17:19.140,2026-07-22 10:49:21.650,2026-07-22 10:50:25.890,4500.0,KENZYME PRO,77,100.0,2.7,2.980324,Production Recipes,1,
Server2,0DFD96C6-1B3E-4B78-AA0B-77D0796F6745,9EB5AAF9-4EC2-4BC1-B78F-A2C697BCE705,4,BROILER STARTER604 3,BROILER STARTER,2026-07-22 10:17:19.140,2026-07-22 10:49:21.650,2026-07-22 10:50:25.890,4500.0,Limestone,113,100.0,65.07,71.46985,Production Recipes,1,
Server2,0DFD96C6-1B3E-4B78-AA0B-77D0796F6745,9EB5AAF9-4EC2-4BC1-B78F-A2C697BCE705,4,BROILER STARTER604 3,BROILER STARTER,2026-07-22 10:17:19.140,2026-07-22 10:49:21.650,2026-07-22 10:50:25.890,4500.0,LYSOFORTE DRY,30,100.0,0.9,1.140046,Production Recipes,1,
Server2,0DFD96C6-1B3E-4B78-AA0B-77D0796F6745,9EB5AAF9-4EC2-4BC1-B78F-A2C697BCE705,4,BROILER STARTER604 3,BROILER STARTER,2026-07-22 10:17:19.140,2026-07-22 10:49:21.650,2026-07-22 10:50:25.890,4500.0,Maize,100,100.0,2688.75,2686.343,Production Recipes,4,
Server2,0DFD96C6-1B3E-4B78-AA0B-77D0796F6745,9EB5AAF9-4EC2-4BC1-B78F-A2C697BCE705,4,BROILER STARTER604 3,BROILER STARTER,2026-07-22 10:17:19.140,2026-07-22 10:49:21.650,2026-07-22 10:50:25.890,4500.0,Methionine,12,100.0,13.95,14.17824,Production Recipes,1,
Server2,0DFD96C6-1B3E-4B78-AA0B-77D0796F6745,9EB5AAF9-4EC2-4BC1-B78F-A2C697BCE705,4,BROILER STARTER604 3,BROILER STARTER,2026-07-22 10:17:19.140,2026-07-22 10:49:21.650,2026-07-22 10:50:25.890,4500.0,Monocalcium Phos,204,100.0,42.03,42.10069,Production Recipes,1,
Server2,0DFD96C6-1B3E-4B78-AA0B-77D0796F6745,9EB5AAF9-4EC2-4BC1-B78F-A2C697BCE705,4,BROILER STARTER604 3,BROILER STARTER,2026-07-22 10:17:19.140,2026-07-22 10:49:21.650,2026-07-22 10:50:25.890,4500.0,NOVELA ECL,6,100.0,0.45,0.5685765,Production Recipes,1,
Server2,0DFD96C6-1B3E-4B78-AA0B-77D0796F6745,9EB5AAF9-4EC2-4BC1-B78F-A2C697BCE705,4,BROILER STARTER604 3,BROILER STARTER,2026-07-22 10:17:19.140,2026-07-22 10:49:21.650,2026-07-22 10:50:25.890,4500.0,Provi Oxi Stop,21,100.0,0.45,1.128472,Production Recipes,1,
Server2,0DFD96C6-1B3E-4B78-AA0B-77D0796F6745,9EB5AAF9-4EC2-4BC1-B78F-A2C697BCE705,4,BROILER STARTER604 3,BROILER STARTER,2026-07-22 10:17:19.140,2026-07-22 10:49:21.650,2026-07-22 10:50:25.890,4500.0,Rovabio P10,176,100.0,2.25,2.934029,Production Recipes,1,
Server2,0DFD96C6-1B3E-4B78-AA0B-77D0796F6745,9EB5AAF9-4EC2-4BC1-B78F-A2C697BCE705,4,BROILER STARTER604 3,BROILER STARTER,2026-07-22 10:17:19.140,2026-07-22 10:49:21.650,2026-07-22 10:50:25.890,4500.0,Sacox (500g),91,100.0,2.25,2.96875,Production Recipes,1,
Server2,0DFD96C6-1B3E-4B78-AA0B-77D0796F6745,9EB5AAF9-4EC2-4BC1-B78F-A2C697BCE705,4,BROILER STARTER604 3,BROILER STARTER,2026-07-22 10:17:19.140,2026-07-22 10:49:21.650,2026-07-22 10:50:25.890,4500.0,Salt,202,100.0,12.105,13.02084,Production Recipes,1,
Server2,0DFD96C6-1B3E-4B78-AA0B-77D0796F6745,9EB5AAF9-4EC2-4BC1-B78F-A2C697BCE705,4,BROILER STARTER604 3,BROILER STARTER,2026-07-22 10:17:19.140,2026-07-22 10:49:21.650,2026-07-22 10:50:25.890,4500.0,SOLIS,124,100.0,6.75,7.248264,Production Recipes,1,
Server2,0DFD96C6-1B3E-4B78-AA0B-77D0796F6745,9EB5AAF9-4EC2-4BC1-B78F-A2C697BCE705,4,BROILER STARTER604 3,BROILER STARTER,2026-07-22 10:17:19.140,2026-07-22 10:49:21.650,2026-07-22 10:50:25.890,4500.0,SOUDIOM Bicarbon,35,100.0,9.81,10.99538,Production Recipes,1,
Server2,0DFD96C6-1B3E-4B78-AA0B-77D0796F6745,9EB5AAF9-4EC2-4BC1-B78F-A2C697BCE705,4,BROILER STARTER604 3,BROILER STARTER,2026-07-22 10:17:19.140,2026-07-22 10:49:21.650,2026-07-22 10:50:25.890,4500.0,SOYA-,105,100.0,1755.0,1755.411,Production Recipes,1,
Server2,0DFD96C6-1B3E-4B78-AA0B-77D0796F6745,9EB5AAF9-4EC2-4BC1-B78F-A2C697BCE705,4,BROILER STARTER604 3,BROILER STARTER,2026-07-22 10:17:19.140,2026-07-22 10:49:21.650,2026-07-22 10:50:25.890,4500.0,Soya Oil,210,100.0,14.58,15.0,Production Recipes,10,
Server2,0DFD96C6-1B3E-4B78-AA0B-77D0796F6745,9EB5AAF9-4EC2-4BC1-B78F-A2C697BCE705,4,BROILER STARTER604 3,BROILER STARTER,2026-07-22 10:17:19.140,2026-07-22 10:49:21.650,2026-07-22 10:50:25.890,4500.0,TermiN-8,33,100.0,6.75,0.0,Production Recipes,6,
Server2,E51AEFBB-7466-4A8A-B58A-213928B130BD,9EB5AAF9-4EC2-4BC1-B78F-A2C697BCE705,4,BROILER STARTER604 4,BROILER STARTER,2026-07-22 10:17:21.150,2026-07-22 10:54:25.853,2026-07-22 10:55:29.813,4500.0,BETAIN HCL,142,100.0,2.25,2.03125,Production Recipes,1,
Server2,E51AEFBB-7466-4A8A-B58A-213928B130BD,9EB5AAF9-4EC2-4BC1-B78F-A2C697BCE705,4,BROILER STARTER604 4,BROILER STARTER,2026-07-22 10:17:21.150,2026-07-22 10:54:25.853,2026-07-22 10:55:29.813,4500.0,BIOSTRONG 510,140,100.0,0.675,0.7609954,Production Recipes,1,
Server2,E51AEFBB-7466-4A8A-B58A-213928B130BD,9EB5AAF9-4EC2-4BC1-B78F-A2C697BCE705,4,BROILER STARTER604 4,BROILER STARTER,2026-07-22 10:17:21.150,2026-07-22 10:54:25.853,2026-07-22 10:55:29.813,4500.0,Broiler Mineral Mix,31,100.0,4.5,5.41088,Production Recipes,1,
Server2,E51AEFBB-7466-4A8A-B58A-213928B130BD,9EB5AAF9-4EC2-4BC1-B78F-A2C697BCE705,4,BROILER STARTER604 4,BROILER STARTER,2026-07-22 10:17:21.150,2026-07-22 10:54:25.853,2026-07-22 10:55:29.813,4500.0,KENZYME PRO,77,100.0,2.7,2.864583,Production Recipes,1,
Server2,E51AEFBB-7466-4A8A-B58A-213928B130BD,9EB5AAF9-4EC2-4BC1-B78F-A2C697BCE705,4,BROILER STARTER604 4,BROILER STARTER,2026-07-22 10:17:21.150,2026-07-22 10:54:25.853,2026-07-22 10:55:29.813,4500.0,Limestone,113,100.0,65.07,66.52197,Production Recipes,1,
Server2,E51AEFBB-7466-4A8A-B58A-213928B130BD,9EB5AAF9-4EC2-4BC1-B78F-A2C697BCE705,4,BROILER STARTER604 4,BROILER STARTER,2026-07-22 10:17:21.150,2026-07-22 10:54:25.853,2026-07-22 10:55:29.813,4500.0,LYSOFORTE DRY,30,100.0,0.9,1.060475,Production Recipes,1,
Server2,E51AEFBB-7466-4A8A-B58A-213928B130BD,9EB5AAF9-4EC2-4BC1-B78F-A2C697BCE705,4,BROILER STARTER604 4,BROILER STARTER,2026-07-22 10:17:21.150,2026-07-22 10:54:25.853,2026-07-22 10:55:29.813,4500.0,Maize,100,100.0,2688.75,2689.526,Production Recipes,4,
Server2,E51AEFBB-7466-4A8A-B58A-213928B130BD,9EB5AAF9-4EC2-4BC1-B78F-A2C697BCE705,4,BROILER STARTER604 4,BROILER STARTER,2026-07-22 10:17:21.150,2026-07-22 10:54:25.853,2026-07-22 10:55:29.813,4500.0,Methionine,12,100.0,13.95,13.16551,Production Recipes,1,
Server2,E51AEFBB-7466-4A8A-B58A-213928B130BD,9EB5AAF9-4EC2-4BC1-B78F-A2C697BCE705,4,BROILER STARTER604 4,BROILER STARTER,2026-07-22 10:17:21.150,2026-07-22 10:54:25.853,2026-07-22 10:55:29.813,4500.0,Monocalcium Phos,204,100.0,42.03,42.10069,Production Recipes,1,
Server2,E51AEFBB-7466-4A8A-B58A-213928B130BD,9EB5AAF9-4EC2-4BC1-B78F-A2C697BCE705,4,BROILER STARTER604 4,BROILER STARTER,2026-07-22 10:17:21.150,2026-07-22 10:54:25.853,2026-07-22 10:55:29.813,4500.0,NOVELA ECL,6,100.0,0.45,1.280382,Production Recipes,1,
Server2,E51AEFBB-7466-4A8A-B58A-213928B130BD,9EB5AAF9-4EC2-4BC1-B78F-A2C697BCE705,4,BROILER STARTER604 4,BROILER STARTER,2026-07-22 10:17:21.150,2026-07-22 10:54:25.853,2026-07-22 10:55:29.813,4500.0,Provi Oxi Stop,21,100.0,0.45,0.729167,Production Recipes,1,
Server2,E51AEFBB-7466-4A8A-B58A-213928B130BD,9EB5AAF9-4EC2-4BC1-B78F-A2C697BCE705,4,BROILER STARTER604 4,BROILER STARTER,2026-07-22 10:17:21.150,2026-07-22 10:54:25.853,2026-07-22 10:55:29.813,4500.0,Rovabio P10,176,100.0,2.25,2.372685,Production Recipes,1,
Server2,E51AEFBB-7466-4A8A-B58A-213928B130BD,9EB5AAF9-4EC2-4BC1-B78F-A2C697BCE705,4,BROILER STARTER604 4,BROILER STARTER,2026-07-22 10:17:21.150,2026-07-22 10:54:25.853,2026-07-22 10:55:29.813,4500.0,Sacox (500g),91,100.0,2.25,4.94213,Production Recipes,1,
Server2,E51AEFBB-7466-4A8A-B58A-213928B130BD,9EB5AAF9-4EC2-4BC1-B78F-A2C697BCE705,4,BROILER STARTER604 4,BROILER STARTER,2026-07-22 10:17:21.150,2026-07-22 10:54:25.853,2026-07-22 10:55:29.813,4500.0,Salt,202,100.0,12.105,13.02084,Production Recipes,1,
Server2,E51AEFBB-7466-4A8A-B58A-213928B130BD,9EB5AAF9-4EC2-4BC1-B78F-A2C697BCE705,4,BROILER STARTER604 4,BROILER STARTER,2026-07-22 10:17:21.150,2026-07-22 10:54:25.853,2026-07-22 10:55:29.813,4500.0,SOLIS,124,100.0,6.75,7.306135,Production Recipes,1,
Server2,E51AEFBB-7466-4A8A-B58A-213928B130BD,9EB5AAF9-4EC2-4BC1-B78F-A2C697BCE705,4,BROILER STARTER604 4,BROILER STARTER,2026-07-22 10:17:21.150,2026-07-22 10:54:25.853,2026-07-22 10:55:29.813,4500.0,SOUDIOM Bicarbon,35,100.0,9.81,10.99538,Production Recipes,1,
Server2,E51AEFBB-7466-4A8A-B58A-213928B130BD,9EB5AAF9-4EC2-4BC1-B78F-A2C697BCE705,4,BROILER STARTER604 4,BROILER STARTER,2026-07-22 10:17:21.150,2026-07-22 10:54:25.853,2026-07-22 10:55:29.813,4500.0,SOYA-,105,100.0,1755.0,1754.311,Production Recipes,1,
Server2,E51AEFBB-7466-4A8A-B58A-213928B130BD,9EB5AAF9-4EC2-4BC1-B78F-A2C697BCE705,4,BROILER STARTER604 4,BROILER STARTER,2026-07-22 10:17:21.150,2026-07-22 10:54:25.853,2026-07-22 10:55:29.813,4500.0,Soya Oil,210,100.0,14.58,15.0,Production Recipes,10,
Server2,E51AEFBB-7466-4A8A-B58A-213928B130BD,9EB5AAF9-4EC2-4BC1-B78F-A2C697BCE705,4,BROILER STARTER604 4,BROILER STARTER,2026-07-22 10:17:21.150,2026-07-22 10:54:25.853,2026-07-22 10:55:29.813,4500.0,TermiN-8,33,100.0,6.75,0.0,Production Recipes,6,
Server2,0F2BB40F-2277-4C67-848C-583781A85B26,9EB5AAF9-4EC2-4BC1-B78F-A2C697BCE705,4,BROILER GROWER605 1,BROILER GROWER,2026-07-22 10:17:23.137,2026-07-22 11:06:56.843,2026-07-22 11:08:01.260,4500.0,BETAIN HCL,142,100.0,2.25,0.04629707,Production Recipes,1,
Server2,0F2BB40F-2277-4C67-848C-583781A85B26,9EB5AAF9-4EC2-4BC1-B78F-A2C697BCE705,4,BROILER GROWER605 1,BROILER GROWER,2026-07-22 10:17:23.137,2026-07-22 11:06:56.843,2026-07-22 11:08:01.260,4500.0,BIOSTRONG 510,140,100.0,0.675,0.7407409,Production Recipes,1,
Server2,0F2BB40F-2277-4C67-848C-583781A85B26,9EB5AAF9-4EC2-4BC1-B78F-A2C697BCE705,4,BROILER GROWER605 1,BROILER GROWER,2026-07-22 10:17:23.137,2026-07-22 11:06:56.843,2026-07-22 11:08:01.260,4500.0,Broiler Mineral Mix,31,100.0,4.05,6.206597,Production Recipes,1,
Server2,0F2BB40F-2277-4C67-848C-583781A85B26,9EB5AAF9-4EC2-4BC1-B78F-A2C697BCE705,4,BROILER GROWER605 1,BROILER GROWER,2026-07-22 10:17:23.137,2026-07-22 11:06:56.843,2026-07-22 11:08:01.260,4500.0,Broiler Starter PX,69,100.0,4.05,5.069445,Production Recipes,1,
Server2,0F2BB40F-2277-4C67-848C-583781A85B26,9EB5AAF9-4EC2-4BC1-B78F-A2C697BCE705,4,BROILER GROWER605 1,BROILER GROWER,2026-07-22 10:17:23.137,2026-07-22 11:06:56.843,2026-07-22 11:08:01.260,4500.0,Choline Chloride 60%,26,100.0,2.7,2.71412,Production Recipes,1,
Server2,0F2BB40F-2277-4C67-848C-583781A85B26,9EB5AAF9-4EC2-4BC1-B78F-A2C697BCE705,4,BROILER GROWER605 1,BROILER GROWER,2026-07-22 10:17:23.137,2026-07-22 11:06:56.843,2026-07-22 11:08:01.260,4500.0,KENZYME PRO,77,100.0,2.7,3.356482,Production Recipes,1,
Server2,0F2BB40F-2277-4C67-848C-583781A85B26,9EB5AAF9-4EC2-4BC1-B78F-A2C697BCE705,4,BROILER GROWER605 1,BROILER GROWER,2026-07-22 10:17:23.137,2026-07-22 11:06:56.843,2026-07-22 11:08:01.260,4500.0,Limestone,113,100.0,55.485,57.1759,Production Recipes,1,
Server2,0F2BB40F-2277-4C67-848C-583781A85B26,9EB5AAF9-4EC2-4BC1-B78F-A2C697BCE705,4,BROILER GROWER605 1,BROILER GROWER,2026-07-22 10:17:23.137,2026-07-22 11:06:56.843,2026-07-22 11:08:01.260,4500.0,LYSOFORTE DRY,30,100.0,0.9,0.9389468,Production Recipes,1,
Server2,0F2BB40F-2277-4C67-848C-583781A85B26,9EB5AAF9-4EC2-4BC1-B78F-A2C697BCE705,4,BROILER GROWER605 1,BROILER GROWER,2026-07-22 10:17:23.137,2026-07-22 11:06:56.843,2026-07-22 11:08:01.260,4500.0,Maize,100,100.0,2679.705,2695.891,Production Recipes,4,
Server2,0F2BB40F-2277-4C67-848C-583781A85B26,9EB5AAF9-4EC2-4BC1-B78F-A2C697BCE705,4,BROILER GROWER605 1,BROILER GROWER,2026-07-22 10:17:23.137,2026-07-22 11:06:56.843,2026-07-22 11:08:01.260,4500.0,Methionine,12,100.0,10.62,11.14005,Production Recipes,1,
Server2,0F2BB40F-2277-4C67-848C-583781A85B26,9EB5AAF9-4EC2-4BC1-B78F-A2C697BCE705,4,BROILER GROWER605 1,BROILER GROWER,2026-07-22 10:17:23.137,2026-07-22 11:06:56.843,2026-07-22 11:08:01.260,4500.0,Monocalcium Phos,204,100.0,38.745,39.0625,Production Recipes,1,
Server2,0F2BB40F-2277-4C67-848C-583781A85B26,9EB5AAF9-4EC2-4BC1-B78F-A2C697BCE705,4,BROILER GROWER605 1,BROILER GROWER,2026-07-22 10:17:23.137,2026-07-22 11:06:56.843,2026-07-22 11:08:01.260,4500.0,NOVELA ECL,6,100.0,0.45,0.619213,Production Recipes,1,
Server2,0F2BB40F-2277-4C67-848C-583781A85B26,9EB5AAF9-4EC2-4BC1-B78F-A2C697BCE705,4,BROILER GROWER605 1,BROILER GROWER,2026-07-22 10:17:23.137,2026-07-22 11:06:56.843,2026-07-22 11:08:01.260,4500.0,Provi Oxi Stop,21,100.0,0.45,1.487269,Production Recipes,1,
Server2,0F2BB40F-2277-4C67-848C-583781A85B26,9EB5AAF9-4EC2-4BC1-B78F-A2C697BCE705,4,BROILER GROWER605 1,BROILER GROWER,2026-07-22 10:17:23.137,2026-07-22 11:06:56.843,2026-07-22 11:08:01.260,4500.0,Rovabio P10,176,100.0,2.25,2.372686,Production Recipes,1,
Server2,0F2BB40F-2277-4C67-848C-583781A85B26,9EB5AAF9-4EC2-4BC1-B78F-A2C697BCE705,4,BROILER GROWER605 1,BROILER GROWER,2026-07-22 10:17:23.137,2026-07-22 11:06:56.843,2026-07-22 11:08:01.260,4500.0,Sacox (500g),91,100.0,2.25,3.541666,Production Recipes,1,
Server2,0F2BB40F-2277-4C67-848C-583781A85B26,9EB5AAF9-4EC2-4BC1-B78F-A2C697BCE705,4,BROILER GROWER605 1,BROILER GROWER,2026-07-22 10:17:23.137,2026-07-22 11:06:56.843,2026-07-22 11:08:01.260,4500.0,Salt,202,100.0,12.96,14.03356,Production Recipes,1,
Server2,0F2BB40F-2277-4C67-848C-583781A85B26,9EB5AAF9-4EC2-4BC1-B78F-A2C697BCE705,4,BROILER GROWER605 1,BROILER GROWER,2026-07-22 10:17:23.137,2026-07-22 11:06:56.843,2026-07-22 11:08:01.260,4500.0,SOLIS,124,100.0,6.75,7.56655,Production Recipes,1,
Server2,0F2BB40F-2277-4C67-848C-583781A85B26,9EB5AAF9-4EC2-4BC1-B78F-A2C697BCE705,4,BROILER GROWER605 1,BROILER GROWER,2026-07-22 10:17:23.137,2026-07-22 11:06:56.843,2026-07-22 11:08:01.260,4500.0,SOUDIOM Bicarbon,35,100.0,8.955,9.114578,Production Recipes,1,
Server2,0F2BB40F-2277-4C67-848C-583781A85B26,9EB5AAF9-4EC2-4BC1-B78F-A2C697BCE705,4,BROILER GROWER605 1,BROILER GROWER,2026-07-22 10:17:23.137,2026-07-22 11:06:56.843,2026-07-22 11:08:01.260,4500.0,SOYA-,105,100.0,1619.145,1622.917,Production Recipes,1,
Server2,0F2BB40F-2277-4C67-848C-583781A85B26,9EB5AAF9-4EC2-4BC1-B78F-A2C697BCE705,4,BROILER GROWER605 1,BROILER GROWER,2026-07-22 10:17:23.137,2026-07-22 11:06:56.843,2026-07-22 11:08:01.260,4500.0,Soya Oil,210,100.0,37.35,37.75,Production Recipes,10,
Server2,0F2BB40F-2277-4C67-848C-583781A85B26,9EB5AAF9-4EC2-4BC1-B78F-A2C697BCE705,4,BROILER GROWER605 1,BROILER GROWER,2026-07-22 10:17:23.137,2026-07-22 11:06:56.843,2026-07-22 11:08:01.260,4500.0,TermiN-8,33,100.0,6.75,0.0,Production Recipes,6,
Server2,18CF5C0B-2AE1-4053-B7F7-6635E5979A60,9EB5AAF9-4EC2-4BC1-B78F-A2C697BCE705,4,BROILER GROWER605 2,BROILER GROWER,2026-07-22 10:17:29.253,2026-07-22 11:12:57.693,2026-07-22 11:14:02.127,4500.0,BETAIN HCL,142,100.0,2.25,2.621528,Production Recipes,1,
Server2,18CF5C0B-2AE1-4053-B7F7-6635E5979A60,9EB5AAF9-4EC2-4BC1-B78F-A2C697BCE705,4,BROILER GROWER605 2,BROILER GROWER,2026-07-22 10:17:29.253,2026-07-22 11:12:57.693,2026-07-22 11:14:02.127,4500.0,BIOSTRONG 510,140,100.0,0.675,0.7899307,Production Recipes,1,
Server2,18CF5C0B-2AE1-4053-B7F7-6635E5979A60,9EB5AAF9-4EC2-4BC1-B78F-A2C697BCE705,4,BROILER GROWER605 2,BROILER GROWER,2026-07-22 10:17:29.253,2026-07-22 11:12:57.693,2026-07-22 11:14:02.127,4500.0,Broiler Mineral Mix,31,100.0,4.05,5.10706,Production Recipes,1,
Server2,18CF5C0B-2AE1-4053-B7F7-6635E5979A60,9EB5AAF9-4EC2-4BC1-B78F-A2C697BCE705,4,BROILER GROWER605 2,BROILER GROWER,2026-07-22 10:17:29.253,2026-07-22 11:12:57.693,2026-07-22 11:14:02.127,4500.0,Broiler Starter PX,69,100.0,4.05,4.762732,Production Recipes,1,
Server2,18CF5C0B-2AE1-4053-B7F7-6635E5979A60,9EB5AAF9-4EC2-4BC1-B78F-A2C697BCE705,4,BROILER GROWER605 2,BROILER GROWER,2026-07-22 10:17:29.253,2026-07-22 11:12:57.693,2026-07-22 11:14:02.127,4500.0,Choline Chloride 60%,26,100.0,2.7,2.256944,Production Recipes,1,
Server2,18CF5C0B-2AE1-4053-B7F7-6635E5979A60,9EB5AAF9-4EC2-4BC1-B78F-A2C697BCE705,4,BROILER GROWER605 2,BROILER GROWER,2026-07-22 10:17:29.253,2026-07-22 11:12:57.693,2026-07-22 11:14:02.127,4500.0,KENZYME PRO,77,100.0,2.7,2.965857,Production Recipes,1,
Server2,18CF5C0B-2AE1-4053-B7F7-6635E5979A60,9EB5AAF9-4EC2-4BC1-B78F-A2C697BCE705,4,BROILER GROWER605 2,BROILER GROWER,2026-07-22 10:17:29.253,2026-07-22 11:12:57.693,2026-07-22 11:14:02.127,4500.0,Limestone,113,100.0,55.485,56.07642,Production Recipes,1,
Server2,18CF5C0B-2AE1-4053-B7F7-6635E5979A60,9EB5AAF9-4EC2-4BC1-B78F-A2C697BCE705,4,BROILER GROWER605 2,BROILER GROWER,2026-07-22 10:17:29.253,2026-07-22 11:12:57.693,2026-07-22 11:14:02.127,4500.0,LYSOFORTE DRY,30,100.0,0.9,0.8695023,Production Recipes,1,
Server2,18CF5C0B-2AE1-4053-B7F7-6635E5979A60,9EB5AAF9-4EC2-4BC1-B78F-A2C697BCE705,4,BROILER GROWER605 2,BROILER GROWER,2026-07-22 10:17:29.253,2026-07-22 11:12:57.693,2026-07-22 11:14:02.127,4500.0,Maize,100,100.0,2679.705,2691.117,Production Recipes,4,
Server2,18CF5C0B-2AE1-4053-B7F7-6635E5979A60,9EB5AAF9-4EC2-4BC1-B78F-A2C697BCE705,4,BROILER GROWER605 2,BROILER GROWER,2026-07-22 10:17:29.253,2026-07-22 11:12:57.693,2026-07-22 11:14:02.127,4500.0,Methionine,12,100.0,10.62,11.14005,Production Recipes,1,
Server2,18CF5C0B-2AE1-4053-B7F7-6635E5979A60,9EB5AAF9-4EC2-4BC1-B78F-A2C697BCE705,4,BROILER GROWER605 2,BROILER GROWER,2026-07-22 10:17:29.253,2026-07-22 11:12:57.693,2026-07-22 11:14:02.127,4500.0,Monocalcium Phos,204,100.0,38.745,39.0625,Production Recipes,1,
Server2,18CF5C0B-2AE1-4053-B7F7-6635E5979A60,9EB5AAF9-4EC2-4BC1-B78F-A2C697BCE705,4,BROILER GROWER605 2,BROILER GROWER,2026-07-22 10:17:29.253,2026-07-22 11:12:57.693,2026-07-22 11:14:02.127,4500.0,NOVELA ECL,6,100.0,0.45,0.6105325,Production Recipes,1,
Server2,18CF5C0B-2AE1-4053-B7F7-6635E5979A60,9EB5AAF9-4EC2-4BC1-B78F-A2C697BCE705,4,BROILER GROWER605 2,BROILER GROWER,2026-07-22 10:17:29.253,2026-07-22 11:12:57.693,2026-07-22 11:14:02.127,4500.0,Provi Oxi Stop,21,100.0,0.45,1.168981,Production Recipes,1,
Server2,18CF5C0B-2AE1-4053-B7F7-6635E5979A60,9EB5AAF9-4EC2-4BC1-B78F-A2C697BCE705,4,BROILER GROWER605 2,BROILER GROWER,2026-07-22 10:17:29.253,2026-07-22 11:12:57.693,2026-07-22 11:14:02.127,4500.0,Rovabio P10,176,100.0,2.25,2.245371,Production Recipes,1,
Server2,18CF5C0B-2AE1-4053-B7F7-6635E5979A60,9EB5AAF9-4EC2-4BC1-B78F-A2C697BCE705,4,BROILER GROWER605 2,BROILER GROWER,2026-07-22 10:17:29.253,2026-07-22 11:12:57.693,2026-07-22 11:14:02.127,4500.0,Sacox (500g),91,100.0,2.25,4.641205,Production Recipes,1,
Server2,18CF5C0B-2AE1-4053-B7F7-6635E5979A60,9EB5AAF9-4EC2-4BC1-B78F-A2C697BCE705,4,BROILER GROWER605 2,BROILER GROWER,2026-07-22 10:17:29.253,2026-07-22 11:12:57.693,2026-07-22 11:14:02.127,4500.0,Salt,202,100.0,12.96,14.03356,Production Recipes,1,
Server2,18CF5C0B-2AE1-4053-B7F7-6635E5979A60,9EB5AAF9-4EC2-4BC1-B78F-A2C697BCE705,4,BROILER GROWER605 2,BROILER GROWER,2026-07-22 10:17:29.253,2026-07-22 11:12:57.693,2026-07-22 11:14:02.127,4500.0,SOLIS,124,100.0,6.75,7.306134,Production Recipes,1,
Server2,18CF5C0B-2AE1-4053-B7F7-6635E5979A60,9EB5AAF9-4EC2-4BC1-B78F-A2C697BCE705,4,BROILER GROWER605 2,BROILER GROWER,2026-07-22 10:17:29.253,2026-07-22 11:12:57.693,2026-07-22 11:14:02.127,4500.0,SOUDIOM Bicarbon,35,100.0,8.955,10.12731,Production Recipes,1,
Server2,18CF5C0B-2AE1-4053-B7F7-6635E5979A60,9EB5AAF9-4EC2-4BC1-B78F-A2C697BCE705,4,BROILER GROWER605 2,BROILER GROWER,2026-07-22 10:17:29.253,2026-07-22 11:12:57.693,2026-07-22 11:14:02.127,4500.0,SOYA-,105,100.0,1619.145,1621.817,Production Recipes,1,
Server2,18CF5C0B-2AE1-4053-B7F7-6635E5979A60,9EB5AAF9-4EC2-4BC1-B78F-A2C697BCE705,4,BROILER GROWER605 2,BROILER GROWER,2026-07-22 10:17:29.253,2026-07-22 11:12:57.693,2026-07-22 11:14:02.127,4500.0,Soya Oil,210,100.0,37.35,37.75,Production Recipes,10,
Server2,18CF5C0B-2AE1-4053-B7F7-6635E5979A60,9EB5AAF9-4EC2-4BC1-B78F-A2C697BCE705,4,BROILER GROWER605 2,BROILER GROWER,2026-07-22 10:17:29.253,2026-07-22 11:12:57.693,2026-07-22 11:14:02.127,4500.0,TermiN-8,33,100.0,6.75,0.0,Production Recipes,6,
Server2,CD562A92-B793-44B5-B719-913D9B35AB4D,9EB5AAF9-4EC2-4BC1-B78F-A2C697BCE705,4,BROILER GROWER605 3,BROILER GROWER,2026-07-22 10:17:31.170,2026-07-22 11:21:49.483,2026-07-22 11:22:53.230,4500.0,BETAIN HCL,142,100.0,2.25,3.287037,Production Recipes,1,
Server2,CD562A92-B793-44B5-B719-913D9B35AB4D,9EB5AAF9-4EC2-4BC1-B78F-A2C697BCE705,4,BROILER GROWER605 3,BROILER GROWER,2026-07-22 10:17:31.170,2026-07-22 11:21:49.483,2026-07-22 11:22:53.230,4500.0,BIOSTRONG 510,140,100.0,0.675,0.8188659,Production Recipes,1,
Server2,CD562A92-B793-44B5-B719-913D9B35AB4D,9EB5AAF9-4EC2-4BC1-B78F-A2C697BCE705,4,BROILER GROWER605 3,BROILER GROWER,2026-07-22 10:17:31.170,2026-07-22 11:21:49.483,2026-07-22 11:22:53.230,4500.0,Broiler Mineral Mix,31,100.0,4.05,5.787037,Production Recipes,1,
Server2,CD562A92-B793-44B5-B719-913D9B35AB4D,9EB5AAF9-4EC2-4BC1-B78F-A2C697BCE705,4,BROILER GROWER605 3,BROILER GROWER,2026-07-22 10:17:31.170,2026-07-22 11:21:49.483,2026-07-22 11:22:53.230,4500.0,Broiler Starter PX,69,100.0,4.05,5.729167,Production Recipes,1,
Server2,CD562A92-B793-44B5-B719-913D9B35AB4D,9EB5AAF9-4EC2-4BC1-B78F-A2C697BCE705,4,BROILER GROWER605 3,BROILER GROWER,2026-07-22 10:17:31.170,2026-07-22 11:21:49.483,2026-07-22 11:22:53.230,4500.0,Choline Chloride 60%,26,100.0,2.7,2.002315,Production Recipes,1,
Server2,CD562A92-B793-44B5-B719-913D9B35AB4D,9EB5AAF9-4EC2-4BC1-B78F-A2C697BCE705,4,BROILER GROWER605 3,BROILER GROWER,2026-07-22 10:17:31.170,2026-07-22 11:21:49.483,2026-07-22 11:22:53.230,4500.0,KENZYME PRO,77,100.0,2.7,3.139467,Production Recipes,1,
Server2,CD562A92-B793-44B5-B719-913D9B35AB4D,9EB5AAF9-4EC2-4BC1-B78F-A2C697BCE705,4,BROILER GROWER605 3,BROILER GROWER,2026-07-22 10:17:31.170,2026-07-22 11:21:49.483,2026-07-22 11:22:53.230,4500.0,Limestone,113,100.0,55.485,70.92004,Production Recipes,1,
Server2,CD562A92-B793-44B5-B719-913D9B35AB4D,9EB5AAF9-4EC2-4BC1-B78F-A2C697BCE705,4,BROILER GROWER605 3,BROILER GROWER,2026-07-22 10:17:31.170,2026-07-22 11:21:49.483,2026-07-22 11:22:53.230,4500.0,LYSOFORTE DRY,30,100.0,0.9,1.278935,Production Recipes,1,
Server2,CD562A92-B793-44B5-B719-913D9B35AB4D,9EB5AAF9-4EC2-4BC1-B78F-A2C697BCE705,4,BROILER GROWER605 3,BROILER GROWER,2026-07-22 10:17:31.170,2026-07-22 11:21:49.483,2026-07-22 11:22:53.230,4500.0,Maize,100,100.0,2679.705,2689.526,Production Recipes,4,
Server2,CD562A92-B793-44B5-B719-913D9B35AB4D,9EB5AAF9-4EC2-4BC1-B78F-A2C697BCE705,4,BROILER GROWER605 3,BROILER GROWER,2026-07-22 10:17:31.170,2026-07-22 11:21:49.483,2026-07-22 11:22:53.230,4500.0,Methionine,12,100.0,10.62,11.14005,Production Recipes,1,
Server2,CD562A92-B793-44B5-B719-913D9B35AB4D,9EB5AAF9-4EC2-4BC1-B78F-A2C697BCE705,4,BROILER GROWER605 3,BROILER GROWER,2026-07-22 10:17:31.170,2026-07-22 11:21:49.483,2026-07-22 11:22:53.230,4500.0,Monocalcium Phos,204,100.0,38.745,39.0625,Production Recipes,1,
Server2,CD562A92-B793-44B5-B719-913D9B35AB4D,9EB5AAF9-4EC2-4BC1-B78F-A2C697BCE705,4,BROILER GROWER605 3,BROILER GROWER,2026-07-22 10:17:31.170,2026-07-22 11:21:49.483,2026-07-22 11:22:53.230,4500.0,NOVELA ECL,6,100.0,0.45,0.5989584,Production Recipes,1,
Server2,CD562A92-B793-44B5-B719-913D9B35AB4D,9EB5AAF9-4EC2-4BC1-B78F-A2C697BCE705,4,BROILER GROWER605 3,BROILER GROWER,2026-07-22 10:17:31.170,2026-07-22 11:21:49.483,2026-07-22 11:22:53.230,4500.0,Provi Oxi Stop,21,100.0,0.45,0.1967597,Production Recipes,1,
Server2,CD562A92-B793-44B5-B719-913D9B35AB4D,9EB5AAF9-4EC2-4BC1-B78F-A2C697BCE705,4,BROILER GROWER605 3,BROILER GROWER,2026-07-22 10:17:31.170,2026-07-22 11:21:49.483,2026-07-22 11:22:53.230,4500.0,Rovabio P10,176,100.0,2.25,3.015047,Production Recipes,1,
Server2,CD562A92-B793-44B5-B719-913D9B35AB4D,9EB5AAF9-4EC2-4BC1-B78F-A2C697BCE705,4,BROILER GROWER605 3,BROILER GROWER,2026-07-22 10:17:31.170,2026-07-22 11:21:49.483,2026-07-22 11:22:53.230,4500.0,Sacox (500g),91,100.0,2.25,2.962963,Production Recipes,1,
Server2,CD562A92-B793-44B5-B719-913D9B35AB4D,9EB5AAF9-4EC2-4BC1-B78F-A2C697BCE705,4,BROILER GROWER605 3,BROILER GROWER,2026-07-22 10:17:31.170,2026-07-22 11:21:49.483,2026-07-22 11:22:53.230,4500.0,Salt,202,100.0,12.96,14.03356,Production Recipes,1,
Server2,CD562A92-B793-44B5-B719-913D9B35AB4D,9EB5AAF9-4EC2-4BC1-B78F-A2C697BCE705,4,BROILER GROWER605 3,BROILER GROWER,2026-07-22 10:17:31.170,2026-07-22 11:21:49.483,2026-07-22 11:22:53.230,4500.0,SOLIS,124,100.0,6.75,7.103588,Production Recipes,1,
Server2,CD562A92-B793-44B5-B719-913D9B35AB4D,9EB5AAF9-4EC2-4BC1-B78F-A2C697BCE705,4,BROILER GROWER605 3,BROILER GROWER,2026-07-22 10:17:31.170,2026-07-22 11:21:49.483,2026-07-22 11:22:53.230,4500.0,SOUDIOM Bicarbon,35,100.0,8.955,10.12731,Production Recipes,1,
Server2,CD562A92-B793-44B5-B719-913D9B35AB4D,9EB5AAF9-4EC2-4BC1-B78F-A2C697BCE705,4,BROILER GROWER605 3,BROILER GROWER,2026-07-22 10:17:31.170,2026-07-22 11:21:49.483,2026-07-22 11:22:53.230,4500.0,SOYA-,105,100.0,1619.145,1630.064,Production Recipes,1,
Server2,CD562A92-B793-44B5-B719-913D9B35AB4D,9EB5AAF9-4EC2-4BC1-B78F-A2C697BCE705,4,BROILER GROWER605 3,BROILER GROWER,2026-07-22 10:17:31.170,2026-07-22 11:21:49.483,2026-07-22 11:22:53.230,4500.0,Soya Oil,210,100.0,37.35,37.75,Production Recipes,10,
Server2,CD562A92-B793-44B5-B719-913D9B35AB4D,9EB5AAF9-4EC2-4BC1-B78F-A2C697BCE705,4,BROILER GROWER605 3,BROILER GROWER,2026-07-22 10:17:31.170,2026-07-22 11:21:49.483,2026-07-22 11:22:53.230,4500.0,TermiN-8,33,100.0,6.75,0.0,Production Recipes,6,
Server2,65B62FE0-0245-4465-B9EC-844882E3E360,9EB5AAF9-4EC2-4BC1-B78F-A2C697BCE705,4,BROILER GROWER605 4,BROILER GROWER,2026-07-22 10:17:37.263,2026-07-22 11:28:58.307,2026-07-22 11:30:02.230,4500.0,BETAIN HCL,142,100.0,2.25,3.356483,Production Recipes,1,
Server2,65B62FE0-0245-4465-B9EC-844882E3E360,9EB5AAF9-4EC2-4BC1-B78F-A2C697BCE705,4,BROILER GROWER605 4,BROILER GROWER,2026-07-22 10:17:37.263,2026-07-22 11:28:58.307,2026-07-22 11:30:02.230,4500.0,BIOSTRONG 510,140,100.0,0.675,0.7407407,Production Recipes,1,
Server2,65B62FE0-0245-4465-B9EC-844882E3E360,9EB5AAF9-4EC2-4BC1-B78F-A2C697BCE705,4,BROILER GROWER605 4,BROILER GROWER,2026-07-22 10:17:37.263,2026-07-22 11:28:58.307,2026-07-22 11:30:02.230,4500.0,Broiler Mineral Mix,31,100.0,4.05,4.890046,Production Recipes,1,
Server2,65B62FE0-0245-4465-B9EC-844882E3E360,9EB5AAF9-4EC2-4BC1-B78F-A2C697BCE705,4,BROILER GROWER605 4,BROILER GROWER,2026-07-22 10:17:37.263,2026-07-22 11:28:58.307,2026-07-22 11:30:02.230,4500.0,Broiler Starter PX,69,100.0,4.05,5.520834,Production Recipes,1,
Server2,65B62FE0-0245-4465-B9EC-844882E3E360,9EB5AAF9-4EC2-4BC1-B78F-A2C697BCE705,4,BROILER GROWER605 4,BROILER GROWER,2026-07-22 10:17:37.263,2026-07-22 11:28:58.307,2026-07-22 11:30:02.230,4500.0,Choline Chloride 60%,26,100.0,2.7,2.332175,Production Recipes,1,
Server2,65B62FE0-0245-4465-B9EC-844882E3E360,9EB5AAF9-4EC2-4BC1-B78F-A2C697BCE705,4,BROILER GROWER605 4,BROILER GROWER,2026-07-22 10:17:37.263,2026-07-22 11:28:58.307,2026-07-22 11:30:02.230,4500.0,KENZYME PRO,77,100.0,2.7,3.255208,Production Recipes,1,
Server2,65B62FE0-0245-4465-B9EC-844882E3E360,9EB5AAF9-4EC2-4BC1-B78F-A2C697BCE705,4,BROILER GROWER605 4,BROILER GROWER,2026-07-22 10:17:37.263,2026-07-22 11:28:58.307,2026-07-22 11:30:02.230,4500.0,Limestone,113,100.0,55.485,61.02429,Production Recipes,1,
Server2,65B62FE0-0245-4465-B9EC-844882E3E360,9EB5AAF9-4EC2-4BC1-B78F-A2C697BCE705,4,BROILER GROWER605 4,BROILER GROWER,2026-07-22 10:17:37.263,2026-07-22 11:28:58.307,2026-07-22 11:30:02.230,4500.0,LYSOFORTE DRY,30,100.0,0.9,1.038773,Production Recipes,1,
Server2,65B62FE0-0245-4465-B9EC-844882E3E360,9EB5AAF9-4EC2-4BC1-B78F-A2C697BCE705,4,BROILER GROWER605 4,BROILER GROWER,2026-07-22 10:17:37.263,2026-07-22 11:28:58.307,2026-07-22 11:30:02.230,4500.0,Maize,100,100.0,2679.705,2672.02,Production Recipes,4,
Server2,65B62FE0-0245-4465-B9EC-844882E3E360,9EB5AAF9-4EC2-4BC1-B78F-A2C697BCE705,4,BROILER GROWER605 4,BROILER GROWER,2026-07-22 10:17:37.263,2026-07-22 11:28:58.307,2026-07-22 11:30:02.230,4500.0,Methionine,12,100.0,10.62,11.14005,Production Recipes,1,
Server2,65B62FE0-0245-4465-B9EC-844882E3E360,9EB5AAF9-4EC2-4BC1-B78F-A2C697BCE705,4,BROILER GROWER605 4,BROILER GROWER,2026-07-22 10:17:37.263,2026-07-22 11:28:58.307,2026-07-22 11:30:02.230,4500.0,Monocalcium Phos,204,100.0,38.745,39.0625,Production Recipes,1,
Server2,65B62FE0-0245-4465-B9EC-844882E3E360,9EB5AAF9-4EC2-4BC1-B78F-A2C697BCE705,4,BROILER GROWER605 4,BROILER GROWER,2026-07-22 10:17:37.263,2026-07-22 11:28:58.307,2026-07-22 11:30:02.230,4500.0,NOVELA ECL,6,100.0,0.45,0.451389,Production Recipes,1,
Server2,65B62FE0-0245-4465-B9EC-844882E3E360,9EB5AAF9-4EC2-4BC1-B78F-A2C697BCE705,4,BROILER GROWER605 4,BROILER GROWER,2026-07-22 10:17:37.263,2026-07-22 11:28:58.307,2026-07-22 11:30:02.230,4500.0,Provi Oxi Stop,21,100.0,0.45,0.03472233,Production Recipes,1,
Server2,65B62FE0-0245-4465-B9EC-844882E3E360,9EB5AAF9-4EC2-4BC1-B78F-A2C697BCE705,4,BROILER GROWER605 4,BROILER GROWER,2026-07-22 10:17:37.263,2026-07-22 11:28:58.307,2026-07-22 11:30:02.230,4500.0,Rovabio P10,176,100.0,2.25,1.481482,Production Recipes,1,
Server2,65B62FE0-0245-4465-B9EC-844882E3E360,9EB5AAF9-4EC2-4BC1-B78F-A2C697BCE705,4,BROILER GROWER605 4,BROILER GROWER,2026-07-22 10:17:37.263,2026-07-22 11:28:58.307,2026-07-22 11:30:02.230,4500.0,Sacox (500g),91,100.0,2.25,4.84375,Production Recipes,1,
Server2,65B62FE0-0245-4465-B9EC-844882E3E360,9EB5AAF9-4EC2-4BC1-B78F-A2C697BCE705,4,BROILER GROWER605 4,BROILER GROWER,2026-07-22 10:17:37.263,2026-07-22 11:28:58.307,2026-07-22 11:30:02.230,4500.0,Salt,202,100.0,12.96,15.0463,Production Recipes,1,
Server2,65B62FE0-0245-4465-B9EC-844882E3E360,9EB5AAF9-4EC2-4BC1-B78F-A2C697BCE705,4,BROILER GROWER605 4,BROILER GROWER,2026-07-22 10:17:37.263,2026-07-22 11:28:58.307,2026-07-22 11:30:02.230,4500.0,SOLIS,124,100.0,6.75,7.248264,Production Recipes,1,
Server2,65B62FE0-0245-4465-B9EC-844882E3E360,9EB5AAF9-4EC2-4BC1-B78F-A2C697BCE705,4,BROILER GROWER605 4,BROILER GROWER,2026-07-22 10:17:37.263,2026-07-22 11:28:58.307,2026-07-22 11:30:02.230,4500.0,SOUDIOM Bicarbon,35,100.0,8.955,10.12731,Production Recipes,1,
Server2,65B62FE0-0245-4465-B9EC-844882E3E360,9EB5AAF9-4EC2-4BC1-B78F-A2C697BCE705,4,BROILER GROWER605 4,BROILER GROWER,2026-07-22 10:17:37.263,2026-07-22 11:28:58.307,2026-07-22 11:30:02.230,4500.0,SOYA-,105,100.0,1619.145,1616.869,Production Recipes,1,
Server2,65B62FE0-0245-4465-B9EC-844882E3E360,9EB5AAF9-4EC2-4BC1-B78F-A2C697BCE705,4,BROILER GROWER605 4,BROILER GROWER,2026-07-22 10:17:37.263,2026-07-22 11:28:58.307,2026-07-22 11:30:02.230,4500.0,Soya Oil,210,100.0,37.35,37.75,Production Recipes,10,
Server2,65B62FE0-0245-4465-B9EC-844882E3E360,9EB5AAF9-4EC2-4BC1-B78F-A2C697BCE705,4,BROILER GROWER605 4,BROILER GROWER,2026-07-22 10:17:37.263,2026-07-22 11:28:58.307,2026-07-22 11:30:02.230,4500.0,TermiN-8,33,100.0,6.75,0.0,Production Recipes,6,
Server2,1A0A7475-5503-4FA1-B3FF-0544A13B8056,9EB5AAF9-4EC2-4BC1-B78F-A2C697BCE705,4,BROILER GROWER605 5,BROILER GROWER,2026-07-22 10:17:39.233,2026-07-22 11:34:28.377,2026-07-22 11:35:32.317,4500.0,BETAIN HCL,142,100.0,2.25,2.343751,Production Recipes,1,
Server2,1A0A7475-5503-4FA1-B3FF-0544A13B8056,9EB5AAF9-4EC2-4BC1-B78F-A2C697BCE705,4,BROILER GROWER605 5,BROILER GROWER,2026-07-22 10:17:39.233,2026-07-22 11:34:28.377,2026-07-22 11:35:32.317,4500.0,BIOSTRONG 510,140,100.0,0.675,0.7407409,Production Recipes,1,
Server2,1A0A7475-5503-4FA1-B3FF-0544A13B8056,9EB5AAF9-4EC2-4BC1-B78F-A2C697BCE705,4,BROILER GROWER605 5,BROILER GROWER,2026-07-22 10:17:39.233,2026-07-22 11:34:28.377,2026-07-22 11:35:32.317,4500.0,Broiler Mineral Mix,31,100.0,4.05,5.295139,Production Recipes,1,
Server2,1A0A7475-5503-4FA1-B3FF-0544A13B8056,9EB5AAF9-4EC2-4BC1-B78F-A2C697BCE705,4,BROILER GROWER605 5,BROILER GROWER,2026-07-22 10:17:39.233,2026-07-22 11:34:28.377,2026-07-22 11:35:32.317,4500.0,Broiler Starter PX,69,100.0,4.05,5.908566,Production Recipes,1,
Server2,1A0A7475-5503-4FA1-B3FF-0544A13B8056,9EB5AAF9-4EC2-4BC1-B78F-A2C697BCE705,4,BROILER GROWER605 5,BROILER GROWER,2026-07-22 10:17:39.233,2026-07-22 11:34:28.377,2026-07-22 11:35:32.317,4500.0,Choline Chloride 60%,26,100.0,2.7,2.644675,Production Recipes,1,
Server2,1A0A7475-5503-4FA1-B3FF-0544A13B8056,9EB5AAF9-4EC2-4BC1-B78F-A2C697BCE705,4,BROILER GROWER605 5,BROILER GROWER,2026-07-22 10:17:39.233,2026-07-22 11:34:28.377,2026-07-22 11:35:32.317,4500.0,KENZYME PRO,77,100.0,2.7,3.096065,Production Recipes,1,
Server2,1A0A7475-5503-4FA1-B3FF-0544A13B8056,9EB5AAF9-4EC2-4BC1-B78F-A2C697BCE705,4,BROILER GROWER605 5,BROILER GROWER,2026-07-22 10:17:39.233,2026-07-22 11:34:28.377,2026-07-22 11:35:32.317,4500.0,Limestone,113,100.0,55.485,56.07642,Production Recipes,1,
Server2,1A0A7475-5503-4FA1-B3FF-0544A13B8056,9EB5AAF9-4EC2-4BC1-B78F-A2C697BCE705,4,BROILER GROWER605 5,BROILER GROWER,2026-07-22 10:17:39.233,2026-07-22 11:34:28.377,2026-07-22 11:35:32.317,4500.0,LYSOFORTE DRY,30,100.0,0.9,0.9997107,Production Recipes,1,
Server2,1A0A7475-5503-4FA1-B3FF-0544A13B8056,9EB5AAF9-4EC2-4BC1-B78F-A2C697BCE705,4,BROILER GROWER605 5,BROILER GROWER,2026-07-22 10:17:39.233,2026-07-22 11:34:28.377,2026-07-22 11:35:32.317,4500.0,Maize,100,100.0,2679.705,2686.343,Production Recipes,4,
Server2,1A0A7475-5503-4FA1-B3FF-0544A13B8056,9EB5AAF9-4EC2-4BC1-B78F-A2C697BCE705,4,BROILER GROWER605 5,BROILER GROWER,2026-07-22 10:17:39.233,2026-07-22 11:34:28.377,2026-07-22 11:35:32.317,4500.0,Methionine,12,100.0,10.62,11.14005,Production Recipes,1,
Server2,1A0A7475-5503-4FA1-B3FF-0544A13B8056,9EB5AAF9-4EC2-4BC1-B78F-A2C697BCE705,4,BROILER GROWER605 5,BROILER GROWER,2026-07-22 10:17:39.233,2026-07-22 11:34:28.377,2026-07-22 11:35:32.317,4500.0,Monocalcium Phos,204,100.0,38.745,39.0625,Production Recipes,1,
Server2,1A0A7475-5503-4FA1-B3FF-0544A13B8056,9EB5AAF9-4EC2-4BC1-B78F-A2C697BCE705,4,BROILER GROWER605 5,BROILER GROWER,2026-07-22 10:17:39.233,2026-07-22 11:34:28.377,2026-07-22 11:35:32.317,4500.0,NOVELA ECL,6,100.0,0.45,0.5902778,Production Recipes,1,
Server2,1A0A7475-5503-4FA1-B3FF-0544A13B8056,9EB5AAF9-4EC2-4BC1-B78F-A2C697BCE705,4,BROILER GROWER605 5,BROILER GROWER,2026-07-22 10:17:39.233,2026-07-22 11:34:28.377,2026-07-22 11:35:32.317,4500.0,Provi Oxi Stop,21,100.0,0.45,0.0,Production Recipes,1,
Server2,1A0A7475-5503-4FA1-B3FF-0544A13B8056,9EB5AAF9-4EC2-4BC1-B78F-A2C697BCE705,4,BROILER GROWER605 5,BROILER GROWER,2026-07-22 10:17:39.233,2026-07-22 11:34:28.377,2026-07-22 11:35:32.317,4500.0,Rovabio P10,176,100.0,2.25,2.835649,Production Recipes,1,
Server2,1A0A7475-5503-4FA1-B3FF-0544A13B8056,9EB5AAF9-4EC2-4BC1-B78F-A2C697BCE705,4,BROILER GROWER605 5,BROILER GROWER,2026-07-22 10:17:39.233,2026-07-22 11:34:28.377,2026-07-22 11:35:32.317,4500.0,Sacox (500g),91,100.0,2.25,3.275463,Production Recipes,1,
Server2,1A0A7475-5503-4FA1-B3FF-0544A13B8056,9EB5AAF9-4EC2-4BC1-B78F-A2C697BCE705,4,BROILER GROWER605 5,BROILER GROWER,2026-07-22 10:17:39.233,2026-07-22 11:34:28.377,2026-07-22 11:35:32.317,4500.0,Salt,202,100.0,12.96,14.03356,Production Recipes,1,
Server2,1A0A7475-5503-4FA1-B3FF-0544A13B8056,9EB5AAF9-4EC2-4BC1-B78F-A2C697BCE705,4,BROILER GROWER605 5,BROILER GROWER,2026-07-22 10:17:39.233,2026-07-22 11:34:28.377,2026-07-22 11:35:32.317,4500.0,SOLIS,124,100.0,6.75,7.2772,Production Recipes,1,
Server2,1A0A7475-5503-4FA1-B3FF-0544A13B8056,9EB5AAF9-4EC2-4BC1-B78F-A2C697BCE705,4,BROILER GROWER605 5,BROILER GROWER,2026-07-22 10:17:39.233,2026-07-22 11:34:28.377,2026-07-22 11:35:32.317,4500.0,SOUDIOM Bicarbon,35,100.0,8.955,10.12731,Production Recipes,1,
Server2,1A0A7475-5503-4FA1-B3FF-0544A13B8056,9EB5AAF9-4EC2-4BC1-B78F-A2C697BCE705,4,BROILER GROWER605 5,BROILER GROWER,2026-07-22 10:17:39.233,2026-07-22 11:34:28.377,2026-07-22 11:35:32.317,4500.0,SOYA-,105,100.0,1619.145,1624.566,Production Recipes,1,
Server2,1A0A7475-5503-4FA1-B3FF-0544A13B8056,9EB5AAF9-4EC2-4BC1-B78F-A2C697BCE705,4,BROILER GROWER605 5,BROILER GROWER,2026-07-22 10:17:39.233,2026-07-22 11:34:28.377,2026-07-22 11:35:32.317,4500.0,Soya Oil,210,100.0,37.35,37.75,Production Recipes,10,
Server2,1A0A7475-5503-4FA1-B3FF-0544A13B8056,9EB5AAF9-4EC2-4BC1-B78F-A2C697BCE705,4,BROILER GROWER605 5,BROILER GROWER,2026-07-22 10:17:39.233,2026-07-22 11:34:28.377,2026-07-22 11:35:32.317,4500.0,TermiN-8,33,100.0,6.75,0.0,Production Recipes,6,
Server2,F390DF94-8DE1-401E-AF9D-6944206EBF10,9EB5AAF9-4EC2-4BC1-B78F-A2C697BCE705,4,BROILER FINISHER 601 1,BROILER FINISHER BAG,2026-07-22 11:15:55.963,2026-07-22 11:40:33.893,2026-07-22 11:41:37.993,4500.0,BETAIN HCL,142,100.0,2.25,2.65625,Production Recipes,1,
Server2,F390DF94-8DE1-401E-AF9D-6944206EBF10,9EB5AAF9-4EC2-4BC1-B78F-A2C697BCE705,4,BROILER FINISHER 601 1,BROILER FINISHER BAG,2026-07-22 11:15:55.963,2026-07-22 11:40:33.893,2026-07-22 11:41:37.993,4500.0,BIOSTRONG 510,140,100.0,0.675,0.6105324,Production Recipes,1,
Server2,F390DF94-8DE1-401E-AF9D-6944206EBF10,9EB5AAF9-4EC2-4BC1-B78F-A2C697BCE705,4,BROILER FINISHER 601 1,BROILER FINISHER BAG,2026-07-22 11:15:55.963,2026-07-22 11:40:33.893,2026-07-22 11:41:37.993,4500.0,Broiler Mineral Mix,31,100.0,4.05,5.005787,Production Recipes,1,
Server2,F390DF94-8DE1-401E-AF9D-6944206EBF10,9EB5AAF9-4EC2-4BC1-B78F-A2C697BCE705,4,BROILER FINISHER 601 1,BROILER FINISHER BAG,2026-07-22 11:15:55.963,2026-07-22 11:40:33.893,2026-07-22 11:41:37.993,4500.0,Broiler Starter PX,69,100.0,4.05,5.619213,Production Recipes,1,
Server2,F390DF94-8DE1-401E-AF9D-6944206EBF10,9EB5AAF9-4EC2-4BC1-B78F-A2C697BCE705,4,BROILER FINISHER 601 1,BROILER FINISHER BAG,2026-07-22 11:15:55.963,2026-07-22 11:40:33.893,2026-07-22 11:41:37.993,4500.0,Choline Chloride 60%,26,100.0,2.7,0.01157427,Production Recipes,1,
Server2,F390DF94-8DE1-401E-AF9D-6944206EBF10,9EB5AAF9-4EC2-4BC1-B78F-A2C697BCE705,4,BROILER FINISHER 601 1,BROILER FINISHER BAG,2026-07-22 11:15:55.963,2026-07-22 11:40:33.893,2026-07-22 11:41:37.993,4500.0,KENZYME PRO,77,100.0,2.7,3.009259,Production Recipes,1,
Server2,F390DF94-8DE1-401E-AF9D-6944206EBF10,9EB5AAF9-4EC2-4BC1-B78F-A2C697BCE705,4,BROILER FINISHER 601 1,BROILER FINISHER BAG,2026-07-22 11:15:55.963,2026-07-22 11:40:33.893,2026-07-22 11:41:37.993,4500.0,Limestone,113,100.0,47.655,49.47925,Production Recipes,1,
Server2,F390DF94-8DE1-401E-AF9D-6944206EBF10,9EB5AAF9-4EC2-4BC1-B78F-A2C697BCE705,4,BROILER FINISHER 601 1,BROILER FINISHER BAG,2026-07-22 11:15:55.963,2026-07-22 11:40:33.893,2026-07-22 11:41:37.993,4500.0,LYSOFORTE DRY,30,100.0,0.9,1.04022,Production Recipes,1,
Server2,F390DF94-8DE1-401E-AF9D-6944206EBF10,9EB5AAF9-4EC2-4BC1-B78F-A2C697BCE705,4,BROILER FINISHER 601 1,BROILER FINISHER BAG,2026-07-22 11:15:55.963,2026-07-22 11:40:33.893,2026-07-22 11:41:37.993,4500.0,Maize,100,100.0,2877.075,2891.638,Production Recipes,4,
Server2,F390DF94-8DE1-401E-AF9D-6944206EBF10,9EB5AAF9-4EC2-4BC1-B78F-A2C697BCE705,4,BROILER FINISHER 601 1,BROILER FINISHER BAG,2026-07-22 11:15:55.963,2026-07-22 11:40:33.893,2026-07-22 11:41:37.993,4500.0,Methionine,12,100.0,9.72,10.12732,Production Recipes,1,
Server2,F390DF94-8DE1-401E-AF9D-6944206EBF10,9EB5AAF9-4EC2-4BC1-B78F-A2C697BCE705,4,BROILER FINISHER 601 1,BROILER FINISHER BAG,2026-07-22 11:15:55.963,2026-07-22 11:40:33.893,2026-07-22 11:41:37.993,4500.0,Monocalcium Phos,204,100.0,31.14,31.10532,Production Recipes,1,
Server2,F390DF94-8DE1-401E-AF9D-6944206EBF10,9EB5AAF9-4EC2-4BC1-B78F-A2C697BCE705,4,BROILER FINISHER 601 1,BROILER FINISHER BAG,2026-07-22 11:15:55.963,2026-07-22 11:40:33.893,2026-07-22 11:41:37.993,4500.0,NOVELA ECL,6,100.0,0.45,0.5193866,Production Recipes,1,
Server2,F390DF94-8DE1-401E-AF9D-6944206EBF10,9EB5AAF9-4EC2-4BC1-B78F-A2C697BCE705,4,BROILER FINISHER 601 1,BROILER FINISHER BAG,2026-07-22 11:15:55.963,2026-07-22 11:40:33.893,2026-07-22 11:41:37.993,4500.0,Rovabio P10,176,100.0,2.25,2.5,Production Recipes,1,
Server2,F390DF94-8DE1-401E-AF9D-6944206EBF10,9EB5AAF9-4EC2-4BC1-B78F-A2C697BCE705,4,BROILER FINISHER 601 1,BROILER FINISHER BAG,2026-07-22 11:15:55.963,2026-07-22 11:40:33.893,2026-07-22 11:41:37.993,4500.0,Salt,202,100.0,13.635,15.0463,Production Recipes,1,
Server2,F390DF94-8DE1-401E-AF9D-6944206EBF10,9EB5AAF9-4EC2-4BC1-B78F-A2C697BCE705,4,BROILER FINISHER 601 1,BROILER FINISHER BAG,2026-07-22 11:15:55.963,2026-07-22 11:40:33.893,2026-07-22 11:41:37.993,4500.0,SOLIS,124,100.0,6.75,7.421875,Production Recipes,1,
Server2,F390DF94-8DE1-401E-AF9D-6944206EBF10,9EB5AAF9-4EC2-4BC1-B78F-A2C697BCE705,4,BROILER FINISHER 601 1,BROILER FINISHER BAG,2026-07-22 11:15:55.963,2026-07-22 11:40:33.893,2026-07-22 11:41:37.993,4500.0,SOUDIOM Bicarbon,35,100.0,8.145,9.982639,Production Recipes,1,
Server2,F390DF94-8DE1-401E-AF9D-6944206EBF10,9EB5AAF9-4EC2-4BC1-B78F-A2C697BCE705,4,BROILER FINISHER 601 1,BROILER FINISHER BAG,2026-07-22 11:15:55.963,2026-07-22 11:40:33.893,2026-07-22 11:41:37.993,4500.0,SOYA-,105,100.0,1443.105,1438.194,Production Recipes,1,
Server2,F390DF94-8DE1-401E-AF9D-6944206EBF10,9EB5AAF9-4EC2-4BC1-B78F-A2C697BCE705,4,BROILER FINISHER 601 1,BROILER FINISHER BAG,2026-07-22 11:15:55.963,2026-07-22 11:40:33.893,2026-07-22 11:41:37.993,4500.0,Soya Oil,210,100.0,37.35,37.75,Production Recipes,10,
Server2,F390DF94-8DE1-401E-AF9D-6944206EBF10,9EB5AAF9-4EC2-4BC1-B78F-A2C697BCE705,4,BROILER FINISHER 601 1,BROILER FINISHER BAG,2026-07-22 11:15:55.963,2026-07-22 11:40:33.893,2026-07-22 11:41:37.993,4500.0,TermiN-8,33,100.0,4.5,0.0,Production Recipes,6,
Server2,EC2C0DD5-DBB4-4CD9-A883-20B208387127,9EB5AAF9-4EC2-4BC1-B78F-A2C697BCE705,4,BROILER FINISHER 601 2,BROILER FINISHER BAG,2026-07-22 11:16:29.400,2026-07-22 11:43:29.187,2026-07-22 11:44:32.780,4500.0,BETAIN HCL,142,100.0,2.25,3.229167,Production Recipes,1,
Server2,EC2C0DD5-DBB4-4CD9-A883-20B208387127,9EB5AAF9-4EC2-4BC1-B78F-A2C697BCE705,4,BROILER FINISHER 601 2,BROILER FINISHER BAG,2026-07-22 11:16:29.400,2026-07-22 11:43:29.187,2026-07-22 11:44:32.780,4500.0,BIOSTRONG 510,140,100.0,0.675,0.7899306,Production Recipes,1,
Server2,EC2C0DD5-DBB4-4CD9-A883-20B208387127,9EB5AAF9-4EC2-4BC1-B78F-A2C697BCE705,4,BROILER FINISHER 601 2,BROILER FINISHER BAG,2026-07-22 11:16:29.400,2026-07-22 11:43:29.187,2026-07-22 11:44:32.780,4500.0,Broiler Mineral Mix,31,100.0,4.05,6.365741,Production Recipes,1,
Server2,EC2C0DD5-DBB4-4CD9-A883-20B208387127,9EB5AAF9-4EC2-4BC1-B78F-A2C697BCE705,4,BROILER FINISHER 601 2,BROILER FINISHER BAG,2026-07-22 11:16:29.400,2026-07-22 11:43:29.187,2026-07-22 11:44:32.780,4500.0,Broiler Starter PX,69,100.0,4.05,5.329862,Production Recipes,1,
Server2,EC2C0DD5-DBB4-4CD9-A883-20B208387127,9EB5AAF9-4EC2-4BC1-B78F-A2C697BCE705,4,BROILER FINISHER 601 2,BROILER FINISHER BAG,2026-07-22 11:16:29.400,2026-07-22 11:43:29.187,2026-07-22 11:44:32.780,4500.0,Choline Chloride 60%,26,100.0,2.7,2.430556,Production Recipes,1,
Server2,EC2C0DD5-DBB4-4CD9-A883-20B208387127,9EB5AAF9-4EC2-4BC1-B78F-A2C697BCE705,4,BROILER FINISHER 601 2,BROILER FINISHER BAG,2026-07-22 11:16:29.400,2026-07-22 11:43:29.187,2026-07-22 11:44:32.780,4500.0,KENZYME PRO,77,100.0,2.7,3.153934,Production Recipes,1,
Server2,EC2C0DD5-DBB4-4CD9-A883-20B208387127,9EB5AAF9-4EC2-4BC1-B78F-A2C697BCE705,4,BROILER FINISHER 601 2,BROILER FINISHER BAG,2026-07-22 11:16:29.400,2026-07-22 11:43:29.187,2026-07-22 11:44:32.780,4500.0,Limestone,113,100.0,47.655,47.82983,Production Recipes,1,
Server2,EC2C0DD5-DBB4-4CD9-A883-20B208387127,9EB5AAF9-4EC2-4BC1-B78F-A2C697BCE705,4,BROILER FINISHER 601 2,BROILER FINISHER BAG,2026-07-22 11:16:29.400,2026-07-22 11:43:29.187,2026-07-22 11:44:32.780,4500.0,LYSOFORTE DRY,30,100.0,0.9,0.8608218,Production Recipes,1,
Server2,EC2C0DD5-DBB4-4CD9-A883-20B208387127,9EB5AAF9-4EC2-4BC1-B78F-A2C697BCE705,4,BROILER FINISHER 601 2,BROILER FINISHER BAG,2026-07-22 11:16:29.400,2026-07-22 11:43:29.187,2026-07-22 11:44:32.780,4500.0,Maize,100,100.0,2877.075,2874.132,Production Recipes,4,
Server2,EC2C0DD5-DBB4-4CD9-A883-20B208387127,9EB5AAF9-4EC2-4BC1-B78F-A2C697BCE705,4,BROILER FINISHER 601 2,BROILER FINISHER BAG,2026-07-22 11:16:29.400,2026-07-22 11:43:29.187,2026-07-22 11:44:32.780,4500.0,Methionine,12,100.0,9.72,10.12732,Production Recipes,1,
Server2,EC2C0DD5-DBB4-4CD9-A883-20B208387127,9EB5AAF9-4EC2-4BC1-B78F-A2C697BCE705,4,BROILER FINISHER 601 2,BROILER FINISHER BAG,2026-07-22 11:16:29.400,2026-07-22 11:43:29.187,2026-07-22 11:44:32.780,4500.0,Monocalcium Phos,204,100.0,31.14,31.10532,Production Recipes,1,
Server2,EC2C0DD5-DBB4-4CD9-A883-20B208387127,9EB5AAF9-4EC2-4BC1-B78F-A2C697BCE705,4,BROILER FINISHER 601 2,BROILER FINISHER BAG,2026-07-22 11:16:29.400,2026-07-22 11:43:29.187,2026-07-22 11:44:32.780,4500.0,NOVELA ECL,6,100.0,0.45,0.4788774,Production Recipes,1,
Server2,EC2C0DD5-DBB4-4CD9-A883-20B208387127,9EB5AAF9-4EC2-4BC1-B78F-A2C697BCE705,4,BROILER FINISHER 601 2,BROILER FINISHER BAG,2026-07-22 11:16:29.400,2026-07-22 11:43:29.187,2026-07-22 11:44:32.780,4500.0,Rovabio P10,176,100.0,2.25,3.148149,Production Recipes,1,
Server2,EC2C0DD5-DBB4-4CD9-A883-20B208387127,9EB5AAF9-4EC2-4BC1-B78F-A2C697BCE705,4,BROILER FINISHER 601 2,BROILER FINISHER BAG,2026-07-22 11:16:29.400,2026-07-22 11:43:29.187,2026-07-22 11:44:32.780,4500.0,Salt,202,100.0,13.635,18.95255,Production Recipes,1,
Server2,EC2C0DD5-DBB4-4CD9-A883-20B208387127,9EB5AAF9-4EC2-4BC1-B78F-A2C697BCE705,4,BROILER FINISHER 601 2,BROILER FINISHER BAG,2026-07-22 11:16:29.400,2026-07-22 11:43:29.187,2026-07-22 11:44:32.780,4500.0,SOLIS,124,100.0,6.75,7.291666,Production Recipes,1,
Server2,EC2C0DD5-DBB4-4CD9-A883-20B208387127,9EB5AAF9-4EC2-4BC1-B78F-A2C697BCE705,4,BROILER FINISHER 601 2,BROILER FINISHER BAG,2026-07-22 11:16:29.400,2026-07-22 11:43:29.187,2026-07-22 11:44:32.780,4500.0,SOUDIOM Bicarbon,35,100.0,8.145,3.038193,Production Recipes,1,
Server2,EC2C0DD5-DBB4-4CD9-A883-20B208387127,9EB5AAF9-4EC2-4BC1-B78F-A2C697BCE705,4,BROILER FINISHER 601 2,BROILER FINISHER BAG,2026-07-22 11:16:29.400,2026-07-22 11:43:29.187,2026-07-22 11:44:32.780,4500.0,SOYA-,105,100.0,1443.105,1448.64,Production Recipes,1,
Server2,EC2C0DD5-DBB4-4CD9-A883-20B208387127,9EB5AAF9-4EC2-4BC1-B78F-A2C697BCE705,4,BROILER FINISHER 601 2,BROILER FINISHER BAG,2026-07-22 11:16:29.400,2026-07-22 11:43:29.187,2026-07-22 11:44:32.780,4500.0,Soya Oil,210,100.0,37.35,37.75,Production Recipes,10,
Server2,EC2C0DD5-DBB4-4CD9-A883-20B208387127,9EB5AAF9-4EC2-4BC1-B78F-A2C697BCE705,4,BROILER FINISHER 601 2,BROILER FINISHER BAG,2026-07-22 11:16:29.400,2026-07-22 11:43:29.187,2026-07-22 11:44:32.780,4500.0,TermiN-8,33,100.0,4.5,0.0,Production Recipes,6,
Server2,467710D0-93A6-419C-993F-D456D7760DD0,9EB5AAF9-4EC2-4BC1-B78F-A2C697BCE705,4,BROILER STARTER603 1,BROILER STARTER,2026-07-22 11:16:31.400,2026-07-22 11:50:25.280,2026-07-22 11:51:29.003,4500.0,BETAIN HCL,142,100.0,2.25,2.864583,Production Recipes,1,
Server2,467710D0-93A6-419C-993F-D456D7760DD0,9EB5AAF9-4EC2-4BC1-B78F-A2C697BCE705,4,BROILER STARTER603 1,BROILER STARTER,2026-07-22 11:16:31.400,2026-07-22 11:50:25.280,2026-07-22 11:51:29.003,4500.0,BIOSTRONG 510,140,100.0,0.675,0.619213,Production Recipes,1,
Server2,467710D0-93A6-419C-993F-D456D7760DD0,9EB5AAF9-4EC2-4BC1-B78F-A2C697BCE705,4,BROILER STARTER603 1,BROILER STARTER,2026-07-22 11:16:31.400,2026-07-22 11:50:25.280,2026-07-22 11:51:29.003,4500.0,Broiler Mineral Mix,31,100.0,4.5,5.917245,Production Recipes,1,
Server2,467710D0-93A6-419C-993F-D456D7760DD0,9EB5AAF9-4EC2-4BC1-B78F-A2C697BCE705,4,BROILER STARTER603 1,BROILER STARTER,2026-07-22 11:16:31.400,2026-07-22 11:50:25.280,2026-07-22 11:51:29.003,4500.0,KENZYME PRO,77,100.0,2.7,2.662037,Production Recipes,1,
Server2,467710D0-93A6-419C-993F-D456D7760DD0,9EB5AAF9-4EC2-4BC1-B78F-A2C697BCE705,4,BROILER STARTER603 1,BROILER STARTER,2026-07-22 11:16:31.400,2026-07-22 11:50:25.280,2026-07-22 11:51:29.003,4500.0,Limestone,113,100.0,65.07,70.92017,Production Recipes,1,
Server2,467710D0-93A6-419C-993F-D456D7760DD0,9EB5AAF9-4EC2-4BC1-B78F-A2C697BCE705,4,BROILER STARTER603 1,BROILER STARTER,2026-07-22 11:16:31.400,2026-07-22 11:50:25.280,2026-07-22 11:51:29.003,4500.0,LYSOFORTE DRY,30,100.0,0.9,1.070602,Production Recipes,1,
Server2,467710D0-93A6-419C-993F-D456D7760DD0,9EB5AAF9-4EC2-4BC1-B78F-A2C697BCE705,4,BROILER STARTER603 1,BROILER STARTER,2026-07-22 11:16:31.400,2026-07-22 11:50:25.280,2026-07-22 11:51:29.003,4500.0,Maize,100,100.0,2688.75,2692.708,Production Recipes,4,
Server2,467710D0-93A6-419C-993F-D456D7760DD0,9EB5AAF9-4EC2-4BC1-B78F-A2C697BCE705,4,BROILER STARTER603 1,BROILER STARTER,2026-07-22 11:16:31.400,2026-07-22 11:50:25.280,2026-07-22 11:51:29.003,4500.0,Methionine,12,100.0,13.95,13.16551,Production Recipes,1,
Server2,467710D0-93A6-419C-993F-D456D7760DD0,9EB5AAF9-4EC2-4BC1-B78F-A2C697BCE705,4,BROILER STARTER603 1,BROILER STARTER,2026-07-22 11:16:31.400,2026-07-22 11:50:25.280,2026-07-22 11:51:29.003,4500.0,Monocalcium Phos,204,100.0,42.03,42.10069,Production Recipes,1,
Server2,467710D0-93A6-419C-993F-D456D7760DD0,9EB5AAF9-4EC2-4BC1-B78F-A2C697BCE705,4,BROILER STARTER603 1,BROILER STARTER,2026-07-22 11:16:31.400,2026-07-22 11:50:25.280,2026-07-22 11:51:29.003,4500.0,NOVELA ECL,6,100.0,0.45,0.4499422,Production Recipes,1,
Server2,467710D0-93A6-419C-993F-D456D7760DD0,9EB5AAF9-4EC2-4BC1-B78F-A2C697BCE705,4,BROILER STARTER603 1,BROILER STARTER,2026-07-22 11:16:31.400,2026-07-22 11:50:25.280,2026-07-22 11:51:29.003,4500.0,Provi Oxi Stop,21,100.0,0.45,0.7190394,Production Recipes,1,
Server2,467710D0-93A6-419C-993F-D456D7760DD0,9EB5AAF9-4EC2-4BC1-B78F-A2C697BCE705,4,BROILER STARTER603 1,BROILER STARTER,2026-07-22 11:16:31.400,2026-07-22 11:50:25.280,2026-07-22 11:51:29.003,4500.0,Rovabio P10,176,100.0,2.25,2.853009,Production Recipes,1,
Server2,467710D0-93A6-419C-993F-D456D7760DD0,9EB5AAF9-4EC2-4BC1-B78F-A2C697BCE705,4,BROILER STARTER603 1,BROILER STARTER,2026-07-22 11:16:31.400,2026-07-22 11:50:25.280,2026-07-22 11:51:29.003,4500.0,Sacox (500g),91,100.0,2.25,3.327547,Production Recipes,1,
Server2,467710D0-93A6-419C-993F-D456D7760DD0,9EB5AAF9-4EC2-4BC1-B78F-A2C697BCE705,4,BROILER STARTER603 1,BROILER STARTER,2026-07-22 11:16:31.400,2026-07-22 11:50:25.280,2026-07-22 11:51:29.003,4500.0,Salt,202,100.0,12.105,14.03357,Production Recipes,1,
Server2,467710D0-93A6-419C-993F-D456D7760DD0,9EB5AAF9-4EC2-4BC1-B78F-A2C697BCE705,4,BROILER STARTER603 1,BROILER STARTER,2026-07-22 11:16:31.400,2026-07-22 11:50:25.280,2026-07-22 11:51:29.003,4500.0,SOLIS,124,100.0,6.75,7.306133,Production Recipes,1,
Server2,467710D0-93A6-419C-993F-D456D7760DD0,9EB5AAF9-4EC2-4BC1-B78F-A2C697BCE705,4,BROILER STARTER603 1,BROILER STARTER,2026-07-22 11:16:31.400,2026-07-22 11:50:25.280,2026-07-22 11:51:29.003,4500.0,SOUDIOM Bicarbon,35,100.0,9.81,1.012733,Production Recipes,1,
Server2,467710D0-93A6-419C-993F-D456D7760DD0,9EB5AAF9-4EC2-4BC1-B78F-A2C697BCE705,4,BROILER STARTER603 1,BROILER STARTER,2026-07-22 11:16:31.400,2026-07-22 11:50:25.280,2026-07-22 11:51:29.003,4500.0,SOYA-,105,100.0,1755.0,1758.16,Production Recipes,1,
Server2,467710D0-93A6-419C-993F-D456D7760DD0,9EB5AAF9-4EC2-4BC1-B78F-A2C697BCE705,4,BROILER STARTER603 1,BROILER STARTER,2026-07-22 11:16:31.400,2026-07-22 11:50:25.280,2026-07-22 11:51:29.003,4500.0,Soya Oil,210,100.0,14.58,15.0,Production Recipes,10,
Server2,467710D0-93A6-419C-993F-D456D7760DD0,9EB5AAF9-4EC2-4BC1-B78F-A2C697BCE705,4,BROILER STARTER603 1,BROILER STARTER,2026-07-22 11:16:31.400,2026-07-22 11:50:25.280,2026-07-22 11:51:29.003,4500.0,TermiN-8,33,100.0,6.75,0.0,Production Recipes,6,
Server2,34A58B1A-CC5B-4793-81B2-0131B18F1B87,9EB5AAF9-4EC2-4BC1-B78F-A2C697BCE705,4,BROILER STARTER603 2,BROILER STARTER,2026-07-22 11:16:35.557,2026-07-22 11:54:27.550,2026-07-22 11:55:30.877,4500.0,BETAIN HCL,142,100.0,2.25,2.690972,Production Recipes,1,
Server2,34A58B1A-CC5B-4793-81B2-0131B18F1B87,9EB5AAF9-4EC2-4BC1-B78F-A2C697BCE705,4,BROILER STARTER603 2,BROILER STARTER,2026-07-22 11:16:35.557,2026-07-22 11:54:27.550,2026-07-22 11:55:30.877,4500.0,BIOSTRONG 510,140,100.0,0.675,0.7306135,Production Recipes,1,
Server2,34A58B1A-CC5B-4793-81B2-0131B18F1B87,9EB5AAF9-4EC2-4BC1-B78F-A2C697BCE705,4,BROILER STARTER603 2,BROILER STARTER,2026-07-22 11:16:35.557,2026-07-22 11:54:27.550,2026-07-22 11:55:30.877,4500.0,Broiler Mineral Mix,31,100.0,4.5,6.597222,Production Recipes,1,
Server2,34A58B1A-CC5B-4793-81B2-0131B18F1B87,9EB5AAF9-4EC2-4BC1-B78F-A2C697BCE705,4,BROILER STARTER603 2,BROILER STARTER,2026-07-22 11:16:35.557,2026-07-22 11:54:27.550,2026-07-22 11:55:30.877,4500.0,KENZYME PRO,77,100.0,2.7,3.168403,Production Recipes,1,
Server2,34A58B1A-CC5B-4793-81B2-0131B18F1B87,9EB5AAF9-4EC2-4BC1-B78F-A2C697BCE705,4,BROILER STARTER603 2,BROILER STARTER,2026-07-22 11:16:35.557,2026-07-22 11:54:27.550,2026-07-22 11:55:30.877,4500.0,Limestone,113,100.0,65.07,68.72107,Production Recipes,1,
Server2,34A58B1A-CC5B-4793-81B2-0131B18F1B87,9EB5AAF9-4EC2-4BC1-B78F-A2C697BCE705,4,BROILER STARTER603 2,BROILER STARTER,2026-07-22 11:16:35.557,2026-07-22 11:54:27.550,2026-07-22 11:55:30.877,4500.0,LYSOFORTE DRY,30,100.0,0.9,0.9809029,Production Recipes,1,
Server2,34A58B1A-CC5B-4793-81B2-0131B18F1B87,9EB5AAF9-4EC2-4BC1-B78F-A2C697BCE705,4,BROILER STARTER603 2,BROILER STARTER,2026-07-22 11:16:35.557,2026-07-22 11:54:27.550,2026-07-22 11:55:30.877,4500.0,Maize,100,100.0,2688.75,2687.934,Production Recipes,4,
Server2,34A58B1A-CC5B-4793-81B2-0131B18F1B87,9EB5AAF9-4EC2-4BC1-B78F-A2C697BCE705,4,BROILER STARTER603 2,BROILER STARTER,2026-07-22 11:16:35.557,2026-07-22 11:54:27.550,2026-07-22 11:55:30.877,4500.0,Methionine,12,100.0,13.95,14.03357,Production Recipes,1,
Server2,34A58B1A-CC5B-4793-81B2-0131B18F1B87,9EB5AAF9-4EC2-4BC1-B78F-A2C697BCE705,4,BROILER STARTER603 2,BROILER STARTER,2026-07-22 11:16:35.557,2026-07-22 11:54:27.550,2026-07-22 11:55:30.877,4500.0,Monocalcium Phos,204,100.0,42.03,42.10069,Production Recipes,1,
Server2,34A58B1A-CC5B-4793-81B2-0131B18F1B87,9EB5AAF9-4EC2-4BC1-B78F-A2C697BCE705,4,BROILER STARTER603 2,BROILER STARTER,2026-07-22 11:16:35.557,2026-07-22 11:54:27.550,2026-07-22 11:55:30.877,4500.0,NOVELA ECL,6,100.0,0.45,0.5888311,Production Recipes,1,
Server2,34A58B1A-CC5B-4793-81B2-0131B18F1B87,9EB5AAF9-4EC2-4BC1-B78F-A2C697BCE705,4,BROILER STARTER603 2,BROILER STARTER,2026-07-22 11:16:35.557,2026-07-22 11:54:27.550,2026-07-22 11:55:30.877,4500.0,Provi Oxi Stop,21,100.0,0.45,0.9606481,Production Recipes,1,
Server2,34A58B1A-CC5B-4793-81B2-0131B18F1B87,9EB5AAF9-4EC2-4BC1-B78F-A2C697BCE705,4,BROILER STARTER603 2,BROILER STARTER,2026-07-22 11:16:35.557,2026-07-22 11:54:27.550,2026-07-22 11:55:30.877,4500.0,Rovabio P10,176,100.0,2.25,3.449074,Production Recipes,1,
Server2,34A58B1A-CC5B-4793-81B2-0131B18F1B87,9EB5AAF9-4EC2-4BC1-B78F-A2C697BCE705,4,BROILER STARTER603 2,BROILER STARTER,2026-07-22 11:16:35.557,2026-07-22 11:54:27.550,2026-07-22 11:55:30.877,4500.0,Sacox (500g),91,100.0,2.25,3.078704,Production Recipes,1,
Server2,34A58B1A-CC5B-4793-81B2-0131B18F1B87,9EB5AAF9-4EC2-4BC1-B78F-A2C697BCE705,4,BROILER STARTER603 2,BROILER STARTER,2026-07-22 11:16:35.557,2026-07-22 11:54:27.550,2026-07-22 11:55:30.877,4500.0,Salt,202,100.0,12.105,12.73148,Production Recipes,1,
Server2,34A58B1A-CC5B-4793-81B2-0131B18F1B87,9EB5AAF9-4EC2-4BC1-B78F-A2C697BCE705,4,BROILER STARTER603 2,BROILER STARTER,2026-07-22 11:16:35.557,2026-07-22 11:54:27.550,2026-07-22 11:55:30.877,4500.0,SOLIS,124,100.0,6.75,5.512154,Production Recipes,1,
Server2,34A58B1A-CC5B-4793-81B2-0131B18F1B87,9EB5AAF9-4EC2-4BC1-B78F-A2C697BCE705,4,BROILER STARTER603 2,BROILER STARTER,2026-07-22 11:16:35.557,2026-07-22 11:54:27.550,2026-07-22 11:55:30.877,4500.0,SOUDIOM Bicarbon,35,100.0,9.81,0.0,Production Recipes,1,
Server2,34A58B1A-CC5B-4793-81B2-0131B18F1B87,9EB5AAF9-4EC2-4BC1-B78F-A2C697BCE705,4,BROILER STARTER603 2,BROILER STARTER,2026-07-22 11:16:35.557,2026-07-22 11:54:27.550,2026-07-22 11:55:30.877,4500.0,SOYA-,105,100.0,1755.0,1757.61,Production Recipes,1,
Server2,34A58B1A-CC5B-4793-81B2-0131B18F1B87,9EB5AAF9-4EC2-4BC1-B78F-A2C697BCE705,4,BROILER STARTER603 2,BROILER STARTER,2026-07-22 11:16:35.557,2026-07-22 11:54:27.550,2026-07-22 11:55:30.877,4500.0,Soya Oil,210,100.0,14.58,15.0,Production Recipes,10,
Server2,34A58B1A-CC5B-4793-81B2-0131B18F1B87,9EB5AAF9-4EC2-4BC1-B78F-A2C697BCE705,4,BROILER STARTER603 2,BROILER STARTER,2026-07-22 11:16:35.557,2026-07-22 11:54:27.550,2026-07-22 11:55:30.877,4500.0,TermiN-8,33,100.0,6.75,0.0,Production Recipes,6,
Server2,0FFC58E8-FBD7-4BD6-8D18-D471BF488BCB,9EB5AAF9-4EC2-4BC1-B78F-A2C697BCE705,4,BROILER GROWER605 1,BROILER GROWER,2026-07-22 11:47:30.963,2026-07-22 12:08:33.303,2026-07-22 12:09:38.560,4500.0,BETAIN HCL,142,100.0,2.25,2.459491,Production Recipes,1,
Server2,0FFC58E8-FBD7-4BD6-8D18-D471BF488BCB,9EB5AAF9-4EC2-4BC1-B78F-A2C697BCE705,4,BROILER GROWER605 1,BROILER GROWER,2026-07-22 11:47:30.963,2026-07-22 12:08:33.303,2026-07-22 12:09:38.560,4500.0,BIOSTRONG 510,140,100.0,0.675,0.7899305,Production Recipes,1,
Server2,0FFC58E8-FBD7-4BD6-8D18-D471BF488BCB,9EB5AAF9-4EC2-4BC1-B78F-A2C697BCE705,4,BROILER GROWER605 1,BROILER GROWER,2026-07-22 11:47:30.963,2026-07-22 12:08:33.303,2026-07-22 12:09:38.560,4500.0,Broiler Mineral Mix,31,100.0,4.05,5.338542,Production Recipes,1,
Server2,0FFC58E8-FBD7-4BD6-8D18-D471BF488BCB,9EB5AAF9-4EC2-4BC1-B78F-A2C697BCE705,4,BROILER GROWER605 1,BROILER GROWER,2026-07-22 11:47:30.963,2026-07-22 12:08:33.303,2026-07-22 12:09:38.560,4500.0,Broiler Starter PX,69,100.0,4.05,4.878472,Production Recipes,1,
Server2,0FFC58E8-FBD7-4BD6-8D18-D471BF488BCB,9EB5AAF9-4EC2-4BC1-B78F-A2C697BCE705,4,BROILER GROWER605 1,BROILER GROWER,2026-07-22 11:47:30.963,2026-07-22 12:08:33.303,2026-07-22 12:09:38.560,4500.0,Choline Chloride 60%,26,100.0,2.7,2.476851,Production Recipes,1,
Server2,0FFC58E8-FBD7-4BD6-8D18-D471BF488BCB,9EB5AAF9-4EC2-4BC1-B78F-A2C697BCE705,4,BROILER GROWER605 1,BROILER GROWER,2026-07-22 11:47:30.963,2026-07-22 12:08:33.303,2026-07-22 12:09:38.560,4500.0,KENZYME PRO,77,100.0,2.7,2.922454,Production Recipes,1,
Server2,0FFC58E8-FBD7-4BD6-8D18-D471BF488BCB,9EB5AAF9-4EC2-4BC1-B78F-A2C697BCE705,4,BROILER GROWER605 1,BROILER GROWER,2026-07-22 11:47:30.963,2026-07-22 12:08:33.303,2026-07-22 12:09:38.560,4500.0,Limestone,113,100.0,55.485,64.87268,Production Recipes,1,
Server2,0FFC58E8-FBD7-4BD6-8D18-D471BF488BCB,9EB5AAF9-4EC2-4BC1-B78F-A2C697BCE705,4,BROILER GROWER605 1,BROILER GROWER,2026-07-22 11:47:30.963,2026-07-22 12:08:33.303,2026-07-22 12:09:38.560,4500.0,LYSOFORTE DRY,30,100.0,0.9,0.9100116,Production Recipes,1,
Server2,0FFC58E8-FBD7-4BD6-8D18-D471BF488BCB,9EB5AAF9-4EC2-4BC1-B78F-A2C697BCE705,4,BROILER GROWER605 1,BROILER GROWER,2026-07-22 11:47:30.963,2026-07-22 12:08:33.303,2026-07-22 12:09:38.560,4500.0,Maize,100,100.0,2679.705,2691.117,Production Recipes,4,
Server2,0FFC58E8-FBD7-4BD6-8D18-D471BF488BCB,9EB5AAF9-4EC2-4BC1-B78F-A2C697BCE705,4,BROILER GROWER605 1,BROILER GROWER,2026-07-22 11:47:30.963,2026-07-22 12:08:33.303,2026-07-22 12:09:38.560,4500.0,Methionine,12,100.0,10.62,11.14005,Production Recipes,1,
Server2,0FFC58E8-FBD7-4BD6-8D18-D471BF488BCB,9EB5AAF9-4EC2-4BC1-B78F-A2C697BCE705,4,BROILER GROWER605 1,BROILER GROWER,2026-07-22 11:47:30.963,2026-07-22 12:08:33.303,2026-07-22 12:09:38.560,4500.0,Monocalcium Phos,204,100.0,38.745,39.0625,Production Recipes,1,
Server2,0FFC58E8-FBD7-4BD6-8D18-D471BF488BCB,9EB5AAF9-4EC2-4BC1-B78F-A2C697BCE705,4,BROILER GROWER605 1,BROILER GROWER,2026-07-22 11:47:30.963,2026-07-22 12:08:33.303,2026-07-22 12:09:38.560,4500.0,NOVELA ECL,6,100.0,0.45,0.4904515,Production Recipes,1,
Server2,0FFC58E8-FBD7-4BD6-8D18-D471BF488BCB,9EB5AAF9-4EC2-4BC1-B78F-A2C697BCE705,4,BROILER GROWER605 1,BROILER GROWER,2026-07-22 11:47:30.963,2026-07-22 12:08:33.303,2026-07-22 12:09:38.560,4500.0,Provi Oxi Stop,21,100.0,0.45,1.090857,Production Recipes,1,
Server2,0FFC58E8-FBD7-4BD6-8D18-D471BF488BCB,9EB5AAF9-4EC2-4BC1-B78F-A2C697BCE705,4,BROILER GROWER605 1,BROILER GROWER,2026-07-22 11:47:30.963,2026-07-22 12:08:33.303,2026-07-22 12:09:38.560,4500.0,Rovabio P10,176,100.0,2.25,3.368056,Production Recipes,1,
Server2,0FFC58E8-FBD7-4BD6-8D18-D471BF488BCB,9EB5AAF9-4EC2-4BC1-B78F-A2C697BCE705,4,BROILER GROWER605 1,BROILER GROWER,2026-07-22 11:47:30.963,2026-07-22 12:08:33.303,2026-07-22 12:09:38.560,4500.0,Sacox (500g),91,100.0,2.25,3.142362,Production Recipes,1,
Server2,0FFC58E8-FBD7-4BD6-8D18-D471BF488BCB,9EB5AAF9-4EC2-4BC1-B78F-A2C697BCE705,4,BROILER GROWER605 1,BROILER GROWER,2026-07-22 11:47:30.963,2026-07-22 12:08:33.303,2026-07-22 12:09:38.560,4500.0,Salt,202,100.0,12.96,14.03357,Production Recipes,1,
Server2,0FFC58E8-FBD7-4BD6-8D18-D471BF488BCB,9EB5AAF9-4EC2-4BC1-B78F-A2C697BCE705,4,BROILER GROWER605 1,BROILER GROWER,2026-07-22 11:47:30.963,2026-07-22 12:08:33.303,2026-07-22 12:09:38.560,4500.0,SOLIS,124,100.0,6.75,1.273149,Production Recipes,1,
Server2,0FFC58E8-FBD7-4BD6-8D18-D471BF488BCB,9EB5AAF9-4EC2-4BC1-B78F-A2C697BCE705,4,BROILER GROWER605 1,BROILER GROWER,2026-07-22 11:47:30.963,2026-07-22 12:08:33.303,2026-07-22 12:09:38.560,4500.0,SOUDIOM Bicarbon,35,100.0,8.955,0.0,Production Recipes,1,
Server2,0FFC58E8-FBD7-4BD6-8D18-D471BF488BCB,9EB5AAF9-4EC2-4BC1-B78F-A2C697BCE705,4,BROILER GROWER605 1,BROILER GROWER,2026-07-22 11:47:30.963,2026-07-22 12:08:33.303,2026-07-22 12:09:38.560,4500.0,SOYA-,105,100.0,1619.145,1618.518,Production Recipes,1,
Server2,0FFC58E8-FBD7-4BD6-8D18-D471BF488BCB,9EB5AAF9-4EC2-4BC1-B78F-A2C697BCE705,4,BROILER GROWER605 1,BROILER GROWER,2026-07-22 11:47:30.963,2026-07-22 12:08:33.303,2026-07-22 12:09:38.560,4500.0,Soya Oil,210,100.0,37.35,37.75,Production Recipes,10,
Server2,0FFC58E8-FBD7-4BD6-8D18-D471BF488BCB,9EB5AAF9-4EC2-4BC1-B78F-A2C697BCE705,4,BROILER GROWER605 1,BROILER GROWER,2026-07-22 11:47:30.963,2026-07-22 12:08:33.303,2026-07-22 12:09:38.560,4500.0,TermiN-8,33,100.0,6.75,0.0,Production Recipes,6,
Server2,9F3B3FBD-4FA0-4D04-8D44-1500A3B794A6,9EB5AAF9-4EC2-4BC1-B78F-A2C697BCE705,4,BROILER GROWER605 4,BROILER GROWER,2026-07-22 11:47:49.837,2026-07-22 12:15:28.700,2026-07-22 12:16:33.240,4500.0,BETAIN HCL,142,100.0,2.25,2.702546,Production Recipes,1,
Server2,9F3B3FBD-4FA0-4D04-8D44-1500A3B794A6,9EB5AAF9-4EC2-4BC1-B78F-A2C697BCE705,4,BROILER GROWER605 4,BROILER GROWER,2026-07-22 11:47:49.837,2026-07-22 12:15:28.700,2026-07-22 12:16:33.240,4500.0,BIOSTRONG 510,140,100.0,0.675,0.7204862,Production Recipes,1,
Server2,9F3B3FBD-4FA0-4D04-8D44-1500A3B794A6,9EB5AAF9-4EC2-4BC1-B78F-A2C697BCE705,4,BROILER GROWER605 4,BROILER GROWER,2026-07-22 11:47:49.837,2026-07-22 12:15:28.700,2026-07-22 12:16:33.240,4500.0,Broiler Mineral Mix,31,100.0,4.05,5.309607,Production Recipes,1,
Server2,9F3B3FBD-4FA0-4D04-8D44-1500A3B794A6,9EB5AAF9-4EC2-4BC1-B78F-A2C697BCE705,4,BROILER GROWER605 4,BROILER GROWER,2026-07-22 11:47:49.837,2026-07-22 12:15:28.700,2026-07-22 12:16:33.240,4500.0,Broiler Starter PX,69,100.0,4.05,5.653935,Production Recipes,1,
Server2,9F3B3FBD-4FA0-4D04-8D44-1500A3B794A6,9EB5AAF9-4EC2-4BC1-B78F-A2C697BCE705,4,BROILER GROWER605 4,BROILER GROWER,2026-07-22 11:47:49.837,2026-07-22 12:15:28.700,2026-07-22 12:16:33.240,4500.0,Choline Chloride 60%,26,100.0,2.7,2.604167,Production Recipes,1,
Server2,9F3B3FBD-4FA0-4D04-8D44-1500A3B794A6,9EB5AAF9-4EC2-4BC1-B78F-A2C697BCE705,4,BROILER GROWER605 4,BROILER GROWER,2026-07-22 11:47:49.837,2026-07-22 12:15:28.700,2026-07-22 12:16:33.240,4500.0,KENZYME PRO,77,100.0,2.7,2.879051,Production Recipes,1,
Server2,9F3B3FBD-4FA0-4D04-8D44-1500A3B794A6,9EB5AAF9-4EC2-4BC1-B78F-A2C697BCE705,4,BROILER GROWER605 4,BROILER GROWER,2026-07-22 11:47:49.837,2026-07-22 12:15:28.700,2026-07-22 12:16:33.240,4500.0,Limestone,113,100.0,55.485,61.02429,Production Recipes,1,
Server2,9F3B3FBD-4FA0-4D04-8D44-1500A3B794A6,9EB5AAF9-4EC2-4BC1-B78F-A2C697BCE705,4,BROILER GROWER605 4,BROILER GROWER,2026-07-22 11:47:49.837,2026-07-22 12:15:28.700,2026-07-22 12:16:33.240,4500.0,LYSOFORTE DRY,30,100.0,0.9,1.099537,Production Recipes,1,
Server2,9F3B3FBD-4FA0-4D04-8D44-1500A3B794A6,9EB5AAF9-4EC2-4BC1-B78F-A2C697BCE705,4,BROILER GROWER605 4,BROILER GROWER,2026-07-22 11:47:49.837,2026-07-22 12:15:28.700,2026-07-22 12:16:33.240,4500.0,Maize,100,100.0,2679.705,2689.525,Production Recipes,4,
Server2,9F3B3FBD-4FA0-4D04-8D44-1500A3B794A6,9EB5AAF9-4EC2-4BC1-B78F-A2C697BCE705,4,BROILER GROWER605 4,BROILER GROWER,2026-07-22 11:47:49.837,2026-07-22 12:15:28.700,2026-07-22 12:16:33.240,4500.0,Methionine,12,100.0,10.62,11.14005,Production Recipes,1,
Server2,9F3B3FBD-4FA0-4D04-8D44-1500A3B794A6,9EB5AAF9-4EC2-4BC1-B78F-A2C697BCE705,4,BROILER GROWER605 4,BROILER GROWER,2026-07-22 11:47:49.837,2026-07-22 12:15:28.700,2026-07-22 12:16:33.240,4500.0,Monocalcium Phos,204,100.0,38.745,39.0625,Production Recipes,1,
Server2,9F3B3FBD-4FA0-4D04-8D44-1500A3B794A6,9EB5AAF9-4EC2-4BC1-B78F-A2C697BCE705,4,BROILER GROWER605 4,BROILER GROWER,2026-07-22 11:47:49.837,2026-07-22 12:15:28.700,2026-07-22 12:16:33.240,4500.0,NOVELA ECL,6,100.0,0.45,0.5700232,Production Recipes,1,
Server2,9F3B3FBD-4FA0-4D04-8D44-1500A3B794A6,9EB5AAF9-4EC2-4BC1-B78F-A2C697BCE705,4,BROILER GROWER605 4,BROILER GROWER,2026-07-22 11:47:49.837,2026-07-22 12:15:28.700,2026-07-22 12:16:33.240,4500.0,Provi Oxi Stop,21,100.0,0.45,1.04022,Production Recipes,1,
Server2,9F3B3FBD-4FA0-4D04-8D44-1500A3B794A6,9EB5AAF9-4EC2-4BC1-B78F-A2C697BCE705,4,BROILER GROWER605 4,BROILER GROWER,2026-07-22 11:47:49.837,2026-07-22 12:15:28.700,2026-07-22 12:16:33.240,4500.0,Rovabio P10,176,100.0,2.25,2.899305,Production Recipes,1,
Server2,9F3B3FBD-4FA0-4D04-8D44-1500A3B794A6,9EB5AAF9-4EC2-4BC1-B78F-A2C697BCE705,4,BROILER GROWER605 4,BROILER GROWER,2026-07-22 11:47:49.837,2026-07-22 12:15:28.700,2026-07-22 12:16:33.240,4500.0,Sacox (500g),91,100.0,2.25,3.287037,Production Recipes,1,
Server2,9F3B3FBD-4FA0-4D04-8D44-1500A3B794A6,9EB5AAF9-4EC2-4BC1-B78F-A2C697BCE705,4,BROILER GROWER605 4,BROILER GROWER,2026-07-22 11:47:49.837,2026-07-22 12:15:28.700,2026-07-22 12:16:33.240,4500.0,Salt,202,100.0,12.96,13.02083,Production Recipes,1,
Server2,9F3B3FBD-4FA0-4D04-8D44-1500A3B794A6,9EB5AAF9-4EC2-4BC1-B78F-A2C697BCE705,4,BROILER GROWER605 4,BROILER GROWER,2026-07-22 11:47:49.837,2026-07-22 12:15:28.700,2026-07-22 12:16:33.240,4500.0,SOLIS,124,100.0,6.75,8.260995,Production Recipes,1,
Server2,9F3B3FBD-4FA0-4D04-8D44-1500A3B794A6,9EB5AAF9-4EC2-4BC1-B78F-A2C697BCE705,4,BROILER GROWER605 4,BROILER GROWER,2026-07-22 11:47:49.837,2026-07-22 12:15:28.700,2026-07-22 12:16:33.240,4500.0,SOUDIOM Bicarbon,35,100.0,8.955,0.0,Production Recipes,1,
Server2,9F3B3FBD-4FA0-4D04-8D44-1500A3B794A6,9EB5AAF9-4EC2-4BC1-B78F-A2C697BCE705,4,BROILER GROWER605 4,BROILER GROWER,2026-07-22 11:47:49.837,2026-07-22 12:15:28.700,2026-07-22 12:16:33.240,4500.0,SOYA-,105,100.0,1619.145,1619.618,Production Recipes,1,
Server2,9F3B3FBD-4FA0-4D04-8D44-1500A3B794A6,9EB5AAF9-4EC2-4BC1-B78F-A2C697BCE705,4,BROILER GROWER605 4,BROILER GROWER,2026-07-22 11:47:49.837,2026-07-22 12:15:28.700,2026-07-22 12:16:33.240,4500.0,Soya Oil,210,100.0,37.35,37.75,Production Recipes,10,
Server2,9F3B3FBD-4FA0-4D04-8D44-1500A3B794A6,9EB5AAF9-4EC2-4BC1-B78F-A2C697BCE705,4,BROILER GROWER605 4,BROILER GROWER,2026-07-22 11:47:49.837,2026-07-22 12:15:28.700,2026-07-22 12:16:33.240,4500.0,TermiN-8,33,100.0,6.75,0.0,Production Recipes,6,
Server2,628F33B0-E8E0-4CC4-A27F-55E3B0ECC6A1,9EB5AAF9-4EC2-4BC1-B78F-A2C697BCE705,4,BROILER GROWER605 2,BROILER GROWER,2026-07-22 11:47:51.823,2026-07-22 12:20:58.793,2026-07-22 12:22:03.067,4500.0,BETAIN HCL,142,100.0,2.25,2.893518,Production Recipes,1,
Server2,628F33B0-E8E0-4CC4-A27F-55E3B0ECC6A1,9EB5AAF9-4EC2-4BC1-B78F-A2C697BCE705,4,BROILER GROWER605 2,BROILER GROWER,2026-07-22 11:47:51.823,2026-07-22 12:20:58.793,2026-07-22 12:22:03.067,4500.0,BIOSTRONG 510,140,100.0,0.675,0.7306134,Production Recipes,1,
Server2,628F33B0-E8E0-4CC4-A27F-55E3B0ECC6A1,9EB5AAF9-4EC2-4BC1-B78F-A2C697BCE705,4,BROILER GROWER605 2,BROILER GROWER,2026-07-22 11:47:51.823,2026-07-22 12:20:58.793,2026-07-22 12:22:03.067,4500.0,Broiler Mineral Mix,31,100.0,4.05,5.280671,Production Recipes,1,
Server2,628F33B0-E8E0-4CC4-A27F-55E3B0ECC6A1,9EB5AAF9-4EC2-4BC1-B78F-A2C697BCE705,4,BROILER GROWER605 2,BROILER GROWER,2026-07-22 11:47:51.823,2026-07-22 12:20:58.793,2026-07-22 12:22:03.067,4500.0,Broiler Starter PX,69,100.0,4.05,5.173612,Production Recipes,1,
Server2,628F33B0-E8E0-4CC4-A27F-55E3B0ECC6A1,9EB5AAF9-4EC2-4BC1-B78F-A2C697BCE705,4,BROILER GROWER605 2,BROILER GROWER,2026-07-22 11:47:51.823,2026-07-22 12:20:58.793,2026-07-22 12:22:03.067,4500.0,Choline Chloride 60%,26,100.0,2.7,3.049768,Production Recipes,1,
Server2,628F33B0-E8E0-4CC4-A27F-55E3B0ECC6A1,9EB5AAF9-4EC2-4BC1-B78F-A2C697BCE705,4,BROILER GROWER605 2,BROILER GROWER,2026-07-22 11:47:51.823,2026-07-22 12:20:58.793,2026-07-22 12:22:03.067,4500.0,KENZYME PRO,77,100.0,2.7,3.226274,Production Recipes,1,
Server2,628F33B0-E8E0-4CC4-A27F-55E3B0ECC6A1,9EB5AAF9-4EC2-4BC1-B78F-A2C697BCE705,4,BROILER GROWER605 2,BROILER GROWER,2026-07-22 11:47:51.823,2026-07-22 12:20:58.793,2026-07-22 12:22:03.067,4500.0,Limestone,113,100.0,55.485,62.67358,Production Recipes,1,
Server2,628F33B0-E8E0-4CC4-A27F-55E3B0ECC6A1,9EB5AAF9-4EC2-4BC1-B78F-A2C697BCE705,4,BROILER GROWER605 2,BROILER GROWER,2026-07-22 11:47:51.823,2026-07-22 12:20:58.793,2026-07-22 12:22:03.067,4500.0,LYSOFORTE DRY,30,100.0,0.9,0.9100116,Production Recipes,1,
Server2,628F33B0-E8E0-4CC4-A27F-55E3B0ECC6A1,9EB5AAF9-4EC2-4BC1-B78F-A2C697BCE705,4,BROILER GROWER605 2,BROILER GROWER,2026-07-22 11:47:51.823,2026-07-22 12:20:58.793,2026-07-22 12:22:03.067,4500.0,Maize,100,100.0,2679.705,2681.568,Production Recipes,4,
Server2,628F33B0-E8E0-4CC4-A27F-55E3B0ECC6A1,9EB5AAF9-4EC2-4BC1-B78F-A2C697BCE705,4,BROILER GROWER605 2,BROILER GROWER,2026-07-22 11:47:51.823,2026-07-22 12:20:58.793,2026-07-22 12:22:03.067,4500.0,Methionine,12,100.0,10.62,9.982639,Production Recipes,1,
Server2,628F33B0-E8E0-4CC4-A27F-55E3B0ECC6A1,9EB5AAF9-4EC2-4BC1-B78F-A2C697BCE705,4,BROILER GROWER605 2,BROILER GROWER,2026-07-22 11:47:51.823,2026-07-22 12:20:58.793,2026-07-22 12:22:03.067,4500.0,Monocalcium Phos,204,100.0,38.745,39.0625,Production Recipes,1,
Server2,628F33B0-E8E0-4CC4-A27F-55E3B0ECC6A1,9EB5AAF9-4EC2-4BC1-B78F-A2C697BCE705,4,BROILER GROWER605 2,BROILER GROWER,2026-07-22 11:47:51.823,2026-07-22 12:20:58.793,2026-07-22 12:22:03.067,4500.0,NOVELA ECL,6,100.0,0.45,0.5598959,Production Recipes,1,
Server2,628F33B0-E8E0-4CC4-A27F-55E3B0ECC6A1,9EB5AAF9-4EC2-4BC1-B78F-A2C697BCE705,4,BROILER GROWER605 2,BROILER GROWER,2026-07-22 11:47:51.823,2026-07-22 12:20:58.793,2026-07-22 12:22:03.067,4500.0,Provi Oxi Stop,21,100.0,0.45,1.019965,Production Recipes,1,
Server2,628F33B0-E8E0-4CC4-A27F-55E3B0ECC6A1,9EB5AAF9-4EC2-4BC1-B78F-A2C697BCE705,4,BROILER GROWER605 2,BROILER GROWER,2026-07-22 11:47:51.823,2026-07-22 12:20:58.793,2026-07-22 12:22:03.067,4500.0,Rovabio P10,176,100.0,2.25,2.731482,Production Recipes,1,
Server2,628F33B0-E8E0-4CC4-A27F-55E3B0ECC6A1,9EB5AAF9-4EC2-4BC1-B78F-A2C697BCE705,4,BROILER GROWER605 2,BROILER GROWER,2026-07-22 11:47:51.823,2026-07-22 12:20:58.793,2026-07-22 12:22:03.067,4500.0,Sacox (500g),91,100.0,2.25,3.269676,Production Recipes,1,
Server2,628F33B0-E8E0-4CC4-A27F-55E3B0ECC6A1,9EB5AAF9-4EC2-4BC1-B78F-A2C697BCE705,4,BROILER GROWER605 2,BROILER GROWER,2026-07-22 11:47:51.823,2026-07-22 12:20:58.793,2026-07-22 12:22:03.067,4500.0,Salt,202,100.0,12.96,13.02083,Production Recipes,1,
Server2,628F33B0-E8E0-4CC4-A27F-55E3B0ECC6A1,9EB5AAF9-4EC2-4BC1-B78F-A2C697BCE705,4,BROILER GROWER605 2,BROILER GROWER,2026-07-22 11:47:51.823,2026-07-22 12:20:58.793,2026-07-22 12:22:03.067,4500.0,SOLIS,124,100.0,6.75,7.060184,Production Recipes,1,
Server2,628F33B0-E8E0-4CC4-A27F-55E3B0ECC6A1,9EB5AAF9-4EC2-4BC1-B78F-A2C697BCE705,4,BROILER GROWER605 2,BROILER GROWER,2026-07-22 11:47:51.823,2026-07-22 12:20:58.793,2026-07-22 12:22:03.067,4500.0,SOUDIOM Bicarbon,35,100.0,8.955,0.0,Production Recipes,1,
Server2,628F33B0-E8E0-4CC4-A27F-55E3B0ECC6A1,9EB5AAF9-4EC2-4BC1-B78F-A2C697BCE705,4,BROILER GROWER605 2,BROILER GROWER,2026-07-22 11:47:51.823,2026-07-22 12:20:58.793,2026-07-22 12:22:03.067,4500.0,SOYA-,105,100.0,1619.145,1613.571,Production Recipes,1,
Server2,628F33B0-E8E0-4CC4-A27F-55E3B0ECC6A1,9EB5AAF9-4EC2-4BC1-B78F-A2C697BCE705,4,BROILER GROWER605 2,BROILER GROWER,2026-07-22 11:47:51.823,2026-07-22 12:20:58.793,2026-07-22 12:22:03.067,4500.0,Soya Oil,210,100.0,37.35,37.75,Production Recipes,10,
Server2,628F33B0-E8E0-4CC4-A27F-55E3B0ECC6A1,9EB5AAF9-4EC2-4BC1-B78F-A2C697BCE705,4,BROILER GROWER605 2,BROILER GROWER,2026-07-22 11:47:51.823,2026-07-22 12:20:58.793,2026-07-22 12:22:03.067,4500.0,TermiN-8,33,100.0,6.75,0.0,Production Recipes,6,
Server2,A4FFB991-8EF1-47F3-A9DB-B58DD5724978,9EB5AAF9-4EC2-4BC1-B78F-A2C697BCE705,4,BROILER GROWER605 3,BROILER GROWER,2026-07-22 11:47:53.867,2026-07-22 12:46:03.120,2026-07-22 12:47:07.353,4500.0,BETAIN HCL,142,100.0,2.25,2.390046,Production Recipes,1,
Server2,A4FFB991-8EF1-47F3-A9DB-B58DD5724978,9EB5AAF9-4EC2-4BC1-B78F-A2C697BCE705,4,BROILER GROWER605 3,BROILER GROWER,2026-07-22 11:47:53.867,2026-07-22 12:46:03.120,2026-07-22 12:47:07.353,4500.0,BIOSTRONG 510,140,100.0,0.675,0.7812501,Production Recipes,1,
Server2,A4FFB991-8EF1-47F3-A9DB-B58DD5724978,9EB5AAF9-4EC2-4BC1-B78F-A2C697BCE705,4,BROILER GROWER605 3,BROILER GROWER,2026-07-22 11:47:53.867,2026-07-22 12:46:03.120,2026-07-22 12:47:07.353,4500.0,Broiler Mineral Mix,31,100.0,4.05,5.04919,Production Recipes,1,
Server2,A4FFB991-8EF1-47F3-A9DB-B58DD5724978,9EB5AAF9-4EC2-4BC1-B78F-A2C697BCE705,4,BROILER GROWER605 3,BROILER GROWER,2026-07-22 11:47:53.867,2026-07-22 12:46:03.120,2026-07-22 12:47:07.353,4500.0,Broiler Starter PX,69,100.0,4.05,6.440972,Production Recipes,1,
Server2,A4FFB991-8EF1-47F3-A9DB-B58DD5724978,9EB5AAF9-4EC2-4BC1-B78F-A2C697BCE705,4,BROILER GROWER605 3,BROILER GROWER,2026-07-22 11:47:53.867,2026-07-22 12:46:03.120,2026-07-22 12:47:07.353,4500.0,Choline Chloride 60%,26,100.0,2.7,2.858796,Production Recipes,1,
Server2,A4FFB991-8EF1-47F3-A9DB-B58DD5724978,9EB5AAF9-4EC2-4BC1-B78F-A2C697BCE705,4,BROILER GROWER605 3,BROILER GROWER,2026-07-22 11:47:53.867,2026-07-22 12:46:03.120,2026-07-22 12:47:07.353,4500.0,KENZYME PRO,77,100.0,2.7,2.748842,Production Recipes,1,
Server2,A4FFB991-8EF1-47F3-A9DB-B58DD5724978,9EB5AAF9-4EC2-4BC1-B78F-A2C697BCE705,4,BROILER GROWER605 3,BROILER GROWER,2026-07-22 11:47:53.867,2026-07-22 12:46:03.120,2026-07-22 12:47:07.353,4500.0,Limestone,113,100.0,55.485,66.52197,Production Recipes,1,
Server2,A4FFB991-8EF1-47F3-A9DB-B58DD5724978,9EB5AAF9-4EC2-4BC1-B78F-A2C697BCE705,4,BROILER GROWER605 3,BROILER GROWER,2026-07-22 11:47:53.867,2026-07-22 12:46:03.120,2026-07-22 12:47:07.353,4500.0,LYSOFORTE DRY,30,100.0,0.9,0.9505209,Production Recipes,1,
Server2,A4FFB991-8EF1-47F3-A9DB-B58DD5724978,9EB5AAF9-4EC2-4BC1-B78F-A2C697BCE705,4,BROILER GROWER605 3,BROILER GROWER,2026-07-22 11:47:53.867,2026-07-22 12:46:03.120,2026-07-22 12:47:07.353,4500.0,Maize,100,100.0,2679.705,2681.568,Production Recipes,4,
Server2,A4FFB991-8EF1-47F3-A9DB-B58DD5724978,9EB5AAF9-4EC2-4BC1-B78F-A2C697BCE705,4,BROILER GROWER605 3,BROILER GROWER,2026-07-22 11:47:53.867,2026-07-22 12:46:03.120,2026-07-22 12:47:07.353,4500.0,Methionine,12,100.0,10.62,11.14005,Production Recipes,1,
Server2,A4FFB991-8EF1-47F3-A9DB-B58DD5724978,9EB5AAF9-4EC2-4BC1-B78F-A2C697BCE705,4,BROILER GROWER605 3,BROILER GROWER,2026-07-22 11:47:53.867,2026-07-22 12:46:03.120,2026-07-22 12:47:07.353,4500.0,Monocalcium Phos,204,100.0,38.745,39.0625,Production Recipes,1,
Server2,A4FFB991-8EF1-47F3-A9DB-B58DD5724978,9EB5AAF9-4EC2-4BC1-B78F-A2C697BCE705,4,BROILER GROWER605 3,BROILER GROWER,2026-07-22 11:47:53.867,2026-07-22 12:46:03.120,2026-07-22 12:47:07.353,4500.0,NOVELA ECL,6,100.0,0.45,0.5497686,Production Recipes,1,
Server2,A4FFB991-8EF1-47F3-A9DB-B58DD5724978,9EB5AAF9-4EC2-4BC1-B78F-A2C697BCE705,4,BROILER GROWER605 3,BROILER GROWER,2026-07-22 11:47:53.867,2026-07-22 12:46:03.120,2026-07-22 12:47:07.353,4500.0,Provi Oxi Stop,21,100.0,0.45,1.100984,Production Recipes,1,
Server2,A4FFB991-8EF1-47F3-A9DB-B58DD5724978,9EB5AAF9-4EC2-4BC1-B78F-A2C697BCE705,4,BROILER GROWER605 3,BROILER GROWER,2026-07-22 11:47:53.867,2026-07-22 12:46:03.120,2026-07-22 12:47:07.353,4500.0,Rovabio P10,176,100.0,2.25,2.563658,Production Recipes,1,
Server2,A4FFB991-8EF1-47F3-A9DB-B58DD5724978,9EB5AAF9-4EC2-4BC1-B78F-A2C697BCE705,4,BROILER GROWER605 3,BROILER GROWER,2026-07-22 11:47:53.867,2026-07-22 12:46:03.120,2026-07-22 12:47:07.353,4500.0,Sacox (500g),91,100.0,2.25,3.414352,Production Recipes,1,
Server2,A4FFB991-8EF1-47F3-A9DB-B58DD5724978,9EB5AAF9-4EC2-4BC1-B78F-A2C697BCE705,4,BROILER GROWER605 3,BROILER GROWER,2026-07-22 11:47:53.867,2026-07-22 12:46:03.120,2026-07-22 12:47:07.353,4500.0,Salt,202,100.0,12.96,14.03356,Production Recipes,1,
Server2,A4FFB991-8EF1-47F3-A9DB-B58DD5724978,9EB5AAF9-4EC2-4BC1-B78F-A2C697BCE705,4,BROILER GROWER605 3,BROILER GROWER,2026-07-22 11:47:53.867,2026-07-22 12:46:03.120,2026-07-22 12:47:07.353,4500.0,SOLIS,124,100.0,6.75,7.08912,Production Recipes,1,
Server2,A4FFB991-8EF1-47F3-A9DB-B58DD5724978,9EB5AAF9-4EC2-4BC1-B78F-A2C697BCE705,4,BROILER GROWER605 3,BROILER GROWER,2026-07-22 11:47:53.867,2026-07-22 12:46:03.120,2026-07-22 12:47:07.353,4500.0,SOUDIOM Bicarbon,35,100.0,8.955,9.114578,Production Recipes,1,
Server2,A4FFB991-8EF1-47F3-A9DB-B58DD5724978,9EB5AAF9-4EC2-4BC1-B78F-A2C697BCE705,4,BROILER GROWER605 3,BROILER GROWER,2026-07-22 11:47:53.867,2026-07-22 12:46:03.120,2026-07-22 12:47:07.353,4500.0,SOYA-,105,100.0,1619.145,1619.068,Production Recipes,1,
Server2,A4FFB991-8EF1-47F3-A9DB-B58DD5724978,9EB5AAF9-4EC2-4BC1-B78F-A2C697BCE705,4,BROILER GROWER605 3,BROILER GROWER,2026-07-22 11:47:53.867,2026-07-22 12:46:03.120,2026-07-22 12:47:07.353,4500.0,Soya Oil,210,100.0,37.35,37.75,Production Recipes,10,
Server2,A4FFB991-8EF1-47F3-A9DB-B58DD5724978,9EB5AAF9-4EC2-4BC1-B78F-A2C697BCE705,4,BROILER GROWER605 3,BROILER GROWER,2026-07-22 11:47:53.867,2026-07-22 12:46:03.120,2026-07-22 12:47:07.353,4500.0,TermiN-8,33,100.0,6.75,0.0,Production Recipes,6,
Server2,7B6E56D8-3692-4A7B-974E-45E799BE3004,9EB5AAF9-4EC2-4BC1-B78F-A2C697BCE705,4,BROILER FINISHER601 1,BROILER FINISHER BAG,2026-07-22 11:47:55.867,2026-07-22 12:55:27.377,2026-07-22 12:56:31.143,4500.0,BETAIN HCL,142,100.0,2.25,2.621528,Production Recipes,1,
Server2,7B6E56D8-3692-4A7B-974E-45E799BE3004,9EB5AAF9-4EC2-4BC1-B78F-A2C697BCE705,4,BROILER FINISHER601 1,BROILER FINISHER BAG,2026-07-22 11:47:55.867,2026-07-22 12:55:27.377,2026-07-22 12:56:31.143,4500.0,BIOSTRONG 510,140,100.0,0.675,0.7595485,Production Recipes,1,
Server2,7B6E56D8-3692-4A7B-974E-45E799BE3004,9EB5AAF9-4EC2-4BC1-B78F-A2C697BCE705,4,BROILER FINISHER601 1,BROILER FINISHER BAG,2026-07-22 11:47:55.867,2026-07-22 12:55:27.377,2026-07-22 12:56:31.143,4500.0,Broiler Mineral Mix,31,100.0,4.05,5.41088,Production Recipes,1,
Server2,7B6E56D8-3692-4A7B-974E-45E799BE3004,9EB5AAF9-4EC2-4BC1-B78F-A2C697BCE705,4,BROILER FINISHER601 1,BROILER FINISHER BAG,2026-07-22 11:47:55.867,2026-07-22 12:55:27.377,2026-07-22 12:56:31.143,4500.0,Broiler Starter PX,69,100.0,4.05,5.069445,Production Recipes,1,
Server2,7B6E56D8-3692-4A7B-974E-45E799BE3004,9EB5AAF9-4EC2-4BC1-B78F-A2C697BCE705,4,BROILER FINISHER601 1,BROILER FINISHER BAG,2026-07-22 11:47:55.867,2026-07-22 12:55:27.377,2026-07-22 12:56:31.143,4500.0,Choline Chloride 60%,26,100.0,2.7,2.679399,Production Recipes,1,
Server2,7B6E56D8-3692-4A7B-974E-45E799BE3004,9EB5AAF9-4EC2-4BC1-B78F-A2C697BCE705,4,BROILER FINISHER601 1,BROILER FINISHER BAG,2026-07-22 11:47:55.867,2026-07-22 12:55:27.377,2026-07-22 12:56:31.143,4500.0,KENZYME PRO,77,100.0,2.7,3.153935,Production Recipes,1,
Server2,7B6E56D8-3692-4A7B-974E-45E799BE3004,9EB5AAF9-4EC2-4BC1-B78F-A2C697BCE705,4,BROILER FINISHER601 1,BROILER FINISHER BAG,2026-07-22 11:47:55.867,2026-07-22 12:55:27.377,2026-07-22 12:56:31.143,4500.0,Limestone,113,100.0,47.655,47.28003,Production Recipes,1,
Server2,7B6E56D8-3692-4A7B-974E-45E799BE3004,9EB5AAF9-4EC2-4BC1-B78F-A2C697BCE705,4,BROILER FINISHER601 1,BROILER FINISHER BAG,2026-07-22 11:47:55.867,2026-07-22 12:55:27.377,2026-07-22 12:56:31.143,4500.0,LYSOFORTE DRY,30,100.0,0.9,0.9606482,Production Recipes,1,
Server2,7B6E56D8-3692-4A7B-974E-45E799BE3004,9EB5AAF9-4EC2-4BC1-B78F-A2C697BCE705,4,BROILER FINISHER601 1,BROILER FINISHER BAG,2026-07-22 11:47:55.867,2026-07-22 12:55:27.377,2026-07-22 12:56:31.143,4500.0,Maize,100,100.0,2877.075,2877.315,Production Recipes,4,
Server2,7B6E56D8-3692-4A7B-974E-45E799BE3004,9EB5AAF9-4EC2-4BC1-B78F-A2C697BCE705,4,BROILER FINISHER601 1,BROILER FINISHER BAG,2026-07-22 11:47:55.867,2026-07-22 12:55:27.377,2026-07-22 12:56:31.143,4500.0,Methionine,12,100.0,9.72,10.12732,Production Recipes,1,
Server2,7B6E56D8-3692-4A7B-974E-45E799BE3004,9EB5AAF9-4EC2-4BC1-B78F-A2C697BCE705,4,BROILER FINISHER601 1,BROILER FINISHER BAG,2026-07-22 11:47:55.867,2026-07-22 12:55:27.377,2026-07-22 12:56:31.143,4500.0,Monocalcium Phos,204,100.0,31.14,31.10532,Production Recipes,1,
Server2,7B6E56D8-3692-4A7B-974E-45E799BE3004,9EB5AAF9-4EC2-4BC1-B78F-A2C697BCE705,4,BROILER FINISHER601 1,BROILER FINISHER BAG,2026-07-22 11:47:55.867,2026-07-22 12:55:27.377,2026-07-22 12:56:31.143,4500.0,NOVELA ECL,6,100.0,0.45,0.5700232,Production Recipes,1,
Server2,7B6E56D8-3692-4A7B-974E-45E799BE3004,9EB5AAF9-4EC2-4BC1-B78F-A2C697BCE705,4,BROILER FINISHER601 1,BROILER FINISHER BAG,2026-07-22 11:47:55.867,2026-07-22 12:55:27.377,2026-07-22 12:56:31.143,4500.0,Rovabio P10,176,100.0,2.25,3.049768,Production Recipes,1,
Server2,7B6E56D8-3692-4A7B-974E-45E799BE3004,9EB5AAF9-4EC2-4BC1-B78F-A2C697BCE705,4,BROILER FINISHER601 1,BROILER FINISHER BAG,2026-07-22 11:47:55.867,2026-07-22 12:55:27.377,2026-07-22 12:56:31.143,4500.0,Salt,202,100.0,13.635,14.03357,Production Recipes,1,
Server2,7B6E56D8-3692-4A7B-974E-45E799BE3004,9EB5AAF9-4EC2-4BC1-B78F-A2C697BCE705,4,BROILER FINISHER601 1,BROILER FINISHER BAG,2026-07-22 11:47:55.867,2026-07-22 12:55:27.377,2026-07-22 12:56:31.143,4500.0,SOLIS,124,100.0,6.75,7.118055,Production Recipes,1,
Server2,7B6E56D8-3692-4A7B-974E-45E799BE3004,9EB5AAF9-4EC2-4BC1-B78F-A2C697BCE705,4,BROILER FINISHER601 1,BROILER FINISHER BAG,2026-07-22 11:47:55.867,2026-07-22 12:55:27.377,2026-07-22 12:56:31.143,4500.0,SOUDIOM Bicarbon,35,100.0,8.145,8.969906,Production Recipes,1,
Server2,7B6E56D8-3692-4A7B-974E-45E799BE3004,9EB5AAF9-4EC2-4BC1-B78F-A2C697BCE705,4,BROILER FINISHER601 1,BROILER FINISHER BAG,2026-07-22 11:47:55.867,2026-07-22 12:55:27.377,2026-07-22 12:56:31.143,4500.0,SOYA-,105,100.0,1443.105,1233.131,Production Recipes,1,
Server2,7B6E56D8-3692-4A7B-974E-45E799BE3004,9EB5AAF9-4EC2-4BC1-B78F-A2C697BCE705,4,BROILER FINISHER601 1,BROILER FINISHER BAG,2026-07-22 11:47:55.867,2026-07-22 12:55:27.377,2026-07-22 12:56:31.143,4500.0,Soya Oil,210,100.0,37.35,37.75,Production Recipes,10,
Server2,7B6E56D8-3692-4A7B-974E-45E799BE3004,9EB5AAF9-4EC2-4BC1-B78F-A2C697BCE705,4,BROILER FINISHER601 1,BROILER FINISHER BAG,2026-07-22 11:47:55.867,2026-07-22 12:55:27.377,2026-07-22 12:56:31.143,4500.0,TermiN-8,33,100.0,4.5,0.0,Production Recipes,6,
Server2,1DDB7507-E799-4184-839B-573E516D0F34,9EB5AAF9-4EC2-4BC1-B78F-A2C697BCE705,4,BROILER FINISHER601 2,BROILER FINISHER BAG,2026-07-22 11:47:59.907,2026-07-22 12:59:29.213,2026-07-22 13:00:33.017,4500.0,BETAIN HCL,142,100.0,2.25,2.401621,Production Recipes,1,
Server2,1DDB7507-E799-4184-839B-573E516D0F34,9EB5AAF9-4EC2-4BC1-B78F-A2C697BCE705,4,BROILER FINISHER601 2,BROILER FINISHER BAG,2026-07-22 11:47:59.907,2026-07-22 12:59:29.213,2026-07-22 13:00:33.017,4500.0,BIOSTRONG 510,140,100.0,0.675,0.7798034,Production Recipes,1,
Server2,1DDB7507-E799-4184-839B-573E516D0F34,9EB5AAF9-4EC2-4BC1-B78F-A2C697BCE705,4,BROILER FINISHER601 2,BROILER FINISHER BAG,2026-07-22 11:47:59.907,2026-07-22 12:59:29.213,2026-07-22 13:00:33.017,4500.0,Broiler Mineral Mix,31,100.0,4.05,5.135995,Production Recipes,1,
Server2,1DDB7507-E799-4184-839B-573E516D0F34,9EB5AAF9-4EC2-4BC1-B78F-A2C697BCE705,4,BROILER FINISHER601 2,BROILER FINISHER BAG,2026-07-22 11:47:59.907,2026-07-22 12:59:29.213,2026-07-22 13:00:33.017,4500.0,Broiler Starter PX,69,100.0,4.05,5.277778,Production Recipes,1,
Server2,1DDB7507-E799-4184-839B-573E516D0F34,9EB5AAF9-4EC2-4BC1-B78F-A2C697BCE705,4,BROILER FINISHER601 2,BROILER FINISHER BAG,2026-07-22 11:47:59.907,2026-07-22 12:59:29.213,2026-07-22 13:00:33.017,4500.0,Choline Chloride 60%,26,100.0,2.7,2.702546,Production Recipes,1,
Server2,1DDB7507-E799-4184-839B-573E516D0F34,9EB5AAF9-4EC2-4BC1-B78F-A2C697BCE705,4,BROILER FINISHER601 2,BROILER FINISHER BAG,2026-07-22 11:47:59.907,2026-07-22 12:59:29.213,2026-07-22 13:00:33.017,4500.0,KENZYME PRO,77,100.0,2.7,2.82118,Production Recipes,1,
Server2,1DDB7507-E799-4184-839B-573E516D0F34,9EB5AAF9-4EC2-4BC1-B78F-A2C697BCE705,4,BROILER FINISHER601 2,BROILER FINISHER BAG,2026-07-22 11:47:59.907,2026-07-22 12:59:29.213,2026-07-22 13:00:33.017,4500.0,Limestone,113,100.0,47.655,59.375,Production Recipes,1,
Server2,1DDB7507-E799-4184-839B-573E516D0F34,9EB5AAF9-4EC2-4BC1-B78F-A2C697BCE705,4,BROILER FINISHER601 2,BROILER FINISHER BAG,2026-07-22 11:47:59.907,2026-07-22 12:59:29.213,2026-07-22 13:00:33.017,4500.0,LYSOFORTE DRY,30,100.0,0.9,0.9302662,Production Recipes,1,
Server2,1DDB7507-E799-4184-839B-573E516D0F34,9EB5AAF9-4EC2-4BC1-B78F-A2C697BCE705,4,BROILER FINISHER601 2,BROILER FINISHER BAG,2026-07-22 11:47:59.907,2026-07-22 12:59:29.213,2026-07-22 13:00:33.017,4500.0,Maize,100,100.0,2877.075,2883.681,Production Recipes,4,
Server2,1DDB7507-E799-4184-839B-573E516D0F34,9EB5AAF9-4EC2-4BC1-B78F-A2C697BCE705,4,BROILER FINISHER601 2,BROILER FINISHER BAG,2026-07-22 11:47:59.907,2026-07-22 12:59:29.213,2026-07-22 13:00:33.017,4500.0,Methionine,12,100.0,9.72,10.12732,Production Recipes,1,
Server2,1DDB7507-E799-4184-839B-573E516D0F34,9EB5AAF9-4EC2-4BC1-B78F-A2C697BCE705,4,BROILER FINISHER601 2,BROILER FINISHER BAG,2026-07-22 11:47:59.907,2026-07-22 12:59:29.213,2026-07-22 13:00:33.017,4500.0,Monocalcium Phos,204,100.0,31.14,31.10532,Production Recipes,1,
Server2,1DDB7507-E799-4184-839B-573E516D0F34,9EB5AAF9-4EC2-4BC1-B78F-A2C697BCE705,4,BROILER FINISHER601 2,BROILER FINISHER BAG,2026-07-22 11:47:59.907,2026-07-22 12:59:29.213,2026-07-22 13:00:33.017,4500.0,NOVELA ECL,6,100.0,0.45,0.6206598,Production Recipes,1,
Server2,1DDB7507-E799-4184-839B-573E516D0F34,9EB5AAF9-4EC2-4BC1-B78F-A2C697BCE705,4,BROILER FINISHER601 2,BROILER FINISHER BAG,2026-07-22 11:47:59.907,2026-07-22 12:59:29.213,2026-07-22 13:00:33.017,4500.0,Rovabio P10,176,100.0,2.25,3.182871,Production Recipes,1,
Server2,1DDB7507-E799-4184-839B-573E516D0F34,9EB5AAF9-4EC2-4BC1-B78F-A2C697BCE705,4,BROILER FINISHER601 2,BROILER FINISHER BAG,2026-07-22 11:47:59.907,2026-07-22 12:59:29.213,2026-07-22 13:00:33.017,4500.0,Salt,202,100.0,13.635,14.03357,Production Recipes,1,
Server2,1DDB7507-E799-4184-839B-573E516D0F34,9EB5AAF9-4EC2-4BC1-B78F-A2C697BCE705,4,BROILER FINISHER601 2,BROILER FINISHER BAG,2026-07-22 11:47:59.907,2026-07-22 12:59:29.213,2026-07-22 13:00:33.017,4500.0,SOLIS,124,100.0,6.75,7.277198,Production Recipes,1,
Server2,1DDB7507-E799-4184-839B-573E516D0F34,9EB5AAF9-4EC2-4BC1-B78F-A2C697BCE705,4,BROILER FINISHER601 2,BROILER FINISHER BAG,2026-07-22 11:47:59.907,2026-07-22 12:59:29.213,2026-07-22 13:00:33.017,4500.0,SOUDIOM Bicarbon,35,100.0,8.145,8.969906,Production Recipes,1,
Server2,1DDB7507-E799-4184-839B-573E516D0F34,9EB5AAF9-4EC2-4BC1-B78F-A2C697BCE705,4,BROILER FINISHER601 2,BROILER FINISHER BAG,2026-07-22 11:47:59.907,2026-07-22 12:59:29.213,2026-07-22 13:00:33.017,4500.0,SOYA-,105,100.0,1443.105,1442.043,Production Recipes,1,
Server2,1DDB7507-E799-4184-839B-573E516D0F34,9EB5AAF9-4EC2-4BC1-B78F-A2C697BCE705,4,BROILER FINISHER601 2,BROILER FINISHER BAG,2026-07-22 11:47:59.907,2026-07-22 12:59:29.213,2026-07-22 13:00:33.017,4500.0,Soya Oil,210,100.0,37.35,37.75,Production Recipes,10,
Server2,1DDB7507-E799-4184-839B-573E516D0F34,9EB5AAF9-4EC2-4BC1-B78F-A2C697BCE705,4,BROILER FINISHER601 2,BROILER FINISHER BAG,2026-07-22 11:47:59.907,2026-07-22 12:59:29.213,2026-07-22 13:00:33.017,4500.0,TermiN-8,33,100.0,4.5,0.0,Production Recipes,6,
Server2,F4C826E9-9342-4E1D-B6E2-017C9C02AD05,9EB5AAF9-4EC2-4BC1-B78F-A2C697BCE705,4,BROILER STARTER604 1,BROILER STARTER,2026-07-22 11:54:05.520,2026-07-22 13:04:18.963,2026-07-22 13:05:24.070,4500.0,BETAIN HCL,142,100.0,2.25,2.662037,Production Recipes,1,
Server2,F4C826E9-9342-4E1D-B6E2-017C9C02AD05,9EB5AAF9-4EC2-4BC1-B78F-A2C697BCE705,4,BROILER STARTER604 1,BROILER STARTER,2026-07-22 11:54:05.520,2026-07-22 13:04:18.963,2026-07-22 13:05:24.070,4500.0,BIOSTRONG 510,140,100.0,0.675,0.6394676,Production Recipes,1,
Server2,F4C826E9-9342-4E1D-B6E2-017C9C02AD05,9EB5AAF9-4EC2-4BC1-B78F-A2C697BCE705,4,BROILER STARTER604 1,BROILER STARTER,2026-07-22 11:54:05.520,2026-07-22 13:04:18.963,2026-07-22 13:05:24.070,4500.0,Broiler Mineral Mix,31,100.0,4.5,6.018518,Production Recipes,1,
Server2,F4C826E9-9342-4E1D-B6E2-017C9C02AD05,9EB5AAF9-4EC2-4BC1-B78F-A2C697BCE705,4,BROILER STARTER604 1,BROILER STARTER,2026-07-22 11:54:05.520,2026-07-22 13:04:18.963,2026-07-22 13:05:24.070,4500.0,KENZYME PRO,77,100.0,2.7,3.139467,Production Recipes,1,
Server2,F4C826E9-9342-4E1D-B6E2-017C9C02AD05,9EB5AAF9-4EC2-4BC1-B78F-A2C697BCE705,4,BROILER STARTER604 1,BROILER STARTER,2026-07-22 11:54:05.520,2026-07-22 13:04:18.963,2026-07-22 13:05:24.070,4500.0,Limestone,113,100.0,65.07,65.42236,Production Recipes,1,
Server2,F4C826E9-9342-4E1D-B6E2-017C9C02AD05,9EB5AAF9-4EC2-4BC1-B78F-A2C697BCE705,4,BROILER STARTER604 1,BROILER STARTER,2026-07-22 11:54:05.520,2026-07-22 13:04:18.963,2026-07-22 13:05:24.070,4500.0,LYSOFORTE DRY,30,100.0,0.9,1.420718,Production Recipes,1,
Server2,F4C826E9-9342-4E1D-B6E2-017C9C02AD05,9EB5AAF9-4EC2-4BC1-B78F-A2C697BCE705,4,BROILER STARTER604 1,BROILER STARTER,2026-07-22 11:54:05.520,2026-07-22 13:04:18.963,2026-07-22 13:05:24.070,4500.0,Maize,100,100.0,2688.75,2697.483,Production Recipes,4,
Server2,F4C826E9-9342-4E1D-B6E2-017C9C02AD05,9EB5AAF9-4EC2-4BC1-B78F-A2C697BCE705,4,BROILER STARTER604 1,BROILER STARTER,2026-07-22 11:54:05.520,2026-07-22 13:04:18.963,2026-07-22 13:05:24.070,4500.0,Methionine,12,100.0,13.95,14.03357,Production Recipes,1,
Server2,F4C826E9-9342-4E1D-B6E2-017C9C02AD05,9EB5AAF9-4EC2-4BC1-B78F-A2C697BCE705,4,BROILER STARTER604 1,BROILER STARTER,2026-07-22 11:54:05.520,2026-07-22 13:04:18.963,2026-07-22 13:05:24.070,4500.0,Monocalcium Phos,204,100.0,42.03,42.10069,Production Recipes,1,
Server2,F4C826E9-9342-4E1D-B6E2-017C9C02AD05,9EB5AAF9-4EC2-4BC1-B78F-A2C697BCE705,4,BROILER STARTER604 1,BROILER STARTER,2026-07-22 11:54:05.520,2026-07-22 13:04:18.963,2026-07-22 13:05:24.070,4500.0,NOVELA ECL,6,100.0,0.45,0.6105324,Production Recipes,1,
Server2,F4C826E9-9342-4E1D-B6E2-017C9C02AD05,9EB5AAF9-4EC2-4BC1-B78F-A2C697BCE705,4,BROILER STARTER604 1,BROILER STARTER,2026-07-22 11:54:05.520,2026-07-22 13:04:18.963,2026-07-22 13:05:24.070,4500.0,Provi Oxi Stop,21,100.0,0.45,1.070602,Production Recipes,1,
Server2,F4C826E9-9342-4E1D-B6E2-017C9C02AD05,9EB5AAF9-4EC2-4BC1-B78F-A2C697BCE705,4,BROILER STARTER604 1,BROILER STARTER,2026-07-22 11:54:05.520,2026-07-22 13:04:18.963,2026-07-22 13:05:24.070,4500.0,Rovabio P10,176,100.0,2.25,2.673612,Production Recipes,1,
Server2,F4C826E9-9342-4E1D-B6E2-017C9C02AD05,9EB5AAF9-4EC2-4BC1-B78F-A2C697BCE705,4,BROILER STARTER604 1,BROILER STARTER,2026-07-22 11:54:05.520,2026-07-22 13:04:18.963,2026-07-22 13:05:24.070,4500.0,Sacox (500g),91,100.0,2.25,2.928241,Production Recipes,1,
Server2,F4C826E9-9342-4E1D-B6E2-017C9C02AD05,9EB5AAF9-4EC2-4BC1-B78F-A2C697BCE705,4,BROILER STARTER604 1,BROILER STARTER,2026-07-22 11:54:05.520,2026-07-22 13:04:18.963,2026-07-22 13:05:24.070,4500.0,Salt,202,100.0,12.105,13.16551,Production Recipes,1,
Server2,F4C826E9-9342-4E1D-B6E2-017C9C02AD05,9EB5AAF9-4EC2-4BC1-B78F-A2C697BCE705,4,BROILER STARTER604 1,BROILER STARTER,2026-07-22 11:54:05.520,2026-07-22 13:04:18.963,2026-07-22 13:05:24.070,4500.0,SOLIS,124,100.0,6.75,7.39294,Production Recipes,1,
Server2,F4C826E9-9342-4E1D-B6E2-017C9C02AD05,9EB5AAF9-4EC2-4BC1-B78F-A2C697BCE705,4,BROILER STARTER604 1,BROILER STARTER,2026-07-22 11:54:05.520,2026-07-22 13:04:18.963,2026-07-22 13:05:24.070,4500.0,SOUDIOM Bicarbon,35,100.0,9.81,8.96991,Production Recipes,1,
Server2,F4C826E9-9342-4E1D-B6E2-017C9C02AD05,9EB5AAF9-4EC2-4BC1-B78F-A2C697BCE705,4,BROILER STARTER604 1,BROILER STARTER,2026-07-22 11:54:05.520,2026-07-22 13:04:18.963,2026-07-22 13:05:24.070,4500.0,SOYA-,105,100.0,1755.0,1739.468,Production Recipes,1,
Server2,F4C826E9-9342-4E1D-B6E2-017C9C02AD05,9EB5AAF9-4EC2-4BC1-B78F-A2C697BCE705,4,BROILER STARTER604 1,BROILER STARTER,2026-07-22 11:54:05.520,2026-07-22 13:04:18.963,2026-07-22 13:05:24.070,4500.0,Soya Oil,210,100.0,14.58,15.0,Production Recipes,10,
Server2,F4C826E9-9342-4E1D-B6E2-017C9C02AD05,9EB5AAF9-4EC2-4BC1-B78F-A2C697BCE705,4,BROILER STARTER604 1,BROILER STARTER,2026-07-22 11:54:05.520,2026-07-22 13:04:18.963,2026-07-22 13:05:24.070,4500.0,TermiN-8,33,100.0,6.75,0.0,Production Recipes,6,
Server2,4B3C4709-1655-4216-9431-140CF943DE4D,9EB5AAF9-4EC2-4BC1-B78F-A2C697BCE705,4,BROILER STARTER604 2,BROILER STARTER,2026-07-22 11:54:07.590,2026-07-22 13:08:16.267,2026-07-22 13:09:19.770,4500.0,BETAIN HCL,142,100.0,2.25,2.899305,Production Recipes,1,
Server2,4B3C4709-1655-4216-9431-140CF943DE4D,9EB5AAF9-4EC2-4BC1-B78F-A2C697BCE705,4,BROILER STARTER604 2,BROILER STARTER,2026-07-22 11:54:07.590,2026-07-22 13:08:16.267,2026-07-22 13:09:19.770,4500.0,BIOSTRONG 510,140,100.0,0.675,0.7711228,Production Recipes,1,
Server2,4B3C4709-1655-4216-9431-140CF943DE4D,9EB5AAF9-4EC2-4BC1-B78F-A2C697BCE705,4,BROILER STARTER604 2,BROILER STARTER,2026-07-22 11:54:07.590,2026-07-22 13:08:16.267,2026-07-22 13:09:19.770,4500.0,Broiler Mineral Mix,31,100.0,4.5,5.975116,Production Recipes,1,
Server2,4B3C4709-1655-4216-9431-140CF943DE4D,9EB5AAF9-4EC2-4BC1-B78F-A2C697BCE705,4,BROILER STARTER604 2,BROILER STARTER,2026-07-22 11:54:07.590,2026-07-22 13:08:16.267,2026-07-22 13:09:19.770,4500.0,KENZYME PRO,77,100.0,2.7,3.009259,Production Recipes,1,
Server2,4B3C4709-1655-4216-9431-140CF943DE4D,9EB5AAF9-4EC2-4BC1-B78F-A2C697BCE705,4,BROILER STARTER604 2,BROILER STARTER,2026-07-22 11:54:07.590,2026-07-22 13:08:16.267,2026-07-22 13:09:19.770,4500.0,Limestone,113,100.0,65.07,67.62158,Production Recipes,1,
Server2,4B3C4709-1655-4216-9431-140CF943DE4D,9EB5AAF9-4EC2-4BC1-B78F-A2C697BCE705,4,BROILER STARTER604 2,BROILER STARTER,2026-07-22 11:54:07.590,2026-07-22 13:08:16.267,2026-07-22 13:09:19.770,4500.0,LYSOFORTE DRY,30,100.0,0.9,0.9505208,Production Recipes,1,
Server2,4B3C4709-1655-4216-9431-140CF943DE4D,9EB5AAF9-4EC2-4BC1-B78F-A2C697BCE705,4,BROILER STARTER604 2,BROILER STARTER,2026-07-22 11:54:07.590,2026-07-22 13:08:16.267,2026-07-22 13:09:19.770,4500.0,Maize,100,100.0,2688.75,2700.666,Production Recipes,4,
Server2,4B3C4709-1655-4216-9431-140CF943DE4D,9EB5AAF9-4EC2-4BC1-B78F-A2C697BCE705,4,BROILER STARTER604 2,BROILER STARTER,2026-07-22 11:54:07.590,2026-07-22 13:08:16.267,2026-07-22 13:09:19.770,4500.0,Methionine,12,100.0,13.95,14.03357,Production Recipes,1,
Server2,4B3C4709-1655-4216-9431-140CF943DE4D,9EB5AAF9-4EC2-4BC1-B78F-A2C697BCE705,4,BROILER STARTER604 2,BROILER STARTER,2026-07-22 11:54:07.590,2026-07-22 13:08:16.267,2026-07-22 13:09:19.770,4500.0,Monocalcium Phos,204,100.0,42.03,42.10069,Production Recipes,1,
Server2,4B3C4709-1655-4216-9431-140CF943DE4D,9EB5AAF9-4EC2-4BC1-B78F-A2C697BCE705,4,BROILER STARTER604 2,BROILER STARTER,2026-07-22 11:54:07.590,2026-07-22 13:08:16.267,2026-07-22 13:09:19.770,4500.0,NOVELA ECL,6,100.0,0.45,1.180556,Production Recipes,1,
Server2,4B3C4709-1655-4216-9431-140CF943DE4D,9EB5AAF9-4EC2-4BC1-B78F-A2C697BCE705,4,BROILER STARTER604 2,BROILER STARTER,2026-07-22 11:54:07.590,2026-07-22 13:08:16.267,2026-07-22 13:09:19.770,4500.0,Provi Oxi Stop,21,100.0,0.45,0.9910302,Production Recipes,1,
Server2,4B3C4709-1655-4216-9431-140CF943DE4D,9EB5AAF9-4EC2-4BC1-B78F-A2C697BCE705,4,BROILER STARTER604 2,BROILER STARTER,2026-07-22 11:54:07.590,2026-07-22 13:08:16.267,2026-07-22 13:09:19.770,4500.0,Rovabio P10,176,100.0,2.25,3.015047,Production Recipes,1,
Server2,4B3C4709-1655-4216-9431-140CF943DE4D,9EB5AAF9-4EC2-4BC1-B78F-A2C697BCE705,4,BROILER STARTER604 2,BROILER STARTER,2026-07-22 11:54:07.590,2026-07-22 13:08:16.267,2026-07-22 13:09:19.770,4500.0,Sacox (500g),91,100.0,2.25,3.107639,Production Recipes,1,
Server2,4B3C4709-1655-4216-9431-140CF943DE4D,9EB5AAF9-4EC2-4BC1-B78F-A2C697BCE705,4,BROILER STARTER604 2,BROILER STARTER,2026-07-22 11:54:07.590,2026-07-22 13:08:16.267,2026-07-22 13:09:19.770,4500.0,Salt,202,100.0,12.105,13.02083,Production Recipes,1,
Server2,4B3C4709-1655-4216-9431-140CF943DE4D,9EB5AAF9-4EC2-4BC1-B78F-A2C697BCE705,4,BROILER STARTER604 2,BROILER STARTER,2026-07-22 11:54:07.590,2026-07-22 13:08:16.267,2026-07-22 13:09:19.770,4500.0,SOLIS,124,100.0,6.75,7.118056,Production Recipes,1,
Server2,4B3C4709-1655-4216-9431-140CF943DE4D,9EB5AAF9-4EC2-4BC1-B78F-A2C697BCE705,4,BROILER STARTER604 2,BROILER STARTER,2026-07-22 11:54:07.590,2026-07-22 13:08:16.267,2026-07-22 13:09:19.770,4500.0,SOUDIOM Bicarbon,35,100.0,9.81,9.982643,Production Recipes,1,
Server2,4B3C4709-1655-4216-9431-140CF943DE4D,9EB5AAF9-4EC2-4BC1-B78F-A2C697BCE705,4,BROILER STARTER604 2,BROILER STARTER,2026-07-22 11:54:07.590,2026-07-22 13:08:16.267,2026-07-22 13:09:19.770,4500.0,SOYA-,105,100.0,1755.0,1749.363,Production Recipes,1,
Server2,4B3C4709-1655-4216-9431-140CF943DE4D,9EB5AAF9-4EC2-4BC1-B78F-A2C697BCE705,4,BROILER STARTER604 2,BROILER STARTER,2026-07-22 11:54:07.590,2026-07-22 13:08:16.267,2026-07-22 13:09:19.770,4500.0,Soya Oil,210,100.0,14.58,15.0,Production Recipes,10,
Server2,4B3C4709-1655-4216-9431-140CF943DE4D,9EB5AAF9-4EC2-4BC1-B78F-A2C697BCE705,4,BROILER STARTER604 2,BROILER STARTER,2026-07-22 11:54:07.590,2026-07-22 13:08:16.267,2026-07-22 13:09:19.770,4500.0,TermiN-8,33,100.0,6.75,0.0,Production Recipes,6,
Server2,CE83F221-3F81-43B5-AFC0-BA9F88DE2A96,9EB5AAF9-4EC2-4BC1-B78F-A2C697BCE705,4,BROILER STARTER603 1,BROILER STARTER,2026-07-22 11:56:39.687,2026-07-22 13:14:29.307,2026-07-22 13:15:32.957,4500.0,BETAIN HCL,142,100.0,2.25,2.789352,Production Recipes,1,
Server2,CE83F221-3F81-43B5-AFC0-BA9F88DE2A96,9EB5AAF9-4EC2-4BC1-B78F-A2C697BCE705,4,BROILER STARTER603 1,BROILER STARTER,2026-07-22 11:56:39.687,2026-07-22 13:14:29.307,2026-07-22 13:15:32.957,4500.0,BIOSTRONG 510,140,100.0,0.675,0.7986112,Production Recipes,1,
Server2,CE83F221-3F81-43B5-AFC0-BA9F88DE2A96,9EB5AAF9-4EC2-4BC1-B78F-A2C697BCE705,4,BROILER STARTER603 1,BROILER STARTER,2026-07-22 11:56:39.687,2026-07-22 13:14:29.307,2026-07-22 13:15:32.957,4500.0,Broiler Mineral Mix,31,100.0,4.5,5.700232,Production Recipes,1,
Server2,CE83F221-3F81-43B5-AFC0-BA9F88DE2A96,9EB5AAF9-4EC2-4BC1-B78F-A2C697BCE705,4,BROILER STARTER603 1,BROILER STARTER,2026-07-22 11:56:39.687,2026-07-22 13:14:29.307,2026-07-22 13:15:32.957,4500.0,KENZYME PRO,77,100.0,2.7,3.197338,Production Recipes,1,
Server2,CE83F221-3F81-43B5-AFC0-BA9F88DE2A96,9EB5AAF9-4EC2-4BC1-B78F-A2C697BCE705,4,BROILER STARTER603 1,BROILER STARTER,2026-07-22 11:56:39.687,2026-07-22 13:14:29.307,2026-07-22 13:15:32.957,4500.0,Limestone,113,100.0,65.07,67.62158,Production Recipes,1,
Server2,CE83F221-3F81-43B5-AFC0-BA9F88DE2A96,9EB5AAF9-4EC2-4BC1-B78F-A2C697BCE705,4,BROILER STARTER603 1,BROILER STARTER,2026-07-22 11:56:39.687,2026-07-22 13:14:29.307,2026-07-22 13:15:32.957,4500.0,LYSOFORTE DRY,30,100.0,0.9,0.8116319,Production Recipes,1,
Server2,CE83F221-3F81-43B5-AFC0-BA9F88DE2A96,9EB5AAF9-4EC2-4BC1-B78F-A2C697BCE705,4,BROILER STARTER603 1,BROILER STARTER,2026-07-22 11:56:39.687,2026-07-22 13:14:29.307,2026-07-22 13:15:32.957,4500.0,Maize,100,100.0,2688.75,2692.708,Production Recipes,4,
Server2,CE83F221-3F81-43B5-AFC0-BA9F88DE2A96,9EB5AAF9-4EC2-4BC1-B78F-A2C697BCE705,4,BROILER STARTER603 1,BROILER STARTER,2026-07-22 11:56:39.687,2026-07-22 13:14:29.307,2026-07-22 13:15:32.957,4500.0,Methionine,12,100.0,13.95,14.03357,Production Recipes,1,
Server2,CE83F221-3F81-43B5-AFC0-BA9F88DE2A96,9EB5AAF9-4EC2-4BC1-B78F-A2C697BCE705,4,BROILER STARTER603 1,BROILER STARTER,2026-07-22 11:56:39.687,2026-07-22 13:14:29.307,2026-07-22 13:15:32.957,4500.0,Monocalcium Phos,204,100.0,42.03,42.10069,Production Recipes,1,
Server2,CE83F221-3F81-43B5-AFC0-BA9F88DE2A96,9EB5AAF9-4EC2-4BC1-B78F-A2C697BCE705,4,BROILER STARTER603 1,BROILER STARTER,2026-07-22 11:56:39.687,2026-07-22 13:14:29.307,2026-07-22 13:15:32.957,4500.0,NOVELA ECL,6,100.0,0.45,0.541088,Production Recipes,1,
Server2,CE83F221-3F81-43B5-AFC0-BA9F88DE2A96,9EB5AAF9-4EC2-4BC1-B78F-A2C697BCE705,4,BROILER STARTER603 1,BROILER STARTER,2026-07-22 11:56:39.687,2026-07-22 13:14:29.307,2026-07-22 13:15:32.957,4500.0,Provi Oxi Stop,21,100.0,0.45,1.25,Production Recipes,1,
Server2,CE83F221-3F81-43B5-AFC0-BA9F88DE2A96,9EB5AAF9-4EC2-4BC1-B78F-A2C697BCE705,4,BROILER STARTER603 1,BROILER STARTER,2026-07-22 11:56:39.687,2026-07-22 13:14:29.307,2026-07-22 13:15:32.957,4500.0,Rovabio P10,176,100.0,2.25,3.506945,Production Recipes,1,
Server2,CE83F221-3F81-43B5-AFC0-BA9F88DE2A96,9EB5AAF9-4EC2-4BC1-B78F-A2C697BCE705,4,BROILER STARTER603 1,BROILER STARTER,2026-07-22 11:56:39.687,2026-07-22 13:14:29.307,2026-07-22 13:15:32.957,4500.0,Sacox (500g),91,100.0,2.25,2.939815,Production Recipes,1,
Server2,CE83F221-3F81-43B5-AFC0-BA9F88DE2A96,9EB5AAF9-4EC2-4BC1-B78F-A2C697BCE705,4,BROILER STARTER603 1,BROILER STARTER,2026-07-22 11:56:39.687,2026-07-22 13:14:29.307,2026-07-22 13:15:32.957,4500.0,Salt,202,100.0,12.105,12.15278,Production Recipes,1,
Server2,CE83F221-3F81-43B5-AFC0-BA9F88DE2A96,9EB5AAF9-4EC2-4BC1-B78F-A2C697BCE705,4,BROILER STARTER603 1,BROILER STARTER,2026-07-22 11:56:39.687,2026-07-22 13:14:29.307,2026-07-22 13:15:32.957,4500.0,SOLIS,124,100.0,6.75,7.204862,Production Recipes,1,
Server2,CE83F221-3F81-43B5-AFC0-BA9F88DE2A96,9EB5AAF9-4EC2-4BC1-B78F-A2C697BCE705,4,BROILER STARTER603 1,BROILER STARTER,2026-07-22 11:56:39.687,2026-07-22 13:14:29.307,2026-07-22 13:15:32.957,4500.0,SOUDIOM Bicarbon,35,100.0,9.81,9.982643,Production Recipes,1,
Server2,CE83F221-3F81-43B5-AFC0-BA9F88DE2A96,9EB5AAF9-4EC2-4BC1-B78F-A2C697BCE705,4,BROILER STARTER603 1,BROILER STARTER,2026-07-22 11:56:39.687,2026-07-22 13:14:29.307,2026-07-22 13:15:32.957,4500.0,SOYA-,105,100.0,1755.0,1753.762,Production Recipes,1,
Server2,CE83F221-3F81-43B5-AFC0-BA9F88DE2A96,9EB5AAF9-4EC2-4BC1-B78F-A2C697BCE705,4,BROILER STARTER603 1,BROILER STARTER,2026-07-22 11:56:39.687,2026-07-22 13:14:29.307,2026-07-22 13:15:32.957,4500.0,Soya Oil,210,100.0,14.58,15.0,Production Recipes,10,
Server2,CE83F221-3F81-43B5-AFC0-BA9F88DE2A96,9EB5AAF9-4EC2-4BC1-B78F-A2C697BCE705,4,BROILER STARTER603 1,BROILER STARTER,2026-07-22 11:56:39.687,2026-07-22 13:14:29.307,2026-07-22 13:15:32.957,4500.0,TermiN-8,33,100.0,6.75,0.0,Production Recipes,6,
Server2,921F0A1F-0D6D-403D-8AC3-C44704740DA5,9EB5AAF9-4EC2-4BC1-B78F-A2C697BCE705,4,BROILER STARTER603 2,BROILER STARTER,2026-07-22 11:56:41.717,2026-07-22 13:18:42.567,2026-07-22 13:19:45.950,4500.0,BETAIN HCL,142,100.0,2.25,2.690972,Production Recipes,1,
Server2,921F0A1F-0D6D-403D-8AC3-C44704740DA5,9EB5AAF9-4EC2-4BC1-B78F-A2C697BCE705,4,BROILER STARTER603 2,BROILER STARTER,2026-07-22 11:56:41.717,2026-07-22 13:18:42.567,2026-07-22 13:19:45.950,4500.0,BIOSTRONG 510,140,100.0,0.675,0.811632,Production Recipes,1,
Server2,921F0A1F-0D6D-403D-8AC3-C44704740DA5,9EB5AAF9-4EC2-4BC1-B78F-A2C697BCE705,4,BROILER STARTER603 2,BROILER STARTER,2026-07-22 11:56:41.717,2026-07-22 13:18:42.567,2026-07-22 13:19:45.950,4500.0,Broiler Mineral Mix,31,100.0,4.5,5.888309,Production Recipes,1,
Server2,921F0A1F-0D6D-403D-8AC3-C44704740DA5,9EB5AAF9-4EC2-4BC1-B78F-A2C697BCE705,4,BROILER STARTER603 2,BROILER STARTER,2026-07-22 11:56:41.717,2026-07-22 13:18:42.567,2026-07-22 13:19:45.950,4500.0,KENZYME PRO,77,100.0,2.7,3.009259,Production Recipes,1,
Server2,921F0A1F-0D6D-403D-8AC3-C44704740DA5,9EB5AAF9-4EC2-4BC1-B78F-A2C697BCE705,4,BROILER STARTER603 2,BROILER STARTER,2026-07-22 11:56:41.717,2026-07-22 13:18:42.567,2026-07-22 13:19:45.950,4500.0,Limestone,113,100.0,65.07,79.71643,Production Recipes,1,
Server2,921F0A1F-0D6D-403D-8AC3-C44704740DA5,9EB5AAF9-4EC2-4BC1-B78F-A2C697BCE705,4,BROILER STARTER603 2,BROILER STARTER,2026-07-22 11:56:41.717,2026-07-22 13:18:42.567,2026-07-22 13:19:45.950,4500.0,LYSOFORTE DRY,30,100.0,0.9,0.8492477,Production Recipes,1,
Server2,921F0A1F-0D6D-403D-8AC3-C44704740DA5,9EB5AAF9-4EC2-4BC1-B78F-A2C697BCE705,4,BROILER STARTER603 2,BROILER STARTER,2026-07-22 11:56:41.717,2026-07-22 13:18:42.567,2026-07-22 13:19:45.950,4500.0,Maize,100,100.0,2688.75,2694.3,Production Recipes,4,
Server2,921F0A1F-0D6D-403D-8AC3-C44704740DA5,9EB5AAF9-4EC2-4BC1-B78F-A2C697BCE705,4,BROILER STARTER603 2,BROILER STARTER,2026-07-22 11:56:41.717,2026-07-22 13:18:42.567,2026-07-22 13:19:45.950,4500.0,Methionine,12,100.0,13.95,14.03357,Production Recipes,1,
Server2,921F0A1F-0D6D-403D-8AC3-C44704740DA5,9EB5AAF9-4EC2-4BC1-B78F-A2C697BCE705,4,BROILER STARTER603 2,BROILER STARTER,2026-07-22 11:56:41.717,2026-07-22 13:18:42.567,2026-07-22 13:19:45.950,4500.0,Monocalcium Phos,204,100.0,42.03,42.1007,Production Recipes,1,
Server2,921F0A1F-0D6D-403D-8AC3-C44704740DA5,9EB5AAF9-4EC2-4BC1-B78F-A2C697BCE705,4,BROILER STARTER603 2,BROILER STARTER,2026-07-22 11:56:41.717,2026-07-22 13:18:42.567,2026-07-22 13:19:45.950,4500.0,NOVELA ECL,6,100.0,0.45,1.210938,Production Recipes,1,
Server2,921F0A1F-0D6D-403D-8AC3-C44704740DA5,9EB5AAF9-4EC2-4BC1-B78F-A2C697BCE705,4,BROILER STARTER603 2,BROILER STARTER,2026-07-22 11:56:41.717,2026-07-22 13:18:42.567,2026-07-22 13:19:45.950,4500.0,Provi Oxi Stop,21,100.0,0.45,1.061921,Production Recipes,1,
Server2,921F0A1F-0D6D-403D-8AC3-C44704740DA5,9EB5AAF9-4EC2-4BC1-B78F-A2C697BCE705,4,BROILER STARTER603 2,BROILER STARTER,2026-07-22 11:56:41.717,2026-07-22 13:18:42.567,2026-07-22 13:19:45.950,4500.0,Rovabio P10,176,100.0,2.25,2.748843,Production Recipes,1,
Server2,921F0A1F-0D6D-403D-8AC3-C44704740DA5,9EB5AAF9-4EC2-4BC1-B78F-A2C697BCE705,4,BROILER STARTER603 2,BROILER STARTER,2026-07-22 11:56:41.717,2026-07-22 13:18:42.567,2026-07-22 13:19:45.950,4500.0,Sacox (500g),91,100.0,2.25,3.796296,Production Recipes,1,
Server2,921F0A1F-0D6D-403D-8AC3-C44704740DA5,9EB5AAF9-4EC2-4BC1-B78F-A2C697BCE705,4,BROILER STARTER603 2,BROILER STARTER,2026-07-22 11:56:41.717,2026-07-22 13:18:42.567,2026-07-22 13:19:45.950,4500.0,Salt,202,100.0,12.105,14.03356,Production Recipes,1,
Server2,921F0A1F-0D6D-403D-8AC3-C44704740DA5,9EB5AAF9-4EC2-4BC1-B78F-A2C697BCE705,4,BROILER STARTER603 2,BROILER STARTER,2026-07-22 11:56:41.717,2026-07-22 13:18:42.567,2026-07-22 13:19:45.950,4500.0,SOLIS,124,100.0,6.75,7.248264,Production Recipes,1,
Server2,921F0A1F-0D6D-403D-8AC3-C44704740DA5,9EB5AAF9-4EC2-4BC1-B78F-A2C697BCE705,4,BROILER STARTER603 2,BROILER STARTER,2026-07-22 11:56:41.717,2026-07-22 13:18:42.567,2026-07-22 13:19:45.950,4500.0,SOUDIOM Bicarbon,35,100.0,9.81,9.982635,Production Recipes,1,
Server2,921F0A1F-0D6D-403D-8AC3-C44704740DA5,9EB5AAF9-4EC2-4BC1-B78F-A2C697BCE705,4,BROILER STARTER603 2,BROILER STARTER,2026-07-22 11:56:41.717,2026-07-22 13:18:42.567,2026-07-22 13:19:45.950,4500.0,SOYA-,105,100.0,1755.0,1748.264,Production Recipes,1,
Server2,921F0A1F-0D6D-403D-8AC3-C44704740DA5,9EB5AAF9-4EC2-4BC1-B78F-A2C697BCE705,4,BROILER STARTER603 2,BROILER STARTER,2026-07-22 11:56:41.717,2026-07-22 13:18:42.567,2026-07-22 13:19:45.950,4500.0,Soya Oil,210,100.0,14.58,15.0,Production Recipes,10,
Server2,921F0A1F-0D6D-403D-8AC3-C44704740DA5,9EB5AAF9-4EC2-4BC1-B78F-A2C697BCE705,4,BROILER STARTER603 2,BROILER STARTER,2026-07-22 11:56:41.717,2026-07-22 13:18:42.567,2026-07-22 13:19:45.950,4500.0,TermiN-8,33,100.0,6.75,0.0,Production Recipes,6,
Server2,6FADBD53-9A93-4036-969C-15158F5BC6C9,9EB5AAF9-4EC2-4BC1-B78F-A2C697BCE705,4,BROILER GROWER605 1,BROILER GROWER,2026-07-22 13:01:23.360,2026-07-22 13:25:02.970,2026-07-22 13:26:07.110,4500.0,BETAIN HCL,142,100.0,2.25,2.471065,Production Recipes,1,
Server2,6FADBD53-9A93-4036-969C-15158F5BC6C9,9EB5AAF9-4EC2-4BC1-B78F-A2C697BCE705,4,BROILER GROWER605 1,BROILER GROWER,2026-07-22 13:01:23.360,2026-07-22 13:25:02.970,2026-07-22 13:26:07.110,4500.0,BIOSTRONG 510,140,100.0,0.675,0.7407408,Production Recipes,1,
Server2,6FADBD53-9A93-4036-969C-15158F5BC6C9,9EB5AAF9-4EC2-4BC1-B78F-A2C697BCE705,4,BROILER GROWER605 1,BROILER GROWER,2026-07-22 13:01:23.360,2026-07-22 13:25:02.970,2026-07-22 13:26:07.110,4500.0,Broiler Mineral Mix,31,100.0,4.05,4.484954,Production Recipes,1,
Server2,6FADBD53-9A93-4036-969C-15158F5BC6C9,9EB5AAF9-4EC2-4BC1-B78F-A2C697BCE705,4,BROILER GROWER605 1,BROILER GROWER,2026-07-22 13:01:23.360,2026-07-22 13:25:02.970,2026-07-22 13:26:07.110,4500.0,Broiler Starter PX,69,100.0,4.05,7.199074,Production Recipes,1,
Server2,6FADBD53-9A93-4036-969C-15158F5BC6C9,9EB5AAF9-4EC2-4BC1-B78F-A2C697BCE705,4,BROILER GROWER605 1,BROILER GROWER,2026-07-22 13:01:23.360,2026-07-22 13:25:02.970,2026-07-22 13:26:07.110,4500.0,Choline Chloride 60%,26,100.0,2.7,3.043982,Production Recipes,1,
Server2,6FADBD53-9A93-4036-969C-15158F5BC6C9,9EB5AAF9-4EC2-4BC1-B78F-A2C697BCE705,4,BROILER GROWER605 1,BROILER GROWER,2026-07-22 13:01:23.360,2026-07-22 13:25:02.970,2026-07-22 13:26:07.110,4500.0,KENZYME PRO,77,100.0,2.7,2.951389,Production Recipes,1,
Server2,6FADBD53-9A93-4036-969C-15158F5BC6C9,9EB5AAF9-4EC2-4BC1-B78F-A2C697BCE705,4,BROILER GROWER605 1,BROILER GROWER,2026-07-22 13:01:23.360,2026-07-22 13:25:02.970,2026-07-22 13:26:07.110,4500.0,Limestone,113,100.0,55.485,66.52197,Production Recipes,1,
Server2,6FADBD53-9A93-4036-969C-15158F5BC6C9,9EB5AAF9-4EC2-4BC1-B78F-A2C697BCE705,4,BROILER GROWER605 1,BROILER GROWER,2026-07-22 13:01:23.360,2026-07-22 13:25:02.970,2026-07-22 13:26:07.110,4500.0,LYSOFORTE DRY,30,100.0,0.9,0.9302663,Production Recipes,1,
Server2,6FADBD53-9A93-4036-969C-15158F5BC6C9,9EB5AAF9-4EC2-4BC1-B78F-A2C697BCE705,4,BROILER GROWER605 1,BROILER GROWER,2026-07-22 13:01:23.360,2026-07-22 13:25:02.970,2026-07-22 13:26:07.110,4500.0,Maize,100,100.0,2679.705,2686.343,Production Recipes,4,
Server2,6FADBD53-9A93-4036-969C-15158F5BC6C9,9EB5AAF9-4EC2-4BC1-B78F-A2C697BCE705,4,BROILER GROWER605 1,BROILER GROWER,2026-07-22 13:01:23.360,2026-07-22 13:25:02.970,2026-07-22 13:26:07.110,4500.0,Methionine,12,100.0,10.62,11.14005,Production Recipes,1,
Server2,6FADBD53-9A93-4036-969C-15158F5BC6C9,9EB5AAF9-4EC2-4BC1-B78F-A2C697BCE705,4,BROILER GROWER605 1,BROILER GROWER,2026-07-22 13:01:23.360,2026-07-22 13:25:02.970,2026-07-22 13:26:07.110,4500.0,Monocalcium Phos,204,100.0,38.745,39.0625,Production Recipes,1,
Server2,6FADBD53-9A93-4036-969C-15158F5BC6C9,9EB5AAF9-4EC2-4BC1-B78F-A2C697BCE705,4,BROILER GROWER605 1,BROILER GROWER,2026-07-22 13:01:23.360,2026-07-22 13:25:02.970,2026-07-22 13:26:07.110,4500.0,NOVELA ECL,6,100.0,0.45,0.4803241,Production Recipes,1,
Server2,6FADBD53-9A93-4036-969C-15158F5BC6C9,9EB5AAF9-4EC2-4BC1-B78F-A2C697BCE705,4,BROILER GROWER605 1,BROILER GROWER,2026-07-22 13:01:23.360,2026-07-22 13:25:02.970,2026-07-22 13:26:07.110,4500.0,Provi Oxi Stop,21,100.0,0.45,1.082176,Production Recipes,1,
Server2,6FADBD53-9A93-4036-969C-15158F5BC6C9,9EB5AAF9-4EC2-4BC1-B78F-A2C697BCE705,4,BROILER GROWER605 1,BROILER GROWER,2026-07-22 13:01:23.360,2026-07-22 13:25:02.970,2026-07-22 13:26:07.110,4500.0,Rovabio P10,176,100.0,2.25,2.170139,Production Recipes,1,
Server2,6FADBD53-9A93-4036-969C-15158F5BC6C9,9EB5AAF9-4EC2-4BC1-B78F-A2C697BCE705,4,BROILER GROWER605 1,BROILER GROWER,2026-07-22 13:01:23.360,2026-07-22 13:25:02.970,2026-07-22 13:26:07.110,4500.0,Sacox (500g),91,100.0,2.25,2.858796,Production Recipes,1,
Server2,6FADBD53-9A93-4036-969C-15158F5BC6C9,9EB5AAF9-4EC2-4BC1-B78F-A2C697BCE705,4,BROILER GROWER605 1,BROILER GROWER,2026-07-22 13:01:23.360,2026-07-22 13:25:02.970,2026-07-22 13:26:07.110,4500.0,Salt,202,100.0,12.96,14.03356,Production Recipes,1,
Server2,6FADBD53-9A93-4036-969C-15158F5BC6C9,9EB5AAF9-4EC2-4BC1-B78F-A2C697BCE705,4,BROILER GROWER605 1,BROILER GROWER,2026-07-22 13:01:23.360,2026-07-22 13:25:02.970,2026-07-22 13:26:07.110,4500.0,SOLIS,124,100.0,6.75,7.233796,Production Recipes,1,
Server2,6FADBD53-9A93-4036-969C-15158F5BC6C9,9EB5AAF9-4EC2-4BC1-B78F-A2C697BCE705,4,BROILER GROWER605 1,BROILER GROWER,2026-07-22 13:01:23.360,2026-07-22 13:25:02.970,2026-07-22 13:26:07.110,4500.0,SOUDIOM Bicarbon,35,100.0,8.955,10.12731,Production Recipes,1,
Server2,6FADBD53-9A93-4036-969C-15158F5BC6C9,9EB5AAF9-4EC2-4BC1-B78F-A2C697BCE705,4,BROILER GROWER605 1,BROILER GROWER,2026-07-22 13:01:23.360,2026-07-22 13:25:02.970,2026-07-22 13:26:07.110,4500.0,SOYA-,105,100.0,1619.145,1601.476,Production Recipes,1,
Server2,6FADBD53-9A93-4036-969C-15158F5BC6C9,9EB5AAF9-4EC2-4BC1-B78F-A2C697BCE705,4,BROILER GROWER605 1,BROILER GROWER,2026-07-22 13:01:23.360,2026-07-22 13:25:02.970,2026-07-22 13:26:07.110,4500.0,Soya Oil,210,100.0,37.35,37.75,Production Recipes,10,
Server2,6FADBD53-9A93-4036-969C-15158F5BC6C9,9EB5AAF9-4EC2-4BC1-B78F-A2C697BCE705,4,BROILER GROWER605 1,BROILER GROWER,2026-07-22 13:01:23.360,2026-07-22 13:25:02.970,2026-07-22 13:26:07.110,4500.0,TermiN-8,33,100.0,6.75,0.0,Production Recipes,6,
Server2,D8C75B8B-83A2-4E7F-B4A3-C5077B0703BD,9EB5AAF9-4EC2-4BC1-B78F-A2C697BCE705,4,BROILER GROWER605 2,BROILER GROWER,2026-07-22 13:01:25.263,2026-07-22 13:31:15.173,2026-07-22 13:32:19.363,4500.0,BETAIN HCL,142,100.0,2.25,3.18287,Production Recipes,1,
Server2,D8C75B8B-83A2-4E7F-B4A3-C5077B0703BD,9EB5AAF9-4EC2-4BC1-B78F-A2C697BCE705,4,BROILER GROWER605 2,BROILER GROWER,2026-07-22 13:01:25.263,2026-07-22 13:31:15.173,2026-07-22 13:32:19.363,4500.0,BIOSTRONG 510,140,100.0,0.675,0.7609953,Production Recipes,1,
Server2,D8C75B8B-83A2-4E7F-B4A3-C5077B0703BD,9EB5AAF9-4EC2-4BC1-B78F-A2C697BCE705,4,BROILER GROWER605 2,BROILER GROWER,2026-07-22 13:01:25.263,2026-07-22 13:31:15.173,2026-07-22 13:32:19.363,4500.0,Broiler Mineral Mix,31,100.0,4.05,5.873843,Production Recipes,1,
Server2,D8C75B8B-83A2-4E7F-B4A3-C5077B0703BD,9EB5AAF9-4EC2-4BC1-B78F-A2C697BCE705,4,BROILER GROWER605 2,BROILER GROWER,2026-07-22 13:01:25.263,2026-07-22 13:31:15.173,2026-07-22 13:32:19.363,4500.0,Broiler Starter PX,69,100.0,4.05,6.03588,Production Recipes,1,
Server2,D8C75B8B-83A2-4E7F-B4A3-C5077B0703BD,9EB5AAF9-4EC2-4BC1-B78F-A2C697BCE705,4,BROILER GROWER605 2,BROILER GROWER,2026-07-22 13:01:25.263,2026-07-22 13:31:15.173,2026-07-22 13:32:19.363,4500.0,Choline Chloride 60%,26,100.0,2.7,2.55787,Production Recipes,1,
Server2,D8C75B8B-83A2-4E7F-B4A3-C5077B0703BD,9EB5AAF9-4EC2-4BC1-B78F-A2C697BCE705,4,BROILER GROWER605 2,BROILER GROWER,2026-07-22 13:01:25.263,2026-07-22 13:31:15.173,2026-07-22 13:32:19.363,4500.0,KENZYME PRO,77,100.0,2.7,2.734375,Production Recipes,1,
Server2,D8C75B8B-83A2-4E7F-B4A3-C5077B0703BD,9EB5AAF9-4EC2-4BC1-B78F-A2C697BCE705,4,BROILER GROWER605 2,BROILER GROWER,2026-07-22 13:01:25.263,2026-07-22 13:31:15.173,2026-07-22 13:32:19.363,4500.0,Limestone,113,100.0,55.485,61.02429,Production Recipes,1,
Server2,D8C75B8B-83A2-4E7F-B4A3-C5077B0703BD,9EB5AAF9-4EC2-4BC1-B78F-A2C697BCE705,4,BROILER GROWER605 2,BROILER GROWER,2026-07-22 13:01:25.263,2026-07-22 13:31:15.173,2026-07-22 13:32:19.363,4500.0,LYSOFORTE DRY,30,100.0,0.9,1.300637,Production Recipes,1,
Server2,D8C75B8B-83A2-4E7F-B4A3-C5077B0703BD,9EB5AAF9-4EC2-4BC1-B78F-A2C697BCE705,4,BROILER GROWER605 2,BROILER GROWER,2026-07-22 13:01:25.263,2026-07-22 13:31:15.173,2026-07-22 13:32:19.363,4500.0,Maize,100,100.0,2679.705,2684.751,Production Recipes,4,
Server2,D8C75B8B-83A2-4E7F-B4A3-C5077B0703BD,9EB5AAF9-4EC2-4BC1-B78F-A2C697BCE705,4,BROILER GROWER605 2,BROILER GROWER,2026-07-22 13:01:25.263,2026-07-22 13:31:15.173,2026-07-22 13:32:19.363,4500.0,Methionine,12,100.0,10.62,11.14005,Production Recipes,1,
Server2,D8C75B8B-83A2-4E7F-B4A3-C5077B0703BD,9EB5AAF9-4EC2-4BC1-B78F-A2C697BCE705,4,BROILER GROWER605 2,BROILER GROWER,2026-07-22 13:01:25.263,2026-07-22 13:31:15.173,2026-07-22 13:32:19.363,4500.0,Monocalcium Phos,204,100.0,38.745,39.0625,Production Recipes,1,
Server2,D8C75B8B-83A2-4E7F-B4A3-C5077B0703BD,9EB5AAF9-4EC2-4BC1-B78F-A2C697BCE705,4,BROILER GROWER605 2,BROILER GROWER,2026-07-22 13:01:25.263,2026-07-22 13:31:15.173,2026-07-22 13:32:19.363,4500.0,NOVELA ECL,6,100.0,0.45,0.5801505,Production Recipes,1,
Server2,D8C75B8B-83A2-4E7F-B4A3-C5077B0703BD,9EB5AAF9-4EC2-4BC1-B78F-A2C697BCE705,4,BROILER GROWER605 2,BROILER GROWER,2026-07-22 13:01:25.263,2026-07-22 13:31:15.173,2026-07-22 13:32:19.363,4500.0,Provi Oxi Stop,21,100.0,0.45,0.9910302,Production Recipes,1,
Server2,D8C75B8B-83A2-4E7F-B4A3-C5077B0703BD,9EB5AAF9-4EC2-4BC1-B78F-A2C697BCE705,4,BROILER GROWER605 2,BROILER GROWER,2026-07-22 13:01:25.263,2026-07-22 13:31:15.173,2026-07-22 13:32:19.363,4500.0,Rovabio P10,176,100.0,2.25,2.737268,Production Recipes,1,
Server2,D8C75B8B-83A2-4E7F-B4A3-C5077B0703BD,9EB5AAF9-4EC2-4BC1-B78F-A2C697BCE705,4,BROILER GROWER605 2,BROILER GROWER,2026-07-22 13:01:25.263,2026-07-22 13:31:15.173,2026-07-22 13:32:19.363,4500.0,Sacox (500g),91,100.0,2.25,3.211806,Production Recipes,1,
Server2,D8C75B8B-83A2-4E7F-B4A3-C5077B0703BD,9EB5AAF9-4EC2-4BC1-B78F-A2C697BCE705,4,BROILER GROWER605 2,BROILER GROWER,2026-07-22 13:01:25.263,2026-07-22 13:31:15.173,2026-07-22 13:32:19.363,4500.0,Salt,202,100.0,12.96,15.0463,Production Recipes,1,
Server2,D8C75B8B-83A2-4E7F-B4A3-C5077B0703BD,9EB5AAF9-4EC2-4BC1-B78F-A2C697BCE705,4,BROILER GROWER605 2,BROILER GROWER,2026-07-22 13:01:25.263,2026-07-22 13:31:15.173,2026-07-22 13:32:19.363,4500.0,SOLIS,124,100.0,6.75,7.190393,Production Recipes,1,
Server2,D8C75B8B-83A2-4E7F-B4A3-C5077B0703BD,9EB5AAF9-4EC2-4BC1-B78F-A2C697BCE705,4,BROILER GROWER605 2,BROILER GROWER,2026-07-22 13:01:25.263,2026-07-22 13:31:15.173,2026-07-22 13:32:19.363,4500.0,SOUDIOM Bicarbon,35,100.0,8.955,9.114586,Production Recipes,1,
Server2,D8C75B8B-83A2-4E7F-B4A3-C5077B0703BD,9EB5AAF9-4EC2-4BC1-B78F-A2C697BCE705,4,BROILER GROWER605 2,BROILER GROWER,2026-07-22 13:01:25.263,2026-07-22 13:31:15.173,2026-07-22 13:32:19.363,4500.0,SOYA-,105,100.0,1619.145,1608.623,Production Recipes,1,
Server2,D8C75B8B-83A2-4E7F-B4A3-C5077B0703BD,9EB5AAF9-4EC2-4BC1-B78F-A2C697BCE705,4,BROILER GROWER605 2,BROILER GROWER,2026-07-22 13:01:25.263,2026-07-22 13:31:15.173,2026-07-22 13:32:19.363,4500.0,Soya Oil,210,100.0,37.35,37.75,Production Recipes,10,
Server2,D8C75B8B-83A2-4E7F-B4A3-C5077B0703BD,9EB5AAF9-4EC2-4BC1-B78F-A2C697BCE705,4,BROILER GROWER605 2,BROILER GROWER,2026-07-22 13:01:25.263,2026-07-22 13:31:15.173,2026-07-22 13:32:19.363,4500.0,TermiN-8,33,100.0,6.75,0.0,Production Recipes,6,
Server2,0982C085-6821-4FFB-84EC-917F99CB667D,9EB5AAF9-4EC2-4BC1-B78F-A2C697BCE705,4,BROILER GROWER605 3,BROILER GROWER,2026-07-22 13:01:31.327,2026-07-22 13:36:10.757,2026-07-22 13:37:15.140,4500.0,BETAIN HCL,142,100.0,2.25,2.228009,Production Recipes,1,
Server2,0982C085-6821-4FFB-84EC-917F99CB667D,9EB5AAF9-4EC2-4BC1-B78F-A2C697BCE705,4,BROILER GROWER605 3,BROILER GROWER,2026-07-22 13:01:31.327,2026-07-22 13:36:10.757,2026-07-22 13:37:15.140,4500.0,BIOSTRONG 510,140,100.0,0.675,0.8015046,Production Recipes,1,
Server2,0982C085-6821-4FFB-84EC-917F99CB667D,9EB5AAF9-4EC2-4BC1-B78F-A2C697BCE705,4,BROILER GROWER605 3,BROILER GROWER,2026-07-22 13:01:31.327,2026-07-22 13:36:10.757,2026-07-22 13:37:15.140,4500.0,Broiler Mineral Mix,31,100.0,4.05,7.465278,Production Recipes,1,
Server2,0982C085-6821-4FFB-84EC-917F99CB667D,9EB5AAF9-4EC2-4BC1-B78F-A2C697BCE705,4,BROILER GROWER605 3,BROILER GROWER,2026-07-22 13:01:31.327,2026-07-22 13:36:10.757,2026-07-22 13:37:15.140,4500.0,Broiler Starter PX,69,100.0,4.05,6.458334,Production Recipes,1,
Server2,0982C085-6821-4FFB-84EC-917F99CB667D,9EB5AAF9-4EC2-4BC1-B78F-A2C697BCE705,4,BROILER GROWER605 3,BROILER GROWER,2026-07-22 13:01:31.327,2026-07-22 13:36:10.757,2026-07-22 13:37:15.140,4500.0,Choline Chloride 60%,26,100.0,2.7,2.760418,Production Recipes,1,
Server2,0982C085-6821-4FFB-84EC-917F99CB667D,9EB5AAF9-4EC2-4BC1-B78F-A2C697BCE705,4,BROILER GROWER605 3,BROILER GROWER,2026-07-22 13:01:31.327,2026-07-22 13:36:10.757,2026-07-22 13:37:15.140,4500.0,KENZYME PRO,77,100.0,2.7,3.168403,Production Recipes,1,
Server2,0982C085-6821-4FFB-84EC-917F99CB667D,9EB5AAF9-4EC2-4BC1-B78F-A2C697BCE705,4,BROILER GROWER605 3,BROILER GROWER,2026-07-22 13:01:31.327,2026-07-22 13:36:10.757,2026-07-22 13:37:15.140,4500.0,Limestone,113,100.0,55.485,57.72571,Production Recipes,1,
Server2,0982C085-6821-4FFB-84EC-917F99CB667D,9EB5AAF9-4EC2-4BC1-B78F-A2C697BCE705,4,BROILER GROWER605 3,BROILER GROWER,2026-07-22 13:01:31.327,2026-07-22 13:36:10.757,2026-07-22 13:37:15.140,4500.0,LYSOFORTE DRY,30,100.0,0.9,0.9302663,Production Recipes,1,
Server2,0982C085-6821-4FFB-84EC-917F99CB667D,9EB5AAF9-4EC2-4BC1-B78F-A2C697BCE705,4,BROILER GROWER605 3,BROILER GROWER,2026-07-22 13:01:31.327,2026-07-22 13:36:10.757,2026-07-22 13:37:15.140,4500.0,Maize,100,100.0,2679.705,2695.891,Production Recipes,4,
Server2,0982C085-6821-4FFB-84EC-917F99CB667D,9EB5AAF9-4EC2-4BC1-B78F-A2C697BCE705,4,BROILER GROWER605 3,BROILER GROWER,2026-07-22 13:01:31.327,2026-07-22 13:36:10.757,2026-07-22 13:37:15.140,4500.0,Methionine,12,100.0,10.62,11.14005,Production Recipes,1,
Server2,0982C085-6821-4FFB-84EC-917F99CB667D,9EB5AAF9-4EC2-4BC1-B78F-A2C697BCE705,4,BROILER GROWER605 3,BROILER GROWER,2026-07-22 13:01:31.327,2026-07-22 13:36:10.757,2026-07-22 13:37:15.140,4500.0,Monocalcium Phos,204,100.0,38.745,39.0625,Production Recipes,1,
Server2,0982C085-6821-4FFB-84EC-917F99CB667D,9EB5AAF9-4EC2-4BC1-B78F-A2C697BCE705,4,BROILER GROWER605 3,BROILER GROWER,2026-07-22 13:01:31.327,2026-07-22 13:36:10.757,2026-07-22 13:37:15.140,4500.0,NOVELA ECL,6,100.0,0.45,0.4499422,Production Recipes,1,
Server2,0982C085-6821-4FFB-84EC-917F99CB667D,9EB5AAF9-4EC2-4BC1-B78F-A2C697BCE705,4,BROILER GROWER605 3,BROILER GROWER,2026-07-22 13:01:31.327,2026-07-22 13:36:10.757,2026-07-22 13:37:15.140,4500.0,Provi Oxi Stop,21,100.0,0.45,1.171875,Production Recipes,1,
Server2,0982C085-6821-4FFB-84EC-917F99CB667D,9EB5AAF9-4EC2-4BC1-B78F-A2C697BCE705,4,BROILER GROWER605 3,BROILER GROWER,2026-07-22 13:01:31.327,2026-07-22 13:36:10.757,2026-07-22 13:37:15.140,4500.0,Rovabio P10,176,100.0,2.25,3.408564,Production Recipes,1,
Server2,0982C085-6821-4FFB-84EC-917F99CB667D,9EB5AAF9-4EC2-4BC1-B78F-A2C697BCE705,4,BROILER GROWER605 3,BROILER GROWER,2026-07-22 13:01:31.327,2026-07-22 13:36:10.757,2026-07-22 13:37:15.140,4500.0,Sacox (500g),91,100.0,2.25,2.899305,Production Recipes,1,
Server2,0982C085-6821-4FFB-84EC-917F99CB667D,9EB5AAF9-4EC2-4BC1-B78F-A2C697BCE705,4,BROILER GROWER605 3,BROILER GROWER,2026-07-22 13:01:31.327,2026-07-22 13:36:10.757,2026-07-22 13:37:15.140,4500.0,Salt,202,100.0,12.96,15.0463,Production Recipes,1,
Server2,0982C085-6821-4FFB-84EC-917F99CB667D,9EB5AAF9-4EC2-4BC1-B78F-A2C697BCE705,4,BROILER GROWER605 3,BROILER GROWER,2026-07-22 13:01:31.327,2026-07-22 13:36:10.757,2026-07-22 13:37:15.140,4500.0,SOLIS,124,100.0,6.75,7.190394,Production Recipes,1,
Server2,0982C085-6821-4FFB-84EC-917F99CB667D,9EB5AAF9-4EC2-4BC1-B78F-A2C697BCE705,4,BROILER GROWER605 3,BROILER GROWER,2026-07-22 13:01:31.327,2026-07-22 13:36:10.757,2026-07-22 13:37:15.140,4500.0,SOUDIOM Bicarbon,35,100.0,8.955,9.114586,Production Recipes,1,
Server2,0982C085-6821-4FFB-84EC-917F99CB667D,9EB5AAF9-4EC2-4BC1-B78F-A2C697BCE705,4,BROILER GROWER605 3,BROILER GROWER,2026-07-22 13:01:31.327,2026-07-22 13:36:10.757,2026-07-22 13:37:15.140,4500.0,SOYA-,105,100.0,1619.145,1605.874,Production Recipes,1,
Server2,0982C085-6821-4FFB-84EC-917F99CB667D,9EB5AAF9-4EC2-4BC1-B78F-A2C697BCE705,4,BROILER GROWER605 3,BROILER GROWER,2026-07-22 13:01:31.327,2026-07-22 13:36:10.757,2026-07-22 13:37:15.140,4500.0,Soya Oil,210,100.0,37.35,37.75,Production Recipes,10,
Server2,0982C085-6821-4FFB-84EC-917F99CB667D,9EB5AAF9-4EC2-4BC1-B78F-A2C697BCE705,4,BROILER GROWER605 3,BROILER GROWER,2026-07-22 13:01:31.327,2026-07-22 13:36:10.757,2026-07-22 13:37:15.140,4500.0,TermiN-8,33,100.0,6.75,0.0,Production Recipes,6,
Server2,DC9AF845-D928-4E53-91EB-4FCC11576879,9EB5AAF9-4EC2-4BC1-B78F-A2C697BCE705,4,BROILER GROWER605 4,BROILER GROWER,2026-07-22 13:01:33.310,2026-07-22 14:06:37.973,2026-07-22 14:07:42.170,4500.0,BETAIN HCL,142,100.0,2.25,2.349538,Production Recipes,1,
Server2,DC9AF845-D928-4E53-91EB-4FCC11576879,9EB5AAF9-4EC2-4BC1-B78F-A2C697BCE705,4,BROILER GROWER605 4,BROILER GROWER,2026-07-22 13:01:33.310,2026-07-22 14:06:37.973,2026-07-22 14:07:42.170,4500.0,BIOSTRONG 510,140,100.0,0.675,0.750868,Production Recipes,1,
Server2,DC9AF845-D928-4E53-91EB-4FCC11576879,9EB5AAF9-4EC2-4BC1-B78F-A2C697BCE705,4,BROILER GROWER605 4,BROILER GROWER,2026-07-22 13:01:33.310,2026-07-22 14:06:37.973,2026-07-22 14:07:42.170,4500.0,Broiler Mineral Mix,31,100.0,4.05,4.976851,Production Recipes,1,
Server2,DC9AF845-D928-4E53-91EB-4FCC11576879,9EB5AAF9-4EC2-4BC1-B78F-A2C697BCE705,4,BROILER GROWER605 4,BROILER GROWER,2026-07-22 13:01:33.310,2026-07-22 14:06:37.973,2026-07-22 14:07:42.170,4500.0,Broiler Starter PX,69,100.0,4.05,5.50926,Production Recipes,1,
Server2,DC9AF845-D928-4E53-91EB-4FCC11576879,9EB5AAF9-4EC2-4BC1-B78F-A2C697BCE705,4,BROILER GROWER605 4,BROILER GROWER,2026-07-22 13:01:33.310,2026-07-22 14:06:37.973,2026-07-22 14:07:42.170,4500.0,Choline Chloride 60%,26,100.0,2.7,2.581018,Production Recipes,1,
Server2,DC9AF845-D928-4E53-91EB-4FCC11576879,9EB5AAF9-4EC2-4BC1-B78F-A2C697BCE705,4,BROILER GROWER605 4,BROILER GROWER,2026-07-22 13:01:33.310,2026-07-22 14:06:37.973,2026-07-22 14:07:42.170,4500.0,KENZYME PRO,77,100.0,2.7,3.038195,Production Recipes,1,
Server2,DC9AF845-D928-4E53-91EB-4FCC11576879,9EB5AAF9-4EC2-4BC1-B78F-A2C697BCE705,4,BROILER GROWER605 4,BROILER GROWER,2026-07-22 13:01:33.310,2026-07-22 14:06:37.973,2026-07-22 14:07:42.170,4500.0,Limestone,113,100.0,55.485,62.67358,Production Recipes,1,
Server2,DC9AF845-D928-4E53-91EB-4FCC11576879,9EB5AAF9-4EC2-4BC1-B78F-A2C697BCE705,4,BROILER GROWER605 4,BROILER GROWER,2026-07-22 13:01:33.310,2026-07-22 14:06:37.973,2026-07-22 14:07:42.170,4500.0,LYSOFORTE DRY,30,100.0,0.9,1.290509,Production Recipes,1,
Server2,DC9AF845-D928-4E53-91EB-4FCC11576879,9EB5AAF9-4EC2-4BC1-B78F-A2C697BCE705,4,BROILER GROWER605 4,BROILER GROWER,2026-07-22 13:01:33.310,2026-07-22 14:06:37.973,2026-07-22 14:07:42.170,4500.0,Maize,100,100.0,2679.705,2678.385,Production Recipes,4,
Server2,DC9AF845-D928-4E53-91EB-4FCC11576879,9EB5AAF9-4EC2-4BC1-B78F-A2C697BCE705,4,BROILER GROWER605 4,BROILER GROWER,2026-07-22 13:01:33.310,2026-07-22 14:06:37.973,2026-07-22 14:07:42.170,4500.0,Methionine,12,100.0,10.62,11.14005,Production Recipes,1,
Server2,DC9AF845-D928-4E53-91EB-4FCC11576879,9EB5AAF9-4EC2-4BC1-B78F-A2C697BCE705,4,BROILER GROWER605 4,BROILER GROWER,2026-07-22 13:01:33.310,2026-07-22 14:06:37.973,2026-07-22 14:07:42.170,4500.0,Monocalcium Phos,204,100.0,38.745,39.0625,Production Recipes,1,
Server2,DC9AF845-D928-4E53-91EB-4FCC11576879,9EB5AAF9-4EC2-4BC1-B78F-A2C697BCE705,4,BROILER GROWER605 4,BROILER GROWER,2026-07-22 13:01:33.310,2026-07-22 14:06:37.973,2026-07-22 14:07:42.170,4500.0,NOVELA ECL,6,100.0,0.45,0.5700232,Production Recipes,1,
Server2,DC9AF845-D928-4E53-91EB-4FCC11576879,9EB5AAF9-4EC2-4BC1-B78F-A2C697BCE705,4,BROILER GROWER605 4,BROILER GROWER,2026-07-22 13:01:33.310,2026-07-22 14:06:37.973,2026-07-22 14:07:42.170,4500.0,Provi Oxi Stop,21,100.0,0.45,1.20081,Production Recipes,1,
Server2,DC9AF845-D928-4E53-91EB-4FCC11576879,9EB5AAF9-4EC2-4BC1-B78F-A2C697BCE705,4,BROILER GROWER605 4,BROILER GROWER,2026-07-22 13:01:33.310,2026-07-22 14:06:37.973,2026-07-22 14:07:42.170,4500.0,Rovabio P10,176,100.0,2.25,3.460648,Production Recipes,1,
Server2,DC9AF845-D928-4E53-91EB-4FCC11576879,9EB5AAF9-4EC2-4BC1-B78F-A2C697BCE705,4,BROILER GROWER605 4,BROILER GROWER,2026-07-22 13:01:33.310,2026-07-22 14:06:37.973,2026-07-22 14:07:42.170,4500.0,Sacox (500g),91,100.0,2.25,3.622685,Production Recipes,1,
Server2,DC9AF845-D928-4E53-91EB-4FCC11576879,9EB5AAF9-4EC2-4BC1-B78F-A2C697BCE705,4,BROILER GROWER605 4,BROILER GROWER,2026-07-22 13:01:33.310,2026-07-22 14:06:37.973,2026-07-22 14:07:42.170,4500.0,Salt,202,100.0,12.96,14.03357,Production Recipes,1,
Server2,DC9AF845-D928-4E53-91EB-4FCC11576879,9EB5AAF9-4EC2-4BC1-B78F-A2C697BCE705,4,BROILER GROWER605 4,BROILER GROWER,2026-07-22 13:01:33.310,2026-07-22 14:06:37.973,2026-07-22 14:07:42.170,4500.0,SOLIS,124,100.0,6.75,7.146991,Production Recipes,1,
Server2,DC9AF845-D928-4E53-91EB-4FCC11576879,9EB5AAF9-4EC2-4BC1-B78F-A2C697BCE705,4,BROILER GROWER605 4,BROILER GROWER,2026-07-22 13:01:33.310,2026-07-22 14:06:37.973,2026-07-22 14:07:42.170,4500.0,SOUDIOM Bicarbon,35,100.0,8.955,9.114586,Production Recipes,1,
Server2,DC9AF845-D928-4E53-91EB-4FCC11576879,9EB5AAF9-4EC2-4BC1-B78F-A2C697BCE705,4,BROILER GROWER605 4,BROILER GROWER,2026-07-22 13:01:33.310,2026-07-22 14:06:37.973,2026-07-22 14:07:42.170,4500.0,SOYA-,105,100.0,1619.145,1615.22,Production Recipes,1,
Server2,DC9AF845-D928-4E53-91EB-4FCC11576879,9EB5AAF9-4EC2-4BC1-B78F-A2C697BCE705,4,BROILER GROWER605 4,BROILER GROWER,2026-07-22 13:01:33.310,2026-07-22 14:06:37.973,2026-07-22 14:07:42.170,4500.0,Soya Oil,210,100.0,37.35,37.75,Production Recipes,10,
Server2,DC9AF845-D928-4E53-91EB-4FCC11576879,9EB5AAF9-4EC2-4BC1-B78F-A2C697BCE705,4,BROILER GROWER605 4,BROILER GROWER,2026-07-22 13:01:33.310,2026-07-22 14:06:37.973,2026-07-22 14:07:42.170,4500.0,TermiN-8,33,100.0,6.75,0.0,Production Recipes,6,
Server2,68DF5641-B40A-48C9-B567-B7FF159D5E20,9EB5AAF9-4EC2-4BC1-B78F-A2C697BCE705,4,BROILER GROWER605 5,BROILER GROWER,2026-07-22 13:01:39.363,2026-07-22 14:20:29.967,2026-07-22 14:21:34.167,4500.0,BETAIN HCL,142,100.0,2.25,2.760416,Production Recipes,1,
Server2,68DF5641-B40A-48C9-B567-B7FF159D5E20,9EB5AAF9-4EC2-4BC1-B78F-A2C697BCE705,4,BROILER GROWER605 5,BROILER GROWER,2026-07-22 13:01:39.363,2026-07-22 14:20:29.967,2026-07-22 14:21:34.167,4500.0,BIOSTRONG 510,140,100.0,0.675,0.7392941,Production Recipes,1,
Server2,68DF5641-B40A-48C9-B567-B7FF159D5E20,9EB5AAF9-4EC2-4BC1-B78F-A2C697BCE705,4,BROILER GROWER605 5,BROILER GROWER,2026-07-22 13:01:39.363,2026-07-22 14:20:29.967,2026-07-22 14:21:34.167,4500.0,Broiler Mineral Mix,31,100.0,4.05,6.524884,Production Recipes,1,
Server2,68DF5641-B40A-48C9-B567-B7FF159D5E20,9EB5AAF9-4EC2-4BC1-B78F-A2C697BCE705,4,BROILER GROWER605 5,BROILER GROWER,2026-07-22 13:01:39.363,2026-07-22 14:20:29.967,2026-07-22 14:21:34.167,4500.0,Broiler Starter PX,69,100.0,4.05,6.226852,Production Recipes,1,
Server2,68DF5641-B40A-48C9-B567-B7FF159D5E20,9EB5AAF9-4EC2-4BC1-B78F-A2C697BCE705,4,BROILER GROWER605 5,BROILER GROWER,2026-07-22 13:01:39.363,2026-07-22 14:20:29.967,2026-07-22 14:21:34.167,4500.0,Choline Chloride 60%,26,100.0,2.7,2.789351,Production Recipes,1,
Server2,68DF5641-B40A-48C9-B567-B7FF159D5E20,9EB5AAF9-4EC2-4BC1-B78F-A2C697BCE705,4,BROILER GROWER605 5,BROILER GROWER,2026-07-22 13:01:39.363,2026-07-22 14:20:29.967,2026-07-22 14:21:34.167,4500.0,KENZYME PRO,77,100.0,2.7,3.153935,Production Recipes,1,
Server2,68DF5641-B40A-48C9-B567-B7FF159D5E20,9EB5AAF9-4EC2-4BC1-B78F-A2C697BCE705,4,BROILER GROWER605 5,BROILER GROWER,2026-07-22 13:01:39.363,2026-07-22 14:20:29.967,2026-07-22 14:21:34.167,4500.0,Limestone,113,100.0,55.485,62.12378,Production Recipes,1,
Server2,68DF5641-B40A-48C9-B567-B7FF159D5E20,9EB5AAF9-4EC2-4BC1-B78F-A2C697BCE705,4,BROILER GROWER605 5,BROILER GROWER,2026-07-22 13:01:39.363,2026-07-22 14:20:29.967,2026-07-22 14:21:34.167,4500.0,LYSOFORTE DRY,30,100.0,0.9,1.270255,Production Recipes,1,
Server2,68DF5641-B40A-48C9-B567-B7FF159D5E20,9EB5AAF9-4EC2-4BC1-B78F-A2C697BCE705,4,BROILER GROWER605 5,BROILER GROWER,2026-07-22 13:01:39.363,2026-07-22 14:20:29.967,2026-07-22 14:21:34.167,4500.0,Maize,100,100.0,2679.705,2694.3,Production Recipes,4,
Server2,68DF5641-B40A-48C9-B567-B7FF159D5E20,9EB5AAF9-4EC2-4BC1-B78F-A2C697BCE705,4,BROILER GROWER605 5,BROILER GROWER,2026-07-22 13:01:39.363,2026-07-22 14:20:29.967,2026-07-22 14:21:34.167,4500.0,Methionine,12,100.0,10.62,11.14005,Production Recipes,1,
Server2,68DF5641-B40A-48C9-B567-B7FF159D5E20,9EB5AAF9-4EC2-4BC1-B78F-A2C697BCE705,4,BROILER GROWER605 5,BROILER GROWER,2026-07-22 13:01:39.363,2026-07-22 14:20:29.967,2026-07-22 14:21:34.167,4500.0,Monocalcium Phos,204,100.0,38.745,39.0625,Production Recipes,1,
Server2,68DF5641-B40A-48C9-B567-B7FF159D5E20,9EB5AAF9-4EC2-4BC1-B78F-A2C697BCE705,4,BROILER GROWER605 5,BROILER GROWER,2026-07-22 13:01:39.363,2026-07-22 14:20:29.967,2026-07-22 14:21:34.167,4500.0,NOVELA ECL,6,100.0,0.45,0.5396413,Production Recipes,1,
Server2,68DF5641-B40A-48C9-B567-B7FF159D5E20,9EB5AAF9-4EC2-4BC1-B78F-A2C697BCE705,4,BROILER GROWER605 5,BROILER GROWER,2026-07-22 13:01:39.363,2026-07-22 14:20:29.967,2026-07-22 14:21:34.167,4500.0,Provi Oxi Stop,21,100.0,0.45,1.001158,Production Recipes,1,
Server2,68DF5641-B40A-48C9-B567-B7FF159D5E20,9EB5AAF9-4EC2-4BC1-B78F-A2C697BCE705,4,BROILER GROWER605 5,BROILER GROWER,2026-07-22 13:01:39.363,2026-07-22 14:20:29.967,2026-07-22 14:21:34.167,4500.0,Rovabio P10,176,100.0,2.25,2.858797,Production Recipes,1,
Server2,68DF5641-B40A-48C9-B567-B7FF159D5E20,9EB5AAF9-4EC2-4BC1-B78F-A2C697BCE705,4,BROILER GROWER605 5,BROILER GROWER,2026-07-22 13:01:39.363,2026-07-22 14:20:29.967,2026-07-22 14:21:34.167,4500.0,Sacox (500g),91,100.0,2.25,3.101852,Production Recipes,1,
Server2,68DF5641-B40A-48C9-B567-B7FF159D5E20,9EB5AAF9-4EC2-4BC1-B78F-A2C697BCE705,4,BROILER GROWER605 5,BROILER GROWER,2026-07-22 13:01:39.363,2026-07-22 14:20:29.967,2026-07-22 14:21:34.167,4500.0,Salt,202,100.0,12.96,14.03357,Production Recipes,1,
Server2,68DF5641-B40A-48C9-B567-B7FF159D5E20,9EB5AAF9-4EC2-4BC1-B78F-A2C697BCE705,4,BROILER GROWER605 5,BROILER GROWER,2026-07-22 13:01:39.363,2026-07-22 14:20:29.967,2026-07-22 14:21:34.167,4500.0,SOLIS,124,100.0,6.75,7.016783,Production Recipes,1,
Server2,68DF5641-B40A-48C9-B567-B7FF159D5E20,9EB5AAF9-4EC2-4BC1-B78F-A2C697BCE705,4,BROILER GROWER605 5,BROILER GROWER,2026-07-22 13:01:39.363,2026-07-22 14:20:29.967,2026-07-22 14:21:34.167,4500.0,SOUDIOM Bicarbon,35,100.0,8.955,9.114586,Production Recipes,1,
Server2,68DF5641-B40A-48C9-B567-B7FF159D5E20,9EB5AAF9-4EC2-4BC1-B78F-A2C697BCE705,4,BROILER GROWER605 5,BROILER GROWER,2026-07-22 13:01:39.363,2026-07-22 14:20:29.967,2026-07-22 14:21:34.167,4500.0,SOYA-,105,100.0,1619.145,1611.921,Production Recipes,1,
Server2,68DF5641-B40A-48C9-B567-B7FF159D5E20,9EB5AAF9-4EC2-4BC1-B78F-A2C697BCE705,4,BROILER GROWER605 5,BROILER GROWER,2026-07-22 13:01:39.363,2026-07-22 14:20:29.967,2026-07-22 14:21:34.167,4500.0,Soya Oil,210,100.0,37.35,37.75,Production Recipes,10,
Server2,68DF5641-B40A-48C9-B567-B7FF159D5E20,9EB5AAF9-4EC2-4BC1-B78F-A2C697BCE705,4,BROILER GROWER605 5,BROILER GROWER,2026-07-22 13:01:39.363,2026-07-22 14:20:29.967,2026-07-22 14:21:34.167,4500.0,TermiN-8,33,100.0,6.75,0.0,Production Recipes,6,
Server2,D80EBFAA-91F0-4311-A5D6-3B3D4E227C58,9EB5AAF9-4EC2-4BC1-B78F-A2C697BCE705,4,BROILER GROWER605 6,BROILER GROWER,2026-07-22 13:01:41.337,2026-07-22 14:24:17.357,2026-07-22 14:25:25.303,4500.0,BETAIN HCL,142,100.0,2.25,2.413195,Production Recipes,1,
Server2,D80EBFAA-91F0-4311-A5D6-3B3D4E227C58,9EB5AAF9-4EC2-4BC1-B78F-A2C697BCE705,4,BROILER GROWER605 6,BROILER GROWER,2026-07-22 13:01:41.337,2026-07-22 14:24:17.357,2026-07-22 14:25:25.303,4500.0,BIOSTRONG 510,140,100.0,0.675,0.7103589,Production Recipes,1,
Server2,D80EBFAA-91F0-4311-A5D6-3B3D4E227C58,9EB5AAF9-4EC2-4BC1-B78F-A2C697BCE705,4,BROILER GROWER605 6,BROILER GROWER,2026-07-22 13:01:41.337,2026-07-22 14:24:17.357,2026-07-22 14:25:25.303,4500.0,Broiler Mineral Mix,31,100.0,4.05,5.150463,Production Recipes,1,
Server2,D80EBFAA-91F0-4311-A5D6-3B3D4E227C58,9EB5AAF9-4EC2-4BC1-B78F-A2C697BCE705,4,BROILER GROWER605 6,BROILER GROWER,2026-07-22 13:01:41.337,2026-07-22 14:24:17.357,2026-07-22 14:25:25.303,4500.0,Broiler Starter PX,69,100.0,4.05,5.66551,Production Recipes,1,
Server2,D80EBFAA-91F0-4311-A5D6-3B3D4E227C58,9EB5AAF9-4EC2-4BC1-B78F-A2C697BCE705,4,BROILER GROWER605 6,BROILER GROWER,2026-07-22 13:01:41.337,2026-07-22 14:24:17.357,2026-07-22 14:25:25.303,4500.0,Choline Chloride 60%,26,100.0,2.7,2.471065,Production Recipes,1,
Server2,D80EBFAA-91F0-4311-A5D6-3B3D4E227C58,9EB5AAF9-4EC2-4BC1-B78F-A2C697BCE705,4,BROILER GROWER605 6,BROILER GROWER,2026-07-22 13:01:41.337,2026-07-22 14:24:17.357,2026-07-22 14:25:25.303,4500.0,KENZYME PRO,77,100.0,2.7,3.038194,Production Recipes,1,
Server2,D80EBFAA-91F0-4311-A5D6-3B3D4E227C58,9EB5AAF9-4EC2-4BC1-B78F-A2C697BCE705,4,BROILER GROWER605 6,BROILER GROWER,2026-07-22 13:01:41.337,2026-07-22 14:24:17.357,2026-07-22 14:25:25.303,4500.0,Limestone,113,100.0,55.485,61.02429,Production Recipes,1,
Server2,D80EBFAA-91F0-4311-A5D6-3B3D4E227C58,9EB5AAF9-4EC2-4BC1-B78F-A2C697BCE705,4,BROILER GROWER605 6,BROILER GROWER,2026-07-22 13:01:41.337,2026-07-22 14:24:17.357,2026-07-22 14:25:25.303,4500.0,LYSOFORTE DRY,30,100.0,0.9,0.8304399,Production Recipes,1,
Server2,D80EBFAA-91F0-4311-A5D6-3B3D4E227C58,9EB5AAF9-4EC2-4BC1-B78F-A2C697BCE705,4,BROILER GROWER605 6,BROILER GROWER,2026-07-22 13:01:41.337,2026-07-22 14:24:17.357,2026-07-22 14:25:25.303,4500.0,Maize,100,100.0,2679.705,2886.864,Production Recipes,4,
Server2,D80EBFAA-91F0-4311-A5D6-3B3D4E227C58,9EB5AAF9-4EC2-4BC1-B78F-A2C697BCE705,4,BROILER GROWER605 6,BROILER GROWER,2026-07-22 13:01:41.337,2026-07-22 14:24:17.357,2026-07-22 14:25:25.303,4500.0,Methionine,12,100.0,10.62,10.99537,Production Recipes,1,
Server2,D80EBFAA-91F0-4311-A5D6-3B3D4E227C58,9EB5AAF9-4EC2-4BC1-B78F-A2C697BCE705,4,BROILER GROWER605 6,BROILER GROWER,2026-07-22 13:01:41.337,2026-07-22 14:24:17.357,2026-07-22 14:25:25.303,4500.0,Monocalcium Phos,204,100.0,38.745,39.20718,Production Recipes,1,
Server2,D80EBFAA-91F0-4311-A5D6-3B3D4E227C58,9EB5AAF9-4EC2-4BC1-B78F-A2C697BCE705,4,BROILER GROWER605 6,BROILER GROWER,2026-07-22 13:01:41.337,2026-07-22 14:24:17.357,2026-07-22 14:25:25.303,4500.0,NOVELA ECL,6,100.0,0.45,0.5497686,Production Recipes,1,
Server2,D80EBFAA-91F0-4311-A5D6-3B3D4E227C58,9EB5AAF9-4EC2-4BC1-B78F-A2C697BCE705,4,BROILER GROWER605 6,BROILER GROWER,2026-07-22 13:01:41.337,2026-07-22 14:24:17.357,2026-07-22 14:25:25.303,4500.0,Provi Oxi Stop,21,100.0,0.45,0.8912036,Production Recipes,1,
Server2,D80EBFAA-91F0-4311-A5D6-3B3D4E227C58,9EB5AAF9-4EC2-4BC1-B78F-A2C697BCE705,4,BROILER GROWER605 6,BROILER GROWER,2026-07-22 13:01:41.337,2026-07-22 14:24:17.357,2026-07-22 14:25:25.303,4500.0,Rovabio P10,176,100.0,2.25,3.495371,Production Recipes,1,
Server2,D80EBFAA-91F0-4311-A5D6-3B3D4E227C58,9EB5AAF9-4EC2-4BC1-B78F-A2C697BCE705,4,BROILER GROWER605 6,BROILER GROWER,2026-07-22 13:01:41.337,2026-07-22 14:24:17.357,2026-07-22 14:25:25.303,4500.0,Sacox (500g),91,100.0,2.25,3.686342,Production Recipes,1,
Server2,D80EBFAA-91F0-4311-A5D6-3B3D4E227C58,9EB5AAF9-4EC2-4BC1-B78F-A2C697BCE705,4,BROILER GROWER605 6,BROILER GROWER,2026-07-22 13:01:41.337,2026-07-22 14:24:17.357,2026-07-22 14:25:25.303,4500.0,Salt,202,100.0,12.96,17.07176,Production Recipes,1,
Server2,D80EBFAA-91F0-4311-A5D6-3B3D4E227C58,9EB5AAF9-4EC2-4BC1-B78F-A2C697BCE705,4,BROILER GROWER605 6,BROILER GROWER,2026-07-22 13:01:41.337,2026-07-22 14:24:17.357,2026-07-22 14:25:25.303,4500.0,SOLIS,124,100.0,6.75,7.39294,Production Recipes,1,
Server2,D80EBFAA-91F0-4311-A5D6-3B3D4E227C58,9EB5AAF9-4EC2-4BC1-B78F-A2C697BCE705,4,BROILER GROWER605 6,BROILER GROWER,2026-07-22 13:01:41.337,2026-07-22 14:24:17.357,2026-07-22 14:25:25.303,4500.0,SOUDIOM Bicarbon,35,100.0,8.955,8.96991,Production Recipes,1,
Server2,D80EBFAA-91F0-4311-A5D6-3B3D4E227C58,9EB5AAF9-4EC2-4BC1-B78F-A2C697BCE705,4,BROILER GROWER605 6,BROILER GROWER,2026-07-22 13:01:41.337,2026-07-22 14:24:17.357,2026-07-22 14:25:25.303,4500.0,SOYA-,105,100.0,1619.145,1615.22,Production Recipes,1,
Server2,D80EBFAA-91F0-4311-A5D6-3B3D4E227C58,9EB5AAF9-4EC2-4BC1-B78F-A2C697BCE705,4,BROILER GROWER605 6,BROILER GROWER,2026-07-22 13:01:41.337,2026-07-22 14:24:17.357,2026-07-22 14:25:25.303,4500.0,Soya Oil,210,100.0,37.35,37.75,Production Recipes,10,
Server2,D80EBFAA-91F0-4311-A5D6-3B3D4E227C58,9EB5AAF9-4EC2-4BC1-B78F-A2C697BCE705,4,BROILER GROWER605 6,BROILER GROWER,2026-07-22 13:01:41.337,2026-07-22 14:24:17.357,2026-07-22 14:25:25.303,4500.0,TermiN-8,33,100.0,6.75,0.0,Production Recipes,6,
Server2,0F12BBA8-7715-478F-9E21-C3D3B80D2C14,9EB5AAF9-4EC2-4BC1-B78F-A2C697BCE705,4,BROILER FINISHER 601 1,BROILER FINISHER BAG,2026-07-22 13:10:33.080,2026-07-22 14:28:49.897,2026-07-22 14:29:53.957,4500.0,BETAIN HCL,142,100.0,2.25,2.482639,Production Recipes,1,
Server2,0F12BBA8-7715-478F-9E21-C3D3B80D2C14,9EB5AAF9-4EC2-4BC1-B78F-A2C697BCE705,4,BROILER FINISHER 601 1,BROILER FINISHER BAG,2026-07-22 13:10:33.080,2026-07-22 14:28:49.897,2026-07-22 14:29:53.957,4500.0,BIOSTRONG 510,140,100.0,0.675,0.7899305,Production Recipes,1,
Server2,0F12BBA8-7715-478F-9E21-C3D3B80D2C14,9EB5AAF9-4EC2-4BC1-B78F-A2C697BCE705,4,BROILER FINISHER 601 1,BROILER FINISHER BAG,2026-07-22 13:10:33.080,2026-07-22 14:28:49.897,2026-07-22 14:29:53.957,4500.0,Broiler Mineral Mix,31,100.0,4.05,6.322338,Production Recipes,1,
Server2,0F12BBA8-7715-478F-9E21-C3D3B80D2C14,9EB5AAF9-4EC2-4BC1-B78F-A2C697BCE705,4,BROILER FINISHER 601 1,BROILER FINISHER BAG,2026-07-22 13:10:33.080,2026-07-22 14:28:49.897,2026-07-22 14:29:53.957,4500.0,Broiler Starter PX,69,100.0,4.05,4.832176,Production Recipes,1,
Server2,0F12BBA8-7715-478F-9E21-C3D3B80D2C14,9EB5AAF9-4EC2-4BC1-B78F-A2C697BCE705,4,BROILER FINISHER 601 1,BROILER FINISHER BAG,2026-07-22 13:10:33.080,2026-07-22 14:28:49.897,2026-07-22 14:29:53.957,4500.0,Choline Chloride 60%,26,100.0,2.7,2.44213,Production Recipes,1,
Server2,0F12BBA8-7715-478F-9E21-C3D3B80D2C14,9EB5AAF9-4EC2-4BC1-B78F-A2C697BCE705,4,BROILER FINISHER 601 1,BROILER FINISHER BAG,2026-07-22 13:10:33.080,2026-07-22 14:28:49.897,2026-07-22 14:29:53.957,4500.0,KENZYME PRO,77,100.0,2.7,2.82118,Production Recipes,1,
Server2,0F12BBA8-7715-478F-9E21-C3D3B80D2C14,9EB5AAF9-4EC2-4BC1-B78F-A2C697BCE705,4,BROILER FINISHER 601 1,BROILER FINISHER BAG,2026-07-22 13:10:33.080,2026-07-22 14:28:49.897,2026-07-22 14:29:53.957,4500.0,Limestone,113,100.0,47.655,50.02893,Production Recipes,1,
Server2,0F12BBA8-7715-478F-9E21-C3D3B80D2C14,9EB5AAF9-4EC2-4BC1-B78F-A2C697BCE705,4,BROILER FINISHER 601 1,BROILER FINISHER BAG,2026-07-22 13:10:33.080,2026-07-22 14:28:49.897,2026-07-22 14:29:53.957,4500.0,LYSOFORTE DRY,30,100.0,0.9,1.280382,Production Recipes,1,
Server2,0F12BBA8-7715-478F-9E21-C3D3B80D2C14,9EB5AAF9-4EC2-4BC1-B78F-A2C697BCE705,4,BROILER FINISHER 601 1,BROILER FINISHER BAG,2026-07-22 13:10:33.080,2026-07-22 14:28:49.897,2026-07-22 14:29:53.957,4500.0,Maize,100,100.0,2877.075,2861.401,Production Recipes,4,
Server2,0F12BBA8-7715-478F-9E21-C3D3B80D2C14,9EB5AAF9-4EC2-4BC1-B78F-A2C697BCE705,4,BROILER FINISHER 601 1,BROILER FINISHER BAG,2026-07-22 13:10:33.080,2026-07-22 14:28:49.897,2026-07-22 14:29:53.957,4500.0,Methionine,12,100.0,9.72,10.12732,Production Recipes,1,
Server2,0F12BBA8-7715-478F-9E21-C3D3B80D2C14,9EB5AAF9-4EC2-4BC1-B78F-A2C697BCE705,4,BROILER FINISHER 601 1,BROILER FINISHER BAG,2026-07-22 13:10:33.080,2026-07-22 14:28:49.897,2026-07-22 14:29:53.957,4500.0,Monocalcium Phos,204,100.0,31.14,31.10532,Production Recipes,1,
Server2,0F12BBA8-7715-478F-9E21-C3D3B80D2C14,9EB5AAF9-4EC2-4BC1-B78F-A2C697BCE705,4,BROILER FINISHER 601 1,BROILER FINISHER BAG,2026-07-22 13:10:33.080,2026-07-22 14:28:49.897,2026-07-22 14:29:53.957,4500.0,NOVELA ECL,6,100.0,0.45,0.5902779,Production Recipes,1,
Server2,0F12BBA8-7715-478F-9E21-C3D3B80D2C14,9EB5AAF9-4EC2-4BC1-B78F-A2C697BCE705,4,BROILER FINISHER 601 1,BROILER FINISHER BAG,2026-07-22 13:10:33.080,2026-07-22 14:28:49.897,2026-07-22 14:29:53.957,4500.0,Rovabio P10,176,100.0,2.25,2.540509,Production Recipes,1,
Server2,0F12BBA8-7715-478F-9E21-C3D3B80D2C14,9EB5AAF9-4EC2-4BC1-B78F-A2C697BCE705,4,BROILER FINISHER 601 1,BROILER FINISHER BAG,2026-07-22 13:10:33.080,2026-07-22 14:28:49.897,2026-07-22 14:29:53.957,4500.0,Salt,202,100.0,13.635,14.03357,Production Recipes,1,
Server2,0F12BBA8-7715-478F-9E21-C3D3B80D2C14,9EB5AAF9-4EC2-4BC1-B78F-A2C697BCE705,4,BROILER FINISHER 601 1,BROILER FINISHER BAG,2026-07-22 13:10:33.080,2026-07-22 14:28:49.897,2026-07-22 14:29:53.957,4500.0,SOLIS,124,100.0,6.75,7.465278,Production Recipes,1,
Server2,0F12BBA8-7715-478F-9E21-C3D3B80D2C14,9EB5AAF9-4EC2-4BC1-B78F-A2C697BCE705,4,BROILER FINISHER 601 1,BROILER FINISHER BAG,2026-07-22 13:10:33.080,2026-07-22 14:28:49.897,2026-07-22 14:29:53.957,4500.0,SOUDIOM Bicarbon,35,100.0,8.145,8.969906,Production Recipes,1,
Server2,0F12BBA8-7715-478F-9E21-C3D3B80D2C14,9EB5AAF9-4EC2-4BC1-B78F-A2C697BCE705,4,BROILER FINISHER 601 1,BROILER FINISHER BAG,2026-07-22 13:10:33.080,2026-07-22 14:28:49.897,2026-07-22 14:29:53.957,4500.0,SOYA-,105,100.0,1443.105,1439.844,Production Recipes,1,
Server2,0F12BBA8-7715-478F-9E21-C3D3B80D2C14,9EB5AAF9-4EC2-4BC1-B78F-A2C697BCE705,4,BROILER FINISHER 601 1,BROILER FINISHER BAG,2026-07-22 13:10:33.080,2026-07-22 14:28:49.897,2026-07-22 14:29:53.957,4500.0,Soya Oil,210,100.0,37.35,37.75,Production Recipes,10,
Server2,0F12BBA8-7715-478F-9E21-C3D3B80D2C14,9EB5AAF9-4EC2-4BC1-B78F-A2C697BCE705,4,BROILER FINISHER 601 1,BROILER FINISHER BAG,2026-07-22 13:10:33.080,2026-07-22 14:28:49.897,2026-07-22 14:29:53.957,4500.0,TermiN-8,33,100.0,4.5,0.0,Production Recipes,6,
Server2,93B54197-7ADC-4282-B0A6-3728D1E75E0F,9EB5AAF9-4EC2-4BC1-B78F-A2C697BCE705,4,BROILER FINISHER 601 2,BROILER FINISHER BAG,2026-07-22 13:10:34.990,2026-07-22 14:34:18.083,2026-07-22 14:35:22.047,4500.0,BETAIN HCL,142,100.0,2.25,3.275463,Production Recipes,1,
Server2,93B54197-7ADC-4282-B0A6-3728D1E75E0F,9EB5AAF9-4EC2-4BC1-B78F-A2C697BCE705,4,BROILER FINISHER 601 2,BROILER FINISHER BAG,2026-07-22 13:10:34.990,2026-07-22 14:34:18.083,2026-07-22 14:35:22.047,4500.0,BIOSTRONG 510,140,100.0,0.675,0.7306135,Production Recipes,1,
Server2,93B54197-7ADC-4282-B0A6-3728D1E75E0F,9EB5AAF9-4EC2-4BC1-B78F-A2C697BCE705,4,BROILER FINISHER 601 2,BROILER FINISHER BAG,2026-07-22 13:10:34.990,2026-07-22 14:34:18.083,2026-07-22 14:35:22.047,4500.0,Broiler Mineral Mix,31,100.0,4.05,5.729167,Production Recipes,1,
Server2,93B54197-7ADC-4282-B0A6-3728D1E75E0F,9EB5AAF9-4EC2-4BC1-B78F-A2C697BCE705,4,BROILER FINISHER 601 2,BROILER FINISHER BAG,2026-07-22 13:10:34.990,2026-07-22 14:34:18.083,2026-07-22 14:35:22.047,4500.0,Broiler Starter PX,69,100.0,4.05,5.445602,Production Recipes,1,
Server2,93B54197-7ADC-4282-B0A6-3728D1E75E0F,9EB5AAF9-4EC2-4BC1-B78F-A2C697BCE705,4,BROILER FINISHER 601 2,BROILER FINISHER BAG,2026-07-22 13:10:34.990,2026-07-22 14:34:18.083,2026-07-22 14:35:22.047,4500.0,Choline Chloride 60%,26,100.0,2.7,3.240741,Production Recipes,1,
Server2,93B54197-7ADC-4282-B0A6-3728D1E75E0F,9EB5AAF9-4EC2-4BC1-B78F-A2C697BCE705,4,BROILER FINISHER 601 2,BROILER FINISHER BAG,2026-07-22 13:10:34.990,2026-07-22 14:34:18.083,2026-07-22 14:35:22.047,4500.0,KENZYME PRO,77,100.0,2.7,3.096065,Production Recipes,1,
Server2,93B54197-7ADC-4282-B0A6-3728D1E75E0F,9EB5AAF9-4EC2-4BC1-B78F-A2C697BCE705,4,BROILER FINISHER 601 2,BROILER FINISHER BAG,2026-07-22 13:10:34.990,2026-07-22 14:34:18.083,2026-07-22 14:35:22.047,4500.0,Limestone,113,100.0,47.655,61.5741,Production Recipes,1,
Server2,93B54197-7ADC-4282-B0A6-3728D1E75E0F,9EB5AAF9-4EC2-4BC1-B78F-A2C697BCE705,4,BROILER FINISHER 601 2,BROILER FINISHER BAG,2026-07-22 13:10:34.990,2026-07-22 14:34:18.083,2026-07-22 14:35:22.047,4500.0,LYSOFORTE DRY,30,100.0,0.9,1.180556,Production Recipes,1,
Server2,93B54197-7ADC-4282-B0A6-3728D1E75E0F,9EB5AAF9-4EC2-4BC1-B78F-A2C697BCE705,4,BROILER FINISHER 601 2,BROILER FINISHER BAG,2026-07-22 13:10:34.990,2026-07-22 14:34:18.083,2026-07-22 14:35:22.047,4500.0,Maize,100,100.0,2877.075,2872.541,Production Recipes,4,
Server2,93B54197-7ADC-4282-B0A6-3728D1E75E0F,9EB5AAF9-4EC2-4BC1-B78F-A2C697BCE705,4,BROILER FINISHER 601 2,BROILER FINISHER BAG,2026-07-22 13:10:34.990,2026-07-22 14:34:18.083,2026-07-22 14:35:22.047,4500.0,Methionine,12,100.0,9.72,10.12732,Production Recipes,1,
Server2,93B54197-7ADC-4282-B0A6-3728D1E75E0F,9EB5AAF9-4EC2-4BC1-B78F-A2C697BCE705,4,BROILER FINISHER 601 2,BROILER FINISHER BAG,2026-07-22 13:10:34.990,2026-07-22 14:34:18.083,2026-07-22 14:35:22.047,4500.0,Monocalcium Phos,204,100.0,31.14,31.10532,Production Recipes,1,
Server2,93B54197-7ADC-4282-B0A6-3728D1E75E0F,9EB5AAF9-4EC2-4BC1-B78F-A2C697BCE705,4,BROILER FINISHER 601 2,BROILER FINISHER BAG,2026-07-22 13:10:34.990,2026-07-22 14:34:18.083,2026-07-22 14:35:22.047,4500.0,NOVELA ECL,6,100.0,0.45,0.5700232,Production Recipes,1,
Server2,93B54197-7ADC-4282-B0A6-3728D1E75E0F,9EB5AAF9-4EC2-4BC1-B78F-A2C697BCE705,4,BROILER FINISHER 601 2,BROILER FINISHER BAG,2026-07-22 13:10:34.990,2026-07-22 14:34:18.083,2026-07-22 14:35:22.047,4500.0,Rovabio P10,176,100.0,2.25,4.25926,Production Recipes,1,
Server2,93B54197-7ADC-4282-B0A6-3728D1E75E0F,9EB5AAF9-4EC2-4BC1-B78F-A2C697BCE705,4,BROILER FINISHER 601 2,BROILER FINISHER BAG,2026-07-22 13:10:34.990,2026-07-22 14:34:18.083,2026-07-22 14:35:22.047,4500.0,Salt,202,100.0,13.635,20.10995,Production Recipes,1,
Server2,93B54197-7ADC-4282-B0A6-3728D1E75E0F,9EB5AAF9-4EC2-4BC1-B78F-A2C697BCE705,4,BROILER FINISHER 601 2,BROILER FINISHER BAG,2026-07-22 13:10:34.990,2026-07-22 14:34:18.083,2026-07-22 14:35:22.047,4500.0,SOLIS,124,100.0,6.75,7.436342,Production Recipes,1,
Server2,93B54197-7ADC-4282-B0A6-3728D1E75E0F,9EB5AAF9-4EC2-4BC1-B78F-A2C697BCE705,4,BROILER FINISHER 601 2,BROILER FINISHER BAG,2026-07-22 13:10:34.990,2026-07-22 14:34:18.083,2026-07-22 14:35:22.047,4500.0,SOUDIOM Bicarbon,35,100.0,8.145,8.96991,Production Recipes,1,
Server2,93B54197-7ADC-4282-B0A6-3728D1E75E0F,9EB5AAF9-4EC2-4BC1-B78F-A2C697BCE705,4,BROILER FINISHER 601 2,BROILER FINISHER BAG,2026-07-22 13:10:34.990,2026-07-22 14:34:18.083,2026-07-22 14:35:22.047,4500.0,SOYA-,105,100.0,1443.105,1442.043,Production Recipes,1,
Server2,93B54197-7ADC-4282-B0A6-3728D1E75E0F,9EB5AAF9-4EC2-4BC1-B78F-A2C697BCE705,4,BROILER FINISHER 601 2,BROILER FINISHER BAG,2026-07-22 13:10:34.990,2026-07-22 14:34:18.083,2026-07-22 14:35:22.047,4500.0,Soya Oil,210,100.0,37.35,38.0,Production Recipes,10,
Server2,93B54197-7ADC-4282-B0A6-3728D1E75E0F,9EB5AAF9-4EC2-4BC1-B78F-A2C697BCE705,4,BROILER FINISHER 601 2,BROILER FINISHER BAG,2026-07-22 13:10:34.990,2026-07-22 14:34:18.083,2026-07-22 14:35:22.047,4500.0,TermiN-8,33,100.0,4.5,0.0,Production Recipes,6,
Server2,C096DFDE-4693-486A-8106-26F659D7E121,9EB5AAF9-4EC2-4BC1-B78F-A2C697BCE705,4,BROILER STARTER604 1,BROILER STARTER,2026-07-22 13:26:15.627,2026-07-22 14:38:14.773,2026-07-22 14:39:18.870,4500.0,BETAIN HCL,142,100.0,2.25,2.505787,Production Recipes,1,
Server2,C096DFDE-4693-486A-8106-26F659D7E121,9EB5AAF9-4EC2-4BC1-B78F-A2C697BCE705,4,BROILER STARTER604 1,BROILER STARTER,2026-07-22 13:26:15.627,2026-07-22 14:38:14.773,2026-07-22 14:39:18.870,4500.0,BIOSTRONG 510,140,100.0,0.675,0.7508681,Production Recipes,1,
Server2,C096DFDE-4693-486A-8106-26F659D7E121,9EB5AAF9-4EC2-4BC1-B78F-A2C697BCE705,4,BROILER STARTER604 1,BROILER STARTER,2026-07-22 13:26:15.627,2026-07-22 14:38:14.773,2026-07-22 14:39:18.870,4500.0,Broiler Mineral Mix,31,100.0,4.5,7.262732,Production Recipes,1,
Server2,C096DFDE-4693-486A-8106-26F659D7E121,9EB5AAF9-4EC2-4BC1-B78F-A2C697BCE705,4,BROILER STARTER604 1,BROILER STARTER,2026-07-22 13:26:15.627,2026-07-22 14:38:14.773,2026-07-22 14:39:18.870,4500.0,KENZYME PRO,77,100.0,2.7,2.806713,Production Recipes,1,
Server2,C096DFDE-4693-486A-8106-26F659D7E121,9EB5AAF9-4EC2-4BC1-B78F-A2C697BCE705,4,BROILER STARTER604 1,BROILER STARTER,2026-07-22 13:26:15.627,2026-07-22 14:38:14.773,2026-07-22 14:39:18.870,4500.0,Limestone,113,100.0,65.07,75.86804,Production Recipes,1,
Server2,C096DFDE-4693-486A-8106-26F659D7E121,9EB5AAF9-4EC2-4BC1-B78F-A2C697BCE705,4,BROILER STARTER604 1,BROILER STARTER,2026-07-22 13:26:15.627,2026-07-22 14:38:14.773,2026-07-22 14:39:18.870,4500.0,LYSOFORTE DRY,30,100.0,0.9,1.20081,Production Recipes,1,
Server2,C096DFDE-4693-486A-8106-26F659D7E121,9EB5AAF9-4EC2-4BC1-B78F-A2C697BCE705,4,BROILER STARTER604 1,BROILER STARTER,2026-07-22 13:26:15.627,2026-07-22 14:38:14.773,2026-07-22 14:39:18.870,4500.0,Maize,100,100.0,2688.75,2695.891,Production Recipes,4,
Server2,C096DFDE-4693-486A-8106-26F659D7E121,9EB5AAF9-4EC2-4BC1-B78F-A2C697BCE705,4,BROILER STARTER604 1,BROILER STARTER,2026-07-22 13:26:15.627,2026-07-22 14:38:14.773,2026-07-22 14:39:18.870,4500.0,Methionine,12,100.0,13.95,14.03357,Production Recipes,1,
Server2,C096DFDE-4693-486A-8106-26F659D7E121,9EB5AAF9-4EC2-4BC1-B78F-A2C697BCE705,4,BROILER STARTER604 1,BROILER STARTER,2026-07-22 13:26:15.627,2026-07-22 14:38:14.773,2026-07-22 14:39:18.870,4500.0,Monocalcium Phos,204,100.0,42.03,42.10069,Production Recipes,1,
Server2,C096DFDE-4693-486A-8106-26F659D7E121,9EB5AAF9-4EC2-4BC1-B78F-A2C697BCE705,4,BROILER STARTER604 1,BROILER STARTER,2026-07-22 13:26:15.627,2026-07-22 14:38:14.773,2026-07-22 14:39:18.870,4500.0,NOVELA ECL,6,100.0,0.45,1.131366,Production Recipes,1,
Server2,C096DFDE-4693-486A-8106-26F659D7E121,9EB5AAF9-4EC2-4BC1-B78F-A2C697BCE705,4,BROILER STARTER604 1,BROILER STARTER,2026-07-22 13:26:15.627,2026-07-22 14:38:14.773,2026-07-22 14:39:18.870,4500.0,Provi Oxi Stop,21,100.0,0.45,0.9997108,Production Recipes,1,
Server2,C096DFDE-4693-486A-8106-26F659D7E121,9EB5AAF9-4EC2-4BC1-B78F-A2C697BCE705,4,BROILER STARTER604 1,BROILER STARTER,2026-07-22 13:26:15.627,2026-07-22 14:38:14.773,2026-07-22 14:39:18.870,4500.0,Rovabio P10,176,100.0,2.25,2.962963,Production Recipes,1,
Server2,C096DFDE-4693-486A-8106-26F659D7E121,9EB5AAF9-4EC2-4BC1-B78F-A2C697BCE705,4,BROILER STARTER604 1,BROILER STARTER,2026-07-22 13:26:15.627,2026-07-22 14:38:14.773,2026-07-22 14:39:18.870,4500.0,Sacox (500g),91,100.0,2.25,3.043981,Production Recipes,1,
Server2,C096DFDE-4693-486A-8106-26F659D7E121,9EB5AAF9-4EC2-4BC1-B78F-A2C697BCE705,4,BROILER STARTER604 1,BROILER STARTER,2026-07-22 13:26:15.627,2026-07-22 14:38:14.773,2026-07-22 14:39:18.870,4500.0,Salt,202,100.0,12.105,13.02083,Production Recipes,1,
Server2,C096DFDE-4693-486A-8106-26F659D7E121,9EB5AAF9-4EC2-4BC1-B78F-A2C697BCE705,4,BROILER STARTER604 1,BROILER STARTER,2026-07-22 13:26:15.627,2026-07-22 14:38:14.773,2026-07-22 14:39:18.870,4500.0,SOLIS,124,100.0,6.75,7.436342,Production Recipes,1,
Server2,C096DFDE-4693-486A-8106-26F659D7E121,9EB5AAF9-4EC2-4BC1-B78F-A2C697BCE705,4,BROILER STARTER604 1,BROILER STARTER,2026-07-22 13:26:15.627,2026-07-22 14:38:14.773,2026-07-22 14:39:18.870,4500.0,SOUDIOM Bicarbon,35,100.0,9.81,9.982635,Production Recipes,1,
Server2,C096DFDE-4693-486A-8106-26F659D7E121,9EB5AAF9-4EC2-4BC1-B78F-A2C697BCE705,4,BROILER STARTER604 1,BROILER STARTER,2026-07-22 13:26:15.627,2026-07-22 14:38:14.773,2026-07-22 14:39:18.870,4500.0,SOYA-,105,100.0,1755.0,1750.463,Production Recipes,1,
Server2,C096DFDE-4693-486A-8106-26F659D7E121,9EB5AAF9-4EC2-4BC1-B78F-A2C697BCE705,4,BROILER STARTER604 1,BROILER STARTER,2026-07-22 13:26:15.627,2026-07-22 14:38:14.773,2026-07-22 14:39:18.870,4500.0,Soya Oil,210,100.0,14.58,15.0,Production Recipes,10,
Server2,C096DFDE-4693-486A-8106-26F659D7E121,9EB5AAF9-4EC2-4BC1-B78F-A2C697BCE705,4,BROILER STARTER604 1,BROILER STARTER,2026-07-22 13:26:15.627,2026-07-22 14:38:14.773,2026-07-22 14:39:18.870,4500.0,TermiN-8,33,100.0,6.75,0.0,Production Recipes,6,
Server2,2BF24461-DC0A-415F-9C3D-1CA80FE839BB,9EB5AAF9-4EC2-4BC1-B78F-A2C697BCE705,4,BROILER STARTER604 2,BROILER STARTER,2026-07-22 13:26:17.573,2026-07-22 14:42:28.063,2026-07-22 14:43:31.823,4500.0,BETAIN HCL,142,100.0,2.25,2.361112,Production Recipes,1,
Server2,2BF24461-DC0A-415F-9C3D-1CA80FE839BB,9EB5AAF9-4EC2-4BC1-B78F-A2C697BCE705,4,BROILER STARTER604 2,BROILER STARTER,2026-07-22 13:26:17.573,2026-07-22 14:42:28.063,2026-07-22 14:43:31.823,4500.0,BIOSTRONG 510,140,100.0,0.675,0.7595487,Production Recipes,1,
Server2,2BF24461-DC0A-415F-9C3D-1CA80FE839BB,9EB5AAF9-4EC2-4BC1-B78F-A2C697BCE705,4,BROILER STARTER604 2,BROILER STARTER,2026-07-22 13:26:17.573,2026-07-22 14:42:28.063,2026-07-22 14:43:31.823,4500.0,Broiler Mineral Mix,31,100.0,4.5,5.729166,Production Recipes,1,
Server2,2BF24461-DC0A-415F-9C3D-1CA80FE839BB,9EB5AAF9-4EC2-4BC1-B78F-A2C697BCE705,4,BROILER STARTER604 2,BROILER STARTER,2026-07-22 13:26:17.573,2026-07-22 14:42:28.063,2026-07-22 14:43:31.823,4500.0,KENZYME PRO,77,100.0,2.7,2.951389,Production Recipes,1,
Server2,2BF24461-DC0A-415F-9C3D-1CA80FE839BB,9EB5AAF9-4EC2-4BC1-B78F-A2C697BCE705,4,BROILER STARTER604 2,BROILER STARTER,2026-07-22 13:26:17.573,2026-07-22 14:42:28.063,2026-07-22 14:43:31.823,4500.0,Limestone,113,100.0,65.07,78.61694,Production Recipes,1,
Server2,2BF24461-DC0A-415F-9C3D-1CA80FE839BB,9EB5AAF9-4EC2-4BC1-B78F-A2C697BCE705,4,BROILER STARTER604 2,BROILER STARTER,2026-07-22 13:26:17.573,2026-07-22 14:42:28.063,2026-07-22 14:43:31.823,4500.0,LYSOFORTE DRY,30,100.0,0.9,1.090856,Production Recipes,1,
Server2,2BF24461-DC0A-415F-9C3D-1CA80FE839BB,9EB5AAF9-4EC2-4BC1-B78F-A2C697BCE705,4,BROILER STARTER604 2,BROILER STARTER,2026-07-22 13:26:17.573,2026-07-22 14:42:28.063,2026-07-22 14:43:31.823,4500.0,Maize,100,100.0,2688.75,2694.3,Production Recipes,4,
Server2,2BF24461-DC0A-415F-9C3D-1CA80FE839BB,9EB5AAF9-4EC2-4BC1-B78F-A2C697BCE705,4,BROILER STARTER604 2,BROILER STARTER,2026-07-22 13:26:17.573,2026-07-22 14:42:28.063,2026-07-22 14:43:31.823,4500.0,Methionine,12,100.0,13.95,14.03357,Production Recipes,1,
Server2,2BF24461-DC0A-415F-9C3D-1CA80FE839BB,9EB5AAF9-4EC2-4BC1-B78F-A2C697BCE705,4,BROILER STARTER604 2,BROILER STARTER,2026-07-22 13:26:17.573,2026-07-22 14:42:28.063,2026-07-22 14:43:31.823,4500.0,Monocalcium Phos,204,100.0,42.03,42.24537,Production Recipes,1,
Server2,2BF24461-DC0A-415F-9C3D-1CA80FE839BB,9EB5AAF9-4EC2-4BC1-B78F-A2C697BCE705,4,BROILER STARTER604 2,BROILER STARTER,2026-07-22 13:26:17.573,2026-07-22 14:42:28.063,2026-07-22 14:43:31.823,4500.0,NOVELA ECL,6,100.0,0.45,0.4499421,Production Recipes,1,
Server2,2BF24461-DC0A-415F-9C3D-1CA80FE839BB,9EB5AAF9-4EC2-4BC1-B78F-A2C697BCE705,4,BROILER STARTER604 2,BROILER STARTER,2026-07-22 13:26:17.573,2026-07-22 14:42:28.063,2026-07-22 14:43:31.823,4500.0,Provi Oxi Stop,21,100.0,0.45,1.319444,Production Recipes,1,
Server2,2BF24461-DC0A-415F-9C3D-1CA80FE839BB,9EB5AAF9-4EC2-4BC1-B78F-A2C697BCE705,4,BROILER STARTER604 2,BROILER STARTER,2026-07-22 13:26:17.573,2026-07-22 14:42:28.063,2026-07-22 14:43:31.823,4500.0,Rovabio P10,176,100.0,2.25,3.020833,Production Recipes,1,
Server2,2BF24461-DC0A-415F-9C3D-1CA80FE839BB,9EB5AAF9-4EC2-4BC1-B78F-A2C697BCE705,4,BROILER STARTER604 2,BROILER STARTER,2026-07-22 13:26:17.573,2026-07-22 14:42:28.063,2026-07-22 14:43:31.823,4500.0,Sacox (500g),91,100.0,2.25,3.616898,Production Recipes,1,
Server2,2BF24461-DC0A-415F-9C3D-1CA80FE839BB,9EB5AAF9-4EC2-4BC1-B78F-A2C697BCE705,4,BROILER STARTER604 2,BROILER STARTER,2026-07-22 13:26:17.573,2026-07-22 14:42:28.063,2026-07-22 14:43:31.823,4500.0,Salt,202,100.0,12.105,14.03357,Production Recipes,1,
Server2,2BF24461-DC0A-415F-9C3D-1CA80FE839BB,9EB5AAF9-4EC2-4BC1-B78F-A2C697BCE705,4,BROILER STARTER604 2,BROILER STARTER,2026-07-22 13:26:17.573,2026-07-22 14:42:28.063,2026-07-22 14:43:31.823,4500.0,SOLIS,124,100.0,6.75,7.118055,Production Recipes,1,
Server2,2BF24461-DC0A-415F-9C3D-1CA80FE839BB,9EB5AAF9-4EC2-4BC1-B78F-A2C697BCE705,4,BROILER STARTER604 2,BROILER STARTER,2026-07-22 13:26:17.573,2026-07-22 14:42:28.063,2026-07-22 14:43:31.823,4500.0,SOUDIOM Bicarbon,35,100.0,9.81,9.982635,Production Recipes,1,
Server2,2BF24461-DC0A-415F-9C3D-1CA80FE839BB,9EB5AAF9-4EC2-4BC1-B78F-A2C697BCE705,4,BROILER STARTER604 2,BROILER STARTER,2026-07-22 13:26:17.573,2026-07-22 14:42:28.063,2026-07-22 14:43:31.823,4500.0,SOYA-,105,100.0,1755.0,1740.567,Production Recipes,1,
Server2,2BF24461-DC0A-415F-9C3D-1CA80FE839BB,9EB5AAF9-4EC2-4BC1-B78F-A2C697BCE705,4,BROILER STARTER604 2,BROILER STARTER,2026-07-22 13:26:17.573,2026-07-22 14:42:28.063,2026-07-22 14:43:31.823,4500.0,Soya Oil,210,100.0,14.58,15.0,Production Recipes,10,
Server2,2BF24461-DC0A-415F-9C3D-1CA80FE839BB,9EB5AAF9-4EC2-4BC1-B78F-A2C697BCE705,4,BROILER STARTER604 2,BROILER STARTER,2026-07-22 13:26:17.573,2026-07-22 14:42:28.063,2026-07-22 14:43:31.823,4500.0,TermiN-8,33,100.0,6.75,0.0,Production Recipes,6,
Server2,A8711C9E-5E2D-4271-AA29-1586EB10E54A,9EB5AAF9-4EC2-4BC1-B78F-A2C697BCE705,4,BROILER FINISHER 601 3,BROILER FINISHER BAG,2026-07-22 14:21:07.973,2026-07-22 14:48:26.573,2026-07-22 14:49:31.347,4500.0,BETAIN HCL,142,100.0,2.25,2.546296,Production Recipes,1,
Server2,A8711C9E-5E2D-4271-AA29-1586EB10E54A,9EB5AAF9-4EC2-4BC1-B78F-A2C697BCE705,4,BROILER FINISHER 601 3,BROILER FINISHER BAG,2026-07-22 14:21:07.973,2026-07-22 14:48:26.573,2026-07-22 14:49:31.347,4500.0,BIOSTRONG 510,140,100.0,0.675,0.7899306,Production Recipes,1,
Server2,A8711C9E-5E2D-4271-AA29-1586EB10E54A,9EB5AAF9-4EC2-4BC1-B78F-A2C697BCE705,4,BROILER FINISHER 601 3,BROILER FINISHER BAG,2026-07-22 14:21:07.973,2026-07-22 14:48:26.573,2026-07-22 14:49:31.347,4500.0,Broiler Mineral Mix,31,100.0,4.05,5.266204,Production Recipes,1,
Server2,A8711C9E-5E2D-4271-AA29-1586EB10E54A,9EB5AAF9-4EC2-4BC1-B78F-A2C697BCE705,4,BROILER FINISHER 601 3,BROILER FINISHER BAG,2026-07-22 14:21:07.973,2026-07-22 14:48:26.573,2026-07-22 14:49:31.347,4500.0,Broiler Starter PX,69,100.0,4.05,5.185185,Production Recipes,1,
Server2,A8711C9E-5E2D-4271-AA29-1586EB10E54A,9EB5AAF9-4EC2-4BC1-B78F-A2C697BCE705,4,BROILER FINISHER 601 3,BROILER FINISHER BAG,2026-07-22 14:21:07.973,2026-07-22 14:48:26.573,2026-07-22 14:49:31.347,4500.0,Choline Chloride 60%,26,100.0,2.7,2.459491,Production Recipes,1,
Server2,A8711C9E-5E2D-4271-AA29-1586EB10E54A,9EB5AAF9-4EC2-4BC1-B78F-A2C697BCE705,4,BROILER FINISHER 601 3,BROILER FINISHER BAG,2026-07-22 14:21:07.973,2026-07-22 14:48:26.573,2026-07-22 14:49:31.347,4500.0,KENZYME PRO,77,100.0,2.7,2.907987,Production Recipes,1,
Server2,A8711C9E-5E2D-4271-AA29-1586EB10E54A,9EB5AAF9-4EC2-4BC1-B78F-A2C697BCE705,4,BROILER FINISHER 601 3,BROILER FINISHER BAG,2026-07-22 14:21:07.973,2026-07-22 14:48:26.573,2026-07-22 14:49:31.347,4500.0,Limestone,113,100.0,47.655,58.8252,Production Recipes,1,
Server2,A8711C9E-5E2D-4271-AA29-1586EB10E54A,9EB5AAF9-4EC2-4BC1-B78F-A2C697BCE705,4,BROILER FINISHER 601 3,BROILER FINISHER BAG,2026-07-22 14:21:07.973,2026-07-22 14:48:26.573,2026-07-22 14:49:31.347,4500.0,LYSOFORTE DRY,30,100.0,0.9,0.9302663,Production Recipes,1,
Server2,A8711C9E-5E2D-4271-AA29-1586EB10E54A,9EB5AAF9-4EC2-4BC1-B78F-A2C697BCE705,4,BROILER FINISHER 601 3,BROILER FINISHER BAG,2026-07-22 14:21:07.973,2026-07-22 14:48:26.573,2026-07-22 14:49:31.347,4500.0,Maize,100,100.0,2877.075,2888.455,Production Recipes,4,
Server2,A8711C9E-5E2D-4271-AA29-1586EB10E54A,9EB5AAF9-4EC2-4BC1-B78F-A2C697BCE705,4,BROILER FINISHER 601 3,BROILER FINISHER BAG,2026-07-22 14:21:07.973,2026-07-22 14:48:26.573,2026-07-22 14:49:31.347,4500.0,Methionine,12,100.0,9.72,10.12732,Production Recipes,1,
Server2,A8711C9E-5E2D-4271-AA29-1586EB10E54A,9EB5AAF9-4EC2-4BC1-B78F-A2C697BCE705,4,BROILER FINISHER 601 3,BROILER FINISHER BAG,2026-07-22 14:21:07.973,2026-07-22 14:48:26.573,2026-07-22 14:49:31.347,4500.0,Monocalcium Phos,204,100.0,31.14,31.10532,Production Recipes,1,
Server2,A8711C9E-5E2D-4271-AA29-1586EB10E54A,9EB5AAF9-4EC2-4BC1-B78F-A2C697BCE705,4,BROILER FINISHER 601 3,BROILER FINISHER BAG,2026-07-22 14:21:07.973,2026-07-22 14:48:26.573,2026-07-22 14:49:31.347,4500.0,NOVELA ECL,6,100.0,0.45,1.190683,Production Recipes,1,
Server2,A8711C9E-5E2D-4271-AA29-1586EB10E54A,9EB5AAF9-4EC2-4BC1-B78F-A2C697BCE705,4,BROILER FINISHER 601 3,BROILER FINISHER BAG,2026-07-22 14:21:07.973,2026-07-22 14:48:26.573,2026-07-22 14:49:31.347,4500.0,Rovabio P10,176,100.0,2.25,3.917825,Production Recipes,1,
Server2,A8711C9E-5E2D-4271-AA29-1586EB10E54A,9EB5AAF9-4EC2-4BC1-B78F-A2C697BCE705,4,BROILER FINISHER 601 3,BROILER FINISHER BAG,2026-07-22 14:21:07.973,2026-07-22 14:48:26.573,2026-07-22 14:49:31.347,4500.0,Salt,202,100.0,13.635,16.05902,Production Recipes,1,
Server2,A8711C9E-5E2D-4271-AA29-1586EB10E54A,9EB5AAF9-4EC2-4BC1-B78F-A2C697BCE705,4,BROILER FINISHER 601 3,BROILER FINISHER BAG,2026-07-22 14:21:07.973,2026-07-22 14:48:26.573,2026-07-22 14:49:31.347,4500.0,SOLIS,124,100.0,6.75,7.320601,Production Recipes,1,
Server2,A8711C9E-5E2D-4271-AA29-1586EB10E54A,9EB5AAF9-4EC2-4BC1-B78F-A2C697BCE705,4,BROILER FINISHER 601 3,BROILER FINISHER BAG,2026-07-22 14:21:07.973,2026-07-22 14:48:26.573,2026-07-22 14:49:31.347,4500.0,SOUDIOM Bicarbon,35,100.0,8.145,8.969906,Production Recipes,1,
Server2,A8711C9E-5E2D-4271-AA29-1586EB10E54A,9EB5AAF9-4EC2-4BC1-B78F-A2C697BCE705,4,BROILER FINISHER 601 3,BROILER FINISHER BAG,2026-07-22 14:21:07.973,2026-07-22 14:48:26.573,2026-07-22 14:49:31.347,4500.0,SOYA-,105,100.0,1443.105,1428.848,Production Recipes,1,
Server2,A8711C9E-5E2D-4271-AA29-1586EB10E54A,9EB5AAF9-4EC2-4BC1-B78F-A2C697BCE705,4,BROILER FINISHER 601 3,BROILER FINISHER BAG,2026-07-22 14:21:07.973,2026-07-22 14:48:26.573,2026-07-22 14:49:31.347,4500.0,Soya Oil,210,100.0,37.35,37.75,Production Recipes,10,
Server2,A8711C9E-5E2D-4271-AA29-1586EB10E54A,9EB5AAF9-4EC2-4BC1-B78F-A2C697BCE705,4,BROILER FINISHER 601 3,BROILER FINISHER BAG,2026-07-22 14:21:07.973,2026-07-22 14:48:26.573,2026-07-22 14:49:31.347,4500.0,TermiN-8,33,100.0,4.5,0.0,Production Recipes,6,
Server2,BCA31D21-5DF8-4E9B-B21B-AAB1553E2F19,9EB5AAF9-4EC2-4BC1-B78F-A2C697BCE705,4,BROILER FINISHER 601 4,BROILER FINISHER BAG,2026-07-22 14:21:09.887,2026-07-22 14:52:10.600,2026-07-22 14:53:13.907,4500.0,BETAIN HCL,142,100.0,2.25,2.482638,Production Recipes,1,
Server2,BCA31D21-5DF8-4E9B-B21B-AAB1553E2F19,9EB5AAF9-4EC2-4BC1-B78F-A2C697BCE705,4,BROILER FINISHER 601 4,BROILER FINISHER BAG,2026-07-22 14:21:09.887,2026-07-22 14:52:10.600,2026-07-22 14:53:13.907,4500.0,BIOSTRONG 510,140,100.0,0.675,0.7609954,Production Recipes,1,
Server2,BCA31D21-5DF8-4E9B-B21B-AAB1553E2F19,9EB5AAF9-4EC2-4BC1-B78F-A2C697BCE705,4,BROILER FINISHER 601 4,BROILER FINISHER BAG,2026-07-22 14:21:09.887,2026-07-22 14:52:10.600,2026-07-22 14:53:13.907,4500.0,Broiler Mineral Mix,31,100.0,4.05,6.973379,Production Recipes,1,
Server2,BCA31D21-5DF8-4E9B-B21B-AAB1553E2F19,9EB5AAF9-4EC2-4BC1-B78F-A2C697BCE705,4,BROILER FINISHER 601 4,BROILER FINISHER BAG,2026-07-22 14:21:09.887,2026-07-22 14:52:10.600,2026-07-22 14:53:13.907,4500.0,Broiler Starter PX,69,100.0,4.05,5.833333,Production Recipes,1,
Server2,BCA31D21-5DF8-4E9B-B21B-AAB1553E2F19,9EB5AAF9-4EC2-4BC1-B78F-A2C697BCE705,4,BROILER FINISHER 601 4,BROILER FINISHER BAG,2026-07-22 14:21:09.887,2026-07-22 14:52:10.600,2026-07-22 14:53:13.907,4500.0,Choline Chloride 60%,26,100.0,2.7,2.690973,Production Recipes,1,
Server2,BCA31D21-5DF8-4E9B-B21B-AAB1553E2F19,9EB5AAF9-4EC2-4BC1-B78F-A2C697BCE705,4,BROILER FINISHER 601 4,BROILER FINISHER BAG,2026-07-22 14:21:09.887,2026-07-22 14:52:10.600,2026-07-22 14:53:13.907,4500.0,KENZYME PRO,77,100.0,2.7,3.211805,Production Recipes,1,
Server2,BCA31D21-5DF8-4E9B-B21B-AAB1553E2F19,9EB5AAF9-4EC2-4BC1-B78F-A2C697BCE705,4,BROILER FINISHER 601 4,BROILER FINISHER BAG,2026-07-22 14:21:09.887,2026-07-22 14:52:10.600,2026-07-22 14:53:13.907,4500.0,Limestone,113,100.0,47.655,50.02893,Production Recipes,1,
Server2,BCA31D21-5DF8-4E9B-B21B-AAB1553E2F19,9EB5AAF9-4EC2-4BC1-B78F-A2C697BCE705,4,BROILER FINISHER 601 4,BROILER FINISHER BAG,2026-07-22 14:21:09.887,2026-07-22 14:52:10.600,2026-07-22 14:53:13.907,4500.0,LYSOFORTE DRY,30,100.0,0.9,0.8203126,Production Recipes,1,
Server2,BCA31D21-5DF8-4E9B-B21B-AAB1553E2F19,9EB5AAF9-4EC2-4BC1-B78F-A2C697BCE705,4,BROILER FINISHER 601 4,BROILER FINISHER BAG,2026-07-22 14:21:09.887,2026-07-22 14:52:10.600,2026-07-22 14:53:13.907,4500.0,Maize,100,100.0,2877.075,2872.541,Production Recipes,4,
Server2,BCA31D21-5DF8-4E9B-B21B-AAB1553E2F19,9EB5AAF9-4EC2-4BC1-B78F-A2C697BCE705,4,BROILER FINISHER 601 4,BROILER FINISHER BAG,2026-07-22 14:21:09.887,2026-07-22 14:52:10.600,2026-07-22 14:53:13.907,4500.0,Methionine,12,100.0,9.72,10.12732,Production Recipes,1,
Server2,BCA31D21-5DF8-4E9B-B21B-AAB1553E2F19,9EB5AAF9-4EC2-4BC1-B78F-A2C697BCE705,4,BROILER FINISHER 601 4,BROILER FINISHER BAG,2026-07-22 14:21:09.887,2026-07-22 14:52:10.600,2026-07-22 14:53:13.907,4500.0,Monocalcium Phos,204,100.0,31.14,31.10532,Production Recipes,1,
Server2,BCA31D21-5DF8-4E9B-B21B-AAB1553E2F19,9EB5AAF9-4EC2-4BC1-B78F-A2C697BCE705,4,BROILER FINISHER 601 4,BROILER FINISHER BAG,2026-07-22 14:21:09.887,2026-07-22 14:52:10.600,2026-07-22 14:53:13.907,4500.0,NOVELA ECL,6,100.0,0.45,0.4904514,Production Recipes,1,
Server2,BCA31D21-5DF8-4E9B-B21B-AAB1553E2F19,9EB5AAF9-4EC2-4BC1-B78F-A2C697BCE705,4,BROILER FINISHER 601 4,BROILER FINISHER BAG,2026-07-22 14:21:09.887,2026-07-22 14:52:10.600,2026-07-22 14:53:13.907,4500.0,Rovabio P10,176,100.0,2.25,3.119214,Production Recipes,1,
Server2,BCA31D21-5DF8-4E9B-B21B-AAB1553E2F19,9EB5AAF9-4EC2-4BC1-B78F-A2C697BCE705,4,BROILER FINISHER 601 4,BROILER FINISHER BAG,2026-07-22 14:21:09.887,2026-07-22 14:52:10.600,2026-07-22 14:53:13.907,4500.0,Salt,202,100.0,13.635,14.03356,Production Recipes,1,
Server2,BCA31D21-5DF8-4E9B-B21B-AAB1553E2F19,9EB5AAF9-4EC2-4BC1-B78F-A2C697BCE705,4,BROILER FINISHER 601 4,BROILER FINISHER BAG,2026-07-22 14:21:09.887,2026-07-22 14:52:10.600,2026-07-22 14:53:13.907,4500.0,SOLIS,124,100.0,6.75,7.233796,Production Recipes,1,
Server2,BCA31D21-5DF8-4E9B-B21B-AAB1553E2F19,9EB5AAF9-4EC2-4BC1-B78F-A2C697BCE705,4,BROILER FINISHER 601 4,BROILER FINISHER BAG,2026-07-22 14:21:09.887,2026-07-22 14:52:10.600,2026-07-22 14:53:13.907,4500.0,SOUDIOM Bicarbon,35,100.0,8.145,8.96991,Production Recipes,1,
Server2,BCA31D21-5DF8-4E9B-B21B-AAB1553E2F19,9EB5AAF9-4EC2-4BC1-B78F-A2C697BCE705,4,BROILER FINISHER 601 4,BROILER FINISHER BAG,2026-07-22 14:21:09.887,2026-07-22 14:52:10.600,2026-07-22 14:53:13.907,4500.0,SOYA-,105,100.0,1443.105,1440.394,Production Recipes,1,
Server2,BCA31D21-5DF8-4E9B-B21B-AAB1553E2F19,9EB5AAF9-4EC2-4BC1-B78F-A2C697BCE705,4,BROILER FINISHER 601 4,BROILER FINISHER BAG,2026-07-22 14:21:09.887,2026-07-22 14:52:10.600,2026-07-22 14:53:13.907,4500.0,Soya Oil,210,100.0,37.35,38.0,Production Recipes,10,
Server2,BCA31D21-5DF8-4E9B-B21B-AAB1553E2F19,9EB5AAF9-4EC2-4BC1-B78F-A2C697BCE705,4,BROILER FINISHER 601 4,BROILER FINISHER BAG,2026-07-22 14:21:09.887,2026-07-22 14:52:10.600,2026-07-22 14:53:13.907,4500.0,TermiN-8,33,100.0,4.5,0.0,Production Recipes,6,
Server2,DF466842-19C8-49BD-A92B-21D751CAE771,9EB5AAF9-4EC2-4BC1-B78F-A2C697BCE705,4,BROILER STARTER603 1,BROILER STARTER,2026-07-22 14:22:46.910,2026-07-22 14:57:24.687,2026-07-22 14:58:28.813,4500.0,BETAIN HCL,142,100.0,2.25,2.748843,Production Recipes,1,
Server2,DF466842-19C8-49BD-A92B-21D751CAE771,9EB5AAF9-4EC2-4BC1-B78F-A2C697BCE705,4,BROILER STARTER603 1,BROILER STARTER,2026-07-22 14:22:46.910,2026-07-22 14:57:24.687,2026-07-22 14:58:28.813,4500.0,BIOSTRONG 510,140,100.0,0.675,0.6510417,Production Recipes,1,
Server2,DF466842-19C8-49BD-A92B-21D751CAE771,9EB5AAF9-4EC2-4BC1-B78F-A2C697BCE705,4,BROILER STARTER603 1,BROILER STARTER,2026-07-22 14:22:46.910,2026-07-22 14:57:24.687,2026-07-22 14:58:28.813,4500.0,Broiler Mineral Mix,31,100.0,4.5,5.83044,Production Recipes,1,
Server2,DF466842-19C8-49BD-A92B-21D751CAE771,9EB5AAF9-4EC2-4BC1-B78F-A2C697BCE705,4,BROILER STARTER603 1,BROILER STARTER,2026-07-22 14:22:46.910,2026-07-22 14:57:24.687,2026-07-22 14:58:28.813,4500.0,KENZYME PRO,77,100.0,2.7,2.864583,Production Recipes,1,
Server2,DF466842-19C8-49BD-A92B-21D751CAE771,9EB5AAF9-4EC2-4BC1-B78F-A2C697BCE705,4,BROILER STARTER603 1,BROILER STARTER,2026-07-22 14:22:46.910,2026-07-22 14:57:24.687,2026-07-22 14:58:28.813,4500.0,Limestone,113,100.0,65.07,69.82068,Production Recipes,1,
Server2,DF466842-19C8-49BD-A92B-21D751CAE771,9EB5AAF9-4EC2-4BC1-B78F-A2C697BCE705,4,BROILER STARTER603 1,BROILER STARTER,2026-07-22 14:22:46.910,2026-07-22 14:57:24.687,2026-07-22 14:58:28.813,4500.0,LYSOFORTE DRY,30,100.0,0.9,0.9201388,Production Recipes,1,
Server2,DF466842-19C8-49BD-A92B-21D751CAE771,9EB5AAF9-4EC2-4BC1-B78F-A2C697BCE705,4,BROILER STARTER603 1,BROILER STARTER,2026-07-22 14:22:46.910,2026-07-22 14:57:24.687,2026-07-22 14:58:28.813,4500.0,Maize,100,100.0,2688.75,2686.343,Production Recipes,4,
Server2,DF466842-19C8-49BD-A92B-21D751CAE771,9EB5AAF9-4EC2-4BC1-B78F-A2C697BCE705,4,BROILER STARTER603 1,BROILER STARTER,2026-07-22 14:22:46.910,2026-07-22 14:57:24.687,2026-07-22 14:58:28.813,4500.0,Methionine,12,100.0,13.95,14.03357,Production Recipes,1,
Server2,DF466842-19C8-49BD-A92B-21D751CAE771,9EB5AAF9-4EC2-4BC1-B78F-A2C697BCE705,4,BROILER STARTER603 1,BROILER STARTER,2026-07-22 14:22:46.910,2026-07-22 14:57:24.687,2026-07-22 14:58:28.813,4500.0,Monocalcium Phos,204,100.0,42.03,42.1007,Production Recipes,1,
Server2,DF466842-19C8-49BD-A92B-21D751CAE771,9EB5AAF9-4EC2-4BC1-B78F-A2C697BCE705,4,BROILER STARTER603 1,BROILER STARTER,2026-07-22 14:22:46.910,2026-07-22 14:57:24.687,2026-07-22 14:58:28.813,4500.0,NOVELA ECL,6,100.0,0.45,0.6799769,Production Recipes,1,
Server2,DF466842-19C8-49BD-A92B-21D751CAE771,9EB5AAF9-4EC2-4BC1-B78F-A2C697BCE705,4,BROILER STARTER603 1,BROILER STARTER,2026-07-22 14:22:46.910,2026-07-22 14:57:24.687,2026-07-22 14:58:28.813,4500.0,Provi Oxi Stop,21,100.0,0.45,0.950521,Production Recipes,1,
Server2,DF466842-19C8-49BD-A92B-21D751CAE771,9EB5AAF9-4EC2-4BC1-B78F-A2C697BCE705,4,BROILER STARTER603 1,BROILER STARTER,2026-07-22 14:22:46.910,2026-07-22 14:57:24.687,2026-07-22 14:58:28.813,4500.0,Rovabio P10,176,100.0,2.25,2.800926,Production Recipes,1,
Server2,DF466842-19C8-49BD-A92B-21D751CAE771,9EB5AAF9-4EC2-4BC1-B78F-A2C697BCE705,4,BROILER STARTER603 1,BROILER STARTER,2026-07-22 14:22:46.910,2026-07-22 14:57:24.687,2026-07-22 14:58:28.813,4500.0,Sacox (500g),91,100.0,2.25,3.009259,Production Recipes,1,
Server2,DF466842-19C8-49BD-A92B-21D751CAE771,9EB5AAF9-4EC2-4BC1-B78F-A2C697BCE705,4,BROILER STARTER603 1,BROILER STARTER,2026-07-22 14:22:46.910,2026-07-22 14:57:24.687,2026-07-22 14:58:28.813,4500.0,Salt,202,100.0,12.105,13.16551,Production Recipes,1,
Server2,DF466842-19C8-49BD-A92B-21D751CAE771,9EB5AAF9-4EC2-4BC1-B78F-A2C697BCE705,4,BROILER STARTER603 1,BROILER STARTER,2026-07-22 14:22:46.910,2026-07-22 14:57:24.687,2026-07-22 14:58:28.813,4500.0,SOLIS,124,100.0,6.75,7.291666,Production Recipes,1,
Server2,DF466842-19C8-49BD-A92B-21D751CAE771,9EB5AAF9-4EC2-4BC1-B78F-A2C697BCE705,4,BROILER STARTER603 1,BROILER STARTER,2026-07-22 14:22:46.910,2026-07-22 14:57:24.687,2026-07-22 14:58:28.813,4500.0,SOUDIOM Bicarbon,35,100.0,9.81,9.982635,Production Recipes,1,
Server2,DF466842-19C8-49BD-A92B-21D751CAE771,9EB5AAF9-4EC2-4BC1-B78F-A2C697BCE705,4,BROILER STARTER603 1,BROILER STARTER,2026-07-22 14:22:46.910,2026-07-22 14:57:24.687,2026-07-22 14:58:28.813,4500.0,SOYA-,105,100.0,1755.0,1751.563,Production Recipes,1,
Server2,DF466842-19C8-49BD-A92B-21D751CAE771,9EB5AAF9-4EC2-4BC1-B78F-A2C697BCE705,4,BROILER STARTER603 1,BROILER STARTER,2026-07-22 14:22:46.910,2026-07-22 14:57:24.687,2026-07-22 14:58:28.813,4500.0,Soya Oil,210,100.0,14.58,15.25,Production Recipes,10,
Server2,DF466842-19C8-49BD-A92B-21D751CAE771,9EB5AAF9-4EC2-4BC1-B78F-A2C697BCE705,4,BROILER STARTER603 1,BROILER STARTER,2026-07-22 14:22:46.910,2026-07-22 14:57:24.687,2026-07-22 14:58:28.813,4500.0,TermiN-8,33,100.0,6.75,0.0,Production Recipes,6,
Server2,101D7EFF-4F4B-4093-9BE3-5914BB92C468,9EB5AAF9-4EC2-4BC1-B78F-A2C697BCE705,4,BROILER STARTER603 2,BROILER STARTER,2026-07-22 14:22:48.953,2026-07-22 15:01:23.087,2026-07-22 15:02:26.893,4500.0,BETAIN HCL,142,100.0,2.25,2.372685,Production Recipes,1,
Server2,101D7EFF-4F4B-4093-9BE3-5914BB92C468,9EB5AAF9-4EC2-4BC1-B78F-A2C697BCE705,4,BROILER STARTER603 2,BROILER STARTER,2026-07-22 14:22:48.953,2026-07-22 15:01:23.087,2026-07-22 15:02:26.893,4500.0,BIOSTRONG 510,140,100.0,0.675,0.800058,Production Recipes,1,
Server2,101D7EFF-4F4B-4093-9BE3-5914BB92C468,9EB5AAF9-4EC2-4BC1-B78F-A2C697BCE705,4,BROILER STARTER603 2,BROILER STARTER,2026-07-22 14:22:48.953,2026-07-22 15:01:23.087,2026-07-22 15:02:26.893,4500.0,Broiler Mineral Mix,31,100.0,4.5,6.047453,Production Recipes,1,
Server2,101D7EFF-4F4B-4093-9BE3-5914BB92C468,9EB5AAF9-4EC2-4BC1-B78F-A2C697BCE705,4,BROILER STARTER603 2,BROILER STARTER,2026-07-22 14:22:48.953,2026-07-22 15:01:23.087,2026-07-22 15:02:26.893,4500.0,KENZYME PRO,77,100.0,2.7,2.82118,Production Recipes,1,
Server2,101D7EFF-4F4B-4093-9BE3-5914BB92C468,9EB5AAF9-4EC2-4BC1-B78F-A2C697BCE705,4,BROILER STARTER603 2,BROILER STARTER,2026-07-22 14:22:48.953,2026-07-22 15:01:23.087,2026-07-22 15:02:26.893,4500.0,Limestone,113,100.0,65.07,68.17126,Production Recipes,1,
Server2,101D7EFF-4F4B-4093-9BE3-5914BB92C468,9EB5AAF9-4EC2-4BC1-B78F-A2C697BCE705,4,BROILER STARTER603 2,BROILER STARTER,2026-07-22 14:22:48.953,2026-07-22 15:01:23.087,2026-07-22 15:02:26.893,4500.0,LYSOFORTE DRY,30,100.0,0.9,0.8897569,Production Recipes,1,
Server2,101D7EFF-4F4B-4093-9BE3-5914BB92C468,9EB5AAF9-4EC2-4BC1-B78F-A2C697BCE705,4,BROILER STARTER603 2,BROILER STARTER,2026-07-22 14:22:48.953,2026-07-22 15:01:23.087,2026-07-22 15:02:26.893,4500.0,Maize,100,100.0,2688.75,2687.934,Production Recipes,4,
Server2,101D7EFF-4F4B-4093-9BE3-5914BB92C468,9EB5AAF9-4EC2-4BC1-B78F-A2C697BCE705,4,BROILER STARTER603 2,BROILER STARTER,2026-07-22 14:22:48.953,2026-07-22 15:01:23.087,2026-07-22 15:02:26.893,4500.0,Methionine,12,100.0,13.95,13.02083,Production Recipes,1,
Server2,101D7EFF-4F4B-4093-9BE3-5914BB92C468,9EB5AAF9-4EC2-4BC1-B78F-A2C697BCE705,4,BROILER STARTER603 2,BROILER STARTER,2026-07-22 14:22:48.953,2026-07-22 15:01:23.087,2026-07-22 15:02:26.893,4500.0,Monocalcium Phos,204,100.0,42.03,42.1007,Production Recipes,1,
Server2,101D7EFF-4F4B-4093-9BE3-5914BB92C468,9EB5AAF9-4EC2-4BC1-B78F-A2C697BCE705,4,BROILER STARTER603 2,BROILER STARTER,2026-07-22 14:22:48.953,2026-07-22 15:01:23.087,2026-07-22 15:02:26.893,4500.0,NOVELA ECL,6,100.0,0.45,1.210938,Production Recipes,1,
Server2,101D7EFF-4F4B-4093-9BE3-5914BB92C468,9EB5AAF9-4EC2-4BC1-B78F-A2C697BCE705,4,BROILER STARTER603 2,BROILER STARTER,2026-07-22 14:22:48.953,2026-07-22 15:01:23.087,2026-07-22 15:02:26.893,4500.0,Provi Oxi Stop,21,100.0,0.45,0.859375,Production Recipes,1,
Server2,101D7EFF-4F4B-4093-9BE3-5914BB92C468,9EB5AAF9-4EC2-4BC1-B78F-A2C697BCE705,4,BROILER STARTER603 2,BROILER STARTER,2026-07-22 14:22:48.953,2026-07-22 15:01:23.087,2026-07-22 15:02:26.893,4500.0,Rovabio P10,176,100.0,2.25,2.962963,Production Recipes,1,
Server2,101D7EFF-4F4B-4093-9BE3-5914BB92C468,9EB5AAF9-4EC2-4BC1-B78F-A2C697BCE705,4,BROILER STARTER603 2,BROILER STARTER,2026-07-22 14:22:48.953,2026-07-22 15:01:23.087,2026-07-22 15:02:26.893,4500.0,Sacox (500g),91,100.0,2.25,3.06713,Production Recipes,1,
Server2,101D7EFF-4F4B-4093-9BE3-5914BB92C468,9EB5AAF9-4EC2-4BC1-B78F-A2C697BCE705,4,BROILER STARTER603 2,BROILER STARTER,2026-07-22 14:22:48.953,2026-07-22 15:01:23.087,2026-07-22 15:02:26.893,4500.0,Salt,202,100.0,12.105,13.02083,Production Recipes,1,
Server2,101D7EFF-4F4B-4093-9BE3-5914BB92C468,9EB5AAF9-4EC2-4BC1-B78F-A2C697BCE705,4,BROILER STARTER603 2,BROILER STARTER,2026-07-22 14:22:48.953,2026-07-22 15:01:23.087,2026-07-22 15:02:26.893,4500.0,SOLIS,124,100.0,6.75,7.233796,Production Recipes,1,
Server2,101D7EFF-4F4B-4093-9BE3-5914BB92C468,9EB5AAF9-4EC2-4BC1-B78F-A2C697BCE705,4,BROILER STARTER603 2,BROILER STARTER,2026-07-22 14:22:48.953,2026-07-22 15:01:23.087,2026-07-22 15:02:26.893,4500.0,SOUDIOM Bicarbon,35,100.0,9.81,9.982635,Production Recipes,1,
Server2,101D7EFF-4F4B-4093-9BE3-5914BB92C468,9EB5AAF9-4EC2-4BC1-B78F-A2C697BCE705,4,BROILER STARTER603 2,BROILER STARTER,2026-07-22 14:22:48.953,2026-07-22 15:01:23.087,2026-07-22 15:02:26.893,4500.0,SOYA-,105,100.0,1755.0,1741.117,Production Recipes,1,
Server2,101D7EFF-4F4B-4093-9BE3-5914BB92C468,9EB5AAF9-4EC2-4BC1-B78F-A2C697BCE705,4,BROILER STARTER603 2,BROILER STARTER,2026-07-22 14:22:48.953,2026-07-22 15:01:23.087,2026-07-22 15:02:26.893,4500.0,Soya Oil,210,100.0,14.58,15.0,Production Recipes,10,
Server2,101D7EFF-4F4B-4093-9BE3-5914BB92C468,9EB5AAF9-4EC2-4BC1-B78F-A2C697BCE705,4,BROILER STARTER603 2,BROILER STARTER,2026-07-22 14:22:48.953,2026-07-22 15:01:23.087,2026-07-22 15:02:26.893,4500.0,TermiN-8,33,100.0,6.75,0.0,Production Recipes,6,
Server2,48869F40-8670-4AFB-95D6-4D3B767BE5F6,9EB5AAF9-4EC2-4BC1-B78F-A2C697BCE705,4,BROILER STARTER603 3,BROILER STARTER,2026-07-22 14:22:54.967,2026-07-22 15:16:36.407,2026-07-22 15:17:39.827,4500.0,BETAIN HCL,142,100.0,2.25,2.563658,Production Recipes,1,
Server2,48869F40-8670-4AFB-95D6-4D3B767BE5F6,9EB5AAF9-4EC2-4BC1-B78F-A2C697BCE705,4,BROILER STARTER603 3,BROILER STARTER,2026-07-22 14:22:54.967,2026-07-22 15:16:36.407,2026-07-22 15:17:39.827,4500.0,BIOSTRONG 510,140,100.0,0.675,0.8203126,Production Recipes,1,
Server2,48869F40-8670-4AFB-95D6-4D3B767BE5F6,9EB5AAF9-4EC2-4BC1-B78F-A2C697BCE705,4,BROILER STARTER603 3,BROILER STARTER,2026-07-22 14:22:54.967,2026-07-22 15:16:36.407,2026-07-22 15:17:39.827,4500.0,Broiler Mineral Mix,31,100.0,4.5,6.467013,Production Recipes,1,
Server2,48869F40-8670-4AFB-95D6-4D3B767BE5F6,9EB5AAF9-4EC2-4BC1-B78F-A2C697BCE705,4,BROILER STARTER603 3,BROILER STARTER,2026-07-22 14:22:54.967,2026-07-22 15:16:36.407,2026-07-22 15:17:39.827,4500.0,KENZYME PRO,77,100.0,2.7,3.139468,Production Recipes,1,
Server2,48869F40-8670-4AFB-95D6-4D3B767BE5F6,9EB5AAF9-4EC2-4BC1-B78F-A2C697BCE705,4,BROILER STARTER603 3,BROILER STARTER,2026-07-22 14:22:54.967,2026-07-22 15:16:36.407,2026-07-22 15:17:39.827,4500.0,Limestone,113,100.0,65.07,75.86804,Production Recipes,1,
Server2,48869F40-8670-4AFB-95D6-4D3B767BE5F6,9EB5AAF9-4EC2-4BC1-B78F-A2C697BCE705,4,BROILER STARTER603 3,BROILER STARTER,2026-07-22 14:22:54.967,2026-07-22 15:16:36.407,2026-07-22 15:17:39.827,4500.0,LYSOFORTE DRY,30,100.0,0.9,0.9302661,Production Recipes,1,
Server2,48869F40-8670-4AFB-95D6-4D3B767BE5F6,9EB5AAF9-4EC2-4BC1-B78F-A2C697BCE705,4,BROILER STARTER603 3,BROILER STARTER,2026-07-22 14:22:54.967,2026-07-22 15:16:36.407,2026-07-22 15:17:39.827,4500.0,Maize,100,100.0,2688.75,2689.525,Production Recipes,4,
Server2,48869F40-8670-4AFB-95D6-4D3B767BE5F6,9EB5AAF9-4EC2-4BC1-B78F-A2C697BCE705,4,BROILER STARTER603 3,BROILER STARTER,2026-07-22 14:22:54.967,2026-07-22 15:16:36.407,2026-07-22 15:17:39.827,4500.0,Methionine,12,100.0,13.95,14.03357,Production Recipes,1,
Server2,48869F40-8670-4AFB-95D6-4D3B767BE5F6,9EB5AAF9-4EC2-4BC1-B78F-A2C697BCE705,4,BROILER STARTER603 3,BROILER STARTER,2026-07-22 14:22:54.967,2026-07-22 15:16:36.407,2026-07-22 15:17:39.827,4500.0,Monocalcium Phos,204,100.0,42.03,42.10069,Production Recipes,1,
Server2,48869F40-8670-4AFB-95D6-4D3B767BE5F6,9EB5AAF9-4EC2-4BC1-B78F-A2C697BCE705,4,BROILER STARTER603 3,BROILER STARTER,2026-07-22 14:22:54.967,2026-07-22 15:16:36.407,2026-07-22 15:17:39.827,4500.0,NOVELA ECL,6,100.0,0.45,1.170428,Production Recipes,1,
Server2,48869F40-8670-4AFB-95D6-4D3B767BE5F6,9EB5AAF9-4EC2-4BC1-B78F-A2C697BCE705,4,BROILER STARTER603 3,BROILER STARTER,2026-07-22 14:22:54.967,2026-07-22 15:16:36.407,2026-07-22 15:17:39.827,4500.0,Provi Oxi Stop,21,100.0,0.45,0.9100115,Production Recipes,1,
Server2,48869F40-8670-4AFB-95D6-4D3B767BE5F6,9EB5AAF9-4EC2-4BC1-B78F-A2C697BCE705,4,BROILER STARTER603 3,BROILER STARTER,2026-07-22 14:22:54.967,2026-07-22 15:16:36.407,2026-07-22 15:17:39.827,4500.0,Rovabio P10,176,100.0,2.25,2.725695,Production Recipes,1,
Server2,48869F40-8670-4AFB-95D6-4D3B767BE5F6,9EB5AAF9-4EC2-4BC1-B78F-A2C697BCE705,4,BROILER STARTER603 3,BROILER STARTER,2026-07-22 14:22:54.967,2026-07-22 15:16:36.407,2026-07-22 15:17:39.827,4500.0,Sacox (500g),91,100.0,2.25,3.506945,Production Recipes,1,
Server2,48869F40-8670-4AFB-95D6-4D3B767BE5F6,9EB5AAF9-4EC2-4BC1-B78F-A2C697BCE705,4,BROILER STARTER603 3,BROILER STARTER,2026-07-22 14:22:54.967,2026-07-22 15:16:36.407,2026-07-22 15:17:39.827,4500.0,Salt,202,100.0,12.105,14.03357,Production Recipes,1,
Server2,48869F40-8670-4AFB-95D6-4D3B767BE5F6,9EB5AAF9-4EC2-4BC1-B78F-A2C697BCE705,4,BROILER STARTER603 3,BROILER STARTER,2026-07-22 14:22:54.967,2026-07-22 15:16:36.407,2026-07-22 15:17:39.827,4500.0,SOLIS,124,100.0,6.75,7.320601,Production Recipes,1,
Server2,48869F40-8670-4AFB-95D6-4D3B767BE5F6,9EB5AAF9-4EC2-4BC1-B78F-A2C697BCE705,4,BROILER STARTER603 3,BROILER STARTER,2026-07-22 14:22:54.967,2026-07-22 15:16:36.407,2026-07-22 15:17:39.827,4500.0,SOUDIOM Bicarbon,35,100.0,9.81,9.982643,Production Recipes,1,
Server2,48869F40-8670-4AFB-95D6-4D3B767BE5F6,9EB5AAF9-4EC2-4BC1-B78F-A2C697BCE705,4,BROILER STARTER603 3,BROILER STARTER,2026-07-22 14:22:54.967,2026-07-22 15:16:36.407,2026-07-22 15:17:39.827,4500.0,SOYA-,105,100.0,1755.0,1746.615,Production Recipes,1,
Server2,48869F40-8670-4AFB-95D6-4D3B767BE5F6,9EB5AAF9-4EC2-4BC1-B78F-A2C697BCE705,4,BROILER STARTER603 3,BROILER STARTER,2026-07-22 14:22:54.967,2026-07-22 15:16:36.407,2026-07-22 15:17:39.827,4500.0,Soya Oil,210,100.0,14.58,15.0,Production Recipes,10,
Server2,48869F40-8670-4AFB-95D6-4D3B767BE5F6,9EB5AAF9-4EC2-4BC1-B78F-A2C697BCE705,4,BROILER STARTER603 3,BROILER STARTER,2026-07-22 14:22:54.967,2026-07-22 15:16:36.407,2026-07-22 15:17:39.827,4500.0,TermiN-8,33,100.0,6.75,0.0,Production Recipes,6,
Server2,B859884A-0553-4D88-BFA0-AA415F352828,9EB5AAF9-4EC2-4BC1-B78F-A2C697BCE705,4,BROILER STARTER603 4,BROILER STARTER,2026-07-22 14:22:56.930,2026-07-22 15:19:14.003,2026-07-22 15:20:17.713,4500.0,BETAIN HCL,142,100.0,2.25,2.482639,Production Recipes,1,
Server2,B859884A-0553-4D88-BFA0-AA415F352828,9EB5AAF9-4EC2-4BC1-B78F-A2C697BCE705,4,BROILER STARTER603 4,BROILER STARTER,2026-07-22 14:22:56.930,2026-07-22 15:19:14.003,2026-07-22 15:20:17.713,4500.0,BIOSTRONG 510,140,100.0,0.675,0.6192129,Production Recipes,1,
Server2,B859884A-0553-4D88-BFA0-AA415F352828,9EB5AAF9-4EC2-4BC1-B78F-A2C697BCE705,4,BROILER STARTER603 4,BROILER STARTER,2026-07-22 14:22:56.930,2026-07-22 15:19:14.003,2026-07-22 15:20:17.713,4500.0,Broiler Mineral Mix,31,100.0,4.5,5.960649,Production Recipes,1,
Server2,B859884A-0553-4D88-BFA0-AA415F352828,9EB5AAF9-4EC2-4BC1-B78F-A2C697BCE705,4,BROILER STARTER603 4,BROILER STARTER,2026-07-22 14:22:56.930,2026-07-22 15:19:14.003,2026-07-22 15:20:17.713,4500.0,KENZYME PRO,77,100.0,2.7,2.922453,Production Recipes,1,
Server2,B859884A-0553-4D88-BFA0-AA415F352828,9EB5AAF9-4EC2-4BC1-B78F-A2C697BCE705,4,BROILER STARTER603 4,BROILER STARTER,2026-07-22 14:22:56.930,2026-07-22 15:19:14.003,2026-07-22 15:20:17.713,4500.0,Limestone,113,100.0,65.07,78.06714,Production Recipes,1,
Server2,B859884A-0553-4D88-BFA0-AA415F352828,9EB5AAF9-4EC2-4BC1-B78F-A2C697BCE705,4,BROILER STARTER603 4,BROILER STARTER,2026-07-22 14:22:56.930,2026-07-22 15:19:14.003,2026-07-22 15:20:17.713,4500.0,LYSOFORTE DRY,30,100.0,0.9,1.019965,Production Recipes,1,
Server2,B859884A-0553-4D88-BFA0-AA415F352828,9EB5AAF9-4EC2-4BC1-B78F-A2C697BCE705,4,BROILER STARTER603 4,BROILER STARTER,2026-07-22 14:22:56.930,2026-07-22 15:19:14.003,2026-07-22 15:20:17.713,4500.0,Maize,100,100.0,2688.75,2694.3,Production Recipes,4,
Server2,B859884A-0553-4D88-BFA0-AA415F352828,9EB5AAF9-4EC2-4BC1-B78F-A2C697BCE705,4,BROILER STARTER603 4,BROILER STARTER,2026-07-22 14:22:56.930,2026-07-22 15:19:14.003,2026-07-22 15:20:17.713,4500.0,Methionine,12,100.0,13.95,14.03357,Production Recipes,1,
Server2,B859884A-0553-4D88-BFA0-AA415F352828,9EB5AAF9-4EC2-4BC1-B78F-A2C697BCE705,4,BROILER STARTER603 4,BROILER STARTER,2026-07-22 14:22:56.930,2026-07-22 15:19:14.003,2026-07-22 15:20:17.713,4500.0,Monocalcium Phos,204,100.0,42.03,42.24537,Production Recipes,1,
Server2,B859884A-0553-4D88-BFA0-AA415F352828,9EB5AAF9-4EC2-4BC1-B78F-A2C697BCE705,4,BROILER STARTER603 4,BROILER STARTER,2026-07-22 14:22:56.930,2026-07-22 15:19:14.003,2026-07-22 15:20:17.713,4500.0,NOVELA ECL,6,100.0,0.45,0.4586227,Production Recipes,1,
Server2,B859884A-0553-4D88-BFA0-AA415F352828,9EB5AAF9-4EC2-4BC1-B78F-A2C697BCE705,4,BROILER STARTER603 4,BROILER STARTER,2026-07-22 14:22:56.930,2026-07-22 15:19:14.003,2026-07-22 15:20:17.713,4500.0,Provi Oxi Stop,21,100.0,0.45,1.04022,Production Recipes,1,
Server2,B859884A-0553-4D88-BFA0-AA415F352828,9EB5AAF9-4EC2-4BC1-B78F-A2C697BCE705,4,BROILER STARTER603 4,BROILER STARTER,2026-07-22 14:22:56.930,2026-07-22 15:19:14.003,2026-07-22 15:20:17.713,4500.0,Rovabio P10,176,100.0,2.25,2.465278,Production Recipes,1,
Server2,B859884A-0553-4D88-BFA0-AA415F352828,9EB5AAF9-4EC2-4BC1-B78F-A2C697BCE705,4,BROILER STARTER603 4,BROILER STARTER,2026-07-22 14:22:56.930,2026-07-22 15:19:14.003,2026-07-22 15:20:17.713,4500.0,Sacox (500g),91,100.0,2.25,4.537037,Production Recipes,1,
Server2,B859884A-0553-4D88-BFA0-AA415F352828,9EB5AAF9-4EC2-4BC1-B78F-A2C697BCE705,4,BROILER STARTER603 4,BROILER STARTER,2026-07-22 14:22:56.930,2026-07-22 15:19:14.003,2026-07-22 15:20:17.713,4500.0,Salt,202,100.0,12.105,14.17824,Production Recipes,1,
Server2,B859884A-0553-4D88-BFA0-AA415F352828,9EB5AAF9-4EC2-4BC1-B78F-A2C697BCE705,4,BROILER STARTER603 4,BROILER STARTER,2026-07-22 14:22:56.930,2026-07-22 15:19:14.003,2026-07-22 15:20:17.713,4500.0,SOLIS,124,100.0,6.75,7.089121,Production Recipes,1,
Server2,B859884A-0553-4D88-BFA0-AA415F352828,9EB5AAF9-4EC2-4BC1-B78F-A2C697BCE705,4,BROILER STARTER603 4,BROILER STARTER,2026-07-22 14:22:56.930,2026-07-22 15:19:14.003,2026-07-22 15:20:17.713,4500.0,SOUDIOM Bicarbon,35,100.0,9.81,9.982643,Production Recipes,1,
Server2,B859884A-0553-4D88-BFA0-AA415F352828,9EB5AAF9-4EC2-4BC1-B78F-A2C697BCE705,4,BROILER STARTER603 4,BROILER STARTER,2026-07-22 14:22:56.930,2026-07-22 15:19:14.003,2026-07-22 15:20:17.713,4500.0,SOYA-,105,100.0,1755.0,1740.567,Production Recipes,1,
Server2,B859884A-0553-4D88-BFA0-AA415F352828,9EB5AAF9-4EC2-4BC1-B78F-A2C697BCE705,4,BROILER STARTER603 4,BROILER STARTER,2026-07-22 14:22:56.930,2026-07-22 15:19:14.003,2026-07-22 15:20:17.713,4500.0,Soya Oil,210,100.0,14.58,15.0,Production Recipes,10,
Server2,B859884A-0553-4D88-BFA0-AA415F352828,9EB5AAF9-4EC2-4BC1-B78F-A2C697BCE705,4,BROILER STARTER603 4,BROILER STARTER,2026-07-22 14:22:56.930,2026-07-22 15:19:14.003,2026-07-22 15:20:17.713,4500.0,TermiN-8,33,100.0,6.75,0.0,Production Recipes,6,
Server2,16B9C0A0-228F-4F42-ABC6-C4704A52F158,9EB5AAF9-4EC2-4BC1-B78F-A2C697BCE705,4,BROILER GROWER605 1,BROILER GROWER,2026-07-22 14:50:12.203,2026-07-22 15:25:45.977,2026-07-22 15:26:50.043,4500.0,BETAIN HCL,142,100.0,2.25,2.702546,Production Recipes,1,
Server2,16B9C0A0-228F-4F42-ABC6-C4704A52F158,9EB5AAF9-4EC2-4BC1-B78F-A2C697BCE705,4,BROILER GROWER605 1,BROILER GROWER,2026-07-22 14:50:12.203,2026-07-22 15:25:45.977,2026-07-22 15:26:50.043,4500.0,BIOSTRONG 510,140,100.0,0.675,0.7306135,Production Recipes,1,
Server2,16B9C0A0-228F-4F42-ABC6-C4704A52F158,9EB5AAF9-4EC2-4BC1-B78F-A2C697BCE705,4,BROILER GROWER605 1,BROILER GROWER,2026-07-22 14:50:12.203,2026-07-22 15:25:45.977,2026-07-22 15:26:50.043,4500.0,Broiler Mineral Mix,31,100.0,4.05,5.309607,Production Recipes,1,
Server2,16B9C0A0-228F-4F42-ABC6-C4704A52F158,9EB5AAF9-4EC2-4BC1-B78F-A2C697BCE705,4,BROILER GROWER605 1,BROILER GROWER,2026-07-22 14:50:12.203,2026-07-22 15:25:45.977,2026-07-22 15:26:50.043,4500.0,Broiler Starter PX,69,100.0,4.05,5.72338,Production Recipes,1,
Server2,16B9C0A0-228F-4F42-ABC6-C4704A52F158,9EB5AAF9-4EC2-4BC1-B78F-A2C697BCE705,4,BROILER GROWER605 1,BROILER GROWER,2026-07-22 14:50:12.203,2026-07-22 15:25:45.977,2026-07-22 15:26:50.043,4500.0,Choline Chloride 60%,26,100.0,2.7,2.563659,Production Recipes,1,
Server2,16B9C0A0-228F-4F42-ABC6-C4704A52F158,9EB5AAF9-4EC2-4BC1-B78F-A2C697BCE705,4,BROILER GROWER605 1,BROILER GROWER,2026-07-22 14:50:12.203,2026-07-22 15:25:45.977,2026-07-22 15:26:50.043,4500.0,KENZYME PRO,77,100.0,2.7,2.951388,Production Recipes,1,
Server2,16B9C0A0-228F-4F42-ABC6-C4704A52F158,9EB5AAF9-4EC2-4BC1-B78F-A2C697BCE705,4,BROILER GROWER605 1,BROILER GROWER,2026-07-22 14:50:12.203,2026-07-22 15:25:45.977,2026-07-22 15:26:50.043,4500.0,Limestone,113,100.0,55.485,65.97217,Production Recipes,1,
Server2,16B9C0A0-228F-4F42-ABC6-C4704A52F158,9EB5AAF9-4EC2-4BC1-B78F-A2C697BCE705,4,BROILER GROWER605 1,BROILER GROWER,2026-07-22 14:50:12.203,2026-07-22 15:25:45.977,2026-07-22 15:26:50.043,4500.0,LYSOFORTE DRY,30,100.0,0.9,0.8709491,Production Recipes,1,
Server2,16B9C0A0-228F-4F42-ABC6-C4704A52F158,9EB5AAF9-4EC2-4BC1-B78F-A2C697BCE705,4,BROILER GROWER605 1,BROILER GROWER,2026-07-22 14:50:12.203,2026-07-22 15:25:45.977,2026-07-22 15:26:50.043,4500.0,Maize,100,100.0,2679.705,2689.525,Production Recipes,4,
Server2,16B9C0A0-228F-4F42-ABC6-C4704A52F158,9EB5AAF9-4EC2-4BC1-B78F-A2C697BCE705,4,BROILER GROWER605 1,BROILER GROWER,2026-07-22 14:50:12.203,2026-07-22 15:25:45.977,2026-07-22 15:26:50.043,4500.0,Methionine,12,100.0,10.62,10.99537,Production Recipes,1,
Server2,16B9C0A0-228F-4F42-ABC6-C4704A52F158,9EB5AAF9-4EC2-4BC1-B78F-A2C697BCE705,4,BROILER GROWER605 1,BROILER GROWER,2026-07-22 14:50:12.203,2026-07-22 15:25:45.977,2026-07-22 15:26:50.043,4500.0,Monocalcium Phos,204,100.0,38.745,39.0625,Production Recipes,1,
Server2,16B9C0A0-228F-4F42-ABC6-C4704A52F158,9EB5AAF9-4EC2-4BC1-B78F-A2C697BCE705,4,BROILER GROWER605 1,BROILER GROWER,2026-07-22 14:50:12.203,2026-07-22 15:25:45.977,2026-07-22 15:26:50.043,4500.0,NOVELA ECL,6,100.0,0.45,0.5396412,Production Recipes,1,
Server2,16B9C0A0-228F-4F42-ABC6-C4704A52F158,9EB5AAF9-4EC2-4BC1-B78F-A2C697BCE705,4,BROILER GROWER605 1,BROILER GROWER,2026-07-22 14:50:12.203,2026-07-22 15:25:45.977,2026-07-22 15:26:50.043,4500.0,Provi Oxi Stop,21,100.0,0.45,1.080729,Production Recipes,1,
Server2,16B9C0A0-228F-4F42-ABC6-C4704A52F158,9EB5AAF9-4EC2-4BC1-B78F-A2C697BCE705,4,BROILER GROWER605 1,BROILER GROWER,2026-07-22 14:50:12.203,2026-07-22 15:25:45.977,2026-07-22 15:26:50.043,4500.0,Rovabio P10,176,100.0,2.25,2.725695,Production Recipes,1,
Server2,16B9C0A0-228F-4F42-ABC6-C4704A52F158,9EB5AAF9-4EC2-4BC1-B78F-A2C697BCE705,4,BROILER GROWER605 1,BROILER GROWER,2026-07-22 14:50:12.203,2026-07-22 15:25:45.977,2026-07-22 15:26:50.043,4500.0,Sacox (500g),91,100.0,2.25,3.674768,Production Recipes,1,
Server2,16B9C0A0-228F-4F42-ABC6-C4704A52F158,9EB5AAF9-4EC2-4BC1-B78F-A2C697BCE705,4,BROILER GROWER605 1,BROILER GROWER,2026-07-22 14:50:12.203,2026-07-22 15:25:45.977,2026-07-22 15:26:50.043,4500.0,Salt,202,100.0,12.96,13.16551,Production Recipes,1,
Server2,16B9C0A0-228F-4F42-ABC6-C4704A52F158,9EB5AAF9-4EC2-4BC1-B78F-A2C697BCE705,4,BROILER GROWER605 1,BROILER GROWER,2026-07-22 14:50:12.203,2026-07-22 15:25:45.977,2026-07-22 15:26:50.043,4500.0,SOLIS,124,100.0,6.75,7.277199,Production Recipes,1,
Server2,16B9C0A0-228F-4F42-ABC6-C4704A52F158,9EB5AAF9-4EC2-4BC1-B78F-A2C697BCE705,4,BROILER GROWER605 1,BROILER GROWER,2026-07-22 14:50:12.203,2026-07-22 15:25:45.977,2026-07-22 15:26:50.043,4500.0,SOUDIOM Bicarbon,35,100.0,8.955,9.114586,Production Recipes,1,
Server2,16B9C0A0-228F-4F42-ABC6-C4704A52F158,9EB5AAF9-4EC2-4BC1-B78F-A2C697BCE705,4,BROILER GROWER605 1,BROILER GROWER,2026-07-22 14:50:12.203,2026-07-22 15:25:45.977,2026-07-22 15:26:50.043,4500.0,SOYA-,105,100.0,1619.145,1616.869,Production Recipes,1,
Server2,16B9C0A0-228F-4F42-ABC6-C4704A52F158,9EB5AAF9-4EC2-4BC1-B78F-A2C697BCE705,4,BROILER GROWER605 1,BROILER GROWER,2026-07-22 14:50:12.203,2026-07-22 15:25:45.977,2026-07-22 15:26:50.043,4500.0,Soya Oil,210,100.0,37.35,37.75,Production Recipes,10,
Server2,16B9C0A0-228F-4F42-ABC6-C4704A52F158,9EB5AAF9-4EC2-4BC1-B78F-A2C697BCE705,4,BROILER GROWER605 1,BROILER GROWER,2026-07-22 14:50:12.203,2026-07-22 15:25:45.977,2026-07-22 15:26:50.043,4500.0,TermiN-8,33,100.0,6.75,0.0,Production Recipes,6,
Server2,757A666B-4BAD-4BF5-BA59-5D64E272AED9,9EB5AAF9-4EC2-4BC1-B78F-A2C697BCE705,4,BROILER GROWER605 2,BROILER GROWER,2026-07-22 14:50:14.217,2026-07-22 15:39:34.970,2026-07-22 15:40:39.477,4500.0,BETAIN HCL,142,100.0,2.25,2.384259,Production Recipes,1,
Server2,757A666B-4BAD-4BF5-BA59-5D64E272AED9,9EB5AAF9-4EC2-4BC1-B78F-A2C697BCE705,4,BROILER GROWER605 2,BROILER GROWER,2026-07-22 14:50:14.217,2026-07-22 15:39:34.970,2026-07-22 15:40:39.477,4500.0,BIOSTRONG 510,140,100.0,0.675,0.7392941,Production Recipes,1,
Server2,757A666B-4BAD-4BF5-BA59-5D64E272AED9,9EB5AAF9-4EC2-4BC1-B78F-A2C697BCE705,4,BROILER GROWER605 2,BROILER GROWER,2026-07-22 14:50:14.217,2026-07-22 15:39:34.970,2026-07-22 15:40:39.477,4500.0,Broiler Mineral Mix,31,100.0,4.05,5.815972,Production Recipes,1,
Server2,757A666B-4BAD-4BF5-BA59-5D64E272AED9,9EB5AAF9-4EC2-4BC1-B78F-A2C697BCE705,4,BROILER GROWER605 2,BROILER GROWER,2026-07-22 14:50:14.217,2026-07-22 15:39:34.970,2026-07-22 15:40:39.477,4500.0,Broiler Starter PX,69,100.0,4.05,6.180556,Production Recipes,1,
Server2,757A666B-4BAD-4BF5-BA59-5D64E272AED9,9EB5AAF9-4EC2-4BC1-B78F-A2C697BCE705,4,BROILER GROWER605 2,BROILER GROWER,2026-07-22 14:50:14.217,2026-07-22 15:39:34.970,2026-07-22 15:40:39.477,4500.0,Choline Chloride 60%,26,100.0,2.7,2.528936,Production Recipes,1,
Server2,757A666B-4BAD-4BF5-BA59-5D64E272AED9,9EB5AAF9-4EC2-4BC1-B78F-A2C697BCE705,4,BROILER GROWER605 2,BROILER GROWER,2026-07-22 14:50:14.217,2026-07-22 15:39:34.970,2026-07-22 15:40:39.477,4500.0,KENZYME PRO,77,100.0,2.7,2.994791,Production Recipes,1,
Server2,757A666B-4BAD-4BF5-BA59-5D64E272AED9,9EB5AAF9-4EC2-4BC1-B78F-A2C697BCE705,4,BROILER GROWER605 2,BROILER GROWER,2026-07-22 14:50:14.217,2026-07-22 15:39:34.970,2026-07-22 15:40:39.477,4500.0,Limestone,113,100.0,55.485,61.02429,Production Recipes,1,
Server2,757A666B-4BAD-4BF5-BA59-5D64E272AED9,9EB5AAF9-4EC2-4BC1-B78F-A2C697BCE705,4,BROILER GROWER605 2,BROILER GROWER,2026-07-22 14:50:14.217,2026-07-22 15:39:34.970,2026-07-22 15:40:39.477,4500.0,LYSOFORTE DRY,30,100.0,0.9,0.8391204,Production Recipes,1,
Server2,757A666B-4BAD-4BF5-BA59-5D64E272AED9,9EB5AAF9-4EC2-4BC1-B78F-A2C697BCE705,4,BROILER GROWER605 2,BROILER GROWER,2026-07-22 14:50:14.217,2026-07-22 15:39:34.970,2026-07-22 15:40:39.477,4500.0,Maize,100,100.0,2679.705,2675.202,Production Recipes,4,
Server2,757A666B-4BAD-4BF5-BA59-5D64E272AED9,9EB5AAF9-4EC2-4BC1-B78F-A2C697BCE705,4,BROILER GROWER605 2,BROILER GROWER,2026-07-22 14:50:14.217,2026-07-22 15:39:34.970,2026-07-22 15:40:39.477,4500.0,Methionine,12,100.0,10.62,10.99537,Production Recipes,1,
Server2,757A666B-4BAD-4BF5-BA59-5D64E272AED9,9EB5AAF9-4EC2-4BC1-B78F-A2C697BCE705,4,BROILER GROWER605 2,BROILER GROWER,2026-07-22 14:50:14.217,2026-07-22 15:39:34.970,2026-07-22 15:40:39.477,4500.0,Monocalcium Phos,204,100.0,38.745,39.20718,Production Recipes,1,
Server2,757A666B-4BAD-4BF5-BA59-5D64E272AED9,9EB5AAF9-4EC2-4BC1-B78F-A2C697BCE705,4,BROILER GROWER605 2,BROILER GROWER,2026-07-22 14:50:14.217,2026-07-22 15:39:34.970,2026-07-22 15:40:39.477,4500.0,NOVELA ECL,6,100.0,0.45,1.150174,Production Recipes,1,
Server2,757A666B-4BAD-4BF5-BA59-5D64E272AED9,9EB5AAF9-4EC2-4BC1-B78F-A2C697BCE705,4,BROILER GROWER605 2,BROILER GROWER,2026-07-22 14:50:14.217,2026-07-22 15:39:34.970,2026-07-22 15:40:39.477,4500.0,Provi Oxi Stop,21,100.0,0.45,1.021412,Production Recipes,1,
Server2,757A666B-4BAD-4BF5-BA59-5D64E272AED9,9EB5AAF9-4EC2-4BC1-B78F-A2C697BCE705,4,BROILER GROWER605 2,BROILER GROWER,2026-07-22 14:50:14.217,2026-07-22 15:39:34.970,2026-07-22 15:40:39.477,4500.0,Rovabio P10,176,100.0,2.25,2.45949,Production Recipes,1,
Server2,757A666B-4BAD-4BF5-BA59-5D64E272AED9,9EB5AAF9-4EC2-4BC1-B78F-A2C697BCE705,4,BROILER GROWER605 2,BROILER GROWER,2026-07-22 14:50:14.217,2026-07-22 15:39:34.970,2026-07-22 15:40:39.477,4500.0,Sacox (500g),91,100.0,2.25,4.184028,Production Recipes,1,
Server2,757A666B-4BAD-4BF5-BA59-5D64E272AED9,9EB5AAF9-4EC2-4BC1-B78F-A2C697BCE705,4,BROILER GROWER605 2,BROILER GROWER,2026-07-22 14:50:14.217,2026-07-22 15:39:34.970,2026-07-22 15:40:39.477,4500.0,Salt,202,100.0,12.96,19.09722,Production Recipes,1,
Server2,757A666B-4BAD-4BF5-BA59-5D64E272AED9,9EB5AAF9-4EC2-4BC1-B78F-A2C697BCE705,4,BROILER GROWER605 2,BROILER GROWER,2026-07-22 14:50:14.217,2026-07-22 15:39:34.970,2026-07-22 15:40:39.477,4500.0,SOLIS,124,100.0,6.75,7.277199,Production Recipes,1,
Server2,757A666B-4BAD-4BF5-BA59-5D64E272AED9,9EB5AAF9-4EC2-4BC1-B78F-A2C697BCE705,4,BROILER GROWER605 2,BROILER GROWER,2026-07-22 14:50:14.217,2026-07-22 15:39:34.970,2026-07-22 15:40:39.477,4500.0,SOUDIOM Bicarbon,35,100.0,8.955,9.982635,Production Recipes,1,
Server2,757A666B-4BAD-4BF5-BA59-5D64E272AED9,9EB5AAF9-4EC2-4BC1-B78F-A2C697BCE705,4,BROILER GROWER605 2,BROILER GROWER,2026-07-22 14:50:14.217,2026-07-22 15:39:34.970,2026-07-22 15:40:39.477,4500.0,SOYA-,105,100.0,1619.145,1606.424,Production Recipes,1,
Server2,757A666B-4BAD-4BF5-BA59-5D64E272AED9,9EB5AAF9-4EC2-4BC1-B78F-A2C697BCE705,4,BROILER GROWER605 2,BROILER GROWER,2026-07-22 14:50:14.217,2026-07-22 15:39:34.970,2026-07-22 15:40:39.477,4500.0,Soya Oil,210,100.0,37.35,37.75,Production Recipes,10,
Server2,757A666B-4BAD-4BF5-BA59-5D64E272AED9,9EB5AAF9-4EC2-4BC1-B78F-A2C697BCE705,4,BROILER GROWER605 2,BROILER GROWER,2026-07-22 14:50:14.217,2026-07-22 15:39:34.970,2026-07-22 15:40:39.477,4500.0,TermiN-8,33,100.0,6.75,0.0,Production Recipes,6,
Server2,E2B0E181-9D05-4B08-AC2D-A13F1F47A8F0,9EB5AAF9-4EC2-4BC1-B78F-A2C697BCE705,4,BROILER GROWER605 3,BROILER GROWER,2026-07-22 14:50:20.303,2026-07-22 15:53:27.577,2026-07-22 15:54:31.317,4500.0,BETAIN HCL,142,100.0,2.25,2.424768,Production Recipes,1,
Server2,E2B0E181-9D05-4B08-AC2D-A13F1F47A8F0,9EB5AAF9-4EC2-4BC1-B78F-A2C697BCE705,4,BROILER GROWER605 3,BROILER GROWER,2026-07-22 14:50:20.303,2026-07-22 15:53:27.577,2026-07-22 15:54:31.317,4500.0,BIOSTRONG 510,140,100.0,0.675,0.7494212,Production Recipes,1,
Server2,E2B0E181-9D05-4B08-AC2D-A13F1F47A8F0,9EB5AAF9-4EC2-4BC1-B78F-A2C697BCE705,4,BROILER GROWER605 3,BROILER GROWER,2026-07-22 14:50:20.303,2026-07-22 15:53:27.577,2026-07-22 15:54:31.317,4500.0,Broiler Mineral Mix,31,100.0,4.05,6.293403,Production Recipes,1,
Server2,E2B0E181-9D05-4B08-AC2D-A13F1F47A8F0,9EB5AAF9-4EC2-4BC1-B78F-A2C697BCE705,4,BROILER GROWER605 3,BROILER GROWER,2026-07-22 14:50:20.303,2026-07-22 15:53:27.577,2026-07-22 15:54:31.317,4500.0,Broiler Starter PX,69,100.0,4.05,5.769676,Production Recipes,1,
Server2,E2B0E181-9D05-4B08-AC2D-A13F1F47A8F0,9EB5AAF9-4EC2-4BC1-B78F-A2C697BCE705,4,BROILER GROWER605 3,BROILER GROWER,2026-07-22 14:50:20.303,2026-07-22 15:53:27.577,2026-07-22 15:54:31.317,4500.0,Choline Chloride 60%,26,100.0,2.7,2.586805,Production Recipes,1,
Server2,E2B0E181-9D05-4B08-AC2D-A13F1F47A8F0,9EB5AAF9-4EC2-4BC1-B78F-A2C697BCE705,4,BROILER GROWER605 3,BROILER GROWER,2026-07-22 14:50:20.303,2026-07-22 15:53:27.577,2026-07-22 15:54:31.317,4500.0,KENZYME PRO,77,100.0,2.7,3.168403,Production Recipes,1,
Server2,E2B0E181-9D05-4B08-AC2D-A13F1F47A8F0,9EB5AAF9-4EC2-4BC1-B78F-A2C697BCE705,4,BROILER GROWER605 3,BROILER GROWER,2026-07-22 14:50:20.303,2026-07-22 15:53:27.577,2026-07-22 15:54:31.317,4500.0,Limestone,113,100.0,55.485,58.8252,Production Recipes,1,
Server2,E2B0E181-9D05-4B08-AC2D-A13F1F47A8F0,9EB5AAF9-4EC2-4BC1-B78F-A2C697BCE705,4,BROILER GROWER605 3,BROILER GROWER,2026-07-22 14:50:20.303,2026-07-22 15:53:27.577,2026-07-22 15:54:31.317,4500.0,LYSOFORTE DRY,30,100.0,0.9,0.920139,Production Recipes,1,
Server2,E2B0E181-9D05-4B08-AC2D-A13F1F47A8F0,9EB5AAF9-4EC2-4BC1-B78F-A2C697BCE705,4,BROILER GROWER605 3,BROILER GROWER,2026-07-22 14:50:20.303,2026-07-22 15:53:27.577,2026-07-22 15:54:31.317,4500.0,Maize,100,100.0,2679.705,2670.428,Production Recipes,4,
Server2,E2B0E181-9D05-4B08-AC2D-A13F1F47A8F0,9EB5AAF9-4EC2-4BC1-B78F-A2C697BCE705,4,BROILER GROWER605 3,BROILER GROWER,2026-07-22 14:50:20.303,2026-07-22 15:53:27.577,2026-07-22 15:54:31.317,4500.0,Methionine,12,100.0,10.62,10.99537,Production Recipes,1,
Server2,E2B0E181-9D05-4B08-AC2D-A13F1F47A8F0,9EB5AAF9-4EC2-4BC1-B78F-A2C697BCE705,4,BROILER GROWER605 3,BROILER GROWER,2026-07-22 14:50:20.303,2026-07-22 15:53:27.577,2026-07-22 15:54:31.317,4500.0,Monocalcium Phos,204,100.0,38.745,39.0625,Production Recipes,1,
Server2,E2B0E181-9D05-4B08-AC2D-A13F1F47A8F0,9EB5AAF9-4EC2-4BC1-B78F-A2C697BCE705,4,BROILER GROWER605 3,BROILER GROWER,2026-07-22 14:50:20.303,2026-07-22 15:53:27.577,2026-07-22 15:54:31.317,4500.0,NOVELA ECL,6,100.0,0.45,0.5917246,Production Recipes,1,
Server2,E2B0E181-9D05-4B08-AC2D-A13F1F47A8F0,9EB5AAF9-4EC2-4BC1-B78F-A2C697BCE705,4,BROILER GROWER605 3,BROILER GROWER,2026-07-22 14:50:20.303,2026-07-22 15:53:27.577,2026-07-22 15:54:31.317,4500.0,Provi Oxi Stop,21,100.0,0.45,1.011285,Production Recipes,1,
Server2,E2B0E181-9D05-4B08-AC2D-A13F1F47A8F0,9EB5AAF9-4EC2-4BC1-B78F-A2C697BCE705,4,BROILER GROWER605 3,BROILER GROWER,2026-07-22 14:50:20.303,2026-07-22 15:53:27.577,2026-07-22 15:54:31.317,4500.0,Rovabio P10,176,100.0,2.25,2.714121,Production Recipes,1,
Server2,E2B0E181-9D05-4B08-AC2D-A13F1F47A8F0,9EB5AAF9-4EC2-4BC1-B78F-A2C697BCE705,4,BROILER GROWER605 3,BROILER GROWER,2026-07-22 14:50:20.303,2026-07-22 15:53:27.577,2026-07-22 15:54:31.317,4500.0,Sacox (500g),91,100.0,2.25,3.454861,Production Recipes,1,
Server2,E2B0E181-9D05-4B08-AC2D-A13F1F47A8F0,9EB5AAF9-4EC2-4BC1-B78F-A2C697BCE705,4,BROILER GROWER605 3,BROILER GROWER,2026-07-22 14:50:20.303,2026-07-22 15:53:27.577,2026-07-22 15:54:31.317,4500.0,Salt,202,100.0,12.96,14.17824,Production Recipes,1,
Server2,E2B0E181-9D05-4B08-AC2D-A13F1F47A8F0,9EB5AAF9-4EC2-4BC1-B78F-A2C697BCE705,4,BROILER GROWER605 3,BROILER GROWER,2026-07-22 14:50:20.303,2026-07-22 15:53:27.577,2026-07-22 15:54:31.317,4500.0,SOLIS,124,100.0,6.75,7.14699,Production Recipes,1,
Server2,E2B0E181-9D05-4B08-AC2D-A13F1F47A8F0,9EB5AAF9-4EC2-4BC1-B78F-A2C697BCE705,4,BROILER GROWER605 3,BROILER GROWER,2026-07-22 14:50:20.303,2026-07-22 15:53:27.577,2026-07-22 15:54:31.317,4500.0,SOUDIOM Bicarbon,35,100.0,8.955,9.114586,Production Recipes,1,
Server2,E2B0E181-9D05-4B08-AC2D-A13F1F47A8F0,9EB5AAF9-4EC2-4BC1-B78F-A2C697BCE705,4,BROILER GROWER605 3,BROILER GROWER,2026-07-22 14:50:20.303,2026-07-22 15:53:27.577,2026-07-22 15:54:31.317,4500.0,SOYA-,105,100.0,1619.145,1613.571,Production Recipes,1,
Server2,E2B0E181-9D05-4B08-AC2D-A13F1F47A8F0,9EB5AAF9-4EC2-4BC1-B78F-A2C697BCE705,4,BROILER GROWER605 3,BROILER GROWER,2026-07-22 14:50:20.303,2026-07-22 15:53:27.577,2026-07-22 15:54:31.317,4500.0,Soya Oil,210,100.0,37.35,37.5,Production Recipes,10,
Server2,E2B0E181-9D05-4B08-AC2D-A13F1F47A8F0,9EB5AAF9-4EC2-4BC1-B78F-A2C697BCE705,4,BROILER GROWER605 3,BROILER GROWER,2026-07-22 14:50:20.303,2026-07-22 15:53:27.577,2026-07-22 15:54:31.317,4500.0,TermiN-8,33,100.0,6.75,0.0,Production Recipes,6,
Server2,A1C43997-A409-45D3-BDBA-4454AEDA1234,9EB5AAF9-4EC2-4BC1-B78F-A2C697BCE705,4,BROILER GROWER605 4,BROILER GROWER,2026-07-22 14:50:22.337,2026-07-22 15:57:37.563,2026-07-22 15:58:41.340,4500.0,BETAIN HCL,142,100.0,2.25,2.320601,Production Recipes,1,
Server2,A1C43997-A409-45D3-BDBA-4454AEDA1234,9EB5AAF9-4EC2-4BC1-B78F-A2C697BCE705,4,BROILER GROWER605 4,BROILER GROWER,2026-07-22 14:50:22.337,2026-07-22 15:57:37.563,2026-07-22 15:58:41.340,4500.0,BIOSTRONG 510,140,100.0,0.675,0.8304399,Production Recipes,1,
Server2,A1C43997-A409-45D3-BDBA-4454AEDA1234,9EB5AAF9-4EC2-4BC1-B78F-A2C697BCE705,4,BROILER GROWER605 4,BROILER GROWER,2026-07-22 14:50:22.337,2026-07-22 15:57:37.563,2026-07-22 15:58:41.340,4500.0,Broiler Mineral Mix,31,100.0,4.05,5.758102,Production Recipes,1,
Server2,A1C43997-A409-45D3-BDBA-4454AEDA1234,9EB5AAF9-4EC2-4BC1-B78F-A2C697BCE705,4,BROILER GROWER605 4,BROILER GROWER,2026-07-22 14:50:22.337,2026-07-22 15:57:37.563,2026-07-22 15:58:41.340,4500.0,Broiler Starter PX,69,100.0,4.05,5.063658,Production Recipes,1,
Server2,A1C43997-A409-45D3-BDBA-4454AEDA1234,9EB5AAF9-4EC2-4BC1-B78F-A2C697BCE705,4,BROILER GROWER605 4,BROILER GROWER,2026-07-22 14:50:22.337,2026-07-22 15:57:37.563,2026-07-22 15:58:41.340,4500.0,Choline Chloride 60%,26,100.0,2.7,2.644676,Production Recipes,1,
Server2,A1C43997-A409-45D3-BDBA-4454AEDA1234,9EB5AAF9-4EC2-4BC1-B78F-A2C697BCE705,4,BROILER GROWER605 4,BROILER GROWER,2026-07-22 14:50:22.337,2026-07-22 15:57:37.563,2026-07-22 15:58:41.340,4500.0,KENZYME PRO,77,100.0,2.7,2.994792,Production Recipes,1,
Server2,A1C43997-A409-45D3-BDBA-4454AEDA1234,9EB5AAF9-4EC2-4BC1-B78F-A2C697BCE705,4,BROILER GROWER605 4,BROILER GROWER,2026-07-22 14:50:22.337,2026-07-22 15:57:37.563,2026-07-22 15:58:41.340,4500.0,Limestone,113,100.0,55.485,65.97217,Production Recipes,1,
Server2,A1C43997-A409-45D3-BDBA-4454AEDA1234,9EB5AAF9-4EC2-4BC1-B78F-A2C697BCE705,4,BROILER GROWER605 4,BROILER GROWER,2026-07-22 14:50:22.337,2026-07-22 15:57:37.563,2026-07-22 15:58:41.340,4500.0,LYSOFORTE DRY,30,100.0,0.9,1.0489,Production Recipes,1,
Server2,A1C43997-A409-45D3-BDBA-4454AEDA1234,9EB5AAF9-4EC2-4BC1-B78F-A2C697BCE705,4,BROILER GROWER605 4,BROILER GROWER,2026-07-22 14:50:22.337,2026-07-22 15:57:37.563,2026-07-22 15:58:41.340,4500.0,Maize,100,100.0,2679.705,2689.525,Production Recipes,4,
Server2,A1C43997-A409-45D3-BDBA-4454AEDA1234,9EB5AAF9-4EC2-4BC1-B78F-A2C697BCE705,4,BROILER GROWER605 4,BROILER GROWER,2026-07-22 14:50:22.337,2026-07-22 15:57:37.563,2026-07-22 15:58:41.340,4500.0,Methionine,12,100.0,10.62,11.14005,Production Recipes,1,
Server2,A1C43997-A409-45D3-BDBA-4454AEDA1234,9EB5AAF9-4EC2-4BC1-B78F-A2C697BCE705,4,BROILER GROWER605 4,BROILER GROWER,2026-07-22 14:50:22.337,2026-07-22 15:57:37.563,2026-07-22 15:58:41.340,4500.0,Monocalcium Phos,204,100.0,38.745,39.0625,Production Recipes,1,
Server2,A1C43997-A409-45D3-BDBA-4454AEDA1234,9EB5AAF9-4EC2-4BC1-B78F-A2C697BCE705,4,BROILER GROWER605 4,BROILER GROWER,2026-07-22 14:50:22.337,2026-07-22 15:57:37.563,2026-07-22 15:58:41.340,4500.0,NOVELA ECL,6,100.0,0.45,0.5005788,Production Recipes,1,
Server2,A1C43997-A409-45D3-BDBA-4454AEDA1234,9EB5AAF9-4EC2-4BC1-B78F-A2C697BCE705,4,BROILER GROWER605 4,BROILER GROWER,2026-07-22 14:50:22.337,2026-07-22 15:57:37.563,2026-07-22 15:58:41.340,4500.0,Provi Oxi Stop,21,100.0,0.45,0.9606481,Production Recipes,1,
Server2,A1C43997-A409-45D3-BDBA-4454AEDA1234,9EB5AAF9-4EC2-4BC1-B78F-A2C697BCE705,4,BROILER GROWER605 4,BROILER GROWER,2026-07-22 14:50:22.337,2026-07-22 15:57:37.563,2026-07-22 15:58:41.340,4500.0,Rovabio P10,176,100.0,2.25,2.581018,Production Recipes,1,
Server2,A1C43997-A409-45D3-BDBA-4454AEDA1234,9EB5AAF9-4EC2-4BC1-B78F-A2C697BCE705,4,BROILER GROWER605 4,BROILER GROWER,2026-07-22 14:50:22.337,2026-07-22 15:57:37.563,2026-07-22 15:58:41.340,4500.0,Sacox (500g),91,100.0,2.25,2.974537,Production Recipes,1,
Server2,A1C43997-A409-45D3-BDBA-4454AEDA1234,9EB5AAF9-4EC2-4BC1-B78F-A2C697BCE705,4,BROILER GROWER605 4,BROILER GROWER,2026-07-22 14:50:22.337,2026-07-22 15:57:37.563,2026-07-22 15:58:41.340,4500.0,Salt,202,100.0,12.96,14.17824,Production Recipes,1,
Server2,A1C43997-A409-45D3-BDBA-4454AEDA1234,9EB5AAF9-4EC2-4BC1-B78F-A2C697BCE705,4,BROILER GROWER605 4,BROILER GROWER,2026-07-22 14:50:22.337,2026-07-22 15:57:37.563,2026-07-22 15:58:41.340,4500.0,SOLIS,124,100.0,6.75,7.262732,Production Recipes,1,
Server2,A1C43997-A409-45D3-BDBA-4454AEDA1234,9EB5AAF9-4EC2-4BC1-B78F-A2C697BCE705,4,BROILER GROWER605 4,BROILER GROWER,2026-07-22 14:50:22.337,2026-07-22 15:57:37.563,2026-07-22 15:58:41.340,4500.0,SOUDIOM Bicarbon,35,100.0,8.955,9.114586,Production Recipes,1,
Server2,A1C43997-A409-45D3-BDBA-4454AEDA1234,9EB5AAF9-4EC2-4BC1-B78F-A2C697BCE705,4,BROILER GROWER605 4,BROILER GROWER,2026-07-22 14:50:22.337,2026-07-22 15:57:37.563,2026-07-22 15:58:41.340,4500.0,SOYA-,105,100.0,1619.145,1611.372,Production Recipes,1,
Server2,A1C43997-A409-45D3-BDBA-4454AEDA1234,9EB5AAF9-4EC2-4BC1-B78F-A2C697BCE705,4,BROILER GROWER605 4,BROILER GROWER,2026-07-22 14:50:22.337,2026-07-22 15:57:37.563,2026-07-22 15:58:41.340,4500.0,Soya Oil,210,100.0,37.35,37.75,Production Recipes,10,
Server2,A1C43997-A409-45D3-BDBA-4454AEDA1234,9EB5AAF9-4EC2-4BC1-B78F-A2C697BCE705,4,BROILER GROWER605 4,BROILER GROWER,2026-07-22 14:50:22.337,2026-07-22 15:57:37.563,2026-07-22 15:58:41.340,4500.0,TermiN-8,33,100.0,6.75,0.0,Production Recipes,6,
Server2,1CD2581E-980B-497F-959A-8A7DA0454B30,9EB5AAF9-4EC2-4BC1-B78F-A2C697BCE705,4,BROILER GROWER605 5,BROILER GROWER,2026-07-22 14:50:26.343,2026-07-22 16:02:27.170,2026-07-22 16:03:31.350,4500.0,BETAIN HCL,142,100.0,2.25,2.962963,Production Recipes,1,
Server2,1CD2581E-980B-497F-959A-8A7DA0454B30,9EB5AAF9-4EC2-4BC1-B78F-A2C697BCE705,4,BROILER GROWER605 5,BROILER GROWER,2026-07-22 14:50:26.343,2026-07-22 16:02:27.170,2026-07-22 16:03:31.350,4500.0,BIOSTRONG 510,140,100.0,0.675,0.7798033,Production Recipes,1,
Server2,1CD2581E-980B-497F-959A-8A7DA0454B30,9EB5AAF9-4EC2-4BC1-B78F-A2C697BCE705,4,BROILER GROWER605 5,BROILER GROWER,2026-07-22 14:50:26.343,2026-07-22 16:02:27.170,2026-07-22 16:03:31.350,4500.0,Broiler Mineral Mix,31,100.0,4.05,5.005787,Production Recipes,1,
Server2,1CD2581E-980B-497F-959A-8A7DA0454B30,9EB5AAF9-4EC2-4BC1-B78F-A2C697BCE705,4,BROILER GROWER605 5,BROILER GROWER,2026-07-22 14:50:26.343,2026-07-22 16:02:27.170,2026-07-22 16:03:31.350,4500.0,Broiler Starter PX,69,100.0,4.05,5.891204,Production Recipes,1,
Server2,1CD2581E-980B-497F-959A-8A7DA0454B30,9EB5AAF9-4EC2-4BC1-B78F-A2C697BCE705,4,BROILER GROWER605 5,BROILER GROWER,2026-07-22 14:50:26.343,2026-07-22 16:02:27.170,2026-07-22 16:03:31.350,4500.0,Choline Chloride 60%,26,100.0,2.7,3.668983,Production Recipes,1,
Server2,1CD2581E-980B-497F-959A-8A7DA0454B30,9EB5AAF9-4EC2-4BC1-B78F-A2C697BCE705,4,BROILER GROWER605 5,BROILER GROWER,2026-07-22 14:50:26.343,2026-07-22 16:02:27.170,2026-07-22 16:03:31.350,4500.0,KENZYME PRO,77,100.0,2.7,3.197338,Production Recipes,1,
Server2,1CD2581E-980B-497F-959A-8A7DA0454B30,9EB5AAF9-4EC2-4BC1-B78F-A2C697BCE705,4,BROILER GROWER605 5,BROILER GROWER,2026-07-22 14:50:26.343,2026-07-22 16:02:27.170,2026-07-22 16:03:31.350,4500.0,Limestone,113,100.0,55.485,62.67358,Production Recipes,1,
Server2,1CD2581E-980B-497F-959A-8A7DA0454B30,9EB5AAF9-4EC2-4BC1-B78F-A2C697BCE705,4,BROILER GROWER605 5,BROILER GROWER,2026-07-22 14:50:26.343,2026-07-22 16:02:27.170,2026-07-22 16:03:31.350,4500.0,LYSOFORTE DRY,30,100.0,0.9,0.8203126,Production Recipes,1,
Server2,1CD2581E-980B-497F-959A-8A7DA0454B30,9EB5AAF9-4EC2-4BC1-B78F-A2C697BCE705,4,BROILER GROWER605 5,BROILER GROWER,2026-07-22 14:50:26.343,2026-07-22 16:02:27.170,2026-07-22 16:03:31.350,4500.0,Maize,100,100.0,2679.705,2673.611,Production Recipes,4,
Server2,1CD2581E-980B-497F-959A-8A7DA0454B30,9EB5AAF9-4EC2-4BC1-B78F-A2C697BCE705,4,BROILER GROWER605 5,BROILER GROWER,2026-07-22 14:50:26.343,2026-07-22 16:02:27.170,2026-07-22 16:03:31.350,4500.0,Methionine,12,100.0,10.62,10.99537,Production Recipes,1,
Server2,1CD2581E-980B-497F-959A-8A7DA0454B30,9EB5AAF9-4EC2-4BC1-B78F-A2C697BCE705,4,BROILER GROWER605 5,BROILER GROWER,2026-07-22 14:50:26.343,2026-07-22 16:02:27.170,2026-07-22 16:03:31.350,4500.0,Monocalcium Phos,204,100.0,38.745,39.0625,Production Recipes,1,
Server2,1CD2581E-980B-497F-959A-8A7DA0454B30,9EB5AAF9-4EC2-4BC1-B78F-A2C697BCE705,4,BROILER GROWER605 5,BROILER GROWER,2026-07-22 14:50:26.343,2026-07-22 16:02:27.170,2026-07-22 16:03:31.350,4500.0,NOVELA ECL,6,100.0,0.45,0.5801505,Production Recipes,1,
Server2,1CD2581E-980B-497F-959A-8A7DA0454B30,9EB5AAF9-4EC2-4BC1-B78F-A2C697BCE705,4,BROILER GROWER605 5,BROILER GROWER,2026-07-22 14:50:26.343,2026-07-22 16:02:27.170,2026-07-22 16:03:31.350,4500.0,Provi Oxi Stop,21,100.0,0.45,0.6105325,Production Recipes,1,
Server2,1CD2581E-980B-497F-959A-8A7DA0454B30,9EB5AAF9-4EC2-4BC1-B78F-A2C697BCE705,4,BROILER GROWER605 5,BROILER GROWER,2026-07-22 14:50:26.343,2026-07-22 16:02:27.170,2026-07-22 16:03:31.350,4500.0,Rovabio P10,176,100.0,2.25,1.221064,Production Recipes,1,
Server2,1CD2581E-980B-497F-959A-8A7DA0454B30,9EB5AAF9-4EC2-4BC1-B78F-A2C697BCE705,4,BROILER GROWER605 5,BROILER GROWER,2026-07-22 14:50:26.343,2026-07-22 16:02:27.170,2026-07-22 16:03:31.350,4500.0,Sacox (500g),91,100.0,2.25,3.987268,Production Recipes,1,
Server2,1CD2581E-980B-497F-959A-8A7DA0454B30,9EB5AAF9-4EC2-4BC1-B78F-A2C697BCE705,4,BROILER GROWER605 5,BROILER GROWER,2026-07-22 14:50:26.343,2026-07-22 16:02:27.170,2026-07-22 16:03:31.350,4500.0,Salt,202,100.0,12.96,13.16551,Production Recipes,1,
Server2,1CD2581E-980B-497F-959A-8A7DA0454B30,9EB5AAF9-4EC2-4BC1-B78F-A2C697BCE705,4,BROILER GROWER605 5,BROILER GROWER,2026-07-22 14:50:26.343,2026-07-22 16:02:27.170,2026-07-22 16:03:31.350,4500.0,SOLIS,124,100.0,6.75,7.103587,Production Recipes,1,
Server2,1CD2581E-980B-497F-959A-8A7DA0454B30,9EB5AAF9-4EC2-4BC1-B78F-A2C697BCE705,4,BROILER GROWER605 5,BROILER GROWER,2026-07-22 14:50:26.343,2026-07-22 16:02:27.170,2026-07-22 16:03:31.350,4500.0,SOUDIOM Bicarbon,35,100.0,8.955,9.114586,Production Recipes,1,
Server2,1CD2581E-980B-497F-959A-8A7DA0454B30,9EB5AAF9-4EC2-4BC1-B78F-A2C697BCE705,4,BROILER GROWER605 5,BROILER GROWER,2026-07-22 14:50:26.343,2026-07-22 16:02:27.170,2026-07-22 16:03:31.350,4500.0,SOYA-,105,100.0,1619.145,1620.718,Production Recipes,1,
Server2,1CD2581E-980B-497F-959A-8A7DA0454B30,9EB5AAF9-4EC2-4BC1-B78F-A2C697BCE705,4,BROILER GROWER605 5,BROILER GROWER,2026-07-22 14:50:26.343,2026-07-22 16:02:27.170,2026-07-22 16:03:31.350,4500.0,Soya Oil,210,100.0,37.35,37.75,Production Recipes,10,
Server2,1CD2581E-980B-497F-959A-8A7DA0454B30,9EB5AAF9-4EC2-4BC1-B78F-A2C697BCE705,4,BROILER GROWER605 5,BROILER GROWER,2026-07-22 14:50:26.343,2026-07-22 16:02:27.170,2026-07-22 16:03:31.350,4500.0,TermiN-8,33,100.0,6.75,0.0,Production Recipes,6,
Server2,069CC502-C80D-4094-945A-5E6243B3287E,9EB5AAF9-4EC2-4BC1-B78F-A2C697BCE705,4,BROILER GROWER602 1,BROILER GROWER,2026-07-22 15:22:16.280,2026-07-22 16:09:10.707,2026-07-22 16:10:15.340,4500.0,BETAIN HCL,142,100.0,2.25,2.303241,Production Recipes,1,
Server2,069CC502-C80D-4094-945A-5E6243B3287E,9EB5AAF9-4EC2-4BC1-B78F-A2C697BCE705,4,BROILER GROWER602 1,BROILER GROWER,2026-07-22 15:22:16.280,2026-07-22 16:09:10.707,2026-07-22 16:10:15.340,4500.0,BIOSTRONG 510,140,100.0,0.675,0.7508681,Production Recipes,1,
Server2,069CC502-C80D-4094-945A-5E6243B3287E,9EB5AAF9-4EC2-4BC1-B78F-A2C697BCE705,4,BROILER GROWER602 1,BROILER GROWER,2026-07-22 15:22:16.280,2026-07-22 16:09:10.707,2026-07-22 16:10:15.340,4500.0,Broiler Mineral Mix,31,100.0,4.05,6.322337,Production Recipes,1,
Server2,069CC502-C80D-4094-945A-5E6243B3287E,9EB5AAF9-4EC2-4BC1-B78F-A2C697BCE705,4,BROILER GROWER602 1,BROILER GROWER,2026-07-22 15:22:16.280,2026-07-22 16:09:10.707,2026-07-22 16:10:15.340,4500.0,Broiler Starter PX,69,100.0,4.05,5.694445,Production Recipes,1,
Server2,069CC502-C80D-4094-945A-5E6243B3287E,9EB5AAF9-4EC2-4BC1-B78F-A2C697BCE705,4,BROILER GROWER602 1,BROILER GROWER,2026-07-22 15:22:16.280,2026-07-22 16:09:10.707,2026-07-22 16:10:15.340,4500.0,Choline Chloride 60%,26,100.0,2.7,2.881946,Production Recipes,1,
Server2,069CC502-C80D-4094-945A-5E6243B3287E,9EB5AAF9-4EC2-4BC1-B78F-A2C697BCE705,4,BROILER GROWER602 1,BROILER GROWER,2026-07-22 15:22:16.280,2026-07-22 16:09:10.707,2026-07-22 16:10:15.340,4500.0,KENZYME PRO,77,100.0,2.7,2.951389,Production Recipes,1,
Server2,069CC502-C80D-4094-945A-5E6243B3287E,9EB5AAF9-4EC2-4BC1-B78F-A2C697BCE705,4,BROILER GROWER602 1,BROILER GROWER,2026-07-22 15:22:16.280,2026-07-22 16:09:10.707,2026-07-22 16:10:15.340,4500.0,Limestone,113,100.0,55.485,62.12378,Production Recipes,1,
Server2,069CC502-C80D-4094-945A-5E6243B3287E,9EB5AAF9-4EC2-4BC1-B78F-A2C697BCE705,4,BROILER GROWER602 1,BROILER GROWER,2026-07-22 15:22:16.280,2026-07-22 16:09:10.707,2026-07-22 16:10:15.340,4500.0,LYSOFORTE DRY,30,100.0,0.9,0.859375,Production Recipes,1,
Server2,069CC502-C80D-4094-945A-5E6243B3287E,9EB5AAF9-4EC2-4BC1-B78F-A2C697BCE705,4,BROILER GROWER602 1,BROILER GROWER,2026-07-22 15:22:16.280,2026-07-22 16:09:10.707,2026-07-22 16:10:15.340,4500.0,Maize,100,100.0,2679.705,2675.202,Production Recipes,4,
Server2,069CC502-C80D-4094-945A-5E6243B3287E,9EB5AAF9-4EC2-4BC1-B78F-A2C697BCE705,4,BROILER GROWER602 1,BROILER GROWER,2026-07-22 15:22:16.280,2026-07-22 16:09:10.707,2026-07-22 16:10:15.340,4500.0,Methionine,12,100.0,10.62,10.99537,Production Recipes,1,
Server2,069CC502-C80D-4094-945A-5E6243B3287E,9EB5AAF9-4EC2-4BC1-B78F-A2C697BCE705,4,BROILER GROWER602 1,BROILER GROWER,2026-07-22 15:22:16.280,2026-07-22 16:09:10.707,2026-07-22 16:10:15.340,4500.0,Monocalcium Phos,204,100.0,38.745,39.0625,Production Recipes,1,
Server2,069CC502-C80D-4094-945A-5E6243B3287E,9EB5AAF9-4EC2-4BC1-B78F-A2C697BCE705,4,BROILER GROWER602 1,BROILER GROWER,2026-07-22 15:22:16.280,2026-07-22 16:09:10.707,2026-07-22 16:10:15.340,4500.0,NOVELA ECL,6,100.0,0.45,1.270255,Production Recipes,1,
Server2,069CC502-C80D-4094-945A-5E6243B3287E,9EB5AAF9-4EC2-4BC1-B78F-A2C697BCE705,4,BROILER GROWER602 1,BROILER GROWER,2026-07-22 15:22:16.280,2026-07-22 16:09:10.707,2026-07-22 16:10:15.340,4500.0,Provi Oxi Stop,21,100.0,0.45,1.371528,Production Recipes,1,
Server2,069CC502-C80D-4094-945A-5E6243B3287E,9EB5AAF9-4EC2-4BC1-B78F-A2C697BCE705,4,BROILER GROWER602 1,BROILER GROWER,2026-07-22 15:22:16.280,2026-07-22 16:09:10.707,2026-07-22 16:10:15.340,4500.0,Rovabio P10,176,100.0,2.25,3.211805,Production Recipes,1,
Server2,069CC502-C80D-4094-945A-5E6243B3287E,9EB5AAF9-4EC2-4BC1-B78F-A2C697BCE705,4,BROILER GROWER602 1,BROILER GROWER,2026-07-22 15:22:16.280,2026-07-22 16:09:10.707,2026-07-22 16:10:15.340,4500.0,Sacox (500g),91,100.0,2.25,3.37963,Production Recipes,1,
Server2,069CC502-C80D-4094-945A-5E6243B3287E,9EB5AAF9-4EC2-4BC1-B78F-A2C697BCE705,4,BROILER GROWER602 1,BROILER GROWER,2026-07-22 15:22:16.280,2026-07-22 16:09:10.707,2026-07-22 16:10:15.340,4500.0,Salt,202,100.0,12.96,13.16551,Production Recipes,1,
Server2,069CC502-C80D-4094-945A-5E6243B3287E,9EB5AAF9-4EC2-4BC1-B78F-A2C697BCE705,4,BROILER GROWER602 1,BROILER GROWER,2026-07-22 15:22:16.280,2026-07-22 16:09:10.707,2026-07-22 16:10:15.340,4500.0,SOLIS,124,100.0,6.75,7.378472,Production Recipes,1,
Server2,069CC502-C80D-4094-945A-5E6243B3287E,9EB5AAF9-4EC2-4BC1-B78F-A2C697BCE705,4,BROILER GROWER602 1,BROILER GROWER,2026-07-22 15:22:16.280,2026-07-22 16:09:10.707,2026-07-22 16:10:15.340,4500.0,SOUDIOM Bicarbon,35,100.0,8.955,9.114586,Production Recipes,1,
Server2,069CC502-C80D-4094-945A-5E6243B3287E,9EB5AAF9-4EC2-4BC1-B78F-A2C697BCE705,4,BROILER GROWER602 1,BROILER GROWER,2026-07-22 15:22:16.280,2026-07-22 16:09:10.707,2026-07-22 16:10:15.340,4500.0,SOYA-,105,100.0,1619.145,1691.638,Production Recipes,1,
Server2,069CC502-C80D-4094-945A-5E6243B3287E,9EB5AAF9-4EC2-4BC1-B78F-A2C697BCE705,4,BROILER GROWER602 1,BROILER GROWER,2026-07-22 15:22:16.280,2026-07-22 16:09:10.707,2026-07-22 16:10:15.340,4500.0,Soya Oil,210,100.0,37.35,37.75,Production Recipes,10,
Server2,069CC502-C80D-4094-945A-5E6243B3287E,9EB5AAF9-4EC2-4BC1-B78F-A2C697BCE705,4,BROILER GROWER602 1,BROILER GROWER,2026-07-22 15:22:16.280,2026-07-22 16:09:10.707,2026-07-22 16:10:15.340,4500.0,TermiN-8,33,100.0,6.75,0.0,Production Recipes,6,
Server2,C9DED14E-A19B-4FB8-86FD-70321A2FCBBE,9EB5AAF9-4EC2-4BC1-B78F-A2C697BCE705,4,BROILER GROWER602 2,BROILER GROWER,2026-07-22 15:22:18.230,2026-07-22 16:13:43.863,2026-07-22 16:14:48.327,4500.0,BETAIN HCL,142,100.0,2.25,3.090278,Production Recipes,1,
Server2,C9DED14E-A19B-4FB8-86FD-70321A2FCBBE,9EB5AAF9-4EC2-4BC1-B78F-A2C697BCE705,4,BROILER GROWER602 2,BROILER GROWER,2026-07-22 15:22:18.230,2026-07-22 16:13:43.863,2026-07-22 16:14:48.327,4500.0,BIOSTRONG 510,140,100.0,0.675,0.8101853,Production Recipes,1,
Server2,C9DED14E-A19B-4FB8-86FD-70321A2FCBBE,9EB5AAF9-4EC2-4BC1-B78F-A2C697BCE705,4,BROILER GROWER602 2,BROILER GROWER,2026-07-22 15:22:18.230,2026-07-22 16:13:43.863,2026-07-22 16:14:48.327,4500.0,Broiler Mineral Mix,31,100.0,4.05,6.105324,Production Recipes,1,
Server2,C9DED14E-A19B-4FB8-86FD-70321A2FCBBE,9EB5AAF9-4EC2-4BC1-B78F-A2C697BCE705,4,BROILER GROWER602 2,BROILER GROWER,2026-07-22 15:22:18.230,2026-07-22 16:13:43.863,2026-07-22 16:14:48.327,4500.0,Broiler Starter PX,69,100.0,4.05,5.885417,Production Recipes,1,
Server2,C9DED14E-A19B-4FB8-86FD-70321A2FCBBE,9EB5AAF9-4EC2-4BC1-B78F-A2C697BCE705,4,BROILER GROWER602 2,BROILER GROWER,2026-07-22 15:22:18.230,2026-07-22 16:13:43.863,2026-07-22 16:14:48.327,4500.0,Choline Chloride 60%,26,100.0,2.7,2.847223,Production Recipes,1,
Server2,C9DED14E-A19B-4FB8-86FD-70321A2FCBBE,9EB5AAF9-4EC2-4BC1-B78F-A2C697BCE705,4,BROILER GROWER602 2,BROILER GROWER,2026-07-22 15:22:18.230,2026-07-22 16:13:43.863,2026-07-22 16:14:48.327,4500.0,KENZYME PRO,77,100.0,2.7,3.356482,Production Recipes,1,
Server2,C9DED14E-A19B-4FB8-86FD-70321A2FCBBE,9EB5AAF9-4EC2-4BC1-B78F-A2C697BCE705,4,BROILER GROWER602 2,BROILER GROWER,2026-07-22 15:22:18.230,2026-07-22 16:13:43.863,2026-07-22 16:14:48.327,4500.0,Limestone,113,100.0,55.485,67.07178,Production Recipes,1,
Server2,C9DED14E-A19B-4FB8-86FD-70321A2FCBBE,9EB5AAF9-4EC2-4BC1-B78F-A2C697BCE705,4,BROILER GROWER602 2,BROILER GROWER,2026-07-22 15:22:18.230,2026-07-22 16:13:43.863,2026-07-22 16:14:48.327,4500.0,LYSOFORTE DRY,30,100.0,0.9,0.9910302,Production Recipes,1,
Server2,C9DED14E-A19B-4FB8-86FD-70321A2FCBBE,9EB5AAF9-4EC2-4BC1-B78F-A2C697BCE705,4,BROILER GROWER602 2,BROILER GROWER,2026-07-22 15:22:18.230,2026-07-22 16:13:43.863,2026-07-22 16:14:48.327,4500.0,Maize,100,100.0,2679.705,2681.568,Production Recipes,4,
Server2,C9DED14E-A19B-4FB8-86FD-70321A2FCBBE,9EB5AAF9-4EC2-4BC1-B78F-A2C697BCE705,4,BROILER GROWER602 2,BROILER GROWER,2026-07-22 15:22:18.230,2026-07-22 16:13:43.863,2026-07-22 16:14:48.327,4500.0,Methionine,12,100.0,10.62,10.99537,Production Recipes,1,
Server2,C9DED14E-A19B-4FB8-86FD-70321A2FCBBE,9EB5AAF9-4EC2-4BC1-B78F-A2C697BCE705,4,BROILER GROWER602 2,BROILER GROWER,2026-07-22 15:22:18.230,2026-07-22 16:13:43.863,2026-07-22 16:14:48.327,4500.0,Monocalcium Phos,204,100.0,38.745,39.0625,Production Recipes,1,
Server2,C9DED14E-A19B-4FB8-86FD-70321A2FCBBE,9EB5AAF9-4EC2-4BC1-B78F-A2C697BCE705,4,BROILER GROWER602 2,BROILER GROWER,2026-07-22 15:22:18.230,2026-07-22 16:13:43.863,2026-07-22 16:14:48.327,4500.0,NOVELA ECL,6,100.0,0.45,0.5497686,Production Recipes,1,
Server2,C9DED14E-A19B-4FB8-86FD-70321A2FCBBE,9EB5AAF9-4EC2-4BC1-B78F-A2C697BCE705,4,BROILER GROWER602 2,BROILER GROWER,2026-07-22 15:22:18.230,2026-07-22 16:13:43.863,2026-07-22 16:14:48.327,4500.0,Provi Oxi Stop,21,100.0,0.45,1.359954,Production Recipes,1,
Server2,C9DED14E-A19B-4FB8-86FD-70321A2FCBBE,9EB5AAF9-4EC2-4BC1-B78F-A2C697BCE705,4,BROILER GROWER602 2,BROILER GROWER,2026-07-22 15:22:18.230,2026-07-22 16:13:43.863,2026-07-22 16:14:48.327,4500.0,Rovabio P10,176,100.0,2.25,2.540508,Production Recipes,1,
Server2,C9DED14E-A19B-4FB8-86FD-70321A2FCBBE,9EB5AAF9-4EC2-4BC1-B78F-A2C697BCE705,4,BROILER GROWER602 2,BROILER GROWER,2026-07-22 15:22:18.230,2026-07-22 16:13:43.863,2026-07-22 16:14:48.327,4500.0,Sacox (500g),91,100.0,2.25,3.385417,Production Recipes,1,
Server2,C9DED14E-A19B-4FB8-86FD-70321A2FCBBE,9EB5AAF9-4EC2-4BC1-B78F-A2C697BCE705,4,BROILER GROWER602 2,BROILER GROWER,2026-07-22 15:22:18.230,2026-07-22 16:13:43.863,2026-07-22 16:14:48.327,4500.0,Salt,202,100.0,12.96,13.16551,Production Recipes,1,
Server2,C9DED14E-A19B-4FB8-86FD-70321A2FCBBE,9EB5AAF9-4EC2-4BC1-B78F-A2C697BCE705,4,BROILER GROWER602 2,BROILER GROWER,2026-07-22 15:22:18.230,2026-07-22 16:13:43.863,2026-07-22 16:14:48.327,4500.0,SOLIS,124,100.0,6.75,7.060185,Production Recipes,1,
Server2,C9DED14E-A19B-4FB8-86FD-70321A2FCBBE,9EB5AAF9-4EC2-4BC1-B78F-A2C697BCE705,4,BROILER GROWER602 2,BROILER GROWER,2026-07-22 15:22:18.230,2026-07-22 16:13:43.863,2026-07-22 16:14:48.327,4500.0,SOUDIOM Bicarbon,35,100.0,8.955,9.114586,Production Recipes,1,
Server2,C9DED14E-A19B-4FB8-86FD-70321A2FCBBE,9EB5AAF9-4EC2-4BC1-B78F-A2C697BCE705,4,BROILER GROWER602 2,BROILER GROWER,2026-07-22 15:22:18.230,2026-07-22 16:13:43.863,2026-07-22 16:14:48.327,4500.0,SOYA-,105,100.0,1619.145,1614.67,Production Recipes,1,
Server2,C9DED14E-A19B-4FB8-86FD-70321A2FCBBE,9EB5AAF9-4EC2-4BC1-B78F-A2C697BCE705,4,BROILER GROWER602 2,BROILER GROWER,2026-07-22 15:22:18.230,2026-07-22 16:13:43.863,2026-07-22 16:14:48.327,4500.0,Soya Oil,210,100.0,37.35,37.75,Production Recipes,10,
Server2,C9DED14E-A19B-4FB8-86FD-70321A2FCBBE,9EB5AAF9-4EC2-4BC1-B78F-A2C697BCE705,4,BROILER GROWER602 2,BROILER GROWER,2026-07-22 15:22:18.230,2026-07-22 16:13:43.863,2026-07-22 16:14:48.327,4500.0,TermiN-8,33,100.0,6.75,0.0,Production Recipes,6,
Server2,37AB1F97-30CB-4E5A-BF15-3510EBA779DC,9EB5AAF9-4EC2-4BC1-B78F-A2C697BCE705,4,BROILER GROWER605 1,BROILER GROWER,2026-07-22 16:10:18.657,2026-07-22 16:30:40.383,2026-07-22 16:31:44.407,4500.0,BETAIN HCL,142,100.0,2.25,2.644676,Production Recipes,1,
Server2,37AB1F97-30CB-4E5A-BF15-3510EBA779DC,9EB5AAF9-4EC2-4BC1-B78F-A2C697BCE705,4,BROILER GROWER605 1,BROILER GROWER,2026-07-22 16:10:18.657,2026-07-22 16:30:40.383,2026-07-22 16:31:44.407,4500.0,BIOSTRONG 510,140,100.0,0.675,0.7291665,Production Recipes,1,
Server2,37AB1F97-30CB-4E5A-BF15-3510EBA779DC,9EB5AAF9-4EC2-4BC1-B78F-A2C697BCE705,4,BROILER GROWER605 1,BROILER GROWER,2026-07-22 16:10:18.657,2026-07-22 16:30:40.383,2026-07-22 16:31:44.407,4500.0,Broiler Mineral Mix,31,100.0,4.05,6.351274,Production Recipes,1,
Server2,37AB1F97-30CB-4E5A-BF15-3510EBA779DC,9EB5AAF9-4EC2-4BC1-B78F-A2C697BCE705,4,BROILER GROWER605 1,BROILER GROWER,2026-07-22 16:10:18.657,2026-07-22 16:30:40.383,2026-07-22 16:31:44.407,4500.0,Broiler Starter PX,69,100.0,4.05,6.915509,Production Recipes,1,
Server2,37AB1F97-30CB-4E5A-BF15-3510EBA779DC,9EB5AAF9-4EC2-4BC1-B78F-A2C697BCE705,4,BROILER GROWER605 1,BROILER GROWER,2026-07-22 16:10:18.657,2026-07-22 16:30:40.383,2026-07-22 16:31:44.407,4500.0,Choline Chloride 60%,26,100.0,2.7,2.777779,Production Recipes,1,
Server2,37AB1F97-30CB-4E5A-BF15-3510EBA779DC,9EB5AAF9-4EC2-4BC1-B78F-A2C697BCE705,4,BROILER GROWER605 1,BROILER GROWER,2026-07-22 16:10:18.657,2026-07-22 16:30:40.383,2026-07-22 16:31:44.407,4500.0,KENZYME PRO,77,100.0,2.7,3.197338,Production Recipes,1,
Server2,37AB1F97-30CB-4E5A-BF15-3510EBA779DC,9EB5AAF9-4EC2-4BC1-B78F-A2C697BCE705,4,BROILER GROWER605 1,BROILER GROWER,2026-07-22 16:10:18.657,2026-07-22 16:30:40.383,2026-07-22 16:31:44.407,4500.0,Limestone,113,100.0,55.485,66.52197,Production Recipes,1,
Server2,37AB1F97-30CB-4E5A-BF15-3510EBA779DC,9EB5AAF9-4EC2-4BC1-B78F-A2C697BCE705,4,BROILER GROWER605 1,BROILER GROWER,2026-07-22 16:10:18.657,2026-07-22 16:30:40.383,2026-07-22 16:31:44.407,4500.0,LYSOFORTE DRY,30,100.0,0.9,0.8506945,Production Recipes,1,
Server2,37AB1F97-30CB-4E5A-BF15-3510EBA779DC,9EB5AAF9-4EC2-4BC1-B78F-A2C697BCE705,4,BROILER GROWER605 1,BROILER GROWER,2026-07-22 16:10:18.657,2026-07-22 16:30:40.383,2026-07-22 16:31:44.407,4500.0,Maize,100,100.0,2679.705,2687.934,Production Recipes,4,
Server2,37AB1F97-30CB-4E5A-BF15-3510EBA779DC,9EB5AAF9-4EC2-4BC1-B78F-A2C697BCE705,4,BROILER GROWER605 1,BROILER GROWER,2026-07-22 16:10:18.657,2026-07-22 16:30:40.383,2026-07-22 16:31:44.407,4500.0,Methionine,12,100.0,10.62,11.14005,Production Recipes,1,
Server2,37AB1F97-30CB-4E5A-BF15-3510EBA779DC,9EB5AAF9-4EC2-4BC1-B78F-A2C697BCE705,4,BROILER GROWER605 1,BROILER GROWER,2026-07-22 16:10:18.657,2026-07-22 16:30:40.383,2026-07-22 16:31:44.407,4500.0,Monocalcium Phos,204,100.0,38.745,39.0625,Production Recipes,1,
Server2,37AB1F97-30CB-4E5A-BF15-3510EBA779DC,9EB5AAF9-4EC2-4BC1-B78F-A2C697BCE705,4,BROILER GROWER605 1,BROILER GROWER,2026-07-22 16:10:18.657,2026-07-22 16:30:40.383,2026-07-22 16:31:44.407,4500.0,NOVELA ECL,6,100.0,0.45,1.119792,Production Recipes,1,
Server2,37AB1F97-30CB-4E5A-BF15-3510EBA779DC,9EB5AAF9-4EC2-4BC1-B78F-A2C697BCE705,4,BROILER GROWER605 1,BROILER GROWER,2026-07-22 16:10:18.657,2026-07-22 16:30:40.383,2026-07-22 16:31:44.407,4500.0,Provi Oxi Stop,21,100.0,0.45,1.131366,Production Recipes,1,
Server2,37AB1F97-30CB-4E5A-BF15-3510EBA779DC,9EB5AAF9-4EC2-4BC1-B78F-A2C697BCE705,4,BROILER GROWER605 1,BROILER GROWER,2026-07-22 16:10:18.657,2026-07-22 16:30:40.383,2026-07-22 16:31:44.407,4500.0,Rovabio P10,176,100.0,2.25,1.817129,Production Recipes,1,
Server2,37AB1F97-30CB-4E5A-BF15-3510EBA779DC,9EB5AAF9-4EC2-4BC1-B78F-A2C697BCE705,4,BROILER GROWER605 1,BROILER GROWER,2026-07-22 16:10:18.657,2026-07-22 16:30:40.383,2026-07-22 16:31:44.407,4500.0,Sacox (500g),91,100.0,2.25,3.246529,Production Recipes,1,
Server2,37AB1F97-30CB-4E5A-BF15-3510EBA779DC,9EB5AAF9-4EC2-4BC1-B78F-A2C697BCE705,4,BROILER GROWER605 1,BROILER GROWER,2026-07-22 16:10:18.657,2026-07-22 16:30:40.383,2026-07-22 16:31:44.407,4500.0,Salt,202,100.0,12.96,14.03357,Production Recipes,1,
Server2,37AB1F97-30CB-4E5A-BF15-3510EBA779DC,9EB5AAF9-4EC2-4BC1-B78F-A2C697BCE705,4,BROILER GROWER605 1,BROILER GROWER,2026-07-22 16:10:18.657,2026-07-22 16:30:40.383,2026-07-22 16:31:44.407,4500.0,SOLIS,124,100.0,6.75,7.204862,Production Recipes,1,
Server2,37AB1F97-30CB-4E5A-BF15-3510EBA779DC,9EB5AAF9-4EC2-4BC1-B78F-A2C697BCE705,4,BROILER GROWER605 1,BROILER GROWER,2026-07-22 16:10:18.657,2026-07-22 16:30:40.383,2026-07-22 16:31:44.407,4500.0,SOUDIOM Bicarbon,35,100.0,8.955,8.96991,Production Recipes,1,
Server2,37AB1F97-30CB-4E5A-BF15-3510EBA779DC,9EB5AAF9-4EC2-4BC1-B78F-A2C697BCE705,4,BROILER GROWER605 1,BROILER GROWER,2026-07-22 16:10:18.657,2026-07-22 16:30:40.383,2026-07-22 16:31:44.407,4500.0,SOYA-,105,100.0,1619.145,1615.22,Production Recipes,1,
Server2,37AB1F97-30CB-4E5A-BF15-3510EBA779DC,9EB5AAF9-4EC2-4BC1-B78F-A2C697BCE705,4,BROILER GROWER605 1,BROILER GROWER,2026-07-22 16:10:18.657,2026-07-22 16:30:40.383,2026-07-22 16:31:44.407,4500.0,Soya Oil,210,100.0,37.35,37.75,Production Recipes,10,
Server2,37AB1F97-30CB-4E5A-BF15-3510EBA779DC,9EB5AAF9-4EC2-4BC1-B78F-A2C697BCE705,4,BROILER GROWER605 1,BROILER GROWER,2026-07-22 16:10:18.657,2026-07-22 16:30:40.383,2026-07-22 16:31:44.407,4500.0,TermiN-8,33,100.0,6.75,0.0,Production Recipes,6,
Server2,86D6190B-FCDF-40E3-A534-9A4769B64432,9EB5AAF9-4EC2-4BC1-B78F-A2C697BCE705,4,BROILER GROWER605 2,BROILER GROWER,2026-07-22 16:10:20.597,2026-07-22 16:35:08.527,2026-07-22 16:36:12.213,4500.0,BETAIN HCL,142,100.0,2.25,2.667824,Production Recipes,1,
Server2,86D6190B-FCDF-40E3-A534-9A4769B64432,9EB5AAF9-4EC2-4BC1-B78F-A2C697BCE705,4,BROILER GROWER605 2,BROILER GROWER,2026-07-22 16:10:20.597,2026-07-22 16:35:08.527,2026-07-22 16:36:12.213,4500.0,BIOSTRONG 510,140,100.0,0.675,0.7204862,Production Recipes,1,
Server2,86D6190B-FCDF-40E3-A534-9A4769B64432,9EB5AAF9-4EC2-4BC1-B78F-A2C697BCE705,4,BROILER GROWER605 2,BROILER GROWER,2026-07-22 16:10:20.597,2026-07-22 16:35:08.527,2026-07-22 16:36:12.213,4500.0,Broiler Mineral Mix,31,100.0,4.05,6.278935,Production Recipes,1,
Server2,86D6190B-FCDF-40E3-A534-9A4769B64432,9EB5AAF9-4EC2-4BC1-B78F-A2C697BCE705,4,BROILER GROWER605 2,BROILER GROWER,2026-07-22 16:10:20.597,2026-07-22 16:35:08.527,2026-07-22 16:36:12.213,4500.0,Broiler Starter PX,69,100.0,4.05,5.729167,Production Recipes,1,
Server2,86D6190B-FCDF-40E3-A534-9A4769B64432,9EB5AAF9-4EC2-4BC1-B78F-A2C697BCE705,4,BROILER GROWER605 2,BROILER GROWER,2026-07-22 16:10:20.597,2026-07-22 16:35:08.527,2026-07-22 16:36:12.213,4500.0,Choline Chloride 60%,26,100.0,2.7,2.731482,Production Recipes,1,
Server2,86D6190B-FCDF-40E3-A534-9A4769B64432,9EB5AAF9-4EC2-4BC1-B78F-A2C697BCE705,4,BROILER GROWER605 2,BROILER GROWER,2026-07-22 16:10:20.597,2026-07-22 16:35:08.527,2026-07-22 16:36:12.213,4500.0,KENZYME PRO,77,100.0,2.7,3.197338,Production Recipes,1,
Server2,86D6190B-FCDF-40E3-A534-9A4769B64432,9EB5AAF9-4EC2-4BC1-B78F-A2C697BCE705,4,BROILER GROWER605 2,BROILER GROWER,2026-07-22 16:10:20.597,2026-07-22 16:35:08.527,2026-07-22 16:36:12.213,4500.0,Limestone,113,100.0,55.485,57.72571,Production Recipes,1,
Server2,86D6190B-FCDF-40E3-A534-9A4769B64432,9EB5AAF9-4EC2-4BC1-B78F-A2C697BCE705,4,BROILER GROWER605 2,BROILER GROWER,2026-07-22 16:10:20.597,2026-07-22 16:35:08.527,2026-07-22 16:36:12.213,4500.0,LYSOFORTE DRY,30,100.0,0.9,0.9592015,Production Recipes,1,
Server2,86D6190B-FCDF-40E3-A534-9A4769B64432,9EB5AAF9-4EC2-4BC1-B78F-A2C697BCE705,4,BROILER GROWER605 2,BROILER GROWER,2026-07-22 16:10:20.597,2026-07-22 16:35:08.527,2026-07-22 16:36:12.213,4500.0,Maize,100,100.0,2679.705,2678.385,Production Recipes,4,
Server2,86D6190B-FCDF-40E3-A534-9A4769B64432,9EB5AAF9-4EC2-4BC1-B78F-A2C697BCE705,4,BROILER GROWER605 2,BROILER GROWER,2026-07-22 16:10:20.597,2026-07-22 16:35:08.527,2026-07-22 16:36:12.213,4500.0,Methionine,12,100.0,10.62,11.14005,Production Recipes,1,
Server2,86D6190B-FCDF-40E3-A534-9A4769B64432,9EB5AAF9-4EC2-4BC1-B78F-A2C697BCE705,4,BROILER GROWER605 2,BROILER GROWER,2026-07-22 16:10:20.597,2026-07-22 16:35:08.527,2026-07-22 16:36:12.213,4500.0,Monocalcium Phos,204,100.0,38.745,39.0625,Production Recipes,1,
Server2,86D6190B-FCDF-40E3-A534-9A4769B64432,9EB5AAF9-4EC2-4BC1-B78F-A2C697BCE705,4,BROILER GROWER605 2,BROILER GROWER,2026-07-22 16:10:20.597,2026-07-22 16:35:08.527,2026-07-22 16:36:12.213,4500.0,NOVELA ECL,6,100.0,0.45,0.4499421,Production Recipes,1,
Server2,86D6190B-FCDF-40E3-A534-9A4769B64432,9EB5AAF9-4EC2-4BC1-B78F-A2C697BCE705,4,BROILER GROWER605 2,BROILER GROWER,2026-07-22 16:10:20.597,2026-07-22 16:35:08.527,2026-07-22 16:36:12.213,4500.0,Provi Oxi Stop,21,100.0,0.45,1.011285,Production Recipes,1,
Server2,86D6190B-FCDF-40E3-A534-9A4769B64432,9EB5AAF9-4EC2-4BC1-B78F-A2C697BCE705,4,BROILER GROWER605 2,BROILER GROWER,2026-07-22 16:10:20.597,2026-07-22 16:35:08.527,2026-07-22 16:36:12.213,4500.0,Rovabio P10,176,100.0,2.25,2.760416,Production Recipes,1,
Server2,86D6190B-FCDF-40E3-A534-9A4769B64432,9EB5AAF9-4EC2-4BC1-B78F-A2C697BCE705,4,BROILER GROWER605 2,BROILER GROWER,2026-07-22 16:10:20.597,2026-07-22 16:35:08.527,2026-07-22 16:36:12.213,4500.0,Sacox (500g),91,100.0,2.25,2.905093,Production Recipes,1,
Server2,86D6190B-FCDF-40E3-A534-9A4769B64432,9EB5AAF9-4EC2-4BC1-B78F-A2C697BCE705,4,BROILER GROWER605 2,BROILER GROWER,2026-07-22 16:10:20.597,2026-07-22 16:35:08.527,2026-07-22 16:36:12.213,4500.0,Salt,202,100.0,12.96,14.03357,Production Recipes,1,
Server2,86D6190B-FCDF-40E3-A534-9A4769B64432,9EB5AAF9-4EC2-4BC1-B78F-A2C697BCE705,4,BROILER GROWER605 2,BROILER GROWER,2026-07-22 16:10:20.597,2026-07-22 16:35:08.527,2026-07-22 16:36:12.213,4500.0,SOLIS,124,100.0,6.75,7.204861,Production Recipes,1,
Server2,86D6190B-FCDF-40E3-A534-9A4769B64432,9EB5AAF9-4EC2-4BC1-B78F-A2C697BCE705,4,BROILER GROWER605 2,BROILER GROWER,2026-07-22 16:10:20.597,2026-07-22 16:35:08.527,2026-07-22 16:36:12.213,4500.0,SOUDIOM Bicarbon,35,100.0,8.955,9.114586,Production Recipes,1,
Server2,86D6190B-FCDF-40E3-A534-9A4769B64432,9EB5AAF9-4EC2-4BC1-B78F-A2C697BCE705,4,BROILER GROWER605 2,BROILER GROWER,2026-07-22 16:10:20.597,2026-07-22 16:35:08.527,2026-07-22 16:36:12.213,4500.0,SOYA-,105,100.0,1619.145,1622.917,Production Recipes,1,
Server2,86D6190B-FCDF-40E3-A534-9A4769B64432,9EB5AAF9-4EC2-4BC1-B78F-A2C697BCE705,4,BROILER GROWER605 2,BROILER GROWER,2026-07-22 16:10:20.597,2026-07-22 16:35:08.527,2026-07-22 16:36:12.213,4500.0,Soya Oil,210,100.0,37.35,37.75,Production Recipes,10,
Server2,86D6190B-FCDF-40E3-A534-9A4769B64432,9EB5AAF9-4EC2-4BC1-B78F-A2C697BCE705,4,BROILER GROWER605 2,BROILER GROWER,2026-07-22 16:10:20.597,2026-07-22 16:35:08.527,2026-07-22 16:36:12.213,4500.0,TermiN-8,33,100.0,6.75,0.0,Production Recipes,6,
Server2,76A45C24-3A5E-412E-A548-7DD60136D5FE,9EB5AAF9-4EC2-4BC1-B78F-A2C697BCE705,4,BROILER GROWER605 3,BROILER GROWER,2026-07-22 16:10:26.690,2026-07-22 16:39:23.223,2026-07-22 16:40:27.320,4500.0,BETAIN HCL,142,100.0,2.25,2.523149,Production Recipes,1,
Server2,76A45C24-3A5E-412E-A548-7DD60136D5FE,9EB5AAF9-4EC2-4BC1-B78F-A2C697BCE705,4,BROILER GROWER605 3,BROILER GROWER,2026-07-22 16:10:26.690,2026-07-22 16:39:23.223,2026-07-22 16:40:27.320,4500.0,BIOSTRONG 510,140,100.0,0.675,0.7609954,Production Recipes,1,
Server2,76A45C24-3A5E-412E-A548-7DD60136D5FE,9EB5AAF9-4EC2-4BC1-B78F-A2C697BCE705,4,BROILER GROWER605 3,BROILER GROWER,2026-07-22 16:10:26.690,2026-07-22 16:39:23.223,2026-07-22 16:40:27.320,4500.0,Broiler Mineral Mix,31,100.0,4.05,5.902778,Production Recipes,1,
Server2,76A45C24-3A5E-412E-A548-7DD60136D5FE,9EB5AAF9-4EC2-4BC1-B78F-A2C697BCE705,4,BROILER GROWER605 3,BROILER GROWER,2026-07-22 16:10:26.690,2026-07-22 16:39:23.223,2026-07-22 16:40:27.320,4500.0,Broiler Starter PX,69,100.0,4.05,4.895834,Production Recipes,1,
Server2,76A45C24-3A5E-412E-A548-7DD60136D5FE,9EB5AAF9-4EC2-4BC1-B78F-A2C697BCE705,4,BROILER GROWER605 3,BROILER GROWER,2026-07-22 16:10:26.690,2026-07-22 16:39:23.223,2026-07-22 16:40:27.320,4500.0,Choline Chloride 60%,26,100.0,2.7,2.818287,Production Recipes,1,
Server2,76A45C24-3A5E-412E-A548-7DD60136D5FE,9EB5AAF9-4EC2-4BC1-B78F-A2C697BCE705,4,BROILER GROWER605 3,BROILER GROWER,2026-07-22 16:10:26.690,2026-07-22 16:39:23.223,2026-07-22 16:40:27.320,4500.0,KENZYME PRO,77,100.0,2.7,2.893518,Production Recipes,1,
Server2,76A45C24-3A5E-412E-A548-7DD60136D5FE,9EB5AAF9-4EC2-4BC1-B78F-A2C697BCE705,4,BROILER GROWER605 3,BROILER GROWER,2026-07-22 16:10:26.690,2026-07-22 16:39:23.223,2026-07-22 16:40:27.320,4500.0,Limestone,113,100.0,55.485,60.47449,Production Recipes,1,
Server2,76A45C24-3A5E-412E-A548-7DD60136D5FE,9EB5AAF9-4EC2-4BC1-B78F-A2C697BCE705,4,BROILER GROWER605 3,BROILER GROWER,2026-07-22 16:10:26.690,2026-07-22 16:39:23.223,2026-07-22 16:40:27.320,4500.0,LYSOFORTE DRY,30,100.0,0.9,0.8709491,Production Recipes,1,
Server2,76A45C24-3A5E-412E-A548-7DD60136D5FE,9EB5AAF9-4EC2-4BC1-B78F-A2C697BCE705,4,BROILER GROWER605 3,BROILER GROWER,2026-07-22 16:10:26.690,2026-07-22 16:39:23.223,2026-07-22 16:40:27.320,4500.0,Maize,100,100.0,2679.705,2679.977,Production Recipes,4,
Server2,76A45C24-3A5E-412E-A548-7DD60136D5FE,9EB5AAF9-4EC2-4BC1-B78F-A2C697BCE705,4,BROILER GROWER605 3,BROILER GROWER,2026-07-22 16:10:26.690,2026-07-22 16:39:23.223,2026-07-22 16:40:27.320,4500.0,Methionine,12,100.0,10.62,10.99537,Production Recipes,1,
Server2,76A45C24-3A5E-412E-A548-7DD60136D5FE,9EB5AAF9-4EC2-4BC1-B78F-A2C697BCE705,4,BROILER GROWER605 3,BROILER GROWER,2026-07-22 16:10:26.690,2026-07-22 16:39:23.223,2026-07-22 16:40:27.320,4500.0,Monocalcium Phos,204,100.0,38.745,39.0625,Production Recipes,1,
Server2,76A45C24-3A5E-412E-A548-7DD60136D5FE,9EB5AAF9-4EC2-4BC1-B78F-A2C697BCE705,4,BROILER GROWER605 3,BROILER GROWER,2026-07-22 16:10:26.690,2026-07-22 16:39:23.223,2026-07-22 16:40:27.320,4500.0,NOVELA ECL,6,100.0,0.45,0.5295139,Production Recipes,1,
Server2,76A45C24-3A5E-412E-A548-7DD60136D5FE,9EB5AAF9-4EC2-4BC1-B78F-A2C697BCE705,4,BROILER GROWER605 3,BROILER GROWER,2026-07-22 16:10:26.690,2026-07-22 16:39:23.223,2026-07-22 16:40:27.320,4500.0,Provi Oxi Stop,21,100.0,0.45,1.150174,Production Recipes,1,
Server2,76A45C24-3A5E-412E-A548-7DD60136D5FE,9EB5AAF9-4EC2-4BC1-B78F-A2C697BCE705,4,BROILER GROWER605 3,BROILER GROWER,2026-07-22 16:10:26.690,2026-07-22 16:39:23.223,2026-07-22 16:40:27.320,4500.0,Rovabio P10,176,100.0,2.25,3.188657,Production Recipes,1,
Server2,76A45C24-3A5E-412E-A548-7DD60136D5FE,9EB5AAF9-4EC2-4BC1-B78F-A2C697BCE705,4,BROILER GROWER605 3,BROILER GROWER,2026-07-22 16:10:26.690,2026-07-22 16:39:23.223,2026-07-22 16:40:27.320,4500.0,Sacox (500g),91,100.0,2.25,3.449074,Production Recipes,1,
Server2,76A45C24-3A5E-412E-A548-7DD60136D5FE,9EB5AAF9-4EC2-4BC1-B78F-A2C697BCE705,4,BROILER GROWER605 3,BROILER GROWER,2026-07-22 16:10:26.690,2026-07-22 16:39:23.223,2026-07-22 16:40:27.320,4500.0,Salt,202,100.0,12.96,14.03357,Production Recipes,1,
Server2,76A45C24-3A5E-412E-A548-7DD60136D5FE,9EB5AAF9-4EC2-4BC1-B78F-A2C697BCE705,4,BROILER GROWER605 3,BROILER GROWER,2026-07-22 16:10:26.690,2026-07-22 16:39:23.223,2026-07-22 16:40:27.320,4500.0,SOLIS,124,100.0,6.75,7.190393,Production Recipes,1,
Server2,76A45C24-3A5E-412E-A548-7DD60136D5FE,9EB5AAF9-4EC2-4BC1-B78F-A2C697BCE705,4,BROILER GROWER605 3,BROILER GROWER,2026-07-22 16:10:26.690,2026-07-22 16:39:23.223,2026-07-22 16:40:27.320,4500.0,SOUDIOM Bicarbon,35,100.0,8.955,9.114578,Production Recipes,1,
Server2,76A45C24-3A5E-412E-A548-7DD60136D5FE,9EB5AAF9-4EC2-4BC1-B78F-A2C697BCE705,4,BROILER GROWER605 3,BROILER GROWER,2026-07-22 16:10:26.690,2026-07-22 16:39:23.223,2026-07-22 16:40:27.320,4500.0,SOYA-,105,100.0,1619.145,1620.718,Production Recipes,1,
Server2,76A45C24-3A5E-412E-A548-7DD60136D5FE,9EB5AAF9-4EC2-4BC1-B78F-A2C697BCE705,4,BROILER GROWER605 3,BROILER GROWER,2026-07-22 16:10:26.690,2026-07-22 16:39:23.223,2026-07-22 16:40:27.320,4500.0,Soya Oil,210,100.0,37.35,37.75,Production Recipes,10,
Server2,76A45C24-3A5E-412E-A548-7DD60136D5FE,9EB5AAF9-4EC2-4BC1-B78F-A2C697BCE705,4,BROILER GROWER605 3,BROILER GROWER,2026-07-22 16:10:26.690,2026-07-22 16:39:23.223,2026-07-22 16:40:27.320,4500.0,TermiN-8,33,100.0,6.75,0.0,Production Recipes,6,
Server2,8ABD4C72-55C7-40DD-91EA-FA7F394D29E1,9EB5AAF9-4EC2-4BC1-B78F-A2C697BCE705,4,BROILER GROWER605 4,BROILER GROWER,2026-07-22 16:10:28.707,2026-07-22 16:44:22.727,2026-07-22 16:45:27.193,4500.0,BETAIN HCL,142,100.0,2.25,2.500001,Production Recipes,1,
Server2,8ABD4C72-55C7-40DD-91EA-FA7F394D29E1,9EB5AAF9-4EC2-4BC1-B78F-A2C697BCE705,4,BROILER GROWER605 4,BROILER GROWER,2026-07-22 16:10:28.707,2026-07-22 16:44:22.727,2026-07-22 16:45:27.193,4500.0,BIOSTRONG 510,140,100.0,0.675,0.7798033,Production Recipes,1,
Server2,8ABD4C72-55C7-40DD-91EA-FA7F394D29E1,9EB5AAF9-4EC2-4BC1-B78F-A2C697BCE705,4,BROILER GROWER605 4,BROILER GROWER,2026-07-22 16:10:28.707,2026-07-22 16:44:22.727,2026-07-22 16:45:27.193,4500.0,Broiler Mineral Mix,31,100.0,4.05,5.425347,Production Recipes,1,
Server2,8ABD4C72-55C7-40DD-91EA-FA7F394D29E1,9EB5AAF9-4EC2-4BC1-B78F-A2C697BCE705,4,BROILER GROWER605 4,BROILER GROWER,2026-07-22 16:10:28.707,2026-07-22 16:44:22.727,2026-07-22 16:45:27.193,4500.0,Broiler Starter PX,69,100.0,4.05,5.225695,Production Recipes,1,
Server2,8ABD4C72-55C7-40DD-91EA-FA7F394D29E1,9EB5AAF9-4EC2-4BC1-B78F-A2C697BCE705,4,BROILER GROWER605 4,BROILER GROWER,2026-07-22 16:10:28.707,2026-07-22 16:44:22.727,2026-07-22 16:45:27.193,4500.0,Choline Chloride 60%,26,100.0,2.7,2.8125,Production Recipes,1,
Server2,8ABD4C72-55C7-40DD-91EA-FA7F394D29E1,9EB5AAF9-4EC2-4BC1-B78F-A2C697BCE705,4,BROILER GROWER605 4,BROILER GROWER,2026-07-22 16:10:28.707,2026-07-22 16:44:22.727,2026-07-22 16:45:27.193,4500.0,KENZYME PRO,77,100.0,2.7,2.850116,Production Recipes,1,
Server2,8ABD4C72-55C7-40DD-91EA-FA7F394D29E1,9EB5AAF9-4EC2-4BC1-B78F-A2C697BCE705,4,BROILER GROWER605 4,BROILER GROWER,2026-07-22 16:10:28.707,2026-07-22 16:44:22.727,2026-07-22 16:45:27.193,4500.0,Limestone,113,100.0,55.485,68.72107,Production Recipes,1,
Server2,8ABD4C72-55C7-40DD-91EA-FA7F394D29E1,9EB5AAF9-4EC2-4BC1-B78F-A2C697BCE705,4,BROILER GROWER605 4,BROILER GROWER,2026-07-22 16:10:28.707,2026-07-22 16:44:22.727,2026-07-22 16:45:27.193,4500.0,LYSOFORTE DRY,30,100.0,0.9,0.9693288,Production Recipes,1,
Server2,8ABD4C72-55C7-40DD-91EA-FA7F394D29E1,9EB5AAF9-4EC2-4BC1-B78F-A2C697BCE705,4,BROILER GROWER605 4,BROILER GROWER,2026-07-22 16:10:28.707,2026-07-22 16:44:22.727,2026-07-22 16:45:27.193,4500.0,Maize,100,100.0,2679.705,2670.428,Production Recipes,4,
Server2,8ABD4C72-55C7-40DD-91EA-FA7F394D29E1,9EB5AAF9-4EC2-4BC1-B78F-A2C697BCE705,4,BROILER GROWER605 4,BROILER GROWER,2026-07-22 16:10:28.707,2026-07-22 16:44:22.727,2026-07-22 16:45:27.193,4500.0,Methionine,12,100.0,10.62,11.14005,Production Recipes,1,
Server2,8ABD4C72-55C7-40DD-91EA-FA7F394D29E1,9EB5AAF9-4EC2-4BC1-B78F-A2C697BCE705,4,BROILER GROWER605 4,BROILER GROWER,2026-07-22 16:10:28.707,2026-07-22 16:44:22.727,2026-07-22 16:45:27.193,4500.0,Monocalcium Phos,204,100.0,38.745,39.0625,Production Recipes,1,
Server2,8ABD4C72-55C7-40DD-91EA-FA7F394D29E1,9EB5AAF9-4EC2-4BC1-B78F-A2C697BCE705,4,BROILER GROWER605 4,BROILER GROWER,2026-07-22 16:10:28.707,2026-07-22 16:44:22.727,2026-07-22 16:45:27.193,4500.0,NOVELA ECL,6,100.0,0.45,0.5005786,Production Recipes,1,
Server2,8ABD4C72-55C7-40DD-91EA-FA7F394D29E1,9EB5AAF9-4EC2-4BC1-B78F-A2C697BCE705,4,BROILER GROWER605 4,BROILER GROWER,2026-07-22 16:10:28.707,2026-07-22 16:44:22.727,2026-07-22 16:45:27.193,4500.0,Provi Oxi Stop,21,100.0,0.45,1.160301,Production Recipes,1,
Server2,8ABD4C72-55C7-40DD-91EA-FA7F394D29E1,9EB5AAF9-4EC2-4BC1-B78F-A2C697BCE705,4,BROILER GROWER605 4,BROILER GROWER,2026-07-22 16:10:28.707,2026-07-22 16:44:22.727,2026-07-22 16:45:27.193,4500.0,Rovabio P10,176,100.0,2.25,2.789352,Production Recipes,1,
Server2,8ABD4C72-55C7-40DD-91EA-FA7F394D29E1,9EB5AAF9-4EC2-4BC1-B78F-A2C697BCE705,4,BROILER GROWER605 4,BROILER GROWER,2026-07-22 16:10:28.707,2026-07-22 16:44:22.727,2026-07-22 16:45:27.193,4500.0,Sacox (500g),91,100.0,2.25,3.246528,Production Recipes,1,
Server2,8ABD4C72-55C7-40DD-91EA-FA7F394D29E1,9EB5AAF9-4EC2-4BC1-B78F-A2C697BCE705,4,BROILER GROWER605 4,BROILER GROWER,2026-07-22 16:10:28.707,2026-07-22 16:44:22.727,2026-07-22 16:45:27.193,4500.0,Salt,202,100.0,12.96,14.03357,Production Recipes,1,
Server2,8ABD4C72-55C7-40DD-91EA-FA7F394D29E1,9EB5AAF9-4EC2-4BC1-B78F-A2C697BCE705,4,BROILER GROWER605 4,BROILER GROWER,2026-07-22 16:10:28.707,2026-07-22 16:44:22.727,2026-07-22 16:45:27.193,4500.0,SOLIS,124,100.0,6.75,7.33507,Production Recipes,1,
Server2,8ABD4C72-55C7-40DD-91EA-FA7F394D29E1,9EB5AAF9-4EC2-4BC1-B78F-A2C697BCE705,4,BROILER GROWER605 4,BROILER GROWER,2026-07-22 16:10:28.707,2026-07-22 16:44:22.727,2026-07-22 16:45:27.193,4500.0,SOUDIOM Bicarbon,35,100.0,8.955,9.114578,Production Recipes,1,
Server2,8ABD4C72-55C7-40DD-91EA-FA7F394D29E1,9EB5AAF9-4EC2-4BC1-B78F-A2C697BCE705,4,BROILER GROWER605 4,BROILER GROWER,2026-07-22 16:10:28.707,2026-07-22 16:44:22.727,2026-07-22 16:45:27.193,4500.0,SOYA-,105,100.0,1619.145,1617.419,Production Recipes,1,
Server2,8ABD4C72-55C7-40DD-91EA-FA7F394D29E1,9EB5AAF9-4EC2-4BC1-B78F-A2C697BCE705,4,BROILER GROWER605 4,BROILER GROWER,2026-07-22 16:10:28.707,2026-07-22 16:44:22.727,2026-07-22 16:45:27.193,4500.0,Soya Oil,210,100.0,37.35,37.75,Production Recipes,10,
Server2,8ABD4C72-55C7-40DD-91EA-FA7F394D29E1,9EB5AAF9-4EC2-4BC1-B78F-A2C697BCE705,4,BROILER GROWER605 4,BROILER GROWER,2026-07-22 16:10:28.707,2026-07-22 16:44:22.727,2026-07-22 16:45:27.193,4500.0,TermiN-8,33,100.0,6.75,0.0,Production Recipes,6,
Server2,075C6E96-808D-4B05-AE2D-6A231AC9A0C6,9EB5AAF9-4EC2-4BC1-B78F-A2C697BCE705,4,BROILER GROWER602 1,BROILER GROWER,2026-07-22 16:18:21.423,2026-07-22 16:50:39.540,2026-07-22 16:51:43.303,4500.0,BETAIN HCL,142,100.0,2.25,2.424769,Production Recipes,1,
Server2,075C6E96-808D-4B05-AE2D-6A231AC9A0C6,9EB5AAF9-4EC2-4BC1-B78F-A2C697BCE705,4,BROILER GROWER602 1,BROILER GROWER,2026-07-22 16:18:21.423,2026-07-22 16:50:39.540,2026-07-22 16:51:43.303,4500.0,BIOSTRONG 510,140,100.0,0.675,0.8318865,Production Recipes,1,
Server2,075C6E96-808D-4B05-AE2D-6A231AC9A0C6,9EB5AAF9-4EC2-4BC1-B78F-A2C697BCE705,4,BROILER GROWER602 1,BROILER GROWER,2026-07-22 16:18:21.423,2026-07-22 16:50:39.540,2026-07-22 16:51:43.303,4500.0,Broiler Mineral Mix,31,100.0,4.05,5.555555,Production Recipes,1,
Server2,075C6E96-808D-4B05-AE2D-6A231AC9A0C6,9EB5AAF9-4EC2-4BC1-B78F-A2C697BCE705,4,BROILER GROWER602 1,BROILER GROWER,2026-07-22 16:18:21.423,2026-07-22 16:50:39.540,2026-07-22 16:51:43.303,4500.0,Broiler Starter PX,69,100.0,4.05,5.393518,Production Recipes,1,
Server2,075C6E96-808D-4B05-AE2D-6A231AC9A0C6,9EB5AAF9-4EC2-4BC1-B78F-A2C697BCE705,4,BROILER GROWER602 1,BROILER GROWER,2026-07-22 16:18:21.423,2026-07-22 16:50:39.540,2026-07-22 16:51:43.303,4500.0,Choline Chloride 60%,26,100.0,2.7,2.546296,Production Recipes,1,
Server2,075C6E96-808D-4B05-AE2D-6A231AC9A0C6,9EB5AAF9-4EC2-4BC1-B78F-A2C697BCE705,4,BROILER GROWER602 1,BROILER GROWER,2026-07-22 16:18:21.423,2026-07-22 16:50:39.540,2026-07-22 16:51:43.303,4500.0,KENZYME PRO,77,100.0,2.7,3.240741,Production Recipes,1,
Server2,075C6E96-808D-4B05-AE2D-6A231AC9A0C6,9EB5AAF9-4EC2-4BC1-B78F-A2C697BCE705,4,BROILER GROWER602 1,BROILER GROWER,2026-07-22 16:18:21.423,2026-07-22 16:50:39.540,2026-07-22 16:51:43.303,4500.0,Limestone,113,100.0,55.485,64.323,Production Recipes,1,
Server2,075C6E96-808D-4B05-AE2D-6A231AC9A0C6,9EB5AAF9-4EC2-4BC1-B78F-A2C697BCE705,4,BROILER GROWER602 1,BROILER GROWER,2026-07-22 16:18:21.423,2026-07-22 16:50:39.540,2026-07-22 16:51:43.303,4500.0,LYSOFORTE DRY,30,100.0,0.9,0.9707755,Production Recipes,1,
Server2,075C6E96-808D-4B05-AE2D-6A231AC9A0C6,9EB5AAF9-4EC2-4BC1-B78F-A2C697BCE705,4,BROILER GROWER602 1,BROILER GROWER,2026-07-22 16:18:21.423,2026-07-22 16:50:39.540,2026-07-22 16:51:43.303,4500.0,Maize,100,100.0,2679.705,2686.343,Production Recipes,4,
Server2,075C6E96-808D-4B05-AE2D-6A231AC9A0C6,9EB5AAF9-4EC2-4BC1-B78F-A2C697BCE705,4,BROILER GROWER602 1,BROILER GROWER,2026-07-22 16:18:21.423,2026-07-22 16:50:39.540,2026-07-22 16:51:43.303,4500.0,Methionine,12,100.0,10.62,10.99537,Production Recipes,1,
Server2,075C6E96-808D-4B05-AE2D-6A231AC9A0C6,9EB5AAF9-4EC2-4BC1-B78F-A2C697BCE705,4,BROILER GROWER602 1,BROILER GROWER,2026-07-22 16:18:21.423,2026-07-22 16:50:39.540,2026-07-22 16:51:43.303,4500.0,Monocalcium Phos,204,100.0,38.745,39.0625,Production Recipes,1,
Server2,075C6E96-808D-4B05-AE2D-6A231AC9A0C6,9EB5AAF9-4EC2-4BC1-B78F-A2C697BCE705,4,BROILER GROWER602 1,BROILER GROWER,2026-07-22 16:18:21.423,2026-07-22 16:50:39.540,2026-07-22 16:51:43.303,4500.0,NOVELA ECL,6,100.0,0.45,0.5005788,Production Recipes,1,
Server2,075C6E96-808D-4B05-AE2D-6A231AC9A0C6,9EB5AAF9-4EC2-4BC1-B78F-A2C697BCE705,4,BROILER GROWER602 1,BROILER GROWER,2026-07-22 16:18:21.423,2026-07-22 16:50:39.540,2026-07-22 16:51:43.303,4500.0,Provi Oxi Stop,21,100.0,0.45,1.041667,Production Recipes,1,
Server2,075C6E96-808D-4B05-AE2D-6A231AC9A0C6,9EB5AAF9-4EC2-4BC1-B78F-A2C697BCE705,4,BROILER GROWER602 1,BROILER GROWER,2026-07-22 16:18:21.423,2026-07-22 16:50:39.540,2026-07-22 16:51:43.303,4500.0,Rovabio P10,176,100.0,2.25,3.362268,Production Recipes,1,
Server2,075C6E96-808D-4B05-AE2D-6A231AC9A0C6,9EB5AAF9-4EC2-4BC1-B78F-A2C697BCE705,4,BROILER GROWER602 1,BROILER GROWER,2026-07-22 16:18:21.423,2026-07-22 16:50:39.540,2026-07-22 16:51:43.303,4500.0,Sacox (500g),91,100.0,2.25,3.043982,Production Recipes,1,
Server2,075C6E96-808D-4B05-AE2D-6A231AC9A0C6,9EB5AAF9-4EC2-4BC1-B78F-A2C697BCE705,4,BROILER GROWER602 1,BROILER GROWER,2026-07-22 16:18:21.423,2026-07-22 16:50:39.540,2026-07-22 16:51:43.303,4500.0,Salt,202,100.0,12.96,14.17824,Production Recipes,1,
Server2,075C6E96-808D-4B05-AE2D-6A231AC9A0C6,9EB5AAF9-4EC2-4BC1-B78F-A2C697BCE705,4,BROILER GROWER602 1,BROILER GROWER,2026-07-22 16:18:21.423,2026-07-22 16:50:39.540,2026-07-22 16:51:43.303,4500.0,SOLIS,124,100.0,6.75,7.508679,Production Recipes,1,
Server2,075C6E96-808D-4B05-AE2D-6A231AC9A0C6,9EB5AAF9-4EC2-4BC1-B78F-A2C697BCE705,4,BROILER GROWER602 1,BROILER GROWER,2026-07-22 16:18:21.423,2026-07-22 16:50:39.540,2026-07-22 16:51:43.303,4500.0,SOUDIOM Bicarbon,35,100.0,8.955,9.114578,Production Recipes,1,
Server2,075C6E96-808D-4B05-AE2D-6A231AC9A0C6,9EB5AAF9-4EC2-4BC1-B78F-A2C697BCE705,4,BROILER GROWER602 1,BROILER GROWER,2026-07-22 16:18:21.423,2026-07-22 16:50:39.540,2026-07-22 16:51:43.303,4500.0,SOYA-,105,100.0,1619.145,1622.917,Production Recipes,1,
Server2,075C6E96-808D-4B05-AE2D-6A231AC9A0C6,9EB5AAF9-4EC2-4BC1-B78F-A2C697BCE705,4,BROILER GROWER602 1,BROILER GROWER,2026-07-22 16:18:21.423,2026-07-22 16:50:39.540,2026-07-22 16:51:43.303,4500.0,Soya Oil,210,100.0,37.35,37.75,Production Recipes,10,
Server2,075C6E96-808D-4B05-AE2D-6A231AC9A0C6,9EB5AAF9-4EC2-4BC1-B78F-A2C697BCE705,4,BROILER GROWER602 1,BROILER GROWER,2026-07-22 16:18:21.423,2026-07-22 16:50:39.540,2026-07-22 16:51:43.303,4500.0,TermiN-8,33,100.0,6.75,0.0,Production Recipes,6,
Server2,923005F5-6277-4D93-8CF0-3B7F6B34EF04,9EB5AAF9-4EC2-4BC1-B78F-A2C697BCE705,4,BROILER GROWER602 2,BROILER GROWER,2026-07-22 16:18:23.440,2026-07-22 16:54:19.873,2026-07-22 16:55:24.020,4500.0,BETAIN HCL,142,100.0,2.25,2.494213,Production Recipes,1,
Server2,923005F5-6277-4D93-8CF0-3B7F6B34EF04,9EB5AAF9-4EC2-4BC1-B78F-A2C697BCE705,4,BROILER GROWER602 2,BROILER GROWER,2026-07-22 16:18:23.440,2026-07-22 16:54:19.873,2026-07-22 16:55:24.020,4500.0,BIOSTRONG 510,140,100.0,0.675,0.8015046,Production Recipes,1,
Server2,923005F5-6277-4D93-8CF0-3B7F6B34EF04,9EB5AAF9-4EC2-4BC1-B78F-A2C697BCE705,4,BROILER GROWER602 2,BROILER GROWER,2026-07-22 16:18:23.440,2026-07-22 16:54:19.873,2026-07-22 16:55:24.020,4500.0,Broiler Mineral Mix,31,100.0,4.05,6.409143,Production Recipes,1,
Server2,923005F5-6277-4D93-8CF0-3B7F6B34EF04,9EB5AAF9-4EC2-4BC1-B78F-A2C697BCE705,4,BROILER GROWER602 2,BROILER GROWER,2026-07-22 16:18:23.440,2026-07-22 16:54:19.873,2026-07-22 16:55:24.020,4500.0,Broiler Starter PX,69,100.0,4.05,5.78125,Production Recipes,1,
Server2,923005F5-6277-4D93-8CF0-3B7F6B34EF04,9EB5AAF9-4EC2-4BC1-B78F-A2C697BCE705,4,BROILER GROWER602 2,BROILER GROWER,2026-07-22 16:18:23.440,2026-07-22 16:54:19.873,2026-07-22 16:55:24.020,4500.0,Choline Chloride 60%,26,100.0,2.7,2.586805,Production Recipes,1,
Server2,923005F5-6277-4D93-8CF0-3B7F6B34EF04,9EB5AAF9-4EC2-4BC1-B78F-A2C697BCE705,4,BROILER GROWER602 2,BROILER GROWER,2026-07-22 16:18:23.440,2026-07-22 16:54:19.873,2026-07-22 16:55:24.020,4500.0,KENZYME PRO,77,100.0,2.7,2.676504,Production Recipes,1,
Server2,923005F5-6277-4D93-8CF0-3B7F6B34EF04,9EB5AAF9-4EC2-4BC1-B78F-A2C697BCE705,4,BROILER GROWER602 2,BROILER GROWER,2026-07-22 16:18:23.440,2026-07-22 16:54:19.873,2026-07-22 16:55:24.020,4500.0,Limestone,113,100.0,55.485,56.07642,Production Recipes,1,
Server2,923005F5-6277-4D93-8CF0-3B7F6B34EF04,9EB5AAF9-4EC2-4BC1-B78F-A2C697BCE705,4,BROILER GROWER602 2,BROILER GROWER,2026-07-22 16:18:23.440,2026-07-22 16:54:19.873,2026-07-22 16:55:24.020,4500.0,LYSOFORTE DRY,30,100.0,0.9,1.241319,Production Recipes,1,
Server2,923005F5-6277-4D93-8CF0-3B7F6B34EF04,9EB5AAF9-4EC2-4BC1-B78F-A2C697BCE705,4,BROILER GROWER602 2,BROILER GROWER,2026-07-22 16:18:23.440,2026-07-22 16:54:19.873,2026-07-22 16:55:24.020,4500.0,Maize,100,100.0,2679.705,2683.16,Production Recipes,4,
Server2,923005F5-6277-4D93-8CF0-3B7F6B34EF04,9EB5AAF9-4EC2-4BC1-B78F-A2C697BCE705,4,BROILER GROWER602 2,BROILER GROWER,2026-07-22 16:18:23.440,2026-07-22 16:54:19.873,2026-07-22 16:55:24.020,4500.0,Methionine,12,100.0,10.62,11.14005,Production Recipes,1,
Server2,923005F5-6277-4D93-8CF0-3B7F6B34EF04,9EB5AAF9-4EC2-4BC1-B78F-A2C697BCE705,4,BROILER GROWER602 2,BROILER GROWER,2026-07-22 16:18:23.440,2026-07-22 16:54:19.873,2026-07-22 16:55:24.020,4500.0,Monocalcium Phos,204,100.0,38.745,39.0625,Production Recipes,1,
Server2,923005F5-6277-4D93-8CF0-3B7F6B34EF04,9EB5AAF9-4EC2-4BC1-B78F-A2C697BCE705,4,BROILER GROWER602 2,BROILER GROWER,2026-07-22 16:18:23.440,2026-07-22 16:54:19.873,2026-07-22 16:55:24.020,4500.0,NOVELA ECL,6,100.0,0.45,0.5700232,Production Recipes,1,
Server2,923005F5-6277-4D93-8CF0-3B7F6B34EF04,9EB5AAF9-4EC2-4BC1-B78F-A2C697BCE705,4,BROILER GROWER602 2,BROILER GROWER,2026-07-22 16:18:23.440,2026-07-22 16:54:19.873,2026-07-22 16:55:24.020,4500.0,Provi Oxi Stop,21,100.0,0.45,1.180556,Production Recipes,1,
Server2,923005F5-6277-4D93-8CF0-3B7F6B34EF04,9EB5AAF9-4EC2-4BC1-B78F-A2C697BCE705,4,BROILER GROWER602 2,BROILER GROWER,2026-07-22 16:18:23.440,2026-07-22 16:54:19.873,2026-07-22 16:55:24.020,4500.0,Rovabio P10,176,100.0,2.25,3.512732,Production Recipes,1,
Server2,923005F5-6277-4D93-8CF0-3B7F6B34EF04,9EB5AAF9-4EC2-4BC1-B78F-A2C697BCE705,4,BROILER GROWER602 2,BROILER GROWER,2026-07-22 16:18:23.440,2026-07-22 16:54:19.873,2026-07-22 16:55:24.020,4500.0,Sacox (500g),91,100.0,2.25,3.200231,Production Recipes,1,
Server2,923005F5-6277-4D93-8CF0-3B7F6B34EF04,9EB5AAF9-4EC2-4BC1-B78F-A2C697BCE705,4,BROILER GROWER602 2,BROILER GROWER,2026-07-22 16:18:23.440,2026-07-22 16:54:19.873,2026-07-22 16:55:24.020,4500.0,Salt,202,100.0,12.96,14.17824,Production Recipes,1,
Server2,923005F5-6277-4D93-8CF0-3B7F6B34EF04,9EB5AAF9-4EC2-4BC1-B78F-A2C697BCE705,4,BROILER GROWER602 2,BROILER GROWER,2026-07-22 16:18:23.440,2026-07-22 16:54:19.873,2026-07-22 16:55:24.020,4500.0,SOLIS,124,100.0,6.75,7.335069,Production Recipes,1,
Server2,923005F5-6277-4D93-8CF0-3B7F6B34EF04,9EB5AAF9-4EC2-4BC1-B78F-A2C697BCE705,4,BROILER GROWER602 2,BROILER GROWER,2026-07-22 16:18:23.440,2026-07-22 16:54:19.873,2026-07-22 16:55:24.020,4500.0,SOUDIOM Bicarbon,35,100.0,8.955,9.114578,Production Recipes,1,
Server2,923005F5-6277-4D93-8CF0-3B7F6B34EF04,9EB5AAF9-4EC2-4BC1-B78F-A2C697BCE705,4,BROILER GROWER602 2,BROILER GROWER,2026-07-22 16:18:23.440,2026-07-22 16:54:19.873,2026-07-22 16:55:24.020,4500.0,SOYA-,105,100.0,1619.145,1614.67,Production Recipes,1,
Server2,923005F5-6277-4D93-8CF0-3B7F6B34EF04,9EB5AAF9-4EC2-4BC1-B78F-A2C697BCE705,4,BROILER GROWER602 2,BROILER GROWER,2026-07-22 16:18:23.440,2026-07-22 16:54:19.873,2026-07-22 16:55:24.020,4500.0,Soya Oil,210,100.0,37.35,38.0,Production Recipes,10,
Server2,923005F5-6277-4D93-8CF0-3B7F6B34EF04,9EB5AAF9-4EC2-4BC1-B78F-A2C697BCE705,4,BROILER GROWER602 2,BROILER GROWER,2026-07-22 16:18:23.440,2026-07-22 16:54:19.873,2026-07-22 16:55:24.020,4500.0,TermiN-8,33,100.0,6.75,0.0,Production Recipes,6,
Server2,1DCA2A33-A7D4-492E-8732-ACC78243244F,9EB5AAF9-4EC2-4BC1-B78F-A2C697BCE705,4,BROILER STARTER604 1,BROILER STARTER,2026-07-22 16:18:52.520,2026-07-22 17:00:11.990,2026-07-22 17:01:15.740,4500.0,BETAIN HCL,142,100.0,2.25,2.824074,Production Recipes,1,
Server2,1DCA2A33-A7D4-492E-8732-ACC78243244F,9EB5AAF9-4EC2-4BC1-B78F-A2C697BCE705,4,BROILER STARTER604 1,BROILER STARTER,2026-07-22 16:18:52.520,2026-07-22 17:00:11.990,2026-07-22 17:01:15.740,4500.0,BIOSTRONG 510,140,100.0,0.675,0.6394677,Production Recipes,1,
Server2,1DCA2A33-A7D4-492E-8732-ACC78243244F,9EB5AAF9-4EC2-4BC1-B78F-A2C697BCE705,4,BROILER STARTER604 1,BROILER STARTER,2026-07-22 16:18:52.520,2026-07-22 17:00:11.990,2026-07-22 17:01:15.740,4500.0,Broiler Mineral Mix,31,100.0,4.5,6.553819,Production Recipes,1,
Server2,1DCA2A33-A7D4-492E-8732-ACC78243244F,9EB5AAF9-4EC2-4BC1-B78F-A2C697BCE705,4,BROILER STARTER604 1,BROILER STARTER,2026-07-22 16:18:52.520,2026-07-22 17:00:11.990,2026-07-22 17:01:15.740,4500.0,KENZYME PRO,77,100.0,2.7,3.226273,Production Recipes,1,
Server2,1DCA2A33-A7D4-492E-8732-ACC78243244F,9EB5AAF9-4EC2-4BC1-B78F-A2C697BCE705,4,BROILER STARTER604 1,BROILER STARTER,2026-07-22 16:18:52.520,2026-07-22 17:00:11.990,2026-07-22 17:01:15.740,4500.0,Limestone,113,100.0,65.07,78.06714,Production Recipes,1,
Server2,1DCA2A33-A7D4-492E-8732-ACC78243244F,9EB5AAF9-4EC2-4BC1-B78F-A2C697BCE705,4,BROILER STARTER604 1,BROILER STARTER,2026-07-22 16:18:52.520,2026-07-22 17:00:11.990,2026-07-22 17:01:15.740,4500.0,LYSOFORTE DRY,30,100.0,0.9,0.8912038,Production Recipes,1,
Server2,1DCA2A33-A7D4-492E-8732-ACC78243244F,9EB5AAF9-4EC2-4BC1-B78F-A2C697BCE705,4,BROILER STARTER604 1,BROILER STARTER,2026-07-22 16:18:52.520,2026-07-22 17:00:11.990,2026-07-22 17:01:15.740,4500.0,Maize,100,100.0,2688.75,2687.934,Production Recipes,4,
Server2,1DCA2A33-A7D4-492E-8732-ACC78243244F,9EB5AAF9-4EC2-4BC1-B78F-A2C697BCE705,4,BROILER STARTER604 1,BROILER STARTER,2026-07-22 16:18:52.520,2026-07-22 17:00:11.990,2026-07-22 17:01:15.740,4500.0,Methionine,12,100.0,13.95,14.03356,Production Recipes,1,
Server2,1DCA2A33-A7D4-492E-8732-ACC78243244F,9EB5AAF9-4EC2-4BC1-B78F-A2C697BCE705,4,BROILER STARTER604 1,BROILER STARTER,2026-07-22 16:18:52.520,2026-07-22 17:00:11.990,2026-07-22 17:01:15.740,4500.0,Monocalcium Phos,204,100.0,42.03,42.24537,Production Recipes,1,
Server2,1DCA2A33-A7D4-492E-8732-ACC78243244F,9EB5AAF9-4EC2-4BC1-B78F-A2C697BCE705,4,BROILER STARTER604 1,BROILER STARTER,2026-07-22 16:18:52.520,2026-07-22 17:00:11.990,2026-07-22 17:01:15.740,4500.0,NOVELA ECL,6,100.0,0.45,0.5092593,Production Recipes,1,
Server2,1DCA2A33-A7D4-492E-8732-ACC78243244F,9EB5AAF9-4EC2-4BC1-B78F-A2C697BCE705,4,BROILER STARTER604 1,BROILER STARTER,2026-07-22 16:18:52.520,2026-07-22 17:00:11.990,2026-07-22 17:01:15.740,4500.0,Provi Oxi Stop,21,100.0,0.45,1.231192,Production Recipes,1,
Server2,1DCA2A33-A7D4-492E-8732-ACC78243244F,9EB5AAF9-4EC2-4BC1-B78F-A2C697BCE705,4,BROILER STARTER604 1,BROILER STARTER,2026-07-22 16:18:52.520,2026-07-22 17:00:11.990,2026-07-22 17:01:15.740,4500.0,Rovabio P10,176,100.0,2.25,2.997685,Production Recipes,1,
Server2,1DCA2A33-A7D4-492E-8732-ACC78243244F,9EB5AAF9-4EC2-4BC1-B78F-A2C697BCE705,4,BROILER STARTER604 1,BROILER STARTER,2026-07-22 16:18:52.520,2026-07-22 17:00:11.990,2026-07-22 17:01:15.740,4500.0,Sacox (500g),91,100.0,2.25,3.37963,Production Recipes,1,
Server2,1DCA2A33-A7D4-492E-8732-ACC78243244F,9EB5AAF9-4EC2-4BC1-B78F-A2C697BCE705,4,BROILER STARTER604 1,BROILER STARTER,2026-07-22 16:18:52.520,2026-07-22 17:00:11.990,2026-07-22 17:01:15.740,4500.0,Salt,202,100.0,12.105,14.03357,Production Recipes,1,
Server2,1DCA2A33-A7D4-492E-8732-ACC78243244F,9EB5AAF9-4EC2-4BC1-B78F-A2C697BCE705,4,BROILER STARTER604 1,BROILER STARTER,2026-07-22 16:18:52.520,2026-07-22 17:00:11.990,2026-07-22 17:01:15.740,4500.0,SOLIS,124,100.0,6.75,7.320602,Production Recipes,1,
Server2,1DCA2A33-A7D4-492E-8732-ACC78243244F,9EB5AAF9-4EC2-4BC1-B78F-A2C697BCE705,4,BROILER STARTER604 1,BROILER STARTER,2026-07-22 16:18:52.520,2026-07-22 17:00:11.990,2026-07-22 17:01:15.740,4500.0,SOUDIOM Bicarbon,35,100.0,9.81,9.982643,Production Recipes,1,
Server2,1DCA2A33-A7D4-492E-8732-ACC78243244F,9EB5AAF9-4EC2-4BC1-B78F-A2C697BCE705,4,BROILER STARTER604 1,BROILER STARTER,2026-07-22 16:18:52.520,2026-07-22 17:00:11.990,2026-07-22 17:01:15.740,4500.0,SOYA-,105,100.0,1755.0,1754.311,Production Recipes,1,
Server2,1DCA2A33-A7D4-492E-8732-ACC78243244F,9EB5AAF9-4EC2-4BC1-B78F-A2C697BCE705,4,BROILER STARTER604 1,BROILER STARTER,2026-07-22 16:18:52.520,2026-07-22 17:00:11.990,2026-07-22 17:01:15.740,4500.0,Soya Oil,210,100.0,14.58,15.0,Production Recipes,10,
Server2,1DCA2A33-A7D4-492E-8732-ACC78243244F,9EB5AAF9-4EC2-4BC1-B78F-A2C697BCE705,4,BROILER STARTER604 1,BROILER STARTER,2026-07-22 16:18:52.520,2026-07-22 17:00:11.990,2026-07-22 17:01:15.740,4500.0,TermiN-8,33,100.0,6.75,0.0,Production Recipes,6,
Server2,170C168D-D6A3-4305-ADEA-FD63EE54CEC1,9EB5AAF9-4EC2-4BC1-B78F-A2C697BCE705,4,BROILER STARTER604 2,BROILER STARTER,2026-07-22 16:18:54.507,2026-07-22 17:03:54.087,2026-07-22 17:04:59.940,4500.0,BETAIN HCL,142,100.0,2.25,3.00926,Production Recipes,1,
Server2,170C168D-D6A3-4305-ADEA-FD63EE54CEC1,9EB5AAF9-4EC2-4BC1-B78F-A2C697BCE705,4,BROILER STARTER604 2,BROILER STARTER,2026-07-22 16:18:54.507,2026-07-22 17:03:54.087,2026-07-22 17:04:59.940,4500.0,BIOSTRONG 510,140,100.0,0.675,0.8203126,Production Recipes,1,
Server2,170C168D-D6A3-4305-ADEA-FD63EE54CEC1,9EB5AAF9-4EC2-4BC1-B78F-A2C697BCE705,4,BROILER STARTER604 2,BROILER STARTER,2026-07-22 16:18:54.507,2026-07-22 17:03:54.087,2026-07-22 17:04:59.940,4500.0,Broiler Mineral Mix,31,100.0,4.5,5.758101,Production Recipes,1,
Server2,170C168D-D6A3-4305-ADEA-FD63EE54CEC1,9EB5AAF9-4EC2-4BC1-B78F-A2C697BCE705,4,BROILER STARTER604 2,BROILER STARTER,2026-07-22 16:18:54.507,2026-07-22 17:03:54.087,2026-07-22 17:04:59.940,4500.0,KENZYME PRO,77,100.0,2.7,2.893518,Production Recipes,1,
Server2,170C168D-D6A3-4305-ADEA-FD63EE54CEC1,9EB5AAF9-4EC2-4BC1-B78F-A2C697BCE705,4,BROILER STARTER604 2,BROILER STARTER,2026-07-22 16:18:54.507,2026-07-22 17:03:54.087,2026-07-22 17:04:59.940,4500.0,Limestone,113,100.0,65.07,74.76843,Production Recipes,1,
Server2,170C168D-D6A3-4305-ADEA-FD63EE54CEC1,9EB5AAF9-4EC2-4BC1-B78F-A2C697BCE705,4,BROILER STARTER604 2,BROILER STARTER,2026-07-22 16:18:54.507,2026-07-22 17:03:54.087,2026-07-22 17:04:59.940,4500.0,LYSOFORTE DRY,30,100.0,0.9,0.9592013,Production Recipes,1,
Server2,170C168D-D6A3-4305-ADEA-FD63EE54CEC1,9EB5AAF9-4EC2-4BC1-B78F-A2C697BCE705,4,BROILER STARTER604 2,BROILER STARTER,2026-07-22 16:18:54.507,2026-07-22 17:03:54.087,2026-07-22 17:04:59.940,4500.0,Maize,100,100.0,2688.75,2687.934,Production Recipes,4,
Server2,170C168D-D6A3-4305-ADEA-FD63EE54CEC1,9EB5AAF9-4EC2-4BC1-B78F-A2C697BCE705,4,BROILER STARTER604 2,BROILER STARTER,2026-07-22 16:18:54.507,2026-07-22 17:03:54.087,2026-07-22 17:04:59.940,4500.0,Methionine,12,100.0,13.95,14.03356,Production Recipes,1,
Server2,170C168D-D6A3-4305-ADEA-FD63EE54CEC1,9EB5AAF9-4EC2-4BC1-B78F-A2C697BCE705,4,BROILER STARTER604 2,BROILER STARTER,2026-07-22 16:18:54.507,2026-07-22 17:03:54.087,2026-07-22 17:04:59.940,4500.0,Monocalcium Phos,204,100.0,42.03,42.24537,Production Recipes,1,
Server2,170C168D-D6A3-4305-ADEA-FD63EE54CEC1,9EB5AAF9-4EC2-4BC1-B78F-A2C697BCE705,4,BROILER STARTER604 2,BROILER STARTER,2026-07-22 16:18:54.507,2026-07-22 17:03:54.087,2026-07-22 17:04:59.940,4500.0,NOVELA ECL,6,100.0,0.45,0.541088,Production Recipes,1,
Server2,170C168D-D6A3-4305-ADEA-FD63EE54CEC1,9EB5AAF9-4EC2-4BC1-B78F-A2C697BCE705,4,BROILER STARTER604 2,BROILER STARTER,2026-07-22 16:18:54.507,2026-07-22 17:03:54.087,2026-07-22 17:04:59.940,4500.0,Provi Oxi Stop,21,100.0,0.45,1.660879,Production Recipes,1,
Server2,170C168D-D6A3-4305-ADEA-FD63EE54CEC1,9EB5AAF9-4EC2-4BC1-B78F-A2C697BCE705,4,BROILER STARTER604 2,BROILER STARTER,2026-07-22 16:18:54.507,2026-07-22 17:03:54.087,2026-07-22 17:04:59.940,4500.0,Rovabio P10,176,100.0,2.25,2.65625,Production Recipes,1,
Server2,170C168D-D6A3-4305-ADEA-FD63EE54CEC1,9EB5AAF9-4EC2-4BC1-B78F-A2C697BCE705,4,BROILER STARTER604 2,BROILER STARTER,2026-07-22 16:18:54.507,2026-07-22 17:03:54.087,2026-07-22 17:04:59.940,4500.0,Sacox (500g),91,100.0,2.25,3.408565,Production Recipes,1,
Server2,170C168D-D6A3-4305-ADEA-FD63EE54CEC1,9EB5AAF9-4EC2-4BC1-B78F-A2C697BCE705,4,BROILER STARTER604 2,BROILER STARTER,2026-07-22 16:18:54.507,2026-07-22 17:03:54.087,2026-07-22 17:04:59.940,4500.0,Salt,202,100.0,12.105,14.03357,Production Recipes,1,
Server2,170C168D-D6A3-4305-ADEA-FD63EE54CEC1,9EB5AAF9-4EC2-4BC1-B78F-A2C697BCE705,4,BROILER STARTER604 2,BROILER STARTER,2026-07-22 16:18:54.507,2026-07-22 17:03:54.087,2026-07-22 17:04:59.940,4500.0,SOLIS,124,100.0,6.75,7.39294,Production Recipes,1,
Server2,170C168D-D6A3-4305-ADEA-FD63EE54CEC1,9EB5AAF9-4EC2-4BC1-B78F-A2C697BCE705,4,BROILER STARTER604 2,BROILER STARTER,2026-07-22 16:18:54.507,2026-07-22 17:03:54.087,2026-07-22 17:04:59.940,4500.0,SOUDIOM Bicarbon,35,100.0,9.81,9.982643,Production Recipes,1,
Server2,170C168D-D6A3-4305-ADEA-FD63EE54CEC1,9EB5AAF9-4EC2-4BC1-B78F-A2C697BCE705,4,BROILER STARTER604 2,BROILER STARTER,2026-07-22 16:18:54.507,2026-07-22 17:03:54.087,2026-07-22 17:04:59.940,4500.0,SOYA-,105,100.0,1755.0,1757.06,Production Recipes,1,
Server2,170C168D-D6A3-4305-ADEA-FD63EE54CEC1,9EB5AAF9-4EC2-4BC1-B78F-A2C697BCE705,4,BROILER STARTER604 2,BROILER STARTER,2026-07-22 16:18:54.507,2026-07-22 17:03:54.087,2026-07-22 17:04:59.940,4500.0,Soya Oil,210,100.0,14.58,15.0,Production Recipes,10,
Server2,170C168D-D6A3-4305-ADEA-FD63EE54CEC1,9EB5AAF9-4EC2-4BC1-B78F-A2C697BCE705,4,BROILER STARTER604 2,BROILER STARTER,2026-07-22 16:18:54.507,2026-07-22 17:03:54.087,2026-07-22 17:04:59.940,4500.0,TermiN-8,33,100.0,6.75,0.0,Production Recipes,6,
Server2,1B4994C1-3C88-4AFA-BF38-32C8413EB6B6,9EB5AAF9-4EC2-4BC1-B78F-A2C697BCE705,4,BROILER GROWER605 1,BROILER GROWER,2026-07-22 17:12:51.850,2026-07-22 17:32:07.397,2026-07-22 17:33:11.470,4500.0,BETAIN HCL,142,100.0,2.25,2.714121,Production Recipes,1,
Server2,1B4994C1-3C88-4AFA-BF38-32C8413EB6B6,9EB5AAF9-4EC2-4BC1-B78F-A2C697BCE705,4,BROILER GROWER605 1,BROILER GROWER,2026-07-22 17:12:51.850,2026-07-22 17:32:07.397,2026-07-22 17:33:11.470,4500.0,BIOSTRONG 510,140,100.0,0.675,0.7407408,Production Recipes,1,
Server2,1B4994C1-3C88-4AFA-BF38-32C8413EB6B6,9EB5AAF9-4EC2-4BC1-B78F-A2C697BCE705,4,BROILER GROWER605 1,BROILER GROWER,2026-07-22 17:12:51.850,2026-07-22 17:32:07.397,2026-07-22 17:33:11.470,4500.0,Broiler Mineral Mix,31,100.0,4.05,5.844908,Production Recipes,1,
Server2,1B4994C1-3C88-4AFA-BF38-32C8413EB6B6,9EB5AAF9-4EC2-4BC1-B78F-A2C697BCE705,4,BROILER GROWER605 1,BROILER GROWER,2026-07-22 17:12:51.850,2026-07-22 17:32:07.397,2026-07-22 17:33:11.470,4500.0,Broiler Starter PX,69,100.0,4.05,5.775463,Production Recipes,1,
Server2,1B4994C1-3C88-4AFA-BF38-32C8413EB6B6,9EB5AAF9-4EC2-4BC1-B78F-A2C697BCE705,4,BROILER GROWER605 1,BROILER GROWER,2026-07-22 17:12:51.850,2026-07-22 17:32:07.397,2026-07-22 17:33:11.470,4500.0,Choline Chloride 60%,26,100.0,2.7,2.471066,Production Recipes,1,
Server2,1B4994C1-3C88-4AFA-BF38-32C8413EB6B6,9EB5AAF9-4EC2-4BC1-B78F-A2C697BCE705,4,BROILER GROWER605 1,BROILER GROWER,2026-07-22 17:12:51.850,2026-07-22 17:32:07.397,2026-07-22 17:33:11.470,4500.0,KENZYME PRO,77,100.0,2.7,2.893518,Production Recipes,1,
Server2,1B4994C1-3C88-4AFA-BF38-32C8413EB6B6,9EB5AAF9-4EC2-4BC1-B78F-A2C697BCE705,4,BROILER GROWER605 1,BROILER GROWER,2026-07-22 17:12:51.850,2026-07-22 17:32:07.397,2026-07-22 17:33:11.470,4500.0,Limestone,113,100.0,55.485,58.27539,Production Recipes,1,
Server2,1B4994C1-3C88-4AFA-BF38-32C8413EB6B6,9EB5AAF9-4EC2-4BC1-B78F-A2C697BCE705,4,BROILER GROWER605 1,BROILER GROWER,2026-07-22 17:12:51.850,2026-07-22 17:32:07.397,2026-07-22 17:33:11.470,4500.0,LYSOFORTE DRY,30,100.0,0.9,0.9895834,Production Recipes,1,
Server2,1B4994C1-3C88-4AFA-BF38-32C8413EB6B6,9EB5AAF9-4EC2-4BC1-B78F-A2C697BCE705,4,BROILER GROWER605 1,BROILER GROWER,2026-07-22 17:12:51.850,2026-07-22 17:32:07.397,2026-07-22 17:33:11.470,4500.0,Maize,100,100.0,2679.705,2679.977,Production Recipes,4,
Server2,1B4994C1-3C88-4AFA-BF38-32C8413EB6B6,9EB5AAF9-4EC2-4BC1-B78F-A2C697BCE705,4,BROILER GROWER605 1,BROILER GROWER,2026-07-22 17:12:51.850,2026-07-22 17:32:07.397,2026-07-22 17:33:11.470,4500.0,Methionine,12,100.0,10.62,11.14005,Production Recipes,1,
Server2,1B4994C1-3C88-4AFA-BF38-32C8413EB6B6,9EB5AAF9-4EC2-4BC1-B78F-A2C697BCE705,4,BROILER GROWER605 1,BROILER GROWER,2026-07-22 17:12:51.850,2026-07-22 17:32:07.397,2026-07-22 17:33:11.470,4500.0,Monocalcium Phos,204,100.0,38.745,39.0625,Production Recipes,1,
Server2,1B4994C1-3C88-4AFA-BF38-32C8413EB6B6,9EB5AAF9-4EC2-4BC1-B78F-A2C697BCE705,4,BROILER GROWER605 1,BROILER GROWER,2026-07-22 17:12:51.850,2026-07-22 17:32:07.397,2026-07-22 17:33:11.470,4500.0,NOVELA ECL,6,100.0,0.45,0.5309607,Production Recipes,1,
Server2,1B4994C1-3C88-4AFA-BF38-32C8413EB6B6,9EB5AAF9-4EC2-4BC1-B78F-A2C697BCE705,4,BROILER GROWER605 1,BROILER GROWER,2026-07-22 17:12:51.850,2026-07-22 17:32:07.397,2026-07-22 17:33:11.470,4500.0,Provi Oxi Stop,21,100.0,0.45,1.320891,Production Recipes,1,
Server2,1B4994C1-3C88-4AFA-BF38-32C8413EB6B6,9EB5AAF9-4EC2-4BC1-B78F-A2C697BCE705,4,BROILER GROWER605 1,BROILER GROWER,2026-07-22 17:12:51.850,2026-07-22 17:32:07.397,2026-07-22 17:33:11.470,4500.0,Rovabio P10,176,100.0,2.25,2.754629,Production Recipes,1,
Server2,1B4994C1-3C88-4AFA-BF38-32C8413EB6B6,9EB5AAF9-4EC2-4BC1-B78F-A2C697BCE705,4,BROILER GROWER605 1,BROILER GROWER,2026-07-22 17:12:51.850,2026-07-22 17:32:07.397,2026-07-22 17:33:11.470,4500.0,Sacox (500g),91,100.0,2.25,2.96875,Production Recipes,1,
Server2,1B4994C1-3C88-4AFA-BF38-32C8413EB6B6,9EB5AAF9-4EC2-4BC1-B78F-A2C697BCE705,4,BROILER GROWER605 1,BROILER GROWER,2026-07-22 17:12:51.850,2026-07-22 17:32:07.397,2026-07-22 17:33:11.470,4500.0,Salt,202,100.0,12.96,15.0463,Production Recipes,1,
Server2,1B4994C1-3C88-4AFA-BF38-32C8413EB6B6,9EB5AAF9-4EC2-4BC1-B78F-A2C697BCE705,4,BROILER GROWER605 1,BROILER GROWER,2026-07-22 17:12:51.850,2026-07-22 17:32:07.397,2026-07-22 17:33:11.470,4500.0,SOLIS,124,100.0,6.75,7.595486,Production Recipes,1,
Server2,1B4994C1-3C88-4AFA-BF38-32C8413EB6B6,9EB5AAF9-4EC2-4BC1-B78F-A2C697BCE705,4,BROILER GROWER605 1,BROILER GROWER,2026-07-22 17:12:51.850,2026-07-22 17:32:07.397,2026-07-22 17:33:11.470,4500.0,SOUDIOM Bicarbon,35,100.0,8.955,9.114586,Production Recipes,1,
Server2,1B4994C1-3C88-4AFA-BF38-32C8413EB6B6,9EB5AAF9-4EC2-4BC1-B78F-A2C697BCE705,4,BROILER GROWER605 1,BROILER GROWER,2026-07-22 17:12:51.850,2026-07-22 17:32:07.397,2026-07-22 17:33:11.470,4500.0,SOYA-,105,100.0,1619.145,1625.116,Production Recipes,1,
Server2,1B4994C1-3C88-4AFA-BF38-32C8413EB6B6,9EB5AAF9-4EC2-4BC1-B78F-A2C697BCE705,4,BROILER GROWER605 1,BROILER GROWER,2026-07-22 17:12:51.850,2026-07-22 17:32:07.397,2026-07-22 17:33:11.470,4500.0,Soya Oil,210,100.0,37.35,37.75,Production Recipes,10,
Server2,1B4994C1-3C88-4AFA-BF38-32C8413EB6B6,9EB5AAF9-4EC2-4BC1-B78F-A2C697BCE705,4,BROILER GROWER605 1,BROILER GROWER,2026-07-22 17:12:51.850,2026-07-22 17:32:07.397,2026-07-22 17:33:11.470,4500.0,TermiN-8,33,100.0,6.75,0.0,Production Recipes,6,
Server2,88FD6D89-7965-495F-8D6D-F12EA3FA3FC5,9EB5AAF9-4EC2-4BC1-B78F-A2C697BCE705,4,BROILER GROWER605 2,BROILER GROWER,2026-07-22 17:12:53.807,2026-07-22 17:35:28.487,2026-07-22 17:36:32.200,4500.0,BETAIN HCL,142,100.0,2.25,2.812501,Production Recipes,1,
Server2,88FD6D89-7965-495F-8D6D-F12EA3FA3FC5,9EB5AAF9-4EC2-4BC1-B78F-A2C697BCE705,4,BROILER GROWER605 2,BROILER GROWER,2026-07-22 17:12:53.807,2026-07-22 17:35:28.487,2026-07-22 17:36:32.200,4500.0,BIOSTRONG 510,140,100.0,0.675,0.7609954,Production Recipes,1,
Server2,88FD6D89-7965-495F-8D6D-F12EA3FA3FC5,9EB5AAF9-4EC2-4BC1-B78F-A2C697BCE705,4,BROILER GROWER605 2,BROILER GROWER,2026-07-22 17:12:53.807,2026-07-22 17:35:28.487,2026-07-22 17:36:32.200,4500.0,Broiler Mineral Mix,31,100.0,4.05,5.570023,Production Recipes,1,
Server2,88FD6D89-7965-495F-8D6D-F12EA3FA3FC5,9EB5AAF9-4EC2-4BC1-B78F-A2C697BCE705,4,BROILER GROWER605 2,BROILER GROWER,2026-07-22 17:12:53.807,2026-07-22 17:35:28.487,2026-07-22 17:36:32.200,4500.0,Broiler Starter PX,69,100.0,4.05,7.534722,Production Recipes,1,
Server2,88FD6D89-7965-495F-8D6D-F12EA3FA3FC5,9EB5AAF9-4EC2-4BC1-B78F-A2C697BCE705,4,BROILER GROWER605 2,BROILER GROWER,2026-07-22 17:12:53.807,2026-07-22 17:35:28.487,2026-07-22 17:36:32.200,4500.0,Choline Chloride 60%,26,100.0,2.7,2.760416,Production Recipes,1,
Server2,88FD6D89-7965-495F-8D6D-F12EA3FA3FC5,9EB5AAF9-4EC2-4BC1-B78F-A2C697BCE705,4,BROILER GROWER605 2,BROILER GROWER,2026-07-22 17:12:53.807,2026-07-22 17:35:28.487,2026-07-22 17:36:32.200,4500.0,KENZYME PRO,77,100.0,2.7,2.994791,Production Recipes,1,
Server2,88FD6D89-7965-495F-8D6D-F12EA3FA3FC5,9EB5AAF9-4EC2-4BC1-B78F-A2C697BCE705,4,BROILER GROWER605 2,BROILER GROWER,2026-07-22 17:12:53.807,2026-07-22 17:35:28.487,2026-07-22 17:36:32.200,4500.0,Limestone,113,100.0,55.485,68.72107,Production Recipes,1,
Server2,88FD6D89-7965-495F-8D6D-F12EA3FA3FC5,9EB5AAF9-4EC2-4BC1-B78F-A2C697BCE705,4,BROILER GROWER605 2,BROILER GROWER,2026-07-22 17:12:53.807,2026-07-22 17:35:28.487,2026-07-22 17:36:32.200,4500.0,LYSOFORTE DRY,30,100.0,0.9,0.8810765,Production Recipes,1,
Server2,88FD6D89-7965-495F-8D6D-F12EA3FA3FC5,9EB5AAF9-4EC2-4BC1-B78F-A2C697BCE705,4,BROILER GROWER605 2,BROILER GROWER,2026-07-22 17:12:53.807,2026-07-22 17:35:28.487,2026-07-22 17:36:32.200,4500.0,Maize,100,100.0,2679.705,2681.568,Production Recipes,4,
Server2,88FD6D89-7965-495F-8D6D-F12EA3FA3FC5,9EB5AAF9-4EC2-4BC1-B78F-A2C697BCE705,4,BROILER GROWER605 2,BROILER GROWER,2026-07-22 17:12:53.807,2026-07-22 17:35:28.487,2026-07-22 17:36:32.200,4500.0,Methionine,12,100.0,10.62,10.99537,Production Recipes,1,
Server2,88FD6D89-7965-495F-8D6D-F12EA3FA3FC5,9EB5AAF9-4EC2-4BC1-B78F-A2C697BCE705,4,BROILER GROWER605 2,BROILER GROWER,2026-07-22 17:12:53.807,2026-07-22 17:35:28.487,2026-07-22 17:36:32.200,4500.0,Monocalcium Phos,204,100.0,38.745,39.20717,Production Recipes,1,
Server2,88FD6D89-7965-495F-8D6D-F12EA3FA3FC5,9EB5AAF9-4EC2-4BC1-B78F-A2C697BCE705,4,BROILER GROWER605 2,BROILER GROWER,2026-07-22 17:12:53.807,2026-07-22 17:35:28.487,2026-07-22 17:36:32.200,4500.0,NOVELA ECL,6,100.0,0.45,0.5396412,Production Recipes,1,
Server2,88FD6D89-7965-495F-8D6D-F12EA3FA3FC5,9EB5AAF9-4EC2-4BC1-B78F-A2C697BCE705,4,BROILER GROWER605 2,BROILER GROWER,2026-07-22 17:12:53.807,2026-07-22 17:35:28.487,2026-07-22 17:36:32.200,4500.0,Provi Oxi Stop,21,100.0,0.45,1.25,Production Recipes,1,
Server2,88FD6D89-7965-495F-8D6D-F12EA3FA3FC5,9EB5AAF9-4EC2-4BC1-B78F-A2C697BCE705,4,BROILER GROWER605 2,BROILER GROWER,2026-07-22 17:12:53.807,2026-07-22 17:35:28.487,2026-07-22 17:36:32.200,4500.0,Rovabio P10,176,100.0,2.25,0.0,Production Recipes,1,
Server2,88FD6D89-7965-495F-8D6D-F12EA3FA3FC5,9EB5AAF9-4EC2-4BC1-B78F-A2C697BCE705,4,BROILER GROWER605 2,BROILER GROWER,2026-07-22 17:12:53.807,2026-07-22 17:35:28.487,2026-07-22 17:36:32.200,4500.0,Sacox (500g),91,100.0,2.25,3.807871,Production Recipes,1,
Server2,88FD6D89-7965-495F-8D6D-F12EA3FA3FC5,9EB5AAF9-4EC2-4BC1-B78F-A2C697BCE705,4,BROILER GROWER605 2,BROILER GROWER,2026-07-22 17:12:53.807,2026-07-22 17:35:28.487,2026-07-22 17:36:32.200,4500.0,Salt,202,100.0,12.96,13.16551,Production Recipes,1,
Server2,88FD6D89-7965-495F-8D6D-F12EA3FA3FC5,9EB5AAF9-4EC2-4BC1-B78F-A2C697BCE705,4,BROILER GROWER605 2,BROILER GROWER,2026-07-22 17:12:53.807,2026-07-22 17:35:28.487,2026-07-22 17:36:32.200,4500.0,SOLIS,124,100.0,6.75,7.364005,Production Recipes,1,
Server2,88FD6D89-7965-495F-8D6D-F12EA3FA3FC5,9EB5AAF9-4EC2-4BC1-B78F-A2C697BCE705,4,BROILER GROWER605 2,BROILER GROWER,2026-07-22 17:12:53.807,2026-07-22 17:35:28.487,2026-07-22 17:36:32.200,4500.0,SOUDIOM Bicarbon,35,100.0,8.955,9.114586,Production Recipes,1,
Server2,88FD6D89-7965-495F-8D6D-F12EA3FA3FC5,9EB5AAF9-4EC2-4BC1-B78F-A2C697BCE705,4,BROILER GROWER605 2,BROILER GROWER,2026-07-22 17:12:53.807,2026-07-22 17:35:28.487,2026-07-22 17:36:32.200,4500.0,SOYA-,105,100.0,1619.145,1616.319,Production Recipes,1,
Server2,88FD6D89-7965-495F-8D6D-F12EA3FA3FC5,9EB5AAF9-4EC2-4BC1-B78F-A2C697BCE705,4,BROILER GROWER605 2,BROILER GROWER,2026-07-22 17:12:53.807,2026-07-22 17:35:28.487,2026-07-22 17:36:32.200,4500.0,Soya Oil,210,100.0,37.35,37.75,Production Recipes,10,
Server2,88FD6D89-7965-495F-8D6D-F12EA3FA3FC5,9EB5AAF9-4EC2-4BC1-B78F-A2C697BCE705,4,BROILER GROWER605 2,BROILER GROWER,2026-07-22 17:12:53.807,2026-07-22 17:35:28.487,2026-07-22 17:36:32.200,4500.0,TermiN-8,33,100.0,6.75,0.0,Production Recipes,6,
Server2,E974611D-4D6E-4B43-AAB4-157FC09E81B3,9EB5AAF9-4EC2-4BC1-B78F-A2C697BCE705,4,BROILER GROWER605 3,BROILER GROWER,2026-07-22 17:12:59.893,2026-07-22 17:40:26.500,2026-07-22 17:41:30.367,4500.0,BETAIN HCL,142,100.0,2.25,3.18287,Production Recipes,1,
Server2,E974611D-4D6E-4B43-AAB4-157FC09E81B3,9EB5AAF9-4EC2-4BC1-B78F-A2C697BCE705,4,BROILER GROWER605 3,BROILER GROWER,2026-07-22 17:12:59.893,2026-07-22 17:40:26.500,2026-07-22 17:41:30.367,4500.0,BIOSTRONG 510,140,100.0,0.675,0.7899306,Production Recipes,1,
Server2,E974611D-4D6E-4B43-AAB4-157FC09E81B3,9EB5AAF9-4EC2-4BC1-B78F-A2C697BCE705,4,BROILER GROWER605 3,BROILER GROWER,2026-07-22 17:12:59.893,2026-07-22 17:40:26.500,2026-07-22 17:41:30.367,4500.0,Broiler Mineral Mix,31,100.0,4.05,5.324074,Production Recipes,1,
Server2,E974611D-4D6E-4B43-AAB4-157FC09E81B3,9EB5AAF9-4EC2-4BC1-B78F-A2C697BCE705,4,BROILER GROWER605 3,BROILER GROWER,2026-07-22 17:12:59.893,2026-07-22 17:40:26.500,2026-07-22 17:41:30.367,4500.0,Broiler Starter PX,69,100.0,4.05,5.023148,Production Recipes,1,
Server2,E974611D-4D6E-4B43-AAB4-157FC09E81B3,9EB5AAF9-4EC2-4BC1-B78F-A2C697BCE705,4,BROILER GROWER605 3,BROILER GROWER,2026-07-22 17:12:59.893,2026-07-22 17:40:26.500,2026-07-22 17:41:30.367,4500.0,Choline Chloride 60%,26,100.0,2.7,2.876157,Production Recipes,1,
Server2,E974611D-4D6E-4B43-AAB4-157FC09E81B3,9EB5AAF9-4EC2-4BC1-B78F-A2C697BCE705,4,BROILER GROWER605 3,BROILER GROWER,2026-07-22 17:12:59.893,2026-07-22 17:40:26.500,2026-07-22 17:41:30.367,4500.0,KENZYME PRO,77,100.0,2.7,3.067129,Production Recipes,1,
Server2,E974611D-4D6E-4B43-AAB4-157FC09E81B3,9EB5AAF9-4EC2-4BC1-B78F-A2C697BCE705,4,BROILER GROWER605 3,BROILER GROWER,2026-07-22 17:12:59.893,2026-07-22 17:40:26.500,2026-07-22 17:41:30.367,4500.0,Limestone,113,100.0,55.485,68.72107,Production Recipes,1,
Server2,E974611D-4D6E-4B43-AAB4-157FC09E81B3,9EB5AAF9-4EC2-4BC1-B78F-A2C697BCE705,4,BROILER GROWER605 3,BROILER GROWER,2026-07-22 17:12:59.893,2026-07-22 17:40:26.500,2026-07-22 17:41:30.367,4500.0,LYSOFORTE DRY,30,100.0,0.9,0.9505209,Production Recipes,1,
Server2,E974611D-4D6E-4B43-AAB4-157FC09E81B3,9EB5AAF9-4EC2-4BC1-B78F-A2C697BCE705,4,BROILER GROWER605 3,BROILER GROWER,2026-07-22 17:12:59.893,2026-07-22 17:40:26.500,2026-07-22 17:41:30.367,4500.0,Maize,100,100.0,2679.705,2675.202,Production Recipes,4,
Server2,E974611D-4D6E-4B43-AAB4-157FC09E81B3,9EB5AAF9-4EC2-4BC1-B78F-A2C697BCE705,4,BROILER GROWER605 3,BROILER GROWER,2026-07-22 17:12:59.893,2026-07-22 17:40:26.500,2026-07-22 17:41:30.367,4500.0,Methionine,12,100.0,10.62,10.99537,Production Recipes,1,
Server2,E974611D-4D6E-4B43-AAB4-157FC09E81B3,9EB5AAF9-4EC2-4BC1-B78F-A2C697BCE705,4,BROILER GROWER605 3,BROILER GROWER,2026-07-22 17:12:59.893,2026-07-22 17:40:26.500,2026-07-22 17:41:30.367,4500.0,Monocalcium Phos,204,100.0,38.745,39.0625,Production Recipes,1,
Server2,E974611D-4D6E-4B43-AAB4-157FC09E81B3,9EB5AAF9-4EC2-4BC1-B78F-A2C697BCE705,4,BROILER GROWER605 3,BROILER GROWER,2026-07-22 17:12:59.893,2026-07-22 17:40:26.500,2026-07-22 17:41:30.367,4500.0,NOVELA ECL,6,100.0,0.45,1.131366,Production Recipes,1,
Server2,E974611D-4D6E-4B43-AAB4-157FC09E81B3,9EB5AAF9-4EC2-4BC1-B78F-A2C697BCE705,4,BROILER GROWER605 3,BROILER GROWER,2026-07-22 17:12:59.893,2026-07-22 17:40:26.500,2026-07-22 17:41:30.367,4500.0,Provi Oxi Stop,21,100.0,0.45,1.109664,Production Recipes,1,
Server2,E974611D-4D6E-4B43-AAB4-157FC09E81B3,9EB5AAF9-4EC2-4BC1-B78F-A2C697BCE705,4,BROILER GROWER605 3,BROILER GROWER,2026-07-22 17:12:59.893,2026-07-22 17:40:26.500,2026-07-22 17:41:30.367,4500.0,Rovabio P10,176,100.0,2.25,3.263889,Production Recipes,1,
Server2,E974611D-4D6E-4B43-AAB4-157FC09E81B3,9EB5AAF9-4EC2-4BC1-B78F-A2C697BCE705,4,BROILER GROWER605 3,BROILER GROWER,2026-07-22 17:12:59.893,2026-07-22 17:40:26.500,2026-07-22 17:41:30.367,4500.0,Sacox (500g),91,100.0,2.25,3.373843,Production Recipes,1,
Server2,E974611D-4D6E-4B43-AAB4-157FC09E81B3,9EB5AAF9-4EC2-4BC1-B78F-A2C697BCE705,4,BROILER GROWER605 3,BROILER GROWER,2026-07-22 17:12:59.893,2026-07-22 17:40:26.500,2026-07-22 17:41:30.367,4500.0,Salt,202,100.0,12.96,13.16551,Production Recipes,1,
Server2,E974611D-4D6E-4B43-AAB4-157FC09E81B3,9EB5AAF9-4EC2-4BC1-B78F-A2C697BCE705,4,BROILER GROWER605 3,BROILER GROWER,2026-07-22 17:12:59.893,2026-07-22 17:40:26.500,2026-07-22 17:41:30.367,4500.0,SOLIS,124,100.0,6.75,7.118056,Production Recipes,1,
Server2,E974611D-4D6E-4B43-AAB4-157FC09E81B3,9EB5AAF9-4EC2-4BC1-B78F-A2C697BCE705,4,BROILER GROWER605 3,BROILER GROWER,2026-07-22 17:12:59.893,2026-07-22 17:40:26.500,2026-07-22 17:41:30.367,4500.0,SOUDIOM Bicarbon,35,100.0,8.955,8.101852,Production Recipes,1,
Server2,E974611D-4D6E-4B43-AAB4-157FC09E81B3,9EB5AAF9-4EC2-4BC1-B78F-A2C697BCE705,4,BROILER GROWER605 3,BROILER GROWER,2026-07-22 17:12:59.893,2026-07-22 17:40:26.500,2026-07-22 17:41:30.367,4500.0,SOYA-,105,100.0,1619.145,1625.116,Production Recipes,1,
Server2,E974611D-4D6E-4B43-AAB4-157FC09E81B3,9EB5AAF9-4EC2-4BC1-B78F-A2C697BCE705,4,BROILER GROWER605 3,BROILER GROWER,2026-07-22 17:12:59.893,2026-07-22 17:40:26.500,2026-07-22 17:41:30.367,4500.0,Soya Oil,210,100.0,37.35,37.5,Production Recipes,10,
Server2,E974611D-4D6E-4B43-AAB4-157FC09E81B3,9EB5AAF9-4EC2-4BC1-B78F-A2C697BCE705,4,BROILER GROWER605 3,BROILER GROWER,2026-07-22 17:12:59.893,2026-07-22 17:40:26.500,2026-07-22 17:41:30.367,4500.0,TermiN-8,33,100.0,6.75,0.0,Production Recipes,6,
Server2,20E4311F-33A5-41C9-A1F9-E5D012906EE7,9EB5AAF9-4EC2-4BC1-B78F-A2C697BCE705,4,BROILER GROWER605 4,BROILER GROWER,2026-07-22 17:13:01.923,2026-07-22 18:17:33.387,2026-07-22 18:18:37.177,4500.0,BETAIN HCL,142,100.0,2.25,2.465278,Production Recipes,1,
Server2,20E4311F-33A5-41C9-A1F9-E5D012906EE7,9EB5AAF9-4EC2-4BC1-B78F-A2C697BCE705,4,BROILER GROWER605 4,BROILER GROWER,2026-07-22 17:13:01.923,2026-07-22 18:17:33.387,2026-07-22 18:18:37.177,4500.0,BIOSTRONG 510,140,100.0,0.675,0.842014,Production Recipes,1,
Server2,20E4311F-33A5-41C9-A1F9-E5D012906EE7,9EB5AAF9-4EC2-4BC1-B78F-A2C697BCE705,4,BROILER GROWER605 4,BROILER GROWER,2026-07-22 17:13:01.923,2026-07-22 18:17:33.387,2026-07-22 18:18:37.177,4500.0,Broiler Mineral Mix,31,100.0,4.05,5.627893,Production Recipes,1,
Server2,20E4311F-33A5-41C9-A1F9-E5D012906EE7,9EB5AAF9-4EC2-4BC1-B78F-A2C697BCE705,4,BROILER GROWER605 4,BROILER GROWER,2026-07-22 17:13:01.923,2026-07-22 18:17:33.387,2026-07-22 18:18:37.177,4500.0,Broiler Starter PX,69,100.0,4.05,6.666667,Production Recipes,1,
Server2,20E4311F-33A5-41C9-A1F9-E5D012906EE7,9EB5AAF9-4EC2-4BC1-B78F-A2C697BCE705,4,BROILER GROWER605 4,BROILER GROWER,2026-07-22 17:13:01.923,2026-07-22 18:17:33.387,2026-07-22 18:18:37.177,4500.0,Choline Chloride 60%,26,100.0,2.7,2.685184,Production Recipes,1,
Server2,20E4311F-33A5-41C9-A1F9-E5D012906EE7,9EB5AAF9-4EC2-4BC1-B78F-A2C697BCE705,4,BROILER GROWER605 4,BROILER GROWER,2026-07-22 17:13:01.923,2026-07-22 18:17:33.387,2026-07-22 18:18:37.177,4500.0,KENZYME PRO,77,100.0,2.7,3.240741,Production Recipes,1,
Server2,20E4311F-33A5-41C9-A1F9-E5D012906EE7,9EB5AAF9-4EC2-4BC1-B78F-A2C697BCE705,4,BROILER GROWER605 4,BROILER GROWER,2026-07-22 17:13:01.923,2026-07-22 18:17:33.387,2026-07-22 18:18:37.177,4500.0,Limestone,113,100.0,55.485,63.22339,Production Recipes,1,
Server2,20E4311F-33A5-41C9-A1F9-E5D012906EE7,9EB5AAF9-4EC2-4BC1-B78F-A2C697BCE705,4,BROILER GROWER605 4,BROILER GROWER,2026-07-22 17:13:01.923,2026-07-22 18:17:33.387,2026-07-22 18:18:37.177,4500.0,LYSOFORTE DRY,30,100.0,0.9,1.008391,Production Recipes,1,
Server2,20E4311F-33A5-41C9-A1F9-E5D012906EE7,9EB5AAF9-4EC2-4BC1-B78F-A2C697BCE705,4,BROILER GROWER605 4,BROILER GROWER,2026-07-22 17:13:01.923,2026-07-22 18:17:33.387,2026-07-22 18:18:37.177,4500.0,Maize,100,100.0,2679.705,2676.794,Production Recipes,4,
Server2,20E4311F-33A5-41C9-A1F9-E5D012906EE7,9EB5AAF9-4EC2-4BC1-B78F-A2C697BCE705,4,BROILER GROWER605 4,BROILER GROWER,2026-07-22 17:13:01.923,2026-07-22 18:17:33.387,2026-07-22 18:18:37.177,4500.0,Methionine,12,100.0,10.62,10.99537,Production Recipes,1,
Server2,20E4311F-33A5-41C9-A1F9-E5D012906EE7,9EB5AAF9-4EC2-4BC1-B78F-A2C697BCE705,4,BROILER GROWER605 4,BROILER GROWER,2026-07-22 17:13:01.923,2026-07-22 18:17:33.387,2026-07-22 18:18:37.177,4500.0,Monocalcium Phos,204,100.0,38.745,39.0625,Production Recipes,1,
Server2,20E4311F-33A5-41C9-A1F9-E5D012906EE7,9EB5AAF9-4EC2-4BC1-B78F-A2C697BCE705,4,BROILER GROWER605 4,BROILER GROWER,2026-07-22 17:13:01.923,2026-07-22 18:17:33.387,2026-07-22 18:18:37.177,4500.0,NOVELA ECL,6,100.0,0.45,0.5613426,Production Recipes,1,
Server2,20E4311F-33A5-41C9-A1F9-E5D012906EE7,9EB5AAF9-4EC2-4BC1-B78F-A2C697BCE705,4,BROILER GROWER605 4,BROILER GROWER,2026-07-22 17:13:01.923,2026-07-22 18:17:33.387,2026-07-22 18:18:37.177,4500.0,Provi Oxi Stop,21,100.0,0.45,0.8000579,Production Recipes,1,
Server2,20E4311F-33A5-41C9-A1F9-E5D012906EE7,9EB5AAF9-4EC2-4BC1-B78F-A2C697BCE705,4,BROILER GROWER605 4,BROILER GROWER,2026-07-22 17:13:01.923,2026-07-22 18:17:33.387,2026-07-22 18:18:37.177,4500.0,Rovabio P10,176,100.0,2.25,2.945602,Production Recipes,1,
Server2,20E4311F-33A5-41C9-A1F9-E5D012906EE7,9EB5AAF9-4EC2-4BC1-B78F-A2C697BCE705,4,BROILER GROWER605 4,BROILER GROWER,2026-07-22 17:13:01.923,2026-07-22 18:17:33.387,2026-07-22 18:18:37.177,4500.0,Sacox (500g),91,100.0,2.25,2.939816,Production Recipes,1,
Server2,20E4311F-33A5-41C9-A1F9-E5D012906EE7,9EB5AAF9-4EC2-4BC1-B78F-A2C697BCE705,4,BROILER GROWER605 4,BROILER GROWER,2026-07-22 17:13:01.923,2026-07-22 18:17:33.387,2026-07-22 18:18:37.177,4500.0,Salt,202,100.0,12.96,13.16551,Production Recipes,1,
Server2,20E4311F-33A5-41C9-A1F9-E5D012906EE7,9EB5AAF9-4EC2-4BC1-B78F-A2C697BCE705,4,BROILER GROWER605 4,BROILER GROWER,2026-07-22 17:13:01.923,2026-07-22 18:17:33.387,2026-07-22 18:18:37.177,4500.0,SOLIS,124,100.0,6.75,7.060184,Production Recipes,1,
Server2,20E4311F-33A5-41C9-A1F9-E5D012906EE7,9EB5AAF9-4EC2-4BC1-B78F-A2C697BCE705,4,BROILER GROWER605 4,BROILER GROWER,2026-07-22 17:13:01.923,2026-07-22 18:17:33.387,2026-07-22 18:18:37.177,4500.0,SOUDIOM Bicarbon,35,100.0,8.955,9.114578,Production Recipes,1,
Server2,20E4311F-33A5-41C9-A1F9-E5D012906EE7,9EB5AAF9-4EC2-4BC1-B78F-A2C697BCE705,4,BROILER GROWER605 4,BROILER GROWER,2026-07-22 17:13:01.923,2026-07-22 18:17:33.387,2026-07-22 18:18:37.177,4500.0,SOYA-,105,100.0,1619.145,1620.718,Production Recipes,1,
Server2,20E4311F-33A5-41C9-A1F9-E5D012906EE7,9EB5AAF9-4EC2-4BC1-B78F-A2C697BCE705,4,BROILER GROWER605 4,BROILER GROWER,2026-07-22 17:13:01.923,2026-07-22 18:17:33.387,2026-07-22 18:18:37.177,4500.0,Soya Oil,210,100.0,37.35,38.0,Production Recipes,10,
Server2,20E4311F-33A5-41C9-A1F9-E5D012906EE7,9EB5AAF9-4EC2-4BC1-B78F-A2C697BCE705,4,BROILER GROWER605 4,BROILER GROWER,2026-07-22 17:13:01.923,2026-07-22 18:17:33.387,2026-07-22 18:18:37.177,4500.0,TermiN-8,33,100.0,6.75,0.0,Production Recipes,6,
Server2,4DF5435B-3254-4514-AA05-15C0457CA462,9EB5AAF9-4EC2-4BC1-B78F-A2C697BCE705,4,BROILER GROWER605 5,BROILER GROWER,2026-07-22 17:13:07.957,2026-07-22 18:22:27.907,2026-07-22 18:23:33.113,4500.0,BETAIN HCL,142,100.0,2.25,2.505787,Production Recipes,1,
Server2,4DF5435B-3254-4514-AA05-15C0457CA462,9EB5AAF9-4EC2-4BC1-B78F-A2C697BCE705,4,BROILER GROWER605 5,BROILER GROWER,2026-07-22 17:13:07.957,2026-07-22 18:22:27.907,2026-07-22 18:23:33.113,4500.0,BIOSTRONG 510,140,100.0,0.675,0.7595487,Production Recipes,1,
Server2,4DF5435B-3254-4514-AA05-15C0457CA462,9EB5AAF9-4EC2-4BC1-B78F-A2C697BCE705,4,BROILER GROWER605 5,BROILER GROWER,2026-07-22 17:13:07.957,2026-07-22 18:22:27.907,2026-07-22 18:23:33.113,4500.0,Broiler Mineral Mix,31,100.0,4.05,5.367477,Production Recipes,1,
Server2,4DF5435B-3254-4514-AA05-15C0457CA462,9EB5AAF9-4EC2-4BC1-B78F-A2C697BCE705,4,BROILER GROWER605 5,BROILER GROWER,2026-07-22 17:13:07.957,2026-07-22 18:22:27.907,2026-07-22 18:23:33.113,4500.0,Broiler Starter PX,69,100.0,4.05,5.092593,Production Recipes,1,
Server2,4DF5435B-3254-4514-AA05-15C0457CA462,9EB5AAF9-4EC2-4BC1-B78F-A2C697BCE705,4,BROILER GROWER605 5,BROILER GROWER,2026-07-22 17:13:07.957,2026-07-22 18:22:27.907,2026-07-22 18:23:33.113,4500.0,Choline Chloride 60%,26,100.0,2.7,2.569445,Production Recipes,1,
Server2,4DF5435B-3254-4514-AA05-15C0457CA462,9EB5AAF9-4EC2-4BC1-B78F-A2C697BCE705,4,BROILER GROWER605 5,BROILER GROWER,2026-07-22 17:13:07.957,2026-07-22 18:22:27.907,2026-07-22 18:23:33.113,4500.0,KENZYME PRO,77,100.0,2.7,3.052663,Production Recipes,1,
Server2,4DF5435B-3254-4514-AA05-15C0457CA462,9EB5AAF9-4EC2-4BC1-B78F-A2C697BCE705,4,BROILER GROWER605 5,BROILER GROWER,2026-07-22 17:13:07.957,2026-07-22 18:22:27.907,2026-07-22 18:23:33.113,4500.0,Limestone,113,100.0,55.485,61.02429,Production Recipes,1,
Server2,4DF5435B-3254-4514-AA05-15C0457CA462,9EB5AAF9-4EC2-4BC1-B78F-A2C697BCE705,4,BROILER GROWER605 5,BROILER GROWER,2026-07-22 17:13:07.957,2026-07-22 18:22:27.907,2026-07-22 18:23:33.113,4500.0,LYSOFORTE DRY,30,100.0,0.9,1.221065,Production Recipes,1,
Server2,4DF5435B-3254-4514-AA05-15C0457CA462,9EB5AAF9-4EC2-4BC1-B78F-A2C697BCE705,4,BROILER GROWER605 5,BROILER GROWER,2026-07-22 17:13:07.957,2026-07-22 18:22:27.907,2026-07-22 18:23:33.113,4500.0,Maize,100,100.0,2679.705,2678.385,Production Recipes,4,
Server2,4DF5435B-3254-4514-AA05-15C0457CA462,9EB5AAF9-4EC2-4BC1-B78F-A2C697BCE705,4,BROILER GROWER605 5,BROILER GROWER,2026-07-22 17:13:07.957,2026-07-22 18:22:27.907,2026-07-22 18:23:33.113,4500.0,Methionine,12,100.0,10.62,10.99537,Production Recipes,1,
Server2,4DF5435B-3254-4514-AA05-15C0457CA462,9EB5AAF9-4EC2-4BC1-B78F-A2C697BCE705,4,BROILER GROWER605 5,BROILER GROWER,2026-07-22 17:13:07.957,2026-07-22 18:22:27.907,2026-07-22 18:23:33.113,4500.0,Monocalcium Phos,204,100.0,38.745,39.0625,Production Recipes,1,
Server2,4DF5435B-3254-4514-AA05-15C0457CA462,9EB5AAF9-4EC2-4BC1-B78F-A2C697BCE705,4,BROILER GROWER605 5,BROILER GROWER,2026-07-22 17:13:07.957,2026-07-22 18:22:27.907,2026-07-22 18:23:33.113,4500.0,NOVELA ECL,6,100.0,0.45,0.4904515,Production Recipes,1,
Server2,4DF5435B-3254-4514-AA05-15C0457CA462,9EB5AAF9-4EC2-4BC1-B78F-A2C697BCE705,4,BROILER GROWER605 5,BROILER GROWER,2026-07-22 17:13:07.957,2026-07-22 18:22:27.907,2026-07-22 18:23:33.113,4500.0,Provi Oxi Stop,21,100.0,0.45,1.471354,Production Recipes,1,
Server2,4DF5435B-3254-4514-AA05-15C0457CA462,9EB5AAF9-4EC2-4BC1-B78F-A2C697BCE705,4,BROILER GROWER605 5,BROILER GROWER,2026-07-22 17:13:07.957,2026-07-22 18:22:27.907,2026-07-22 18:23:33.113,4500.0,Rovabio P10,176,100.0,2.25,3.229166,Production Recipes,1,
Server2,4DF5435B-3254-4514-AA05-15C0457CA462,9EB5AAF9-4EC2-4BC1-B78F-A2C697BCE705,4,BROILER GROWER605 5,BROILER GROWER,2026-07-22 17:13:07.957,2026-07-22 18:22:27.907,2026-07-22 18:23:33.113,4500.0,Sacox (500g),91,100.0,2.25,3.350695,Production Recipes,1,
Server2,4DF5435B-3254-4514-AA05-15C0457CA462,9EB5AAF9-4EC2-4BC1-B78F-A2C697BCE705,4,BROILER GROWER605 5,BROILER GROWER,2026-07-22 17:13:07.957,2026-07-22 18:22:27.907,2026-07-22 18:23:33.113,4500.0,Salt,202,100.0,12.96,13.16551,Production Recipes,1,
Server2,4DF5435B-3254-4514-AA05-15C0457CA462,9EB5AAF9-4EC2-4BC1-B78F-A2C697BCE705,4,BROILER GROWER605 5,BROILER GROWER,2026-07-22 17:13:07.957,2026-07-22 18:22:27.907,2026-07-22 18:23:33.113,4500.0,SOLIS,124,100.0,6.75,7.306134,Production Recipes,1,
Server2,4DF5435B-3254-4514-AA05-15C0457CA462,9EB5AAF9-4EC2-4BC1-B78F-A2C697BCE705,4,BROILER GROWER605 5,BROILER GROWER,2026-07-22 17:13:07.957,2026-07-22 18:22:27.907,2026-07-22 18:23:33.113,4500.0,SOUDIOM Bicarbon,35,100.0,8.955,8.969902,Production Recipes,1,
Server2,4DF5435B-3254-4514-AA05-15C0457CA462,9EB5AAF9-4EC2-4BC1-B78F-A2C697BCE705,4,BROILER GROWER605 5,BROILER GROWER,2026-07-22 17:13:07.957,2026-07-22 18:22:27.907,2026-07-22 18:23:33.113,4500.0,SOYA-,105,100.0,1619.145,1619.068,Production Recipes,1,
Server2,4DF5435B-3254-4514-AA05-15C0457CA462,9EB5AAF9-4EC2-4BC1-B78F-A2C697BCE705,4,BROILER GROWER605 5,BROILER GROWER,2026-07-22 17:13:07.957,2026-07-22 18:22:27.907,2026-07-22 18:23:33.113,4500.0,Soya Oil,210,100.0,37.35,37.75,Production Recipes,10,
Server2,4DF5435B-3254-4514-AA05-15C0457CA462,9EB5AAF9-4EC2-4BC1-B78F-A2C697BCE705,4,BROILER GROWER605 5,BROILER GROWER,2026-07-22 17:13:07.957,2026-07-22 18:22:27.907,2026-07-22 18:23:33.113,4500.0,TermiN-8,33,100.0,6.75,0.0,Production Recipes,6,
Server2,2694D5B0-F897-4FF7-8C3C-EC4D10DCC29F,9EB5AAF9-4EC2-4BC1-B78F-A2C697BCE705,4,BROILER GROWER605 6,BROILER GROWER,2026-07-22 17:13:09.943,2026-07-22 18:27:05.737,2026-07-22 18:28:09.957,4500.0,BETAIN HCL,142,100.0,2.25,2.847222,Production Recipes,1,
Server2,2694D5B0-F897-4FF7-8C3C-EC4D10DCC29F,9EB5AAF9-4EC2-4BC1-B78F-A2C697BCE705,4,BROILER GROWER605 6,BROILER GROWER,2026-07-22 17:13:09.943,2026-07-22 18:27:05.737,2026-07-22 18:28:09.957,4500.0,BIOSTRONG 510,140,100.0,0.675,0.6307871,Production Recipes,1,
Server2,2694D5B0-F897-4FF7-8C3C-EC4D10DCC29F,9EB5AAF9-4EC2-4BC1-B78F-A2C697BCE705,4,BROILER GROWER605 6,BROILER GROWER,2026-07-22 17:13:09.943,2026-07-22 18:27:05.737,2026-07-22 18:28:09.957,4500.0,Broiler Mineral Mix,31,100.0,4.05,5.83044,Production Recipes,1,
Server2,2694D5B0-F897-4FF7-8C3C-EC4D10DCC29F,9EB5AAF9-4EC2-4BC1-B78F-A2C697BCE705,4,BROILER GROWER605 6,BROILER GROWER,2026-07-22 17:13:09.943,2026-07-22 18:27:05.737,2026-07-22 18:28:09.957,4500.0,Broiler Starter PX,69,100.0,4.05,4.982639,Production Recipes,1,
Server2,2694D5B0-F897-4FF7-8C3C-EC4D10DCC29F,9EB5AAF9-4EC2-4BC1-B78F-A2C697BCE705,4,BROILER GROWER605 6,BROILER GROWER,2026-07-22 17:13:09.943,2026-07-22 18:27:05.737,2026-07-22 18:28:09.957,4500.0,Choline Chloride 60%,26,100.0,2.7,2.812501,Production Recipes,1,
Server2,2694D5B0-F897-4FF7-8C3C-EC4D10DCC29F,9EB5AAF9-4EC2-4BC1-B78F-A2C697BCE705,4,BROILER GROWER605 6,BROILER GROWER,2026-07-22 17:13:09.943,2026-07-22 18:27:05.737,2026-07-22 18:28:09.957,4500.0,KENZYME PRO,77,100.0,2.7,2.748843,Production Recipes,1,
Server2,2694D5B0-F897-4FF7-8C3C-EC4D10DCC29F,9EB5AAF9-4EC2-4BC1-B78F-A2C697BCE705,4,BROILER GROWER605 6,BROILER GROWER,2026-07-22 17:13:09.943,2026-07-22 18:27:05.737,2026-07-22 18:28:09.957,4500.0,Limestone,113,100.0,55.485,58.27551,Production Recipes,1,
Server2,2694D5B0-F897-4FF7-8C3C-EC4D10DCC29F,9EB5AAF9-4EC2-4BC1-B78F-A2C697BCE705,4,BROILER GROWER605 6,BROILER GROWER,2026-07-22 17:13:09.943,2026-07-22 18:27:05.737,2026-07-22 18:28:09.957,4500.0,LYSOFORTE DRY,30,100.0,0.9,0.8391204,Production Recipes,1,
Server2,2694D5B0-F897-4FF7-8C3C-EC4D10DCC29F,9EB5AAF9-4EC2-4BC1-B78F-A2C697BCE705,4,BROILER GROWER605 6,BROILER GROWER,2026-07-22 17:13:09.943,2026-07-22 18:27:05.737,2026-07-22 18:28:09.957,4500.0,Maize,100,100.0,2679.705,2681.568,Production Recipes,4,
Server2,2694D5B0-F897-4FF7-8C3C-EC4D10DCC29F,9EB5AAF9-4EC2-4BC1-B78F-A2C697BCE705,4,BROILER GROWER605 6,BROILER GROWER,2026-07-22 17:13:09.943,2026-07-22 18:27:05.737,2026-07-22 18:28:09.957,4500.0,Methionine,12,100.0,10.62,10.99537,Production Recipes,1,
Server2,2694D5B0-F897-4FF7-8C3C-EC4D10DCC29F,9EB5AAF9-4EC2-4BC1-B78F-A2C697BCE705,4,BROILER GROWER605 6,BROILER GROWER,2026-07-22 17:13:09.943,2026-07-22 18:27:05.737,2026-07-22 18:28:09.957,4500.0,Monocalcium Phos,204,100.0,38.745,39.0625,Production Recipes,1,
Server2,2694D5B0-F897-4FF7-8C3C-EC4D10DCC29F,9EB5AAF9-4EC2-4BC1-B78F-A2C697BCE705,4,BROILER GROWER605 6,BROILER GROWER,2026-07-22 17:13:09.943,2026-07-22 18:27:05.737,2026-07-22 18:28:09.957,4500.0,NOVELA ECL,6,100.0,0.45,0.541088,Production Recipes,1,
Server2,2694D5B0-F897-4FF7-8C3C-EC4D10DCC29F,9EB5AAF9-4EC2-4BC1-B78F-A2C697BCE705,4,BROILER GROWER605 6,BROILER GROWER,2026-07-22 17:13:09.943,2026-07-22 18:27:05.737,2026-07-22 18:28:09.957,4500.0,Provi Oxi Stop,21,100.0,0.45,1.320891,Production Recipes,1,
Server2,2694D5B0-F897-4FF7-8C3C-EC4D10DCC29F,9EB5AAF9-4EC2-4BC1-B78F-A2C697BCE705,4,BROILER GROWER605 6,BROILER GROWER,2026-07-22 17:13:09.943,2026-07-22 18:27:05.737,2026-07-22 18:28:09.957,4500.0,Rovabio P10,176,100.0,2.25,2.719908,Production Recipes,1,
Server2,2694D5B0-F897-4FF7-8C3C-EC4D10DCC29F,9EB5AAF9-4EC2-4BC1-B78F-A2C697BCE705,4,BROILER GROWER605 6,BROILER GROWER,2026-07-22 17:13:09.943,2026-07-22 18:27:05.737,2026-07-22 18:28:09.957,4500.0,Sacox (500g),91,100.0,2.25,3.813657,Production Recipes,1,
Server2,2694D5B0-F897-4FF7-8C3C-EC4D10DCC29F,9EB5AAF9-4EC2-4BC1-B78F-A2C697BCE705,4,BROILER GROWER605 6,BROILER GROWER,2026-07-22 17:13:09.943,2026-07-22 18:27:05.737,2026-07-22 18:28:09.957,4500.0,Salt,202,100.0,12.96,14.17824,Production Recipes,1,
Server2,2694D5B0-F897-4FF7-8C3C-EC4D10DCC29F,9EB5AAF9-4EC2-4BC1-B78F-A2C697BCE705,4,BROILER GROWER605 6,BROILER GROWER,2026-07-22 17:13:09.943,2026-07-22 18:27:05.737,2026-07-22 18:28:09.957,4500.0,SOLIS,124,100.0,6.75,7.031249,Production Recipes,1,
Server2,2694D5B0-F897-4FF7-8C3C-EC4D10DCC29F,9EB5AAF9-4EC2-4BC1-B78F-A2C697BCE705,4,BROILER GROWER605 6,BROILER GROWER,2026-07-22 17:13:09.943,2026-07-22 18:27:05.737,2026-07-22 18:28:09.957,4500.0,SOUDIOM Bicarbon,35,100.0,8.955,9.114586,Production Recipes,1,
Server2,2694D5B0-F897-4FF7-8C3C-EC4D10DCC29F,9EB5AAF9-4EC2-4BC1-B78F-A2C697BCE705,4,BROILER GROWER605 6,BROILER GROWER,2026-07-22 17:13:09.943,2026-07-22 18:27:05.737,2026-07-22 18:28:09.957,4500.0,SOYA-,105,100.0,1619.145,1617.419,Production Recipes,1,
Server2,2694D5B0-F897-4FF7-8C3C-EC4D10DCC29F,9EB5AAF9-4EC2-4BC1-B78F-A2C697BCE705,4,BROILER GROWER605 6,BROILER GROWER,2026-07-22 17:13:09.943,2026-07-22 18:27:05.737,2026-07-22 18:28:09.957,4500.0,Soya Oil,210,100.0,37.35,37.75,Production Recipes,10,
Server2,2694D5B0-F897-4FF7-8C3C-EC4D10DCC29F,9EB5AAF9-4EC2-4BC1-B78F-A2C697BCE705,4,BROILER GROWER605 6,BROILER GROWER,2026-07-22 17:13:09.943,2026-07-22 18:27:05.737,2026-07-22 18:28:09.957,4500.0,TermiN-8,33,100.0,6.75,0.0,Production Recipes,6,
Server2,9234FABC-4F8D-443E-822E-4222C0F07CC5,9EB5AAF9-4EC2-4BC1-B78F-A2C697BCE705,4,BROILER FINISHER 602 1,BROILER FINISHER BAG,2026-07-22 18:20:25.673,2026-07-22 18:35:13.583,2026-07-22 18:36:16.940,4500.0,BETAIN HCL,142,100.0,2.25,2.991899,Production Recipes,1,
Server2,9234FABC-4F8D-443E-822E-4222C0F07CC5,9EB5AAF9-4EC2-4BC1-B78F-A2C697BCE705,4,BROILER FINISHER 602 1,BROILER FINISHER BAG,2026-07-22 18:20:25.673,2026-07-22 18:35:13.583,2026-07-22 18:36:16.940,4500.0,BIOSTRONG 510,140,100.0,0.675,0.7595485,Production Recipes,1,
Server2,9234FABC-4F8D-443E-822E-4222C0F07CC5,9EB5AAF9-4EC2-4BC1-B78F-A2C697BCE705,4,BROILER FINISHER 602 1,BROILER FINISHER BAG,2026-07-22 18:20:25.673,2026-07-22 18:35:13.583,2026-07-22 18:36:16.940,4500.0,Broiler Mineral Mix,31,100.0,4.05,5.83044,Production Recipes,1,
Server2,9234FABC-4F8D-443E-822E-4222C0F07CC5,9EB5AAF9-4EC2-4BC1-B78F-A2C697BCE705,4,BROILER FINISHER 602 1,BROILER FINISHER BAG,2026-07-22 18:20:25.673,2026-07-22 18:35:13.583,2026-07-22 18:36:16.940,4500.0,Broiler Starter PX,69,100.0,4.05,4.959491,Production Recipes,1,
Server2,9234FABC-4F8D-443E-822E-4222C0F07CC5,9EB5AAF9-4EC2-4BC1-B78F-A2C697BCE705,4,BROILER FINISHER 602 1,BROILER FINISHER BAG,2026-07-22 18:20:25.673,2026-07-22 18:35:13.583,2026-07-22 18:36:16.940,4500.0,Choline Chloride 60%,26,100.0,2.7,2.690972,Production Recipes,1,
Server2,9234FABC-4F8D-443E-822E-4222C0F07CC5,9EB5AAF9-4EC2-4BC1-B78F-A2C697BCE705,4,BROILER FINISHER 602 1,BROILER FINISHER BAG,2026-07-22 18:20:25.673,2026-07-22 18:35:13.583,2026-07-22 18:36:16.940,4500.0,KENZYME PRO,77,100.0,2.7,3.356482,Production Recipes,1,
Server2,9234FABC-4F8D-443E-822E-4222C0F07CC5,9EB5AAF9-4EC2-4BC1-B78F-A2C697BCE705,4,BROILER FINISHER 602 1,BROILER FINISHER BAG,2026-07-22 18:20:25.673,2026-07-22 18:35:13.583,2026-07-22 18:36:16.940,4500.0,Limestone,113,100.0,47.655,57.72571,Production Recipes,1,
Server2,9234FABC-4F8D-443E-822E-4222C0F07CC5,9EB5AAF9-4EC2-4BC1-B78F-A2C697BCE705,4,BROILER FINISHER 602 1,BROILER FINISHER BAG,2026-07-22 18:20:25.673,2026-07-22 18:35:13.583,2026-07-22 18:36:16.940,4500.0,LYSOFORTE DRY,30,100.0,0.9,0.962095,Production Recipes,1,
Server2,9234FABC-4F8D-443E-822E-4222C0F07CC5,9EB5AAF9-4EC2-4BC1-B78F-A2C697BCE705,4,BROILER FINISHER 602 1,BROILER FINISHER BAG,2026-07-22 18:20:25.673,2026-07-22 18:35:13.583,2026-07-22 18:36:16.940,4500.0,Maize,100,100.0,2877.075,2875.723,Production Recipes,4,
Server2,9234FABC-4F8D-443E-822E-4222C0F07CC5,9EB5AAF9-4EC2-4BC1-B78F-A2C697BCE705,4,BROILER FINISHER 602 1,BROILER FINISHER BAG,2026-07-22 18:20:25.673,2026-07-22 18:35:13.583,2026-07-22 18:36:16.940,4500.0,Methionine,12,100.0,9.72,10.12731,Production Recipes,1,
Server2,9234FABC-4F8D-443E-822E-4222C0F07CC5,9EB5AAF9-4EC2-4BC1-B78F-A2C697BCE705,4,BROILER FINISHER 602 1,BROILER FINISHER BAG,2026-07-22 18:20:25.673,2026-07-22 18:35:13.583,2026-07-22 18:36:16.940,4500.0,Monocalcium Phos,204,100.0,31.14,31.10533,Production Recipes,1,
Server2,9234FABC-4F8D-443E-822E-4222C0F07CC5,9EB5AAF9-4EC2-4BC1-B78F-A2C697BCE705,4,BROILER FINISHER 602 1,BROILER FINISHER BAG,2026-07-22 18:20:25.673,2026-07-22 18:35:13.583,2026-07-22 18:36:16.940,4500.0,NOVELA ECL,6,100.0,0.45,0.5700232,Production Recipes,1,
Server2,9234FABC-4F8D-443E-822E-4222C0F07CC5,9EB5AAF9-4EC2-4BC1-B78F-A2C697BCE705,4,BROILER FINISHER 602 1,BROILER FINISHER BAG,2026-07-22 18:20:25.673,2026-07-22 18:35:13.583,2026-07-22 18:36:16.940,4500.0,Rovabio P10,176,100.0,2.25,2.887732,Production Recipes,1,
Server2,9234FABC-4F8D-443E-822E-4222C0F07CC5,9EB5AAF9-4EC2-4BC1-B78F-A2C697BCE705,4,BROILER FINISHER 602 1,BROILER FINISHER BAG,2026-07-22 18:20:25.673,2026-07-22 18:35:13.583,2026-07-22 18:36:16.940,4500.0,Salt,202,100.0,13.635,15.0463,Production Recipes,1,
Server2,9234FABC-4F8D-443E-822E-4222C0F07CC5,9EB5AAF9-4EC2-4BC1-B78F-A2C697BCE705,4,BROILER FINISHER 602 1,BROILER FINISHER BAG,2026-07-22 18:20:25.673,2026-07-22 18:35:13.583,2026-07-22 18:36:16.940,4500.0,SOLIS,124,100.0,6.75,7.335069,Production Recipes,1,
Server2,9234FABC-4F8D-443E-822E-4222C0F07CC5,9EB5AAF9-4EC2-4BC1-B78F-A2C697BCE705,4,BROILER FINISHER 602 1,BROILER FINISHER BAG,2026-07-22 18:20:25.673,2026-07-22 18:35:13.583,2026-07-22 18:36:16.940,4500.0,SOUDIOM Bicarbon,35,100.0,8.145,8.969906,Production Recipes,1,
Server2,9234FABC-4F8D-443E-822E-4222C0F07CC5,9EB5AAF9-4EC2-4BC1-B78F-A2C697BCE705,4,BROILER FINISHER 602 1,BROILER FINISHER BAG,2026-07-22 18:20:25.673,2026-07-22 18:35:13.583,2026-07-22 18:36:16.940,4500.0,SOYA-,105,100.0,1443.105,1449.74,Production Recipes,1,
Server2,9234FABC-4F8D-443E-822E-4222C0F07CC5,9EB5AAF9-4EC2-4BC1-B78F-A2C697BCE705,4,BROILER FINISHER 602 1,BROILER FINISHER BAG,2026-07-22 18:20:25.673,2026-07-22 18:35:13.583,2026-07-22 18:36:16.940,4500.0,Soya Oil,210,100.0,37.35,37.75,Production Recipes,10,
Server2,9234FABC-4F8D-443E-822E-4222C0F07CC5,9EB5AAF9-4EC2-4BC1-B78F-A2C697BCE705,4,BROILER FINISHER 602 1,BROILER FINISHER BAG,2026-07-22 18:20:25.673,2026-07-22 18:35:13.583,2026-07-22 18:36:16.940,4500.0,TermiN-8,33,100.0,4.5,0.0,Production Recipes,6,
Server2,D3CACF54-2910-435A-8B70-3B984590DBA2,9EB5AAF9-4EC2-4BC1-B78F-A2C697BCE705,4,BROILER STARTER604 1,BROILER STARTER,2026-07-22 18:33:12.853,2026-07-22 18:57:01.407,2026-07-22 18:58:04.917,4500.0,BETAIN HCL,142,100.0,2.25,0.8391204,Production Recipes,1,
Server2,D3CACF54-2910-435A-8B70-3B984590DBA2,9EB5AAF9-4EC2-4BC1-B78F-A2C697BCE705,4,BROILER STARTER604 1,BROILER STARTER,2026-07-22 18:33:12.853,2026-07-22 18:57:01.407,2026-07-22 18:58:04.917,4500.0,BIOSTRONG 510,140,100.0,0.675,0.7798033,Production Recipes,1,
Server2,D3CACF54-2910-435A-8B70-3B984590DBA2,9EB5AAF9-4EC2-4BC1-B78F-A2C697BCE705,4,BROILER STARTER604 1,BROILER STARTER,2026-07-22 18:33:12.853,2026-07-22 18:57:01.407,2026-07-22 18:58:04.917,4500.0,Broiler Mineral Mix,31,100.0,4.5,6.047453,Production Recipes,1,
Server2,D3CACF54-2910-435A-8B70-3B984590DBA2,9EB5AAF9-4EC2-4BC1-B78F-A2C697BCE705,4,BROILER STARTER604 1,BROILER STARTER,2026-07-22 18:33:12.853,2026-07-22 18:57:01.407,2026-07-22 18:58:04.917,4500.0,KENZYME PRO,77,100.0,2.7,2.965857,Production Recipes,1,
Server2,D3CACF54-2910-435A-8B70-3B984590DBA2,9EB5AAF9-4EC2-4BC1-B78F-A2C697BCE705,4,BROILER STARTER604 1,BROILER STARTER,2026-07-22 18:33:12.853,2026-07-22 18:57:01.407,2026-07-22 18:58:04.917,4500.0,Limestone,113,100.0,65.07,65.97217,Production Recipes,1,
Server2,D3CACF54-2910-435A-8B70-3B984590DBA2,9EB5AAF9-4EC2-4BC1-B78F-A2C697BCE705,4,BROILER STARTER604 1,BROILER STARTER,2026-07-22 18:33:12.853,2026-07-22 18:57:01.407,2026-07-22 18:58:04.917,4500.0,LYSOFORTE DRY,30,100.0,0.9,0.8405671,Production Recipes,1,
Server2,D3CACF54-2910-435A-8B70-3B984590DBA2,9EB5AAF9-4EC2-4BC1-B78F-A2C697BCE705,4,BROILER STARTER604 1,BROILER STARTER,2026-07-22 18:33:12.853,2026-07-22 18:57:01.407,2026-07-22 18:58:04.917,4500.0,Maize,100,100.0,2688.75,2679.977,Production Recipes,4,
Server2,D3CACF54-2910-435A-8B70-3B984590DBA2,9EB5AAF9-4EC2-4BC1-B78F-A2C697BCE705,4,BROILER STARTER604 1,BROILER STARTER,2026-07-22 18:33:12.853,2026-07-22 18:57:01.407,2026-07-22 18:58:04.917,4500.0,Methionine,12,100.0,13.95,14.03356,Production Recipes,1,
Server2,D3CACF54-2910-435A-8B70-3B984590DBA2,9EB5AAF9-4EC2-4BC1-B78F-A2C697BCE705,4,BROILER STARTER604 1,BROILER STARTER,2026-07-22 18:33:12.853,2026-07-22 18:57:01.407,2026-07-22 18:58:04.917,4500.0,Monocalcium Phos,204,100.0,42.03,42.10069,Production Recipes,1,
Server2,D3CACF54-2910-435A-8B70-3B984590DBA2,9EB5AAF9-4EC2-4BC1-B78F-A2C697BCE705,4,BROILER STARTER604 1,BROILER STARTER,2026-07-22 18:33:12.853,2026-07-22 18:57:01.407,2026-07-22 18:58:04.917,4500.0,NOVELA ECL,6,100.0,0.45,0.5396412,Production Recipes,1,
Server2,D3CACF54-2910-435A-8B70-3B984590DBA2,9EB5AAF9-4EC2-4BC1-B78F-A2C697BCE705,4,BROILER STARTER604 1,BROILER STARTER,2026-07-22 18:33:12.853,2026-07-22 18:57:01.407,2026-07-22 18:58:04.917,4500.0,Provi Oxi Stop,21,100.0,0.45,1.540799,Production Recipes,1,
Server2,D3CACF54-2910-435A-8B70-3B984590DBA2,9EB5AAF9-4EC2-4BC1-B78F-A2C697BCE705,4,BROILER STARTER604 1,BROILER STARTER,2026-07-22 18:33:12.853,2026-07-22 18:57:01.407,2026-07-22 18:58:04.917,4500.0,Rovabio P10,176,100.0,2.25,2.38426,Production Recipes,1,
Server2,D3CACF54-2910-435A-8B70-3B984590DBA2,9EB5AAF9-4EC2-4BC1-B78F-A2C697BCE705,4,BROILER STARTER604 1,BROILER STARTER,2026-07-22 18:33:12.853,2026-07-22 18:57:01.407,2026-07-22 18:58:04.917,4500.0,Sacox (500g),91,100.0,2.25,4.513889,Production Recipes,1,
Server2,D3CACF54-2910-435A-8B70-3B984590DBA2,9EB5AAF9-4EC2-4BC1-B78F-A2C697BCE705,4,BROILER STARTER604 1,BROILER STARTER,2026-07-22 18:33:12.853,2026-07-22 18:57:01.407,2026-07-22 18:58:04.917,4500.0,Salt,202,100.0,12.105,13.16551,Production Recipes,1,
Server2,D3CACF54-2910-435A-8B70-3B984590DBA2,9EB5AAF9-4EC2-4BC1-B78F-A2C697BCE705,4,BROILER STARTER604 1,BROILER STARTER,2026-07-22 18:33:12.853,2026-07-22 18:57:01.407,2026-07-22 18:58:04.917,4500.0,SOLIS,124,100.0,6.75,7.291667,Production Recipes,1,
Server2,D3CACF54-2910-435A-8B70-3B984590DBA2,9EB5AAF9-4EC2-4BC1-B78F-A2C697BCE705,4,BROILER STARTER604 1,BROILER STARTER,2026-07-22 18:33:12.853,2026-07-22 18:57:01.407,2026-07-22 18:58:04.917,4500.0,SOUDIOM Bicarbon,35,100.0,9.81,9.982643,Production Recipes,1,
Server2,D3CACF54-2910-435A-8B70-3B984590DBA2,9EB5AAF9-4EC2-4BC1-B78F-A2C697BCE705,4,BROILER STARTER604 1,BROILER STARTER,2026-07-22 18:33:12.853,2026-07-22 18:57:01.407,2026-07-22 18:58:04.917,4500.0,SOYA-,105,100.0,1755.0,1751.562,Production Recipes,1,
Server2,D3CACF54-2910-435A-8B70-3B984590DBA2,9EB5AAF9-4EC2-4BC1-B78F-A2C697BCE705,4,BROILER STARTER604 1,BROILER STARTER,2026-07-22 18:33:12.853,2026-07-22 18:57:01.407,2026-07-22 18:58:04.917,4500.0,Soya Oil,210,100.0,14.58,15.25,Production Recipes,10,
Server2,D3CACF54-2910-435A-8B70-3B984590DBA2,9EB5AAF9-4EC2-4BC1-B78F-A2C697BCE705,4,BROILER STARTER604 1,BROILER STARTER,2026-07-22 18:33:12.853,2026-07-22 18:57:01.407,2026-07-22 18:58:04.917,4500.0,TermiN-8,33,100.0,6.75,0.0,Production Recipes,6,
Server2,A199A849-6A21-4891-A42B-1704AE5411C2,9EB5AAF9-4EC2-4BC1-B78F-A2C697BCE705,4,BROILER STARTER604 2,BROILER STARTER,2026-07-22 18:33:14.837,2026-07-22 19:00:40.510,2026-07-22 19:01:43.987,4500.0,BETAIN HCL,142,100.0,2.25,0.0,Production Recipes,1,
Server2,A199A849-6A21-4891-A42B-1704AE5411C2,9EB5AAF9-4EC2-4BC1-B78F-A2C697BCE705,4,BROILER STARTER604 2,BROILER STARTER,2026-07-22 18:33:14.837,2026-07-22 19:00:40.510,2026-07-22 19:01:43.987,4500.0,BIOSTRONG 510,140,100.0,0.675,0.8101853,Production Recipes,1,
Server2,A199A849-6A21-4891-A42B-1704AE5411C2,9EB5AAF9-4EC2-4BC1-B78F-A2C697BCE705,4,BROILER STARTER604 2,BROILER STARTER,2026-07-22 18:33:14.837,2026-07-22 19:00:40.510,2026-07-22 19:01:43.987,4500.0,Broiler Mineral Mix,31,100.0,4.5,5.946181,Production Recipes,1,
Server2,A199A849-6A21-4891-A42B-1704AE5411C2,9EB5AAF9-4EC2-4BC1-B78F-A2C697BCE705,4,BROILER STARTER604 2,BROILER STARTER,2026-07-22 18:33:14.837,2026-07-22 19:00:40.510,2026-07-22 19:01:43.987,4500.0,KENZYME PRO,77,100.0,2.7,2.965857,Production Recipes,1,
Server2,A199A849-6A21-4891-A42B-1704AE5411C2,9EB5AAF9-4EC2-4BC1-B78F-A2C697BCE705,4,BROILER STARTER604 2,BROILER STARTER,2026-07-22 18:33:14.837,2026-07-22 19:00:40.510,2026-07-22 19:01:43.987,4500.0,Limestone,113,100.0,65.07,79.71643,Production Recipes,1,
Server2,A199A849-6A21-4891-A42B-1704AE5411C2,9EB5AAF9-4EC2-4BC1-B78F-A2C697BCE705,4,BROILER STARTER604 2,BROILER STARTER,2026-07-22 18:33:14.837,2026-07-22 19:00:40.510,2026-07-22 19:01:43.987,4500.0,LYSOFORTE DRY,30,100.0,0.9,1.100984,Production Recipes,1,
Server2,A199A849-6A21-4891-A42B-1704AE5411C2,9EB5AAF9-4EC2-4BC1-B78F-A2C697BCE705,4,BROILER STARTER604 2,BROILER STARTER,2026-07-22 18:33:14.837,2026-07-22 19:00:40.510,2026-07-22 19:01:43.987,4500.0,Maize,100,100.0,2688.75,2686.343,Production Recipes,4,
Server2,A199A849-6A21-4891-A42B-1704AE5411C2,9EB5AAF9-4EC2-4BC1-B78F-A2C697BCE705,4,BROILER STARTER604 2,BROILER STARTER,2026-07-22 18:33:14.837,2026-07-22 19:00:40.510,2026-07-22 19:01:43.987,4500.0,Methionine,12,100.0,13.95,13.02083,Production Recipes,1,
Server2,A199A849-6A21-4891-A42B-1704AE5411C2,9EB5AAF9-4EC2-4BC1-B78F-A2C697BCE705,4,BROILER STARTER604 2,BROILER STARTER,2026-07-22 18:33:14.837,2026-07-22 19:00:40.510,2026-07-22 19:01:43.987,4500.0,Monocalcium Phos,204,100.0,42.03,42.24537,Production Recipes,1,
Server2,A199A849-6A21-4891-A42B-1704AE5411C2,9EB5AAF9-4EC2-4BC1-B78F-A2C697BCE705,4,BROILER STARTER604 2,BROILER STARTER,2026-07-22 18:33:14.837,2026-07-22 19:00:40.510,2026-07-22 19:01:43.987,4500.0,NOVELA ECL,6,100.0,0.45,0.5208334,Production Recipes,1,
Server2,A199A849-6A21-4891-A42B-1704AE5411C2,9EB5AAF9-4EC2-4BC1-B78F-A2C697BCE705,4,BROILER STARTER604 2,BROILER STARTER,2026-07-22 18:33:14.837,2026-07-22 19:00:40.510,2026-07-22 19:01:43.987,4500.0,Provi Oxi Stop,21,100.0,0.45,1.260127,Production Recipes,1,
Server2,A199A849-6A21-4891-A42B-1704AE5411C2,9EB5AAF9-4EC2-4BC1-B78F-A2C697BCE705,4,BROILER STARTER604 2,BROILER STARTER,2026-07-22 18:33:14.837,2026-07-22 19:00:40.510,2026-07-22 19:01:43.987,4500.0,Rovabio P10,176,100.0,2.25,3.506944,Production Recipes,1,
Server2,A199A849-6A21-4891-A42B-1704AE5411C2,9EB5AAF9-4EC2-4BC1-B78F-A2C697BCE705,4,BROILER STARTER604 2,BROILER STARTER,2026-07-22 18:33:14.837,2026-07-22 19:00:40.510,2026-07-22 19:01:43.987,4500.0,Sacox (500g),91,100.0,2.25,3.396991,Production Recipes,1,
Server2,A199A849-6A21-4891-A42B-1704AE5411C2,9EB5AAF9-4EC2-4BC1-B78F-A2C697BCE705,4,BROILER STARTER604 2,BROILER STARTER,2026-07-22 18:33:14.837,2026-07-22 19:00:40.510,2026-07-22 19:01:43.987,4500.0,Salt,202,100.0,12.105,13.02083,Production Recipes,1,
Server2,A199A849-6A21-4891-A42B-1704AE5411C2,9EB5AAF9-4EC2-4BC1-B78F-A2C697BCE705,4,BROILER STARTER604 2,BROILER STARTER,2026-07-22 18:33:14.837,2026-07-22 19:00:40.510,2026-07-22 19:01:43.987,4500.0,SOLIS,124,100.0,6.75,7.146992,Production Recipes,1,
Server2,A199A849-6A21-4891-A42B-1704AE5411C2,9EB5AAF9-4EC2-4BC1-B78F-A2C697BCE705,4,BROILER STARTER604 2,BROILER STARTER,2026-07-22 18:33:14.837,2026-07-22 19:00:40.510,2026-07-22 19:01:43.987,4500.0,SOUDIOM Bicarbon,35,100.0,9.81,9.982643,Production Recipes,1,
Server2,A199A849-6A21-4891-A42B-1704AE5411C2,9EB5AAF9-4EC2-4BC1-B78F-A2C697BCE705,4,BROILER STARTER604 2,BROILER STARTER,2026-07-22 18:33:14.837,2026-07-22 19:00:40.510,2026-07-22 19:01:43.987,4500.0,SOYA-,105,100.0,1755.0,1758.709,Production Recipes,1,
Server2,A199A849-6A21-4891-A42B-1704AE5411C2,9EB5AAF9-4EC2-4BC1-B78F-A2C697BCE705,4,BROILER STARTER604 2,BROILER STARTER,2026-07-22 18:33:14.837,2026-07-22 19:00:40.510,2026-07-22 19:01:43.987,4500.0,Soya Oil,210,100.0,14.58,15.0,Production Recipes,10,
Server2,A199A849-6A21-4891-A42B-1704AE5411C2,9EB5AAF9-4EC2-4BC1-B78F-A2C697BCE705,4,BROILER STARTER604 2,BROILER STARTER,2026-07-22 18:33:14.837,2026-07-22 19:00:40.510,2026-07-22 19:01:43.987,4500.0,TermiN-8,33,100.0,6.75,0.0,Production Recipes,6,
Server2,59204B2B-4C22-478C-B9A2-5C3DD4A95876,9EB5AAF9-4EC2-4BC1-B78F-A2C697BCE705,4,BROILER FINISHER  601 1,BROILER FINISHER BAG,2026-07-22 18:36:33.033,2026-07-22 19:06:20.587,2026-07-22 19:07:23.983,4500.0,BETAIN HCL,142,100.0,2.25,2.361111,Production Recipes,1,
Server2,59204B2B-4C22-478C-B9A2-5C3DD4A95876,9EB5AAF9-4EC2-4BC1-B78F-A2C697BCE705,4,BROILER FINISHER  601 1,BROILER FINISHER BAG,2026-07-22 18:36:33.033,2026-07-22 19:06:20.587,2026-07-22 19:07:23.983,4500.0,BIOSTRONG 510,140,100.0,0.675,0.7595487,Production Recipes,1,
Server2,59204B2B-4C22-478C-B9A2-5C3DD4A95876,9EB5AAF9-4EC2-4BC1-B78F-A2C697BCE705,4,BROILER FINISHER  601 1,BROILER FINISHER BAG,2026-07-22 18:36:33.033,2026-07-22 19:06:20.587,2026-07-22 19:07:23.983,4500.0,Broiler Mineral Mix,31,100.0,4.05,6.25,Production Recipes,1,
Server2,59204B2B-4C22-478C-B9A2-5C3DD4A95876,9EB5AAF9-4EC2-4BC1-B78F-A2C697BCE705,4,BROILER FINISHER  601 1,BROILER FINISHER BAG,2026-07-22 18:36:33.033,2026-07-22 19:06:20.587,2026-07-22 19:07:23.983,4500.0,Broiler Starter PX,69,100.0,4.05,5.127316,Production Recipes,1,
Server2,59204B2B-4C22-478C-B9A2-5C3DD4A95876,9EB5AAF9-4EC2-4BC1-B78F-A2C697BCE705,4,BROILER FINISHER  601 1,BROILER FINISHER BAG,2026-07-22 18:36:33.033,2026-07-22 19:06:20.587,2026-07-22 19:07:23.983,4500.0,Choline Chloride 60%,26,100.0,2.7,3.096066,Production Recipes,1,
Server2,59204B2B-4C22-478C-B9A2-5C3DD4A95876,9EB5AAF9-4EC2-4BC1-B78F-A2C697BCE705,4,BROILER FINISHER  601 1,BROILER FINISHER BAG,2026-07-22 18:36:33.033,2026-07-22 19:06:20.587,2026-07-22 19:07:23.983,4500.0,KENZYME PRO,77,100.0,2.7,3.081597,Production Recipes,1,
Server2,59204B2B-4C22-478C-B9A2-5C3DD4A95876,9EB5AAF9-4EC2-4BC1-B78F-A2C697BCE705,4,BROILER FINISHER  601 1,BROILER FINISHER BAG,2026-07-22 18:36:33.033,2026-07-22 19:06:20.587,2026-07-22 19:07:23.983,4500.0,Limestone,113,100.0,47.655,47.28003,Production Recipes,1,
Server2,59204B2B-4C22-478C-B9A2-5C3DD4A95876,9EB5AAF9-4EC2-4BC1-B78F-A2C697BCE705,4,BROILER FINISHER  601 1,BROILER FINISHER BAG,2026-07-22 18:36:33.033,2026-07-22 19:06:20.587,2026-07-22 19:07:23.983,4500.0,LYSOFORTE DRY,30,100.0,0.9,0.8593751,Production Recipes,1,
Server2,59204B2B-4C22-478C-B9A2-5C3DD4A95876,9EB5AAF9-4EC2-4BC1-B78F-A2C697BCE705,4,BROILER FINISHER  601 1,BROILER FINISHER BAG,2026-07-22 18:36:33.033,2026-07-22 19:06:20.587,2026-07-22 19:07:23.983,4500.0,Maize,100,100.0,2877.075,2875.723,Production Recipes,4,
Server2,59204B2B-4C22-478C-B9A2-5C3DD4A95876,9EB5AAF9-4EC2-4BC1-B78F-A2C697BCE705,4,BROILER FINISHER  601 1,BROILER FINISHER BAG,2026-07-22 18:36:33.033,2026-07-22 19:06:20.587,2026-07-22 19:07:23.983,4500.0,Methionine,12,100.0,9.72,9.982639,Production Recipes,1,
Server2,59204B2B-4C22-478C-B9A2-5C3DD4A95876,9EB5AAF9-4EC2-4BC1-B78F-A2C697BCE705,4,BROILER FINISHER  601 1,BROILER FINISHER BAG,2026-07-22 18:36:33.033,2026-07-22 19:06:20.587,2026-07-22 19:07:23.983,4500.0,Monocalcium Phos,204,100.0,31.14,31.10532,Production Recipes,1,
Server2,59204B2B-4C22-478C-B9A2-5C3DD4A95876,9EB5AAF9-4EC2-4BC1-B78F-A2C697BCE705,4,BROILER FINISHER  601 1,BROILER FINISHER BAG,2026-07-22 18:36:33.033,2026-07-22 19:06:20.587,2026-07-22 19:07:23.983,4500.0,NOVELA ECL,6,100.0,0.45,0.5280671,Production Recipes,1,
Server2,59204B2B-4C22-478C-B9A2-5C3DD4A95876,9EB5AAF9-4EC2-4BC1-B78F-A2C697BCE705,4,BROILER FINISHER  601 1,BROILER FINISHER BAG,2026-07-22 18:36:33.033,2026-07-22 19:06:20.587,2026-07-22 19:07:23.983,4500.0,Rovabio P10,176,100.0,2.25,3.159722,Production Recipes,1,
Server2,59204B2B-4C22-478C-B9A2-5C3DD4A95876,9EB5AAF9-4EC2-4BC1-B78F-A2C697BCE705,4,BROILER FINISHER  601 1,BROILER FINISHER BAG,2026-07-22 18:36:33.033,2026-07-22 19:06:20.587,2026-07-22 19:07:23.983,4500.0,Salt,202,100.0,13.635,14.03356,Production Recipes,1,
Server2,59204B2B-4C22-478C-B9A2-5C3DD4A95876,9EB5AAF9-4EC2-4BC1-B78F-A2C697BCE705,4,BROILER FINISHER  601 1,BROILER FINISHER BAG,2026-07-22 18:36:33.033,2026-07-22 19:06:20.587,2026-07-22 19:07:23.983,4500.0,SOLIS,124,100.0,6.75,7.335069,Production Recipes,1,
Server2,59204B2B-4C22-478C-B9A2-5C3DD4A95876,9EB5AAF9-4EC2-4BC1-B78F-A2C697BCE705,4,BROILER FINISHER  601 1,BROILER FINISHER BAG,2026-07-22 18:36:33.033,2026-07-22 19:06:20.587,2026-07-22 19:07:23.983,4500.0,SOUDIOM Bicarbon,35,100.0,8.145,9.114586,Production Recipes,1,
Server2,59204B2B-4C22-478C-B9A2-5C3DD4A95876,9EB5AAF9-4EC2-4BC1-B78F-A2C697BCE705,4,BROILER FINISHER  601 1,BROILER FINISHER BAG,2026-07-22 18:36:33.033,2026-07-22 19:06:20.587,2026-07-22 19:07:23.983,4500.0,SOYA-,105,100.0,1443.105,1440.393,Production Recipes,1,
Server2,59204B2B-4C22-478C-B9A2-5C3DD4A95876,9EB5AAF9-4EC2-4BC1-B78F-A2C697BCE705,4,BROILER FINISHER  601 1,BROILER FINISHER BAG,2026-07-22 18:36:33.033,2026-07-22 19:06:20.587,2026-07-22 19:07:23.983,4500.0,Soya Oil,210,100.0,37.35,37.75,Production Recipes,10,
Server2,59204B2B-4C22-478C-B9A2-5C3DD4A95876,9EB5AAF9-4EC2-4BC1-B78F-A2C697BCE705,4,BROILER FINISHER  601 1,BROILER FINISHER BAG,2026-07-22 18:36:33.033,2026-07-22 19:06:20.587,2026-07-22 19:07:23.983,4500.0,TermiN-8,33,100.0,4.5,0.0,Production Recipes,6,
Server2,021BC9E5-EB97-4DE0-9D2D-45EC35F09B9A,9EB5AAF9-4EC2-4BC1-B78F-A2C697BCE705,4,BROILER FINISHER  601 2,BROILER FINISHER BAG,2026-07-22 18:36:35.120,2026-07-22 19:19:33.707,2026-07-22 19:20:38.043,4500.0,BETAIN HCL,142,100.0,2.25,2.089121,Production Recipes,1,
Server2,021BC9E5-EB97-4DE0-9D2D-45EC35F09B9A,9EB5AAF9-4EC2-4BC1-B78F-A2C697BCE705,4,BROILER FINISHER  601 2,BROILER FINISHER BAG,2026-07-22 18:36:35.120,2026-07-22 19:19:33.707,2026-07-22 19:20:38.043,4500.0,BIOSTRONG 510,140,100.0,0.675,0.6090858,Production Recipes,1,
Server2,021BC9E5-EB97-4DE0-9D2D-45EC35F09B9A,9EB5AAF9-4EC2-4BC1-B78F-A2C697BCE705,4,BROILER FINISHER  601 2,BROILER FINISHER BAG,2026-07-22 18:36:35.120,2026-07-22 19:19:33.707,2026-07-22 19:20:38.043,4500.0,Broiler Mineral Mix,31,100.0,4.05,5.425347,Production Recipes,1,
Server2,021BC9E5-EB97-4DE0-9D2D-45EC35F09B9A,9EB5AAF9-4EC2-4BC1-B78F-A2C697BCE705,4,BROILER FINISHER  601 2,BROILER FINISHER BAG,2026-07-22 18:36:35.120,2026-07-22 19:19:33.707,2026-07-22 19:20:38.043,4500.0,Broiler Starter PX,69,100.0,4.05,6.91551,Production Recipes,1,
Server2,021BC9E5-EB97-4DE0-9D2D-45EC35F09B9A,9EB5AAF9-4EC2-4BC1-B78F-A2C697BCE705,4,BROILER FINISHER  601 2,BROILER FINISHER BAG,2026-07-22 18:36:35.120,2026-07-22 19:19:33.707,2026-07-22 19:20:38.043,4500.0,Choline Chloride 60%,26,100.0,2.7,3.142362,Production Recipes,1,
Server2,021BC9E5-EB97-4DE0-9D2D-45EC35F09B9A,9EB5AAF9-4EC2-4BC1-B78F-A2C697BCE705,4,BROILER FINISHER  601 2,BROILER FINISHER BAG,2026-07-22 18:36:35.120,2026-07-22 19:19:33.707,2026-07-22 19:20:38.043,4500.0,KENZYME PRO,77,100.0,2.7,3.298612,Production Recipes,1,
Server2,021BC9E5-EB97-4DE0-9D2D-45EC35F09B9A,9EB5AAF9-4EC2-4BC1-B78F-A2C697BCE705,4,BROILER FINISHER  601 2,BROILER FINISHER BAG,2026-07-22 18:36:35.120,2026-07-22 19:19:33.707,2026-07-22 19:20:38.043,4500.0,Limestone,113,100.0,47.655,47.82983,Production Recipes,1,
Server2,021BC9E5-EB97-4DE0-9D2D-45EC35F09B9A,9EB5AAF9-4EC2-4BC1-B78F-A2C697BCE705,4,BROILER FINISHER  601 2,BROILER FINISHER BAG,2026-07-22 18:36:35.120,2026-07-22 19:19:33.707,2026-07-22 19:20:38.043,4500.0,LYSOFORTE DRY,30,100.0,0.9,0.8695024,Production Recipes,1,
Server2,021BC9E5-EB97-4DE0-9D2D-45EC35F09B9A,9EB5AAF9-4EC2-4BC1-B78F-A2C697BCE705,4,BROILER FINISHER  601 2,BROILER FINISHER BAG,2026-07-22 18:36:35.120,2026-07-22 19:19:33.707,2026-07-22 19:20:38.043,4500.0,Maize,100,100.0,2877.075,2893.229,Production Recipes,4,
Server2,021BC9E5-EB97-4DE0-9D2D-45EC35F09B9A,9EB5AAF9-4EC2-4BC1-B78F-A2C697BCE705,4,BROILER FINISHER  601 2,BROILER FINISHER BAG,2026-07-22 18:36:35.120,2026-07-22 19:19:33.707,2026-07-22 19:20:38.043,4500.0,Methionine,12,100.0,9.72,9.982639,Production Recipes,1,
Server2,021BC9E5-EB97-4DE0-9D2D-45EC35F09B9A,9EB5AAF9-4EC2-4BC1-B78F-A2C697BCE705,4,BROILER FINISHER  601 2,BROILER FINISHER BAG,2026-07-22 18:36:35.120,2026-07-22 19:19:33.707,2026-07-22 19:20:38.043,4500.0,Monocalcium Phos,204,100.0,31.14,31.10532,Production Recipes,1,
Server2,021BC9E5-EB97-4DE0-9D2D-45EC35F09B9A,9EB5AAF9-4EC2-4BC1-B78F-A2C697BCE705,4,BROILER FINISHER  601 2,BROILER FINISHER BAG,2026-07-22 18:36:35.120,2026-07-22 19:19:33.707,2026-07-22 19:20:38.043,4500.0,NOVELA ECL,6,100.0,0.45,0.5208334,Production Recipes,1,
Server2,021BC9E5-EB97-4DE0-9D2D-45EC35F09B9A,9EB5AAF9-4EC2-4BC1-B78F-A2C697BCE705,4,BROILER FINISHER  601 2,BROILER FINISHER BAG,2026-07-22 18:36:35.120,2026-07-22 19:19:33.707,2026-07-22 19:20:38.043,4500.0,Rovabio P10,176,100.0,2.25,3.015047,Production Recipes,1,
Server2,021BC9E5-EB97-4DE0-9D2D-45EC35F09B9A,9EB5AAF9-4EC2-4BC1-B78F-A2C697BCE705,4,BROILER FINISHER  601 2,BROILER FINISHER BAG,2026-07-22 18:36:35.120,2026-07-22 19:19:33.707,2026-07-22 19:20:38.043,4500.0,Salt,202,100.0,13.635,21.12268,Production Recipes,1,
Server2,021BC9E5-EB97-4DE0-9D2D-45EC35F09B9A,9EB5AAF9-4EC2-4BC1-B78F-A2C697BCE705,4,BROILER FINISHER  601 2,BROILER FINISHER BAG,2026-07-22 18:36:35.120,2026-07-22 19:19:33.707,2026-07-22 19:20:38.043,4500.0,SOLIS,124,100.0,6.75,7.074653,Production Recipes,1,
Server2,021BC9E5-EB97-4DE0-9D2D-45EC35F09B9A,9EB5AAF9-4EC2-4BC1-B78F-A2C697BCE705,4,BROILER FINISHER  601 2,BROILER FINISHER BAG,2026-07-22 18:36:35.120,2026-07-22 19:19:33.707,2026-07-22 19:20:38.043,4500.0,SOUDIOM Bicarbon,35,100.0,8.145,8.96991,Production Recipes,1,
Server2,021BC9E5-EB97-4DE0-9D2D-45EC35F09B9A,9EB5AAF9-4EC2-4BC1-B78F-A2C697BCE705,4,BROILER FINISHER  601 2,BROILER FINISHER BAG,2026-07-22 18:36:35.120,2026-07-22 19:19:33.707,2026-07-22 19:20:38.043,4500.0,SOYA-,105,100.0,1443.105,1442.043,Production Recipes,1,
Server2,021BC9E5-EB97-4DE0-9D2D-45EC35F09B9A,9EB5AAF9-4EC2-4BC1-B78F-A2C697BCE705,4,BROILER FINISHER  601 2,BROILER FINISHER BAG,2026-07-22 18:36:35.120,2026-07-22 19:19:33.707,2026-07-22 19:20:38.043,4500.0,Soya Oil,210,100.0,37.35,37.75,Production Recipes,10,
Server2,021BC9E5-EB97-4DE0-9D2D-45EC35F09B9A,9EB5AAF9-4EC2-4BC1-B78F-A2C697BCE705,4,BROILER FINISHER  601 2,BROILER FINISHER BAG,2026-07-22 18:36:35.120,2026-07-22 19:19:33.707,2026-07-22 19:20:38.043,4500.0,TermiN-8,33,100.0,4.5,0.0,Production Recipes,6,
Server2,FC951DD6-9990-4036-A526-ABFF58E5C4C1,9EB5AAF9-4EC2-4BC1-B78F-A2C697BCE705,4,BROILER GROWER605 1,BROILER GROWER,2026-07-22 18:37:06.837,2026-07-22 19:25:34.890,2026-07-22 19:26:39.200,4500.0,BETAIN HCL,142,100.0,2.25,2.326389,Production Recipes,1,
Server2,FC951DD6-9990-4036-A526-ABFF58E5C4C1,9EB5AAF9-4EC2-4BC1-B78F-A2C697BCE705,4,BROILER GROWER605 1,BROILER GROWER,2026-07-22 18:37:06.837,2026-07-22 19:25:34.890,2026-07-22 19:26:39.200,4500.0,BIOSTRONG 510,140,100.0,0.675,0.7508681,Production Recipes,1,
Server2,FC951DD6-9990-4036-A526-ABFF58E5C4C1,9EB5AAF9-4EC2-4BC1-B78F-A2C697BCE705,4,BROILER GROWER605 1,BROILER GROWER,2026-07-22 18:37:06.837,2026-07-22 19:25:34.890,2026-07-22 19:26:39.200,4500.0,Broiler Mineral Mix,31,100.0,4.05,5.381945,Production Recipes,1,
Server2,FC951DD6-9990-4036-A526-ABFF58E5C4C1,9EB5AAF9-4EC2-4BC1-B78F-A2C697BCE705,4,BROILER GROWER605 1,BROILER GROWER,2026-07-22 18:37:06.837,2026-07-22 19:25:34.890,2026-07-22 19:26:39.200,4500.0,Broiler Starter PX,69,100.0,4.05,4.976852,Production Recipes,1,
Server2,FC951DD6-9990-4036-A526-ABFF58E5C4C1,9EB5AAF9-4EC2-4BC1-B78F-A2C697BCE705,4,BROILER GROWER605 1,BROILER GROWER,2026-07-22 18:37:06.837,2026-07-22 19:25:34.890,2026-07-22 19:26:39.200,4500.0,Choline Chloride 60%,26,100.0,2.7,3.350694,Production Recipes,1,
Server2,FC951DD6-9990-4036-A526-ABFF58E5C4C1,9EB5AAF9-4EC2-4BC1-B78F-A2C697BCE705,4,BROILER GROWER605 1,BROILER GROWER,2026-07-22 18:37:06.837,2026-07-22 19:25:34.890,2026-07-22 19:26:39.200,4500.0,KENZYME PRO,77,100.0,2.7,3.269675,Production Recipes,1,
Server2,FC951DD6-9990-4036-A526-ABFF58E5C4C1,9EB5AAF9-4EC2-4BC1-B78F-A2C697BCE705,4,BROILER GROWER605 1,BROILER GROWER,2026-07-22 18:37:06.837,2026-07-22 19:25:34.890,2026-07-22 19:26:39.200,4500.0,Limestone,113,100.0,55.485,55.52661,Production Recipes,1,
Server2,FC951DD6-9990-4036-A526-ABFF58E5C4C1,9EB5AAF9-4EC2-4BC1-B78F-A2C697BCE705,4,BROILER GROWER605 1,BROILER GROWER,2026-07-22 18:37:06.837,2026-07-22 19:25:34.890,2026-07-22 19:26:39.200,4500.0,LYSOFORTE DRY,30,100.0,0.9,0.9100116,Production Recipes,1,
Server2,FC951DD6-9990-4036-A526-ABFF58E5C4C1,9EB5AAF9-4EC2-4BC1-B78F-A2C697BCE705,4,BROILER GROWER605 1,BROILER GROWER,2026-07-22 18:37:06.837,2026-07-22 19:25:34.890,2026-07-22 19:26:39.200,4500.0,Maize,100,100.0,2679.705,2681.568,Production Recipes,4,
Server2,FC951DD6-9990-4036-A526-ABFF58E5C4C1,9EB5AAF9-4EC2-4BC1-B78F-A2C697BCE705,4,BROILER GROWER605 1,BROILER GROWER,2026-07-22 18:37:06.837,2026-07-22 19:25:34.890,2026-07-22 19:26:39.200,4500.0,Methionine,12,100.0,10.62,10.99537,Production Recipes,1,
Server2,FC951DD6-9990-4036-A526-ABFF58E5C4C1,9EB5AAF9-4EC2-4BC1-B78F-A2C697BCE705,4,BROILER GROWER605 1,BROILER GROWER,2026-07-22 18:37:06.837,2026-07-22 19:25:34.890,2026-07-22 19:26:39.200,4500.0,Monocalcium Phos,204,100.0,38.745,39.0625,Production Recipes,1,
Server2,FC951DD6-9990-4036-A526-ABFF58E5C4C1,9EB5AAF9-4EC2-4BC1-B78F-A2C697BCE705,4,BROILER GROWER605 1,BROILER GROWER,2026-07-22 18:37:06.837,2026-07-22 19:25:34.890,2026-07-22 19:26:39.200,4500.0,NOVELA ECL,6,100.0,0.45,0.5309607,Production Recipes,1,
Server2,FC951DD6-9990-4036-A526-ABFF58E5C4C1,9EB5AAF9-4EC2-4BC1-B78F-A2C697BCE705,4,BROILER GROWER605 1,BROILER GROWER,2026-07-22 18:37:06.837,2026-07-22 19:25:34.890,2026-07-22 19:26:39.200,4500.0,Provi Oxi Stop,21,100.0,0.45,1.231192,Production Recipes,1,
Server2,FC951DD6-9990-4036-A526-ABFF58E5C4C1,9EB5AAF9-4EC2-4BC1-B78F-A2C697BCE705,4,BROILER GROWER605 1,BROILER GROWER,2026-07-22 18:37:06.837,2026-07-22 19:25:34.890,2026-07-22 19:26:39.200,4500.0,Rovabio P10,176,100.0,2.25,2.592594,Production Recipes,1,
Server2,FC951DD6-9990-4036-A526-ABFF58E5C4C1,9EB5AAF9-4EC2-4BC1-B78F-A2C697BCE705,4,BROILER GROWER605 1,BROILER GROWER,2026-07-22 18:37:06.837,2026-07-22 19:25:34.890,2026-07-22 19:26:39.200,4500.0,Sacox (500g),91,100.0,2.25,3.547454,Production Recipes,1,
Server2,FC951DD6-9990-4036-A526-ABFF58E5C4C1,9EB5AAF9-4EC2-4BC1-B78F-A2C697BCE705,4,BROILER GROWER605 1,BROILER GROWER,2026-07-22 18:37:06.837,2026-07-22 19:25:34.890,2026-07-22 19:26:39.200,4500.0,Salt,202,100.0,12.96,13.16551,Production Recipes,1,
Server2,FC951DD6-9990-4036-A526-ABFF58E5C4C1,9EB5AAF9-4EC2-4BC1-B78F-A2C697BCE705,4,BROILER GROWER605 1,BROILER GROWER,2026-07-22 18:37:06.837,2026-07-22 19:25:34.890,2026-07-22 19:26:39.200,4500.0,SOLIS,124,100.0,6.75,7.03125,Production Recipes,1,
Server2,FC951DD6-9990-4036-A526-ABFF58E5C4C1,9EB5AAF9-4EC2-4BC1-B78F-A2C697BCE705,4,BROILER GROWER605 1,BROILER GROWER,2026-07-22 18:37:06.837,2026-07-22 19:25:34.890,2026-07-22 19:26:39.200,4500.0,SOUDIOM Bicarbon,35,100.0,8.955,9.114578,Production Recipes,1,
Server2,FC951DD6-9990-4036-A526-ABFF58E5C4C1,9EB5AAF9-4EC2-4BC1-B78F-A2C697BCE705,4,BROILER GROWER605 1,BROILER GROWER,2026-07-22 18:37:06.837,2026-07-22 19:25:34.890,2026-07-22 19:26:39.200,4500.0,SOYA-,105,100.0,1619.145,1611.371,Production Recipes,1,
Server2,FC951DD6-9990-4036-A526-ABFF58E5C4C1,9EB5AAF9-4EC2-4BC1-B78F-A2C697BCE705,4,BROILER GROWER605 1,BROILER GROWER,2026-07-22 18:37:06.837,2026-07-22 19:25:34.890,2026-07-22 19:26:39.200,4500.0,Soya Oil,210,100.0,37.35,37.75,Production Recipes,10,
Server2,FC951DD6-9990-4036-A526-ABFF58E5C4C1,9EB5AAF9-4EC2-4BC1-B78F-A2C697BCE705,4,BROILER GROWER605 1,BROILER GROWER,2026-07-22 18:37:06.837,2026-07-22 19:25:34.890,2026-07-22 19:26:39.200,4500.0,TermiN-8,33,100.0,6.75,0.0,Production Recipes,6,
Server2,912DF348-2B77-4D01-A78F-4C6C151476B7,9EB5AAF9-4EC2-4BC1-B78F-A2C697BCE705,4,BROILER GROWER605 2,BROILER GROWER,2026-07-22 18:37:08.850,2026-07-22 19:29:22.980,2026-07-22 19:30:27.103,4500.0,BETAIN HCL,142,100.0,2.25,2.864583,Production Recipes,1,
Server2,912DF348-2B77-4D01-A78F-4C6C151476B7,9EB5AAF9-4EC2-4BC1-B78F-A2C697BCE705,4,BROILER GROWER605 2,BROILER GROWER,2026-07-22 18:37:08.850,2026-07-22 19:29:22.980,2026-07-22 19:30:27.103,4500.0,BIOSTRONG 510,140,100.0,0.675,0.6409142,Production Recipes,1,
Server2,912DF348-2B77-4D01-A78F-4C6C151476B7,9EB5AAF9-4EC2-4BC1-B78F-A2C697BCE705,4,BROILER GROWER605 2,BROILER GROWER,2026-07-22 18:37:08.850,2026-07-22 19:29:22.980,2026-07-22 19:30:27.103,4500.0,Broiler Mineral Mix,31,100.0,4.05,5.960648,Production Recipes,1,
Server2,912DF348-2B77-4D01-A78F-4C6C151476B7,9EB5AAF9-4EC2-4BC1-B78F-A2C697BCE705,4,BROILER GROWER605 2,BROILER GROWER,2026-07-22 18:37:08.850,2026-07-22 19:29:22.980,2026-07-22 19:30:27.103,4500.0,Broiler Starter PX,69,100.0,4.05,6.209491,Production Recipes,1,
Server2,912DF348-2B77-4D01-A78F-4C6C151476B7,9EB5AAF9-4EC2-4BC1-B78F-A2C697BCE705,4,BROILER GROWER605 2,BROILER GROWER,2026-07-22 18:37:08.850,2026-07-22 19:29:22.980,2026-07-22 19:30:27.103,4500.0,Choline Chloride 60%,26,100.0,2.7,2.957176,Production Recipes,1,
Server2,912DF348-2B77-4D01-A78F-4C6C151476B7,9EB5AAF9-4EC2-4BC1-B78F-A2C697BCE705,4,BROILER GROWER605 2,BROILER GROWER,2026-07-22 18:37:08.850,2026-07-22 19:29:22.980,2026-07-22 19:30:27.103,4500.0,KENZYME PRO,77,100.0,2.7,2.922454,Production Recipes,1,
Server2,912DF348-2B77-4D01-A78F-4C6C151476B7,9EB5AAF9-4EC2-4BC1-B78F-A2C697BCE705,4,BROILER GROWER605 2,BROILER GROWER,2026-07-22 18:37:08.850,2026-07-22 19:29:22.980,2026-07-22 19:30:27.103,4500.0,Limestone,113,100.0,55.485,67.07178,Production Recipes,1,
Server2,912DF348-2B77-4D01-A78F-4C6C151476B7,9EB5AAF9-4EC2-4BC1-B78F-A2C697BCE705,4,BROILER GROWER605 2,BROILER GROWER,2026-07-22 18:37:08.850,2026-07-22 19:29:22.980,2026-07-22 19:30:27.103,4500.0,LYSOFORTE DRY,30,100.0,0.9,0.9186922,Production Recipes,1,
Server2,912DF348-2B77-4D01-A78F-4C6C151476B7,9EB5AAF9-4EC2-4BC1-B78F-A2C697BCE705,4,BROILER GROWER605 2,BROILER GROWER,2026-07-22 18:37:08.850,2026-07-22 19:29:22.980,2026-07-22 19:30:27.103,4500.0,Maize,100,100.0,2679.705,2678.385,Production Recipes,4,
Server2,912DF348-2B77-4D01-A78F-4C6C151476B7,9EB5AAF9-4EC2-4BC1-B78F-A2C697BCE705,4,BROILER GROWER605 2,BROILER GROWER,2026-07-22 18:37:08.850,2026-07-22 19:29:22.980,2026-07-22 19:30:27.103,4500.0,Methionine,12,100.0,10.62,10.99537,Production Recipes,1,
Server2,912DF348-2B77-4D01-A78F-4C6C151476B7,9EB5AAF9-4EC2-4BC1-B78F-A2C697BCE705,4,BROILER GROWER605 2,BROILER GROWER,2026-07-22 18:37:08.850,2026-07-22 19:29:22.980,2026-07-22 19:30:27.103,4500.0,Monocalcium Phos,204,100.0,38.745,39.20717,Production Recipes,1,
Server2,912DF348-2B77-4D01-A78F-4C6C151476B7,9EB5AAF9-4EC2-4BC1-B78F-A2C697BCE705,4,BROILER GROWER605 2,BROILER GROWER,2026-07-22 18:37:08.850,2026-07-22 19:29:22.980,2026-07-22 19:30:27.103,4500.0,NOVELA ECL,6,100.0,0.45,1.090857,Production Recipes,1,
Server2,912DF348-2B77-4D01-A78F-4C6C151476B7,9EB5AAF9-4EC2-4BC1-B78F-A2C697BCE705,4,BROILER GROWER605 2,BROILER GROWER,2026-07-22 18:37:08.850,2026-07-22 19:29:22.980,2026-07-22 19:30:27.103,4500.0,Provi Oxi Stop,21,100.0,0.45,1.050347,Production Recipes,1,
Server2,912DF348-2B77-4D01-A78F-4C6C151476B7,9EB5AAF9-4EC2-4BC1-B78F-A2C697BCE705,4,BROILER GROWER605 2,BROILER GROWER,2026-07-22 18:37:08.850,2026-07-22 19:29:22.980,2026-07-22 19:30:27.103,4500.0,Rovabio P10,176,100.0,2.25,2.737268,Production Recipes,1,
Server2,912DF348-2B77-4D01-A78F-4C6C151476B7,9EB5AAF9-4EC2-4BC1-B78F-A2C697BCE705,4,BROILER GROWER605 2,BROILER GROWER,2026-07-22 18:37:08.850,2026-07-22 19:29:22.980,2026-07-22 19:30:27.103,4500.0,Sacox (500g),91,100.0,2.25,2.91088,Production Recipes,1,
Server2,912DF348-2B77-4D01-A78F-4C6C151476B7,9EB5AAF9-4EC2-4BC1-B78F-A2C697BCE705,4,BROILER GROWER605 2,BROILER GROWER,2026-07-22 18:37:08.850,2026-07-22 19:29:22.980,2026-07-22 19:30:27.103,4500.0,Salt,202,100.0,12.96,14.03356,Production Recipes,1,
Server2,912DF348-2B77-4D01-A78F-4C6C151476B7,9EB5AAF9-4EC2-4BC1-B78F-A2C697BCE705,4,BROILER GROWER605 2,BROILER GROWER,2026-07-22 18:37:08.850,2026-07-22 19:29:22.980,2026-07-22 19:30:27.103,4500.0,SOLIS,124,100.0,6.75,7.219329,Production Recipes,1,
Server2,912DF348-2B77-4D01-A78F-4C6C151476B7,9EB5AAF9-4EC2-4BC1-B78F-A2C697BCE705,4,BROILER GROWER605 2,BROILER GROWER,2026-07-22 18:37:08.850,2026-07-22 19:29:22.980,2026-07-22 19:30:27.103,4500.0,SOUDIOM Bicarbon,35,100.0,8.955,9.114586,Production Recipes,1,
Server2,912DF348-2B77-4D01-A78F-4C6C151476B7,9EB5AAF9-4EC2-4BC1-B78F-A2C697BCE705,4,BROILER GROWER605 2,BROILER GROWER,2026-07-22 18:37:08.850,2026-07-22 19:29:22.980,2026-07-22 19:30:27.103,4500.0,SOYA-,105,100.0,1619.145,1619.618,Production Recipes,1,
Server2,912DF348-2B77-4D01-A78F-4C6C151476B7,9EB5AAF9-4EC2-4BC1-B78F-A2C697BCE705,4,BROILER GROWER605 2,BROILER GROWER,2026-07-22 18:37:08.850,2026-07-22 19:29:22.980,2026-07-22 19:30:27.103,4500.0,Soya Oil,210,100.0,37.35,37.75,Production Recipes,10,
Server2,912DF348-2B77-4D01-A78F-4C6C151476B7,9EB5AAF9-4EC2-4BC1-B78F-A2C697BCE705,4,BROILER GROWER605 2,BROILER GROWER,2026-07-22 18:37:08.850,2026-07-22 19:29:22.980,2026-07-22 19:30:27.103,4500.0,TermiN-8,33,100.0,6.75,0.0,Production Recipes,6,
Server2,E24373F2-D01D-4293-BF59-23304406912D,9EB5AAF9-4EC2-4BC1-B78F-A2C697BCE705,4,BROILER GROWER605 3,BROILER GROWER,2026-07-22 18:37:12.960,2026-07-22 19:37:43.913,2026-07-22 19:38:48.100,4500.0,BETAIN HCL,142,100.0,2.25,2.309028,Production Recipes,1,
Server2,E24373F2-D01D-4293-BF59-23304406912D,9EB5AAF9-4EC2-4BC1-B78F-A2C697BCE705,4,BROILER GROWER605 3,BROILER GROWER,2026-07-22 18:37:12.960,2026-07-22 19:37:43.913,2026-07-22 19:38:48.100,4500.0,BIOSTRONG 510,140,100.0,0.675,0.7494214,Production Recipes,1,
Server2,E24373F2-D01D-4293-BF59-23304406912D,9EB5AAF9-4EC2-4BC1-B78F-A2C697BCE705,4,BROILER GROWER605 3,BROILER GROWER,2026-07-22 18:37:12.960,2026-07-22 19:37:43.913,2026-07-22 19:38:48.100,4500.0,Broiler Mineral Mix,31,100.0,4.05,6.235532,Production Recipes,1,
Server2,E24373F2-D01D-4293-BF59-23304406912D,9EB5AAF9-4EC2-4BC1-B78F-A2C697BCE705,4,BROILER GROWER605 3,BROILER GROWER,2026-07-22 18:37:12.960,2026-07-22 19:37:43.913,2026-07-22 19:38:48.100,4500.0,Broiler Starter PX,69,100.0,4.05,5.862268,Production Recipes,1,
Server2,E24373F2-D01D-4293-BF59-23304406912D,9EB5AAF9-4EC2-4BC1-B78F-A2C697BCE705,4,BROILER GROWER605 3,BROILER GROWER,2026-07-22 18:37:12.960,2026-07-22 19:37:43.913,2026-07-22 19:38:48.100,4500.0,Choline Chloride 60%,26,100.0,2.7,2.494214,Production Recipes,1,
Server2,E24373F2-D01D-4293-BF59-23304406912D,9EB5AAF9-4EC2-4BC1-B78F-A2C697BCE705,4,BROILER GROWER605 3,BROILER GROWER,2026-07-22 18:37:12.960,2026-07-22 19:37:43.913,2026-07-22 19:38:48.100,4500.0,KENZYME PRO,77,100.0,2.7,3.284143,Production Recipes,1,
Server2,E24373F2-D01D-4293-BF59-23304406912D,9EB5AAF9-4EC2-4BC1-B78F-A2C697BCE705,4,BROILER GROWER605 3,BROILER GROWER,2026-07-22 18:37:12.960,2026-07-22 19:37:43.913,2026-07-22 19:38:48.100,4500.0,Limestone,113,100.0,55.485,61.02429,Production Recipes,1,
Server2,E24373F2-D01D-4293-BF59-23304406912D,9EB5AAF9-4EC2-4BC1-B78F-A2C697BCE705,4,BROILER GROWER605 3,BROILER GROWER,2026-07-22 18:37:12.960,2026-07-22 19:37:43.913,2026-07-22 19:38:48.100,4500.0,LYSOFORTE DRY,30,100.0,0.9,0.8998843,Production Recipes,1,
Server2,E24373F2-D01D-4293-BF59-23304406912D,9EB5AAF9-4EC2-4BC1-B78F-A2C697BCE705,4,BROILER GROWER605 3,BROILER GROWER,2026-07-22 18:37:12.960,2026-07-22 19:37:43.913,2026-07-22 19:38:48.100,4500.0,Maize,100,100.0,2679.705,2686.343,Production Recipes,4,
Server2,E24373F2-D01D-4293-BF59-23304406912D,9EB5AAF9-4EC2-4BC1-B78F-A2C697BCE705,4,BROILER GROWER605 3,BROILER GROWER,2026-07-22 18:37:12.960,2026-07-22 19:37:43.913,2026-07-22 19:38:48.100,4500.0,Methionine,12,100.0,10.62,10.99537,Production Recipes,1,
Server2,E24373F2-D01D-4293-BF59-23304406912D,9EB5AAF9-4EC2-4BC1-B78F-A2C697BCE705,4,BROILER GROWER605 3,BROILER GROWER,2026-07-22 18:37:12.960,2026-07-22 19:37:43.913,2026-07-22 19:38:48.100,4500.0,Monocalcium Phos,204,100.0,38.745,39.20717,Production Recipes,1,
Server2,E24373F2-D01D-4293-BF59-23304406912D,9EB5AAF9-4EC2-4BC1-B78F-A2C697BCE705,4,BROILER GROWER605 3,BROILER GROWER,2026-07-22 18:37:12.960,2026-07-22 19:37:43.913,2026-07-22 19:38:48.100,4500.0,NOVELA ECL,6,100.0,0.45,0.5497685,Production Recipes,1,
Server2,E24373F2-D01D-4293-BF59-23304406912D,9EB5AAF9-4EC2-4BC1-B78F-A2C697BCE705,4,BROILER GROWER605 3,BROILER GROWER,2026-07-22 18:37:12.960,2026-07-22 19:37:43.913,2026-07-22 19:38:48.100,4500.0,Provi Oxi Stop,21,100.0,0.45,0.9302664,Production Recipes,1,
Server2,E24373F2-D01D-4293-BF59-23304406912D,9EB5AAF9-4EC2-4BC1-B78F-A2C697BCE705,4,BROILER GROWER605 3,BROILER GROWER,2026-07-22 18:37:12.960,2026-07-22 19:37:43.913,2026-07-22 19:38:48.100,4500.0,Rovabio P10,176,100.0,2.25,2.910879,Production Recipes,1,
Server2,E24373F2-D01D-4293-BF59-23304406912D,9EB5AAF9-4EC2-4BC1-B78F-A2C697BCE705,4,BROILER GROWER605 3,BROILER GROWER,2026-07-22 18:37:12.960,2026-07-22 19:37:43.913,2026-07-22 19:38:48.100,4500.0,Sacox (500g),91,100.0,2.25,4.079862,Production Recipes,1,
Server2,E24373F2-D01D-4293-BF59-23304406912D,9EB5AAF9-4EC2-4BC1-B78F-A2C697BCE705,4,BROILER GROWER605 3,BROILER GROWER,2026-07-22 18:37:12.960,2026-07-22 19:37:43.913,2026-07-22 19:38:48.100,4500.0,Salt,202,100.0,12.96,13.02083,Production Recipes,1,
Server2,E24373F2-D01D-4293-BF59-23304406912D,9EB5AAF9-4EC2-4BC1-B78F-A2C697BCE705,4,BROILER GROWER605 3,BROILER GROWER,2026-07-22 18:37:12.960,2026-07-22 19:37:43.913,2026-07-22 19:38:48.100,4500.0,SOLIS,124,100.0,6.75,7.465278,Production Recipes,1,
Server2,E24373F2-D01D-4293-BF59-23304406912D,9EB5AAF9-4EC2-4BC1-B78F-A2C697BCE705,4,BROILER GROWER605 3,BROILER GROWER,2026-07-22 18:37:12.960,2026-07-22 19:37:43.913,2026-07-22 19:38:48.100,4500.0,SOUDIOM Bicarbon,35,100.0,8.955,9.114586,Production Recipes,1,
Server2,E24373F2-D01D-4293-BF59-23304406912D,9EB5AAF9-4EC2-4BC1-B78F-A2C697BCE705,4,BROILER GROWER605 3,BROILER GROWER,2026-07-22 18:37:12.960,2026-07-22 19:37:43.913,2026-07-22 19:38:48.100,4500.0,SOYA-,105,100.0,1619.145,1618.519,Production Recipes,1,
Server2,E24373F2-D01D-4293-BF59-23304406912D,9EB5AAF9-4EC2-4BC1-B78F-A2C697BCE705,4,BROILER GROWER605 3,BROILER GROWER,2026-07-22 18:37:12.960,2026-07-22 19:37:43.913,2026-07-22 19:38:48.100,4500.0,Soya Oil,210,100.0,37.35,37.75,Production Recipes,10,
Server2,E24373F2-D01D-4293-BF59-23304406912D,9EB5AAF9-4EC2-4BC1-B78F-A2C697BCE705,4,BROILER GROWER605 3,BROILER GROWER,2026-07-22 18:37:12.960,2026-07-22 19:37:43.913,2026-07-22 19:38:48.100,4500.0,TermiN-8,33,100.0,6.75,0.0,Production Recipes,6,
Server2,F70EB32B-1B14-4E05-A23E-EC3F7E57911B,9EB5AAF9-4EC2-4BC1-B78F-A2C697BCE705,4,BROILER GROWER605 1,BROILER GROWER,2026-07-22 20:27:26.437,2026-07-22 20:43:37.783,2026-07-22 20:44:42.330,4500.0,BETAIN HCL,142,100.0,2.25,2.951389,Production Recipes,1,
Server2,F70EB32B-1B14-4E05-A23E-EC3F7E57911B,9EB5AAF9-4EC2-4BC1-B78F-A2C697BCE705,4,BROILER GROWER605 1,BROILER GROWER,2026-07-22 20:27:26.437,2026-07-22 20:43:37.783,2026-07-22 20:44:42.330,4500.0,BIOSTRONG 510,140,100.0,0.675,0.6698496,Production Recipes,1,
Server2,F70EB32B-1B14-4E05-A23E-EC3F7E57911B,9EB5AAF9-4EC2-4BC1-B78F-A2C697BCE705,4,BROILER GROWER605 1,BROILER GROWER,2026-07-22 20:27:26.437,2026-07-22 20:43:37.783,2026-07-22 20:44:42.330,4500.0,Broiler Mineral Mix,31,100.0,4.05,5.627893,Production Recipes,1,
Server2,F70EB32B-1B14-4E05-A23E-EC3F7E57911B,9EB5AAF9-4EC2-4BC1-B78F-A2C697BCE705,4,BROILER GROWER605 1,BROILER GROWER,2026-07-22 20:27:26.437,2026-07-22 20:43:37.783,2026-07-22 20:44:42.330,4500.0,Broiler Starter PX,69,100.0,4.05,5.387732,Production Recipes,1,
Server2,F70EB32B-1B14-4E05-A23E-EC3F7E57911B,9EB5AAF9-4EC2-4BC1-B78F-A2C697BCE705,4,BROILER GROWER605 1,BROILER GROWER,2026-07-22 20:27:26.437,2026-07-22 20:43:37.783,2026-07-22 20:44:42.330,4500.0,Choline Chloride 60%,26,100.0,2.7,2.471066,Production Recipes,1,
Server2,F70EB32B-1B14-4E05-A23E-EC3F7E57911B,9EB5AAF9-4EC2-4BC1-B78F-A2C697BCE705,4,BROILER GROWER605 1,BROILER GROWER,2026-07-22 20:27:26.437,2026-07-22 20:43:37.783,2026-07-22 20:44:42.330,4500.0,KENZYME PRO,77,100.0,2.7,2.835648,Production Recipes,1,
Server2,F70EB32B-1B14-4E05-A23E-EC3F7E57911B,9EB5AAF9-4EC2-4BC1-B78F-A2C697BCE705,4,BROILER GROWER605 1,BROILER GROWER,2026-07-22 20:27:26.437,2026-07-22 20:43:37.783,2026-07-22 20:44:42.330,4500.0,Limestone,113,100.0,55.485,56.07642,Production Recipes,1,
Server2,F70EB32B-1B14-4E05-A23E-EC3F7E57911B,9EB5AAF9-4EC2-4BC1-B78F-A2C697BCE705,4,BROILER GROWER605 1,BROILER GROWER,2026-07-22 20:27:26.437,2026-07-22 20:43:37.783,2026-07-22 20:44:42.330,4500.0,LYSOFORTE DRY,30,100.0,0.9,0.9302663,Production Recipes,1,
Server2,F70EB32B-1B14-4E05-A23E-EC3F7E57911B,9EB5AAF9-4EC2-4BC1-B78F-A2C697BCE705,4,BROILER GROWER605 1,BROILER GROWER,2026-07-22 20:27:26.437,2026-07-22 20:43:37.783,2026-07-22 20:44:42.330,4500.0,Maize,100,100.0,2679.705,2681.568,Production Recipes,4,
Server2,F70EB32B-1B14-4E05-A23E-EC3F7E57911B,9EB5AAF9-4EC2-4BC1-B78F-A2C697BCE705,4,BROILER GROWER605 1,BROILER GROWER,2026-07-22 20:27:26.437,2026-07-22 20:43:37.783,2026-07-22 20:44:42.330,4500.0,Methionine,12,100.0,10.62,10.99537,Production Recipes,1,
Server2,F70EB32B-1B14-4E05-A23E-EC3F7E57911B,9EB5AAF9-4EC2-4BC1-B78F-A2C697BCE705,4,BROILER GROWER605 1,BROILER GROWER,2026-07-22 20:27:26.437,2026-07-22 20:43:37.783,2026-07-22 20:44:42.330,4500.0,Monocalcium Phos,204,100.0,38.745,39.0625,Production Recipes,1,
Server2,F70EB32B-1B14-4E05-A23E-EC3F7E57911B,9EB5AAF9-4EC2-4BC1-B78F-A2C697BCE705,4,BROILER GROWER605 1,BROILER GROWER,2026-07-22 20:27:26.437,2026-07-22 20:43:37.783,2026-07-22 20:44:42.330,4500.0,NOVELA ECL,6,100.0,0.45,1.180556,Production Recipes,1,
Server2,F70EB32B-1B14-4E05-A23E-EC3F7E57911B,9EB5AAF9-4EC2-4BC1-B78F-A2C697BCE705,4,BROILER GROWER605 1,BROILER GROWER,2026-07-22 20:27:26.437,2026-07-22 20:43:37.783,2026-07-22 20:44:42.330,4500.0,Provi Oxi Stop,21,100.0,0.45,1.111111,Production Recipes,1,
Server2,F70EB32B-1B14-4E05-A23E-EC3F7E57911B,9EB5AAF9-4EC2-4BC1-B78F-A2C697BCE705,4,BROILER GROWER605 1,BROILER GROWER,2026-07-22 20:27:26.437,2026-07-22 20:43:37.783,2026-07-22 20:44:42.330,4500.0,Rovabio P10,176,100.0,2.25,3.055555,Production Recipes,1,
Server2,F70EB32B-1B14-4E05-A23E-EC3F7E57911B,9EB5AAF9-4EC2-4BC1-B78F-A2C697BCE705,4,BROILER GROWER605 1,BROILER GROWER,2026-07-22 20:27:26.437,2026-07-22 20:43:37.783,2026-07-22 20:44:42.330,4500.0,Sacox (500g),91,100.0,2.25,3.003472,Production Recipes,1,
Server2,F70EB32B-1B14-4E05-A23E-EC3F7E57911B,9EB5AAF9-4EC2-4BC1-B78F-A2C697BCE705,4,BROILER GROWER605 1,BROILER GROWER,2026-07-22 20:27:26.437,2026-07-22 20:43:37.783,2026-07-22 20:44:42.330,4500.0,Salt,202,100.0,12.96,13.02084,Production Recipes,1,
Server2,F70EB32B-1B14-4E05-A23E-EC3F7E57911B,9EB5AAF9-4EC2-4BC1-B78F-A2C697BCE705,4,BROILER GROWER605 1,BROILER GROWER,2026-07-22 20:27:26.437,2026-07-22 20:43:37.783,2026-07-22 20:44:42.330,4500.0,SOLIS,124,100.0,6.75,7.364004,Production Recipes,1,
Server2,F70EB32B-1B14-4E05-A23E-EC3F7E57911B,9EB5AAF9-4EC2-4BC1-B78F-A2C697BCE705,4,BROILER GROWER605 1,BROILER GROWER,2026-07-22 20:27:26.437,2026-07-22 20:43:37.783,2026-07-22 20:44:42.330,4500.0,SOUDIOM Bicarbon,35,100.0,8.955,9.114586,Production Recipes,1,
Server2,F70EB32B-1B14-4E05-A23E-EC3F7E57911B,9EB5AAF9-4EC2-4BC1-B78F-A2C697BCE705,4,BROILER GROWER605 1,BROILER GROWER,2026-07-22 20:27:26.437,2026-07-22 20:43:37.783,2026-07-22 20:44:42.330,4500.0,SOYA-,105,100.0,1619.145,1616.319,Production Recipes,1,
Server2,F70EB32B-1B14-4E05-A23E-EC3F7E57911B,9EB5AAF9-4EC2-4BC1-B78F-A2C697BCE705,4,BROILER GROWER605 1,BROILER GROWER,2026-07-22 20:27:26.437,2026-07-22 20:43:37.783,2026-07-22 20:44:42.330,4500.0,Soya Oil,210,100.0,37.35,38.0,Production Recipes,10,
Server2,F70EB32B-1B14-4E05-A23E-EC3F7E57911B,9EB5AAF9-4EC2-4BC1-B78F-A2C697BCE705,4,BROILER GROWER605 1,BROILER GROWER,2026-07-22 20:27:26.437,2026-07-22 20:43:37.783,2026-07-22 20:44:42.330,4500.0,TermiN-8,33,100.0,6.75,0.0,Production Recipes,6,
Server2,0E03777A-687A-47CA-A768-68E8C8561A9D,9EB5AAF9-4EC2-4BC1-B78F-A2C697BCE705,4,BROILER GROWER605 2,BROILER GROWER,2026-07-22 20:27:28.230,2026-07-22 20:49:15.667,2026-07-22 20:50:20.267,4500.0,BETAIN HCL,142,100.0,2.25,2.743056,Production Recipes,1,
Server2,0E03777A-687A-47CA-A768-68E8C8561A9D,9EB5AAF9-4EC2-4BC1-B78F-A2C697BCE705,4,BROILER GROWER605 2,BROILER GROWER,2026-07-22 20:27:28.230,2026-07-22 20:49:15.667,2026-07-22 20:50:20.267,4500.0,BIOSTRONG 510,140,100.0,0.675,0.7913773,Production Recipes,1,
Server2,0E03777A-687A-47CA-A768-68E8C8561A9D,9EB5AAF9-4EC2-4BC1-B78F-A2C697BCE705,4,BROILER GROWER605 2,BROILER GROWER,2026-07-22 20:27:28.230,2026-07-22 20:49:15.667,2026-07-22 20:50:20.267,4500.0,Broiler Mineral Mix,31,100.0,4.05,5.439815,Production Recipes,1,
Server2,0E03777A-687A-47CA-A768-68E8C8561A9D,9EB5AAF9-4EC2-4BC1-B78F-A2C697BCE705,4,BROILER GROWER605 2,BROILER GROWER,2026-07-22 20:27:28.230,2026-07-22 20:49:15.667,2026-07-22 20:50:20.267,4500.0,Broiler Starter PX,69,100.0,4.05,5.914352,Production Recipes,1,
Server2,0E03777A-687A-47CA-A768-68E8C8561A9D,9EB5AAF9-4EC2-4BC1-B78F-A2C697BCE705,4,BROILER GROWER605 2,BROILER GROWER,2026-07-22 20:27:28.230,2026-07-22 20:49:15.667,2026-07-22 20:50:20.267,4500.0,Choline Chloride 60%,26,100.0,2.7,2.482638,Production Recipes,1,
Server2,0E03777A-687A-47CA-A768-68E8C8561A9D,9EB5AAF9-4EC2-4BC1-B78F-A2C697BCE705,4,BROILER GROWER605 2,BROILER GROWER,2026-07-22 20:27:28.230,2026-07-22 20:49:15.667,2026-07-22 20:50:20.267,4500.0,KENZYME PRO,77,100.0,2.7,2.763309,Production Recipes,1,
Server2,0E03777A-687A-47CA-A768-68E8C8561A9D,9EB5AAF9-4EC2-4BC1-B78F-A2C697BCE705,4,BROILER GROWER605 2,BROILER GROWER,2026-07-22 20:27:28.230,2026-07-22 20:49:15.667,2026-07-22 20:50:20.267,4500.0,Limestone,113,100.0,55.485,69.82056,Production Recipes,1,
Server2,0E03777A-687A-47CA-A768-68E8C8561A9D,9EB5AAF9-4EC2-4BC1-B78F-A2C697BCE705,4,BROILER GROWER605 2,BROILER GROWER,2026-07-22 20:27:28.230,2026-07-22 20:49:15.667,2026-07-22 20:50:20.267,4500.0,LYSOFORTE DRY,30,100.0,0.9,0.8492477,Production Recipes,1,
Server2,0E03777A-687A-47CA-A768-68E8C8561A9D,9EB5AAF9-4EC2-4BC1-B78F-A2C697BCE705,4,BROILER GROWER605 2,BROILER GROWER,2026-07-22 20:27:28.230,2026-07-22 20:49:15.667,2026-07-22 20:50:20.267,4500.0,Maize,100,100.0,2679.705,2668.837,Production Recipes,4,
Server2,0E03777A-687A-47CA-A768-68E8C8561A9D,9EB5AAF9-4EC2-4BC1-B78F-A2C697BCE705,4,BROILER GROWER605 2,BROILER GROWER,2026-07-22 20:27:28.230,2026-07-22 20:49:15.667,2026-07-22 20:50:20.267,4500.0,Methionine,12,100.0,10.62,10.99537,Production Recipes,1,
Server2,0E03777A-687A-47CA-A768-68E8C8561A9D,9EB5AAF9-4EC2-4BC1-B78F-A2C697BCE705,4,BROILER GROWER605 2,BROILER GROWER,2026-07-22 20:27:28.230,2026-07-22 20:49:15.667,2026-07-22 20:50:20.267,4500.0,Monocalcium Phos,204,100.0,38.745,39.0625,Production Recipes,1,
Server2,0E03777A-687A-47CA-A768-68E8C8561A9D,9EB5AAF9-4EC2-4BC1-B78F-A2C697BCE705,4,BROILER GROWER605 2,BROILER GROWER,2026-07-22 20:27:28.230,2026-07-22 20:49:15.667,2026-07-22 20:50:20.267,4500.0,NOVELA ECL,6,100.0,0.45,0.5107061,Production Recipes,1,
Server2,0E03777A-687A-47CA-A768-68E8C8561A9D,9EB5AAF9-4EC2-4BC1-B78F-A2C697BCE705,4,BROILER GROWER605 2,BROILER GROWER,2026-07-22 20:27:28.230,2026-07-22 20:49:15.667,2026-07-22 20:50:20.267,4500.0,Provi Oxi Stop,21,100.0,0.45,1.070602,Production Recipes,1,
Server2,0E03777A-687A-47CA-A768-68E8C8561A9D,9EB5AAF9-4EC2-4BC1-B78F-A2C697BCE705,4,BROILER GROWER605 2,BROILER GROWER,2026-07-22 20:27:28.230,2026-07-22 20:49:15.667,2026-07-22 20:50:20.267,4500.0,Rovabio P10,176,100.0,2.25,3.368055,Production Recipes,1,
Server2,0E03777A-687A-47CA-A768-68E8C8561A9D,9EB5AAF9-4EC2-4BC1-B78F-A2C697BCE705,4,BROILER GROWER605 2,BROILER GROWER,2026-07-22 20:27:28.230,2026-07-22 20:49:15.667,2026-07-22 20:50:20.267,4500.0,Sacox (500g),91,100.0,2.25,2.96875,Production Recipes,1,
Server2,0E03777A-687A-47CA-A768-68E8C8561A9D,9EB5AAF9-4EC2-4BC1-B78F-A2C697BCE705,4,BROILER GROWER605 2,BROILER GROWER,2026-07-22 20:27:28.230,2026-07-22 20:49:15.667,2026-07-22 20:50:20.267,4500.0,Salt,202,100.0,12.96,13.16551,Production Recipes,1,
Server2,0E03777A-687A-47CA-A768-68E8C8561A9D,9EB5AAF9-4EC2-4BC1-B78F-A2C697BCE705,4,BROILER GROWER605 2,BROILER GROWER,2026-07-22 20:27:28.230,2026-07-22 20:49:15.667,2026-07-22 20:50:20.267,4500.0,SOLIS,124,100.0,6.75,7.581018,Production Recipes,1,
Server2,0E03777A-687A-47CA-A768-68E8C8561A9D,9EB5AAF9-4EC2-4BC1-B78F-A2C697BCE705,4,BROILER GROWER605 2,BROILER GROWER,2026-07-22 20:27:28.230,2026-07-22 20:49:15.667,2026-07-22 20:50:20.267,4500.0,SOUDIOM Bicarbon,35,100.0,8.955,9.114586,Production Recipes,1,
Server2,0E03777A-687A-47CA-A768-68E8C8561A9D,9EB5AAF9-4EC2-4BC1-B78F-A2C697BCE705,4,BROILER GROWER605 2,BROILER GROWER,2026-07-22 20:27:28.230,2026-07-22 20:49:15.667,2026-07-22 20:50:20.267,4500.0,SOYA-,105,100.0,1619.145,1622.367,Production Recipes,1,
Server2,0E03777A-687A-47CA-A768-68E8C8561A9D,9EB5AAF9-4EC2-4BC1-B78F-A2C697BCE705,4,BROILER GROWER605 2,BROILER GROWER,2026-07-22 20:27:28.230,2026-07-22 20:49:15.667,2026-07-22 20:50:20.267,4500.0,Soya Oil,210,100.0,37.35,37.75,Production Recipes,10,
Server2,0E03777A-687A-47CA-A768-68E8C8561A9D,9EB5AAF9-4EC2-4BC1-B78F-A2C697BCE705,4,BROILER GROWER605 2,BROILER GROWER,2026-07-22 20:27:28.230,2026-07-22 20:49:15.667,2026-07-22 20:50:20.267,4500.0,TermiN-8,33,100.0,6.75,0.0,Production Recipes,6,
Server2,6C99248C-D521-4BF1-8055-D17EE8C73493,9EB5AAF9-4EC2-4BC1-B78F-A2C697BCE705,4,BROILER GROWER605 3,BROILER GROWER,2026-07-22 20:27:34.370,2026-07-22 20:54:22.347,2026-07-22 20:55:26.090,4500.0,BETAIN HCL,142,100.0,2.25,2.719908,Production Recipes,1,
Server2,6C99248C-D521-4BF1-8055-D17EE8C73493,9EB5AAF9-4EC2-4BC1-B78F-A2C697BCE705,4,BROILER GROWER605 3,BROILER GROWER,2026-07-22 20:27:34.370,2026-07-22 20:54:22.347,2026-07-22 20:55:26.090,4500.0,BIOSTRONG 510,140,100.0,0.675,0.7913774,Production Recipes,1,
Server2,6C99248C-D521-4BF1-8055-D17EE8C73493,9EB5AAF9-4EC2-4BC1-B78F-A2C697BCE705,4,BROILER GROWER605 3,BROILER GROWER,2026-07-22 20:27:34.370,2026-07-22 20:54:22.347,2026-07-22 20:55:26.090,4500.0,Broiler Mineral Mix,31,100.0,4.05,5.570023,Production Recipes,1,
Server2,6C99248C-D521-4BF1-8055-D17EE8C73493,9EB5AAF9-4EC2-4BC1-B78F-A2C697BCE705,4,BROILER GROWER605 3,BROILER GROWER,2026-07-22 20:27:34.370,2026-07-22 20:54:22.347,2026-07-22 20:55:26.090,4500.0,Broiler Starter PX,69,100.0,4.05,5.046296,Production Recipes,1,
Server2,6C99248C-D521-4BF1-8055-D17EE8C73493,9EB5AAF9-4EC2-4BC1-B78F-A2C697BCE705,4,BROILER GROWER605 3,BROILER GROWER,2026-07-22 20:27:34.370,2026-07-22 20:54:22.347,2026-07-22 20:55:26.090,4500.0,Choline Chloride 60%,26,100.0,2.7,2.731482,Production Recipes,1,
Server2,6C99248C-D521-4BF1-8055-D17EE8C73493,9EB5AAF9-4EC2-4BC1-B78F-A2C697BCE705,4,BROILER GROWER605 3,BROILER GROWER,2026-07-22 20:27:34.370,2026-07-22 20:54:22.347,2026-07-22 20:55:26.090,4500.0,KENZYME PRO,77,100.0,2.7,3.139467,Production Recipes,1,
Server2,6C99248C-D521-4BF1-8055-D17EE8C73493,9EB5AAF9-4EC2-4BC1-B78F-A2C697BCE705,4,BROILER GROWER605 3,BROILER GROWER,2026-07-22 20:27:34.370,2026-07-22 20:54:22.347,2026-07-22 20:55:26.090,4500.0,Limestone,113,100.0,55.485,57.17603,Production Recipes,1,
Server2,6C99248C-D521-4BF1-8055-D17EE8C73493,9EB5AAF9-4EC2-4BC1-B78F-A2C697BCE705,4,BROILER GROWER605 3,BROILER GROWER,2026-07-22 20:27:34.370,2026-07-22 20:54:22.347,2026-07-22 20:55:26.090,4500.0,LYSOFORTE DRY,30,100.0,0.9,1.079282,Production Recipes,1,
Server2,6C99248C-D521-4BF1-8055-D17EE8C73493,9EB5AAF9-4EC2-4BC1-B78F-A2C697BCE705,4,BROILER GROWER605 3,BROILER GROWER,2026-07-22 20:27:34.370,2026-07-22 20:54:22.347,2026-07-22 20:55:26.090,4500.0,Maize,100,100.0,2679.705,2686.343,Production Recipes,4,
Server2,6C99248C-D521-4BF1-8055-D17EE8C73493,9EB5AAF9-4EC2-4BC1-B78F-A2C697BCE705,4,BROILER GROWER605 3,BROILER GROWER,2026-07-22 20:27:34.370,2026-07-22 20:54:22.347,2026-07-22 20:55:26.090,4500.0,Methionine,12,100.0,10.62,10.99537,Production Recipes,1,
Server2,6C99248C-D521-4BF1-8055-D17EE8C73493,9EB5AAF9-4EC2-4BC1-B78F-A2C697BCE705,4,BROILER GROWER605 3,BROILER GROWER,2026-07-22 20:27:34.370,2026-07-22 20:54:22.347,2026-07-22 20:55:26.090,4500.0,Monocalcium Phos,204,100.0,38.745,39.0625,Production Recipes,1,
Server2,6C99248C-D521-4BF1-8055-D17EE8C73493,9EB5AAF9-4EC2-4BC1-B78F-A2C697BCE705,4,BROILER GROWER605 3,BROILER GROWER,2026-07-22 20:27:34.370,2026-07-22 20:54:22.347,2026-07-22 20:55:26.090,4500.0,NOVELA ECL,6,100.0,0.45,0.5700232,Production Recipes,1,
Server2,6C99248C-D521-4BF1-8055-D17EE8C73493,9EB5AAF9-4EC2-4BC1-B78F-A2C697BCE705,4,BROILER GROWER605 3,BROILER GROWER,2026-07-22 20:27:34.370,2026-07-22 20:54:22.347,2026-07-22 20:55:26.090,4500.0,Provi Oxi Stop,21,100.0,0.45,0.9302661,Production Recipes,1,
Server2,6C99248C-D521-4BF1-8055-D17EE8C73493,9EB5AAF9-4EC2-4BC1-B78F-A2C697BCE705,4,BROILER GROWER605 3,BROILER GROWER,2026-07-22 20:27:34.370,2026-07-22 20:54:22.347,2026-07-22 20:55:26.090,4500.0,Rovabio P10,176,100.0,2.25,2.957176,Production Recipes,1,
Server2,6C99248C-D521-4BF1-8055-D17EE8C73493,9EB5AAF9-4EC2-4BC1-B78F-A2C697BCE705,4,BROILER GROWER605 3,BROILER GROWER,2026-07-22 20:27:34.370,2026-07-22 20:54:22.347,2026-07-22 20:55:26.090,4500.0,Sacox (500g),91,100.0,2.25,3.738426,Production Recipes,1,
Server2,6C99248C-D521-4BF1-8055-D17EE8C73493,9EB5AAF9-4EC2-4BC1-B78F-A2C697BCE705,4,BROILER GROWER605 3,BROILER GROWER,2026-07-22 20:27:34.370,2026-07-22 20:54:22.347,2026-07-22 20:55:26.090,4500.0,Salt,202,100.0,12.96,13.16551,Production Recipes,1,
Server2,6C99248C-D521-4BF1-8055-D17EE8C73493,9EB5AAF9-4EC2-4BC1-B78F-A2C697BCE705,4,BROILER GROWER605 3,BROILER GROWER,2026-07-22 20:27:34.370,2026-07-22 20:54:22.347,2026-07-22 20:55:26.090,4500.0,SOLIS,124,100.0,6.75,7.248264,Production Recipes,1,
Server2,6C99248C-D521-4BF1-8055-D17EE8C73493,9EB5AAF9-4EC2-4BC1-B78F-A2C697BCE705,4,BROILER GROWER605 3,BROILER GROWER,2026-07-22 20:27:34.370,2026-07-22 20:54:22.347,2026-07-22 20:55:26.090,4500.0,SOUDIOM Bicarbon,35,100.0,8.955,9.114578,Production Recipes,1,
Server2,6C99248C-D521-4BF1-8055-D17EE8C73493,9EB5AAF9-4EC2-4BC1-B78F-A2C697BCE705,4,BROILER GROWER605 3,BROILER GROWER,2026-07-22 20:27:34.370,2026-07-22 20:54:22.347,2026-07-22 20:55:26.090,4500.0,SOYA-,105,100.0,1619.145,1620.718,Production Recipes,1,
Server2,6C99248C-D521-4BF1-8055-D17EE8C73493,9EB5AAF9-4EC2-4BC1-B78F-A2C697BCE705,4,BROILER GROWER605 3,BROILER GROWER,2026-07-22 20:27:34.370,2026-07-22 20:54:22.347,2026-07-22 20:55:26.090,4500.0,Soya Oil,210,100.0,37.35,37.75,Production Recipes,10,
Server2,6C99248C-D521-4BF1-8055-D17EE8C73493,9EB5AAF9-4EC2-4BC1-B78F-A2C697BCE705,4,BROILER GROWER605 3,BROILER GROWER,2026-07-22 20:27:34.370,2026-07-22 20:54:22.347,2026-07-22 20:55:26.090,4500.0,TermiN-8,33,100.0,6.75,0.0,Production Recipes,6,
Server2,B4D7C824-AC86-4486-893F-014B6AA04CE4,9EB5AAF9-4EC2-4BC1-B78F-A2C697BCE705,4,BROILER GROWER605 4,BROILER GROWER,2026-07-22 20:27:36.297,2026-07-22 21:20:52.823,2026-07-22 21:21:57.417,4500.0,BETAIN HCL,142,100.0,2.25,3.049768,Production Recipes,1,
Server2,B4D7C824-AC86-4486-893F-014B6AA04CE4,9EB5AAF9-4EC2-4BC1-B78F-A2C697BCE705,4,BROILER GROWER605 4,BROILER GROWER,2026-07-22 20:27:36.297,2026-07-22 21:20:52.823,2026-07-22 21:21:57.417,4500.0,BIOSTRONG 510,140,100.0,0.675,0.7696761,Production Recipes,1,
Server2,B4D7C824-AC86-4486-893F-014B6AA04CE4,9EB5AAF9-4EC2-4BC1-B78F-A2C697BCE705,4,BROILER GROWER605 4,BROILER GROWER,2026-07-22 20:27:36.297,2026-07-22 21:20:52.823,2026-07-22 21:21:57.417,4500.0,Broiler Mineral Mix,31,100.0,4.05,5.931712,Production Recipes,1,
Server2,B4D7C824-AC86-4486-893F-014B6AA04CE4,9EB5AAF9-4EC2-4BC1-B78F-A2C697BCE705,4,BROILER GROWER605 4,BROILER GROWER,2026-07-22 20:27:36.297,2026-07-22 21:20:52.823,2026-07-22 21:21:57.417,4500.0,Broiler Starter PX,69,100.0,4.05,5.393519,Production Recipes,1,
Server2,B4D7C824-AC86-4486-893F-014B6AA04CE4,9EB5AAF9-4EC2-4BC1-B78F-A2C697BCE705,4,BROILER GROWER605 4,BROILER GROWER,2026-07-22 20:27:36.297,2026-07-22 21:20:52.823,2026-07-22 21:21:57.417,4500.0,Choline Chloride 60%,26,100.0,2.7,2.540509,Production Recipes,1,
Server2,B4D7C824-AC86-4486-893F-014B6AA04CE4,9EB5AAF9-4EC2-4BC1-B78F-A2C697BCE705,4,BROILER GROWER605 4,BROILER GROWER,2026-07-22 20:27:36.297,2026-07-22 21:20:52.823,2026-07-22 21:21:57.417,4500.0,KENZYME PRO,77,100.0,2.7,2.676505,Production Recipes,1,
Server2,B4D7C824-AC86-4486-893F-014B6AA04CE4,9EB5AAF9-4EC2-4BC1-B78F-A2C697BCE705,4,BROILER GROWER605 4,BROILER GROWER,2026-07-22 20:27:36.297,2026-07-22 21:20:52.823,2026-07-22 21:21:57.417,4500.0,Limestone,113,100.0,55.485,65.97217,Production Recipes,1,
Server2,B4D7C824-AC86-4486-893F-014B6AA04CE4,9EB5AAF9-4EC2-4BC1-B78F-A2C697BCE705,4,BROILER GROWER605 4,BROILER GROWER,2026-07-22 20:27:36.297,2026-07-22 21:20:52.823,2026-07-22 21:21:57.417,4500.0,LYSOFORTE DRY,30,100.0,0.9,1.161748,Production Recipes,1,
Server2,B4D7C824-AC86-4486-893F-014B6AA04CE4,9EB5AAF9-4EC2-4BC1-B78F-A2C697BCE705,4,BROILER GROWER605 4,BROILER GROWER,2026-07-22 20:27:36.297,2026-07-22 21:20:52.823,2026-07-22 21:21:57.417,4500.0,Maize,100,100.0,2679.705,2683.16,Production Recipes,4,
Server2,B4D7C824-AC86-4486-893F-014B6AA04CE4,9EB5AAF9-4EC2-4BC1-B78F-A2C697BCE705,4,BROILER GROWER605 4,BROILER GROWER,2026-07-22 20:27:36.297,2026-07-22 21:20:52.823,2026-07-22 21:21:57.417,4500.0,Methionine,12,100.0,10.62,10.99537,Production Recipes,1,
Server2,B4D7C824-AC86-4486-893F-014B6AA04CE4,9EB5AAF9-4EC2-4BC1-B78F-A2C697BCE705,4,BROILER GROWER605 4,BROILER GROWER,2026-07-22 20:27:36.297,2026-07-22 21:20:52.823,2026-07-22 21:21:57.417,4500.0,Monocalcium Phos,204,100.0,38.745,39.20717,Production Recipes,1,
Server2,B4D7C824-AC86-4486-893F-014B6AA04CE4,9EB5AAF9-4EC2-4BC1-B78F-A2C697BCE705,4,BROILER GROWER605 4,BROILER GROWER,2026-07-22 20:27:36.297,2026-07-22 21:20:52.823,2026-07-22 21:21:57.417,4500.0,NOVELA ECL,6,100.0,0.45,0.4904513,Production Recipes,1,
Server2,B4D7C824-AC86-4486-893F-014B6AA04CE4,9EB5AAF9-4EC2-4BC1-B78F-A2C697BCE705,4,BROILER GROWER605 4,BROILER GROWER,2026-07-22 20:27:36.297,2026-07-22 21:20:52.823,2026-07-22 21:21:57.417,4500.0,Provi Oxi Stop,21,100.0,0.45,1.100984,Production Recipes,1,
Server2,B4D7C824-AC86-4486-893F-014B6AA04CE4,9EB5AAF9-4EC2-4BC1-B78F-A2C697BCE705,4,BROILER GROWER605 4,BROILER GROWER,2026-07-22 20:27:36.297,2026-07-22 21:20:52.823,2026-07-22 21:21:57.417,4500.0,Rovabio P10,176,100.0,2.25,3.061342,Production Recipes,1,
Server2,B4D7C824-AC86-4486-893F-014B6AA04CE4,9EB5AAF9-4EC2-4BC1-B78F-A2C697BCE705,4,BROILER GROWER605 4,BROILER GROWER,2026-07-22 20:27:36.297,2026-07-22 21:20:52.823,2026-07-22 21:21:57.417,4500.0,Sacox (500g),91,100.0,2.25,3.651621,Production Recipes,1,
Server2,B4D7C824-AC86-4486-893F-014B6AA04CE4,9EB5AAF9-4EC2-4BC1-B78F-A2C697BCE705,4,BROILER GROWER605 4,BROILER GROWER,2026-07-22 20:27:36.297,2026-07-22 21:20:52.823,2026-07-22 21:21:57.417,4500.0,Salt,202,100.0,12.96,13.16551,Production Recipes,1,
Server2,B4D7C824-AC86-4486-893F-014B6AA04CE4,9EB5AAF9-4EC2-4BC1-B78F-A2C697BCE705,4,BROILER GROWER605 4,BROILER GROWER,2026-07-22 20:27:36.297,2026-07-22 21:20:52.823,2026-07-22 21:21:57.417,4500.0,SOLIS,124,100.0,6.75,7.14699,Production Recipes,1,
Server2,B4D7C824-AC86-4486-893F-014B6AA04CE4,9EB5AAF9-4EC2-4BC1-B78F-A2C697BCE705,4,BROILER GROWER605 4,BROILER GROWER,2026-07-22 20:27:36.297,2026-07-22 21:20:52.823,2026-07-22 21:21:57.417,4500.0,SOUDIOM Bicarbon,35,100.0,8.955,8.101852,Production Recipes,1,
Server2,B4D7C824-AC86-4486-893F-014B6AA04CE4,9EB5AAF9-4EC2-4BC1-B78F-A2C697BCE705,4,BROILER GROWER605 4,BROILER GROWER,2026-07-22 20:27:36.297,2026-07-22 21:20:52.823,2026-07-22 21:21:57.417,4500.0,SOYA-,105,100.0,1619.145,1616.869,Production Recipes,1,
Server2,B4D7C824-AC86-4486-893F-014B6AA04CE4,9EB5AAF9-4EC2-4BC1-B78F-A2C697BCE705,4,BROILER GROWER605 4,BROILER GROWER,2026-07-22 20:27:36.297,2026-07-22 21:20:52.823,2026-07-22 21:21:57.417,4500.0,Soya Oil,210,100.0,37.35,37.75,Production Recipes,10,
Server2,B4D7C824-AC86-4486-893F-014B6AA04CE4,9EB5AAF9-4EC2-4BC1-B78F-A2C697BCE705,4,BROILER GROWER605 4,BROILER GROWER,2026-07-22 20:27:36.297,2026-07-22 21:20:52.823,2026-07-22 21:21:57.417,4500.0,TermiN-8,33,100.0,6.75,0.0,Production Recipes,6,
Server2,918D6267-CD01-4998-A404-9EC7B03E0A98,9EB5AAF9-4EC2-4BC1-B78F-A2C697BCE705,4,BROILER GROWER605 5,BROILER GROWER,2026-07-22 20:27:54.560,2026-07-22 21:26:10.410,2026-07-22 21:27:23.173,4500.0,BETAIN HCL,142,100.0,2.25,2.40162,Production Recipes,1,
Server2,918D6267-CD01-4998-A404-9EC7B03E0A98,9EB5AAF9-4EC2-4BC1-B78F-A2C697BCE705,4,BROILER GROWER605 5,BROILER GROWER,2026-07-22 20:27:54.560,2026-07-22 21:26:10.410,2026-07-22 21:27:23.173,4500.0,BIOSTRONG 510,140,100.0,0.675,0.7913773,Production Recipes,1,
Server2,918D6267-CD01-4998-A404-9EC7B03E0A98,9EB5AAF9-4EC2-4BC1-B78F-A2C697BCE705,4,BROILER GROWER605 5,BROILER GROWER,2026-07-22 20:27:54.560,2026-07-22 21:26:10.410,2026-07-22 21:27:23.173,4500.0,Broiler Mineral Mix,31,100.0,4.05,6.394675,Production Recipes,1,
Server2,918D6267-CD01-4998-A404-9EC7B03E0A98,9EB5AAF9-4EC2-4BC1-B78F-A2C697BCE705,4,BROILER GROWER605 5,BROILER GROWER,2026-07-22 20:27:54.560,2026-07-22 21:26:10.410,2026-07-22 21:27:23.173,4500.0,Broiler Starter PX,69,100.0,4.05,4.554399,Production Recipes,1,
Server2,918D6267-CD01-4998-A404-9EC7B03E0A98,9EB5AAF9-4EC2-4BC1-B78F-A2C697BCE705,4,BROILER GROWER605 5,BROILER GROWER,2026-07-22 20:27:54.560,2026-07-22 21:26:10.410,2026-07-22 21:27:23.173,4500.0,Choline Chloride 60%,26,100.0,2.7,2.453704,Production Recipes,1,
Server2,918D6267-CD01-4998-A404-9EC7B03E0A98,9EB5AAF9-4EC2-4BC1-B78F-A2C697BCE705,4,BROILER GROWER605 5,BROILER GROWER,2026-07-22 20:27:54.560,2026-07-22 21:26:10.410,2026-07-22 21:27:23.173,4500.0,KENZYME PRO,77,100.0,2.7,3.168403,Production Recipes,1,
Server2,918D6267-CD01-4998-A404-9EC7B03E0A98,9EB5AAF9-4EC2-4BC1-B78F-A2C697BCE705,4,BROILER GROWER605 5,BROILER GROWER,2026-07-22 20:27:54.560,2026-07-22 21:26:10.410,2026-07-22 21:27:23.173,4500.0,Limestone,113,100.0,55.485,70.37036,Production Recipes,1,
Server2,918D6267-CD01-4998-A404-9EC7B03E0A98,9EB5AAF9-4EC2-4BC1-B78F-A2C697BCE705,4,BROILER GROWER605 5,BROILER GROWER,2026-07-22 20:27:54.560,2026-07-22 21:26:10.410,2026-07-22 21:27:23.173,4500.0,LYSOFORTE DRY,30,100.0,0.9,0.9389468,Production Recipes,1,
Server2,918D6267-CD01-4998-A404-9EC7B03E0A98,9EB5AAF9-4EC2-4BC1-B78F-A2C697BCE705,4,BROILER GROWER605 5,BROILER GROWER,2026-07-22 20:27:54.560,2026-07-22 21:26:10.410,2026-07-22 21:27:23.173,4500.0,Maize,100,100.0,2679.705,2676.794,Production Recipes,4,
Server2,918D6267-CD01-4998-A404-9EC7B03E0A98,9EB5AAF9-4EC2-4BC1-B78F-A2C697BCE705,4,BROILER GROWER605 5,BROILER GROWER,2026-07-22 20:27:54.560,2026-07-22 21:26:10.410,2026-07-22 21:27:23.173,4500.0,Methionine,12,100.0,10.62,10.99537,Production Recipes,1,
Server2,918D6267-CD01-4998-A404-9EC7B03E0A98,9EB5AAF9-4EC2-4BC1-B78F-A2C697BCE705,4,BROILER GROWER605 5,BROILER GROWER,2026-07-22 20:27:54.560,2026-07-22 21:26:10.410,2026-07-22 21:27:23.173,4500.0,Monocalcium Phos,204,100.0,38.745,39.0625,Production Recipes,1,
Server2,918D6267-CD01-4998-A404-9EC7B03E0A98,9EB5AAF9-4EC2-4BC1-B78F-A2C697BCE705,4,BROILER GROWER605 5,BROILER GROWER,2026-07-22 20:27:54.560,2026-07-22 21:26:10.410,2026-07-22 21:27:23.173,4500.0,NOVELA ECL,6,100.0,0.45,1.121238,Production Recipes,1,
Server2,918D6267-CD01-4998-A404-9EC7B03E0A98,9EB5AAF9-4EC2-4BC1-B78F-A2C697BCE705,4,BROILER GROWER605 5,BROILER GROWER,2026-07-22 20:27:54.560,2026-07-22 21:26:10.410,2026-07-22 21:27:23.173,4500.0,Provi Oxi Stop,21,100.0,0.45,1.021412,Production Recipes,1,
Server2,918D6267-CD01-4998-A404-9EC7B03E0A98,9EB5AAF9-4EC2-4BC1-B78F-A2C697BCE705,4,BROILER GROWER605 5,BROILER GROWER,2026-07-22 20:27:54.560,2026-07-22 21:26:10.410,2026-07-22 21:27:23.173,4500.0,Rovabio P10,176,100.0,2.25,2.748843,Production Recipes,1,
Server2,918D6267-CD01-4998-A404-9EC7B03E0A98,9EB5AAF9-4EC2-4BC1-B78F-A2C697BCE705,4,BROILER GROWER605 5,BROILER GROWER,2026-07-22 20:27:54.560,2026-07-22 21:26:10.410,2026-07-22 21:27:23.173,4500.0,Sacox (500g),91,100.0,2.25,3.252315,Production Recipes,1,
Server2,918D6267-CD01-4998-A404-9EC7B03E0A98,9EB5AAF9-4EC2-4BC1-B78F-A2C697BCE705,4,BROILER GROWER605 5,BROILER GROWER,2026-07-22 20:27:54.560,2026-07-22 21:26:10.410,2026-07-22 21:27:23.173,4500.0,Salt,202,100.0,12.96,13.16551,Production Recipes,1,
Server2,918D6267-CD01-4998-A404-9EC7B03E0A98,9EB5AAF9-4EC2-4BC1-B78F-A2C697BCE705,4,BROILER GROWER605 5,BROILER GROWER,2026-07-22 20:27:54.560,2026-07-22 21:26:10.410,2026-07-22 21:27:23.173,4500.0,SOLIS,124,100.0,6.75,7.306134,Production Recipes,1,
Server2,918D6267-CD01-4998-A404-9EC7B03E0A98,9EB5AAF9-4EC2-4BC1-B78F-A2C697BCE705,4,BROILER GROWER605 5,BROILER GROWER,2026-07-22 20:27:54.560,2026-07-22 21:26:10.410,2026-07-22 21:27:23.173,4500.0,SOUDIOM Bicarbon,35,100.0,8.955,10.12731,Production Recipes,1,
Server2,918D6267-CD01-4998-A404-9EC7B03E0A98,9EB5AAF9-4EC2-4BC1-B78F-A2C697BCE705,4,BROILER GROWER605 5,BROILER GROWER,2026-07-22 20:27:54.560,2026-07-22 21:26:10.410,2026-07-22 21:27:23.173,4500.0,SOYA-,105,100.0,1619.145,1615.22,Production Recipes,1,
Server2,918D6267-CD01-4998-A404-9EC7B03E0A98,9EB5AAF9-4EC2-4BC1-B78F-A2C697BCE705,4,BROILER GROWER605 5,BROILER GROWER,2026-07-22 20:27:54.560,2026-07-22 21:26:10.410,2026-07-22 21:27:23.173,4500.0,Soya Oil,210,100.0,37.35,37.75,Production Recipes,10,
Server2,918D6267-CD01-4998-A404-9EC7B03E0A98,9EB5AAF9-4EC2-4BC1-B78F-A2C697BCE705,4,BROILER GROWER605 5,BROILER GROWER,2026-07-22 20:27:54.560,2026-07-22 21:26:10.410,2026-07-22 21:27:23.173,4500.0,TermiN-8,33,100.0,6.75,0.0,Production Recipes,6,
Server2,C0717EF6-71EB-4609-A48F-1A2685892030,9EB5AAF9-4EC2-4BC1-B78F-A2C697BCE705,4,BROILER GROWER601 1,BROILER GROWER,2026-07-22 20:27:56.630,2026-07-22 21:31:52.600,2026-07-22 21:32:57.560,4500.0,BETAIN HCL,142,100.0,2.25,2.870371,Production Recipes,1,
Server2,C0717EF6-71EB-4609-A48F-1A2685892030,9EB5AAF9-4EC2-4BC1-B78F-A2C697BCE705,4,BROILER GROWER601 1,BROILER GROWER,2026-07-22 20:27:56.630,2026-07-22 21:31:52.600,2026-07-22 21:32:57.560,4500.0,BIOSTRONG 510,140,100.0,0.675,0.7798033,Production Recipes,1,
Server2,C0717EF6-71EB-4609-A48F-1A2685892030,9EB5AAF9-4EC2-4BC1-B78F-A2C697BCE705,4,BROILER GROWER601 1,BROILER GROWER,2026-07-22 20:27:56.630,2026-07-22 21:31:52.600,2026-07-22 21:32:57.560,4500.0,Broiler Mineral Mix,31,100.0,4.05,5.10706,Production Recipes,1,
Server2,C0717EF6-71EB-4609-A48F-1A2685892030,9EB5AAF9-4EC2-4BC1-B78F-A2C697BCE705,4,BROILER GROWER601 1,BROILER GROWER,2026-07-22 20:27:56.630,2026-07-22 21:31:52.600,2026-07-22 21:32:57.560,4500.0,Broiler Starter PX,69,100.0,4.05,4.959491,Production Recipes,1,
Server2,C0717EF6-71EB-4609-A48F-1A2685892030,9EB5AAF9-4EC2-4BC1-B78F-A2C697BCE705,4,BROILER GROWER601 1,BROILER GROWER,2026-07-22 20:27:56.630,2026-07-22 21:31:52.600,2026-07-22 21:32:57.560,4500.0,Choline Chloride 60%,26,100.0,2.7,2.430556,Production Recipes,1,
Server2,C0717EF6-71EB-4609-A48F-1A2685892030,9EB5AAF9-4EC2-4BC1-B78F-A2C697BCE705,4,BROILER GROWER601 1,BROILER GROWER,2026-07-22 20:27:56.630,2026-07-22 21:31:52.600,2026-07-22 21:32:57.560,4500.0,KENZYME PRO,77,100.0,2.7,3.06713,Production Recipes,1,
Server2,C0717EF6-71EB-4609-A48F-1A2685892030,9EB5AAF9-4EC2-4BC1-B78F-A2C697BCE705,4,BROILER GROWER601 1,BROILER GROWER,2026-07-22 20:27:56.630,2026-07-22 21:31:52.600,2026-07-22 21:32:57.560,4500.0,Limestone,113,100.0,55.485,70.37036,Production Recipes,1,
Server2,C0717EF6-71EB-4609-A48F-1A2685892030,9EB5AAF9-4EC2-4BC1-B78F-A2C697BCE705,4,BROILER GROWER601 1,BROILER GROWER,2026-07-22 20:27:56.630,2026-07-22 21:31:52.600,2026-07-22 21:32:57.560,4500.0,LYSOFORTE DRY,30,100.0,0.9,0.9215857,Production Recipes,1,
Server2,C0717EF6-71EB-4609-A48F-1A2685892030,9EB5AAF9-4EC2-4BC1-B78F-A2C697BCE705,4,BROILER GROWER601 1,BROILER GROWER,2026-07-22 20:27:56.630,2026-07-22 21:31:52.600,2026-07-22 21:32:57.560,4500.0,Maize,100,100.0,2679.705,2683.16,Production Recipes,4,
Server2,C0717EF6-71EB-4609-A48F-1A2685892030,9EB5AAF9-4EC2-4BC1-B78F-A2C697BCE705,4,BROILER GROWER601 1,BROILER GROWER,2026-07-22 20:27:56.630,2026-07-22 21:31:52.600,2026-07-22 21:32:57.560,4500.0,Methionine,12,100.0,10.62,10.99537,Production Recipes,1,
Server2,C0717EF6-71EB-4609-A48F-1A2685892030,9EB5AAF9-4EC2-4BC1-B78F-A2C697BCE705,4,BROILER GROWER601 1,BROILER GROWER,2026-07-22 20:27:56.630,2026-07-22 21:31:52.600,2026-07-22 21:32:57.560,4500.0,Monocalcium Phos,204,100.0,38.745,39.0625,Production Recipes,1,
Server2,C0717EF6-71EB-4609-A48F-1A2685892030,9EB5AAF9-4EC2-4BC1-B78F-A2C697BCE705,4,BROILER GROWER601 1,BROILER GROWER,2026-07-22 20:27:56.630,2026-07-22 21:31:52.600,2026-07-22 21:32:57.560,4500.0,NOVELA ECL,6,100.0,0.45,1.170428,Production Recipes,1,
Server2,C0717EF6-71EB-4609-A48F-1A2685892030,9EB5AAF9-4EC2-4BC1-B78F-A2C697BCE705,4,BROILER GROWER601 1,BROILER GROWER,2026-07-22 20:27:56.630,2026-07-22 21:31:52.600,2026-07-22 21:32:57.560,4500.0,Provi Oxi Stop,21,100.0,0.45,1.050347,Production Recipes,1,
Server2,C0717EF6-71EB-4609-A48F-1A2685892030,9EB5AAF9-4EC2-4BC1-B78F-A2C697BCE705,4,BROILER GROWER601 1,BROILER GROWER,2026-07-22 20:27:56.630,2026-07-22 21:31:52.600,2026-07-22 21:32:57.560,4500.0,Rovabio P10,176,100.0,2.25,3.200232,Production Recipes,1,
Server2,C0717EF6-71EB-4609-A48F-1A2685892030,9EB5AAF9-4EC2-4BC1-B78F-A2C697BCE705,4,BROILER GROWER601 1,BROILER GROWER,2026-07-22 20:27:56.630,2026-07-22 21:31:52.600,2026-07-22 21:32:57.560,4500.0,Sacox (500g),91,100.0,2.25,3.981482,Production Recipes,1,
Server2,C0717EF6-71EB-4609-A48F-1A2685892030,9EB5AAF9-4EC2-4BC1-B78F-A2C697BCE705,4,BROILER GROWER601 1,BROILER GROWER,2026-07-22 20:27:56.630,2026-07-22 21:31:52.600,2026-07-22 21:32:57.560,4500.0,Salt,202,100.0,12.96,13.16551,Production Recipes,1,
Server2,C0717EF6-71EB-4609-A48F-1A2685892030,9EB5AAF9-4EC2-4BC1-B78F-A2C697BCE705,4,BROILER GROWER601 1,BROILER GROWER,2026-07-22 20:27:56.630,2026-07-22 21:31:52.600,2026-07-22 21:32:57.560,4500.0,SOLIS,124,100.0,6.75,7.233796,Production Recipes,1,
Server2,C0717EF6-71EB-4609-A48F-1A2685892030,9EB5AAF9-4EC2-4BC1-B78F-A2C697BCE705,4,BROILER GROWER601 1,BROILER GROWER,2026-07-22 20:27:56.630,2026-07-22 21:31:52.600,2026-07-22 21:32:57.560,4500.0,SOUDIOM Bicarbon,35,100.0,8.955,10.12731,Production Recipes,1,
Server2,C0717EF6-71EB-4609-A48F-1A2685892030,9EB5AAF9-4EC2-4BC1-B78F-A2C697BCE705,4,BROILER GROWER601 1,BROILER GROWER,2026-07-22 20:27:56.630,2026-07-22 21:31:52.600,2026-07-22 21:32:57.560,4500.0,SOYA-,105,100.0,1619.145,1619.068,Production Recipes,1,
Server2,C0717EF6-71EB-4609-A48F-1A2685892030,9EB5AAF9-4EC2-4BC1-B78F-A2C697BCE705,4,BROILER GROWER601 1,BROILER GROWER,2026-07-22 20:27:56.630,2026-07-22 21:31:52.600,2026-07-22 21:32:57.560,4500.0,Soya Oil,210,100.0,37.35,37.75,Production Recipes,10,
Server2,C0717EF6-71EB-4609-A48F-1A2685892030,9EB5AAF9-4EC2-4BC1-B78F-A2C697BCE705,4,BROILER GROWER601 1,BROILER GROWER,2026-07-22 20:27:56.630,2026-07-22 21:31:52.600,2026-07-22 21:32:57.560,4500.0,TermiN-8,33,100.0,6.75,0.0,Production Recipes,6,
Server2,84F4247B-B121-4573-BFD4-280EFE13F2DA,9EB5AAF9-4EC2-4BC1-B78F-A2C697BCE705,4,BROILER GROWER601 2,BROILER GROWER,2026-07-22 20:28:02.637,2026-07-22 21:36:50.347,2026-07-22 21:37:54.373,4500.0,BETAIN HCL,142,100.0,2.25,3.339121,Production Recipes,1,
Server2,84F4247B-B121-4573-BFD4-280EFE13F2DA,9EB5AAF9-4EC2-4BC1-B78F-A2C697BCE705,4,BROILER GROWER601 2,BROILER GROWER,2026-07-22 20:28:02.637,2026-07-22 21:36:50.347,2026-07-22 21:37:54.373,4500.0,BIOSTRONG 510,140,100.0,0.675,0.8101852,Production Recipes,1,
Server2,84F4247B-B121-4573-BFD4-280EFE13F2DA,9EB5AAF9-4EC2-4BC1-B78F-A2C697BCE705,4,BROILER GROWER601 2,BROILER GROWER,2026-07-22 20:28:02.637,2026-07-22 21:36:50.347,2026-07-22 21:37:54.373,4500.0,Broiler Mineral Mix,31,100.0,4.05,6.163194,Production Recipes,1,
Server2,84F4247B-B121-4573-BFD4-280EFE13F2DA,9EB5AAF9-4EC2-4BC1-B78F-A2C697BCE705,4,BROILER GROWER601 2,BROILER GROWER,2026-07-22 20:28:02.637,2026-07-22 21:36:50.347,2026-07-22 21:37:54.373,4500.0,Broiler Starter PX,69,100.0,4.05,5.474538,Production Recipes,1,
Server2,84F4247B-B121-4573-BFD4-280EFE13F2DA,9EB5AAF9-4EC2-4BC1-B78F-A2C697BCE705,4,BROILER GROWER601 2,BROILER GROWER,2026-07-22 20:28:02.637,2026-07-22 21:36:50.347,2026-07-22 21:37:54.373,4500.0,Choline Chloride 60%,26,100.0,2.7,2.847221,Production Recipes,1,
Server2,84F4247B-B121-4573-BFD4-280EFE13F2DA,9EB5AAF9-4EC2-4BC1-B78F-A2C697BCE705,4,BROILER GROWER601 2,BROILER GROWER,2026-07-22 20:28:02.637,2026-07-22 21:36:50.347,2026-07-22 21:37:54.373,4500.0,KENZYME PRO,77,100.0,2.7,3.414351,Production Recipes,1,
Server2,84F4247B-B121-4573-BFD4-280EFE13F2DA,9EB5AAF9-4EC2-4BC1-B78F-A2C697BCE705,4,BROILER GROWER601 2,BROILER GROWER,2026-07-22 20:28:02.637,2026-07-22 21:36:50.347,2026-07-22 21:37:54.373,4500.0,Limestone,113,100.0,55.485,56.07642,Production Recipes,1,
Server2,84F4247B-B121-4573-BFD4-280EFE13F2DA,9EB5AAF9-4EC2-4BC1-B78F-A2C697BCE705,4,BROILER GROWER601 2,BROILER GROWER,2026-07-22 20:28:02.637,2026-07-22 21:36:50.347,2026-07-22 21:37:54.373,4500.0,LYSOFORTE DRY,30,100.0,0.9,1.001158,Production Recipes,1,
Server2,84F4247B-B121-4573-BFD4-280EFE13F2DA,9EB5AAF9-4EC2-4BC1-B78F-A2C697BCE705,4,BROILER GROWER601 2,BROILER GROWER,2026-07-22 20:28:02.637,2026-07-22 21:36:50.347,2026-07-22 21:37:54.373,4500.0,Maize,100,100.0,2679.705,2683.16,Production Recipes,4,
Server2,84F4247B-B121-4573-BFD4-280EFE13F2DA,9EB5AAF9-4EC2-4BC1-B78F-A2C697BCE705,4,BROILER GROWER601 2,BROILER GROWER,2026-07-22 20:28:02.637,2026-07-22 21:36:50.347,2026-07-22 21:37:54.373,4500.0,Methionine,12,100.0,10.62,10.99537,Production Recipes,1,
Server2,84F4247B-B121-4573-BFD4-280EFE13F2DA,9EB5AAF9-4EC2-4BC1-B78F-A2C697BCE705,4,BROILER GROWER601 2,BROILER GROWER,2026-07-22 20:28:02.637,2026-07-22 21:36:50.347,2026-07-22 21:37:54.373,4500.0,Monocalcium Phos,204,100.0,38.745,39.20718,Production Recipes,1,
Server2,84F4247B-B121-4573-BFD4-280EFE13F2DA,9EB5AAF9-4EC2-4BC1-B78F-A2C697BCE705,4,BROILER GROWER601 2,BROILER GROWER,2026-07-22 20:28:02.637,2026-07-22 21:36:50.347,2026-07-22 21:37:54.373,4500.0,NOVELA ECL,6,100.0,0.45,1.190683,Production Recipes,1,
Server2,84F4247B-B121-4573-BFD4-280EFE13F2DA,9EB5AAF9-4EC2-4BC1-B78F-A2C697BCE705,4,BROILER GROWER601 2,BROILER GROWER,2026-07-22 20:28:02.637,2026-07-22 21:36:50.347,2026-07-22 21:37:54.373,4500.0,Provi Oxi Stop,21,100.0,0.45,0.9910302,Production Recipes,1,
Server2,84F4247B-B121-4573-BFD4-280EFE13F2DA,9EB5AAF9-4EC2-4BC1-B78F-A2C697BCE705,4,BROILER GROWER601 2,BROILER GROWER,2026-07-22 20:28:02.637,2026-07-22 21:36:50.347,2026-07-22 21:37:54.373,4500.0,Rovabio P10,176,100.0,2.25,2.256945,Production Recipes,1,
Server2,84F4247B-B121-4573-BFD4-280EFE13F2DA,9EB5AAF9-4EC2-4BC1-B78F-A2C697BCE705,4,BROILER GROWER601 2,BROILER GROWER,2026-07-22 20:28:02.637,2026-07-22 21:36:50.347,2026-07-22 21:37:54.373,4500.0,Sacox (500g),91,100.0,2.25,3.616898,Production Recipes,1,
Server2,84F4247B-B121-4573-BFD4-280EFE13F2DA,9EB5AAF9-4EC2-4BC1-B78F-A2C697BCE705,4,BROILER GROWER601 2,BROILER GROWER,2026-07-22 20:28:02.637,2026-07-22 21:36:50.347,2026-07-22 21:37:54.373,4500.0,Salt,202,100.0,12.96,18.08449,Production Recipes,1,
Server2,84F4247B-B121-4573-BFD4-280EFE13F2DA,9EB5AAF9-4EC2-4BC1-B78F-A2C697BCE705,4,BROILER GROWER601 2,BROILER GROWER,2026-07-22 20:28:02.637,2026-07-22 21:36:50.347,2026-07-22 21:37:54.373,4500.0,SOLIS,124,100.0,6.75,7.277199,Production Recipes,1,
Server2,84F4247B-B121-4573-BFD4-280EFE13F2DA,9EB5AAF9-4EC2-4BC1-B78F-A2C697BCE705,4,BROILER GROWER601 2,BROILER GROWER,2026-07-22 20:28:02.637,2026-07-22 21:36:50.347,2026-07-22 21:37:54.373,4500.0,SOUDIOM Bicarbon,35,100.0,8.955,8.96991,Production Recipes,1,
Server2,84F4247B-B121-4573-BFD4-280EFE13F2DA,9EB5AAF9-4EC2-4BC1-B78F-A2C697BCE705,4,BROILER GROWER601 2,BROILER GROWER,2026-07-22 20:28:02.637,2026-07-22 21:36:50.347,2026-07-22 21:37:54.373,4500.0,SOYA-,105,100.0,1619.145,1621.267,Production Recipes,1,
Server2,84F4247B-B121-4573-BFD4-280EFE13F2DA,9EB5AAF9-4EC2-4BC1-B78F-A2C697BCE705,4,BROILER GROWER601 2,BROILER GROWER,2026-07-22 20:28:02.637,2026-07-22 21:36:50.347,2026-07-22 21:37:54.373,4500.0,Soya Oil,210,100.0,37.35,37.75,Production Recipes,10,
Server2,84F4247B-B121-4573-BFD4-280EFE13F2DA,9EB5AAF9-4EC2-4BC1-B78F-A2C697BCE705,4,BROILER GROWER601 2,BROILER GROWER,2026-07-22 20:28:02.637,2026-07-22 21:36:50.347,2026-07-22 21:37:54.373,4500.0,TermiN-8,33,100.0,6.75,0.0,Production Recipes,6,
Server2,3EDD8FAE-A1FA-429B-B5B0-B51DB49070F8,9EB5AAF9-4EC2-4BC1-B78F-A2C697BCE705,4,BROILER GROWER601 3,BROILER GROWER,2026-07-22 20:28:04.587,2026-07-22 22:05:52.453,2026-07-22 22:06:56.260,4500.0,BETAIN HCL,142,100.0,2.25,2.673612,Production Recipes,1,
Server2,3EDD8FAE-A1FA-429B-B5B0-B51DB49070F8,9EB5AAF9-4EC2-4BC1-B78F-A2C697BCE705,4,BROILER GROWER601 3,BROILER GROWER,2026-07-22 20:28:04.587,2026-07-22 22:05:52.453,2026-07-22 22:06:56.260,4500.0,BIOSTRONG 510,140,100.0,0.675,0.7407409,Production Recipes,1,
Server2,3EDD8FAE-A1FA-429B-B5B0-B51DB49070F8,9EB5AAF9-4EC2-4BC1-B78F-A2C697BCE705,4,BROILER GROWER601 3,BROILER GROWER,2026-07-22 20:28:04.587,2026-07-22 22:05:52.453,2026-07-22 22:06:56.260,4500.0,Broiler Mineral Mix,31,100.0,4.05,6.206597,Production Recipes,1,
Server2,3EDD8FAE-A1FA-429B-B5B0-B51DB49070F8,9EB5AAF9-4EC2-4BC1-B78F-A2C697BCE705,4,BROILER GROWER601 3,BROILER GROWER,2026-07-22 20:28:04.587,2026-07-22 22:05:52.453,2026-07-22 22:06:56.260,4500.0,Broiler Starter PX,69,100.0,4.05,5.462963,Production Recipes,1,
Server2,3EDD8FAE-A1FA-429B-B5B0-B51DB49070F8,9EB5AAF9-4EC2-4BC1-B78F-A2C697BCE705,4,BROILER GROWER601 3,BROILER GROWER,2026-07-22 20:28:04.587,2026-07-22 22:05:52.453,2026-07-22 22:06:56.260,4500.0,Choline Chloride 60%,26,100.0,2.7,3.466435,Production Recipes,1,
Server2,3EDD8FAE-A1FA-429B-B5B0-B51DB49070F8,9EB5AAF9-4EC2-4BC1-B78F-A2C697BCE705,4,BROILER GROWER601 3,BROILER GROWER,2026-07-22 20:28:04.587,2026-07-22 22:05:52.453,2026-07-22 22:06:56.260,4500.0,KENZYME PRO,77,100.0,2.7,2.835648,Production Recipes,1,
Server2,3EDD8FAE-A1FA-429B-B5B0-B51DB49070F8,9EB5AAF9-4EC2-4BC1-B78F-A2C697BCE705,4,BROILER GROWER601 3,BROILER GROWER,2026-07-22 20:28:04.587,2026-07-22 22:05:52.453,2026-07-22 22:06:56.260,4500.0,Limestone,113,100.0,55.485,56.07629,Production Recipes,1,
Server2,3EDD8FAE-A1FA-429B-B5B0-B51DB49070F8,9EB5AAF9-4EC2-4BC1-B78F-A2C697BCE705,4,BROILER GROWER601 3,BROILER GROWER,2026-07-22 20:28:04.587,2026-07-22 22:05:52.453,2026-07-22 22:06:56.260,4500.0,LYSOFORTE DRY,30,100.0,0.9,1.0489,Production Recipes,1,
Server2,3EDD8FAE-A1FA-429B-B5B0-B51DB49070F8,9EB5AAF9-4EC2-4BC1-B78F-A2C697BCE705,4,BROILER GROWER601 3,BROILER GROWER,2026-07-22 20:28:04.587,2026-07-22 22:05:52.453,2026-07-22 22:06:56.260,4500.0,Maize,100,100.0,2679.705,2684.751,Production Recipes,4,
Server2,3EDD8FAE-A1FA-429B-B5B0-B51DB49070F8,9EB5AAF9-4EC2-4BC1-B78F-A2C697BCE705,4,BROILER GROWER601 3,BROILER GROWER,2026-07-22 20:28:04.587,2026-07-22 22:05:52.453,2026-07-22 22:06:56.260,4500.0,Methionine,12,100.0,10.62,10.99537,Production Recipes,1,
Server2,3EDD8FAE-A1FA-429B-B5B0-B51DB49070F8,9EB5AAF9-4EC2-4BC1-B78F-A2C697BCE705,4,BROILER GROWER601 3,BROILER GROWER,2026-07-22 20:28:04.587,2026-07-22 22:05:52.453,2026-07-22 22:06:56.260,4500.0,Monocalcium Phos,204,100.0,38.745,39.20717,Production Recipes,1,
Server2,3EDD8FAE-A1FA-429B-B5B0-B51DB49070F8,9EB5AAF9-4EC2-4BC1-B78F-A2C697BCE705,4,BROILER GROWER601 3,BROILER GROWER,2026-07-22 20:28:04.587,2026-07-22 22:05:52.453,2026-07-22 22:06:56.260,4500.0,NOVELA ECL,6,100.0,0.45,0.5989584,Production Recipes,1,
Server2,3EDD8FAE-A1FA-429B-B5B0-B51DB49070F8,9EB5AAF9-4EC2-4BC1-B78F-A2C697BCE705,4,BROILER GROWER601 3,BROILER GROWER,2026-07-22 20:28:04.587,2026-07-22 22:05:52.453,2026-07-22 22:06:56.260,4500.0,Provi Oxi Stop,21,100.0,0.45,1.001157,Production Recipes,1,
Server2,3EDD8FAE-A1FA-429B-B5B0-B51DB49070F8,9EB5AAF9-4EC2-4BC1-B78F-A2C697BCE705,4,BROILER GROWER601 3,BROILER GROWER,2026-07-22 20:28:04.587,2026-07-22 22:05:52.453,2026-07-22 22:06:56.260,4500.0,Rovabio P10,176,100.0,2.25,2.905092,Production Recipes,1,
Server2,3EDD8FAE-A1FA-429B-B5B0-B51DB49070F8,9EB5AAF9-4EC2-4BC1-B78F-A2C697BCE705,4,BROILER GROWER601 3,BROILER GROWER,2026-07-22 20:28:04.587,2026-07-22 22:05:52.453,2026-07-22 22:06:56.260,4500.0,Sacox (500g),91,100.0,2.25,3.171296,Production Recipes,1,
Server2,3EDD8FAE-A1FA-429B-B5B0-B51DB49070F8,9EB5AAF9-4EC2-4BC1-B78F-A2C697BCE705,4,BROILER GROWER601 3,BROILER GROWER,2026-07-22 20:28:04.587,2026-07-22 22:05:52.453,2026-07-22 22:06:56.260,4500.0,Salt,202,100.0,12.96,14.03357,Production Recipes,1,
Server2,3EDD8FAE-A1FA-429B-B5B0-B51DB49070F8,9EB5AAF9-4EC2-4BC1-B78F-A2C697BCE705,4,BROILER GROWER601 3,BROILER GROWER,2026-07-22 20:28:04.587,2026-07-22 22:05:52.453,2026-07-22 22:06:56.260,4500.0,SOLIS,124,100.0,6.75,7.103588,Production Recipes,1,
Server2,3EDD8FAE-A1FA-429B-B5B0-B51DB49070F8,9EB5AAF9-4EC2-4BC1-B78F-A2C697BCE705,4,BROILER GROWER601 3,BROILER GROWER,2026-07-22 20:28:04.587,2026-07-22 22:05:52.453,2026-07-22 22:06:56.260,4500.0,SOUDIOM Bicarbon,35,100.0,8.955,8.96991,Production Recipes,1,
Server2,3EDD8FAE-A1FA-429B-B5B0-B51DB49070F8,9EB5AAF9-4EC2-4BC1-B78F-A2C697BCE705,4,BROILER GROWER601 3,BROILER GROWER,2026-07-22 20:28:04.587,2026-07-22 22:05:52.453,2026-07-22 22:06:56.260,4500.0,SOYA-,105,100.0,1619.145,1619.068,Production Recipes,1,
Server2,3EDD8FAE-A1FA-429B-B5B0-B51DB49070F8,9EB5AAF9-4EC2-4BC1-B78F-A2C697BCE705,4,BROILER GROWER601 3,BROILER GROWER,2026-07-22 20:28:04.587,2026-07-22 22:05:52.453,2026-07-22 22:06:56.260,4500.0,Soya Oil,210,100.0,37.35,38.0,Production Recipes,10,
Server2,3EDD8FAE-A1FA-429B-B5B0-B51DB49070F8,9EB5AAF9-4EC2-4BC1-B78F-A2C697BCE705,4,BROILER GROWER601 3,BROILER GROWER,2026-07-22 20:28:04.587,2026-07-22 22:05:52.453,2026-07-22 22:06:56.260,4500.0,TermiN-8,33,100.0,6.75,0.0,Production Recipes,6,
Server2,44902F58-8948-476A-A20D-B0C96358205C,9EB5AAF9-4EC2-4BC1-B78F-A2C697BCE705,4,BROILER GROWER601 4,BROILER GROWER,2026-07-22 20:28:08.633,2026-07-22 22:10:02.313,2026-07-22 22:11:06.310,4500.0,BETAIN HCL,142,100.0,2.25,3.159722,Production Recipes,1,
Server2,44902F58-8948-476A-A20D-B0C96358205C,9EB5AAF9-4EC2-4BC1-B78F-A2C697BCE705,4,BROILER GROWER601 4,BROILER GROWER,2026-07-22 20:28:08.633,2026-07-22 22:10:02.313,2026-07-22 22:11:06.310,4500.0,BIOSTRONG 510,140,100.0,0.675,0.7913773,Production Recipes,1,
Server2,44902F58-8948-476A-A20D-B0C96358205C,9EB5AAF9-4EC2-4BC1-B78F-A2C697BCE705,4,BROILER GROWER601 4,BROILER GROWER,2026-07-22 20:28:08.633,2026-07-22 22:10:02.313,2026-07-22 22:11:06.310,4500.0,Broiler Mineral Mix,31,100.0,4.05,5.092592,Production Recipes,1,
Server2,44902F58-8948-476A-A20D-B0C96358205C,9EB5AAF9-4EC2-4BC1-B78F-A2C697BCE705,4,BROILER GROWER601 4,BROILER GROWER,2026-07-22 20:28:08.633,2026-07-22 22:10:02.313,2026-07-22 22:11:06.310,4500.0,Broiler Starter PX,69,100.0,4.05,4.976852,Production Recipes,1,
Server2,44902F58-8948-476A-A20D-B0C96358205C,9EB5AAF9-4EC2-4BC1-B78F-A2C697BCE705,4,BROILER GROWER601 4,BROILER GROWER,2026-07-22 20:28:08.633,2026-07-22 22:10:02.313,2026-07-22 22:11:06.310,4500.0,Choline Chloride 60%,26,100.0,2.7,2.893518,Production Recipes,1,
Server2,44902F58-8948-476A-A20D-B0C96358205C,9EB5AAF9-4EC2-4BC1-B78F-A2C697BCE705,4,BROILER GROWER601 4,BROILER GROWER,2026-07-22 20:28:08.633,2026-07-22 22:10:02.313,2026-07-22 22:11:06.310,4500.0,KENZYME PRO,77,100.0,2.7,2.980324,Production Recipes,1,
Server2,44902F58-8948-476A-A20D-B0C96358205C,9EB5AAF9-4EC2-4BC1-B78F-A2C697BCE705,4,BROILER GROWER601 4,BROILER GROWER,2026-07-22 20:28:08.633,2026-07-22 22:10:02.313,2026-07-22 22:11:06.310,4500.0,Limestone,113,100.0,55.485,70.37036,Production Recipes,1,
Server2,44902F58-8948-476A-A20D-B0C96358205C,9EB5AAF9-4EC2-4BC1-B78F-A2C697BCE705,4,BROILER GROWER601 4,BROILER GROWER,2026-07-22 20:28:08.633,2026-07-22 22:10:02.313,2026-07-22 22:11:06.310,4500.0,LYSOFORTE DRY,30,100.0,0.9,0.889757,Production Recipes,1,
Server2,44902F58-8948-476A-A20D-B0C96358205C,9EB5AAF9-4EC2-4BC1-B78F-A2C697BCE705,4,BROILER GROWER601 4,BROILER GROWER,2026-07-22 20:28:08.633,2026-07-22 22:10:02.313,2026-07-22 22:11:06.310,4500.0,Maize,100,100.0,2679.705,2686.343,Production Recipes,4,
Server2,44902F58-8948-476A-A20D-B0C96358205C,9EB5AAF9-4EC2-4BC1-B78F-A2C697BCE705,4,BROILER GROWER601 4,BROILER GROWER,2026-07-22 20:28:08.633,2026-07-22 22:10:02.313,2026-07-22 22:11:06.310,4500.0,Methionine,12,100.0,10.62,10.99537,Production Recipes,1,
Server2,44902F58-8948-476A-A20D-B0C96358205C,9EB5AAF9-4EC2-4BC1-B78F-A2C697BCE705,4,BROILER GROWER601 4,BROILER GROWER,2026-07-22 20:28:08.633,2026-07-22 22:10:02.313,2026-07-22 22:11:06.310,4500.0,Monocalcium Phos,204,100.0,38.745,39.20717,Production Recipes,1,
Server2,44902F58-8948-476A-A20D-B0C96358205C,9EB5AAF9-4EC2-4BC1-B78F-A2C697BCE705,4,BROILER GROWER601 4,BROILER GROWER,2026-07-22 20:28:08.633,2026-07-22 22:10:02.313,2026-07-22 22:11:06.310,4500.0,NOVELA ECL,6,100.0,0.45,1.190683,Production Recipes,1,
Server2,44902F58-8948-476A-A20D-B0C96358205C,9EB5AAF9-4EC2-4BC1-B78F-A2C697BCE705,4,BROILER GROWER601 4,BROILER GROWER,2026-07-22 20:28:08.633,2026-07-22 22:10:02.313,2026-07-22 22:11:06.310,4500.0,Provi Oxi Stop,21,100.0,0.45,1.111111,Production Recipes,1,
Server2,44902F58-8948-476A-A20D-B0C96358205C,9EB5AAF9-4EC2-4BC1-B78F-A2C697BCE705,4,BROILER GROWER601 4,BROILER GROWER,2026-07-22 20:28:08.633,2026-07-22 22:10:02.313,2026-07-22 22:11:06.310,4500.0,Rovabio P10,176,100.0,2.25,2.858797,Production Recipes,1,
Server2,44902F58-8948-476A-A20D-B0C96358205C,9EB5AAF9-4EC2-4BC1-B78F-A2C697BCE705,4,BROILER GROWER601 4,BROILER GROWER,2026-07-22 20:28:08.633,2026-07-22 22:10:02.313,2026-07-22 22:11:06.310,4500.0,Sacox (500g),91,100.0,2.25,3.478009,Production Recipes,1,
Server2,44902F58-8948-476A-A20D-B0C96358205C,9EB5AAF9-4EC2-4BC1-B78F-A2C697BCE705,4,BROILER GROWER601 4,BROILER GROWER,2026-07-22 20:28:08.633,2026-07-22 22:10:02.313,2026-07-22 22:11:06.310,4500.0,Salt,202,100.0,12.96,14.03357,Production Recipes,1,
Server2,44902F58-8948-476A-A20D-B0C96358205C,9EB5AAF9-4EC2-4BC1-B78F-A2C697BCE705,4,BROILER GROWER601 4,BROILER GROWER,2026-07-22 20:28:08.633,2026-07-22 22:10:02.313,2026-07-22 22:11:06.310,4500.0,SOLIS,124,100.0,6.75,7.306134,Production Recipes,1,
Server2,44902F58-8948-476A-A20D-B0C96358205C,9EB5AAF9-4EC2-4BC1-B78F-A2C697BCE705,4,BROILER GROWER601 4,BROILER GROWER,2026-07-22 20:28:08.633,2026-07-22 22:10:02.313,2026-07-22 22:11:06.310,4500.0,SOUDIOM Bicarbon,35,100.0,8.955,9.114586,Production Recipes,1,
Server2,44902F58-8948-476A-A20D-B0C96358205C,9EB5AAF9-4EC2-4BC1-B78F-A2C697BCE705,4,BROILER GROWER601 4,BROILER GROWER,2026-07-22 20:28:08.633,2026-07-22 22:10:02.313,2026-07-22 22:11:06.310,4500.0,SOYA-,105,100.0,1619.145,1617.419,Production Recipes,1,
Server2,44902F58-8948-476A-A20D-B0C96358205C,9EB5AAF9-4EC2-4BC1-B78F-A2C697BCE705,4,BROILER GROWER601 4,BROILER GROWER,2026-07-22 20:28:08.633,2026-07-22 22:10:02.313,2026-07-22 22:11:06.310,4500.0,Soya Oil,210,100.0,37.35,37.75,Production Recipes,10,
Server2,44902F58-8948-476A-A20D-B0C96358205C,9EB5AAF9-4EC2-4BC1-B78F-A2C697BCE705,4,BROILER GROWER601 4,BROILER GROWER,2026-07-22 20:28:08.633,2026-07-22 22:10:02.313,2026-07-22 22:11:06.310,4500.0,TermiN-8,33,100.0,6.75,0.0,Production Recipes,6,
Server2,5D67A1E6-499C-4A21-8A76-34C0852DC880,9EB5AAF9-4EC2-4BC1-B78F-A2C697BCE705,4,BROILER STARTER604 1,BROILER STARTER,2026-07-22 20:31:10.140,2026-07-22 22:15:30.013,2026-07-22 22:16:33.997,4500.0,BETAIN HCL,142,100.0,2.25,3.142362,Production Recipes,1,
Server2,5D67A1E6-499C-4A21-8A76-34C0852DC880,9EB5AAF9-4EC2-4BC1-B78F-A2C697BCE705,4,BROILER STARTER604 1,BROILER STARTER,2026-07-22 20:31:10.140,2026-07-22 22:15:30.013,2026-07-22 22:16:33.997,4500.0,BIOSTRONG 510,140,100.0,0.675,0.7899306,Production Recipes,1,
Server2,5D67A1E6-499C-4A21-8A76-34C0852DC880,9EB5AAF9-4EC2-4BC1-B78F-A2C697BCE705,4,BROILER STARTER604 1,BROILER STARTER,2026-07-22 20:31:10.140,2026-07-22 22:15:30.013,2026-07-22 22:16:33.997,4500.0,Broiler Mineral Mix,31,100.0,4.5,6.30787,Production Recipes,1,
Server2,5D67A1E6-499C-4A21-8A76-34C0852DC880,9EB5AAF9-4EC2-4BC1-B78F-A2C697BCE705,4,BROILER STARTER604 1,BROILER STARTER,2026-07-22 20:31:10.140,2026-07-22 22:15:30.013,2026-07-22 22:16:33.997,4500.0,KENZYME PRO,77,100.0,2.7,2.994791,Production Recipes,1,
Server2,5D67A1E6-499C-4A21-8A76-34C0852DC880,9EB5AAF9-4EC2-4BC1-B78F-A2C697BCE705,4,BROILER STARTER604 1,BROILER STARTER,2026-07-22 20:31:10.140,2026-07-22 22:15:30.013,2026-07-22 22:16:33.997,4500.0,Limestone,113,100.0,65.07,74.21875,Production Recipes,1,
Server2,5D67A1E6-499C-4A21-8A76-34C0852DC880,9EB5AAF9-4EC2-4BC1-B78F-A2C697BCE705,4,BROILER STARTER604 1,BROILER STARTER,2026-07-22 20:31:10.140,2026-07-22 22:15:30.013,2026-07-22 22:16:33.997,4500.0,LYSOFORTE DRY,30,100.0,0.9,0.8203125,Production Recipes,1,
Server2,5D67A1E6-499C-4A21-8A76-34C0852DC880,9EB5AAF9-4EC2-4BC1-B78F-A2C697BCE705,4,BROILER STARTER604 1,BROILER STARTER,2026-07-22 20:31:10.140,2026-07-22 22:15:30.013,2026-07-22 22:16:33.997,4500.0,Maize,100,100.0,2688.75,2681.568,Production Recipes,4,
Server2,5D67A1E6-499C-4A21-8A76-34C0852DC880,9EB5AAF9-4EC2-4BC1-B78F-A2C697BCE705,4,BROILER STARTER604 1,BROILER STARTER,2026-07-22 20:31:10.140,2026-07-22 22:15:30.013,2026-07-22 22:16:33.997,4500.0,Methionine,12,100.0,13.95,14.03356,Production Recipes,1,
Server2,5D67A1E6-499C-4A21-8A76-34C0852DC880,9EB5AAF9-4EC2-4BC1-B78F-A2C697BCE705,4,BROILER STARTER604 1,BROILER STARTER,2026-07-22 20:31:10.140,2026-07-22 22:15:30.013,2026-07-22 22:16:33.997,4500.0,Monocalcium Phos,204,100.0,42.03,42.10069,Production Recipes,1,
Server2,5D67A1E6-499C-4A21-8A76-34C0852DC880,9EB5AAF9-4EC2-4BC1-B78F-A2C697BCE705,4,BROILER STARTER604 1,BROILER STARTER,2026-07-22 20:31:10.140,2026-07-22 22:15:30.013,2026-07-22 22:16:33.997,4500.0,NOVELA ECL,6,100.0,0.45,0.5396413,Production Recipes,1,
Server2,5D67A1E6-499C-4A21-8A76-34C0852DC880,9EB5AAF9-4EC2-4BC1-B78F-A2C697BCE705,4,BROILER STARTER604 1,BROILER STARTER,2026-07-22 20:31:10.140,2026-07-22 22:15:30.013,2026-07-22 22:16:33.997,4500.0,Provi Oxi Stop,21,100.0,0.45,0.9505208,Production Recipes,1,
Server2,5D67A1E6-499C-4A21-8A76-34C0852DC880,9EB5AAF9-4EC2-4BC1-B78F-A2C697BCE705,4,BROILER STARTER604 1,BROILER STARTER,2026-07-22 20:31:10.140,2026-07-22 22:15:30.013,2026-07-22 22:16:33.997,4500.0,Rovabio P10,176,100.0,2.25,2.922454,Production Recipes,1,
Server2,5D67A1E6-499C-4A21-8A76-34C0852DC880,9EB5AAF9-4EC2-4BC1-B78F-A2C697BCE705,4,BROILER STARTER604 1,BROILER STARTER,2026-07-22 20:31:10.140,2026-07-22 22:15:30.013,2026-07-22 22:16:33.997,4500.0,Sacox (500g),91,100.0,2.25,3.767361,Production Recipes,1,
Server2,5D67A1E6-499C-4A21-8A76-34C0852DC880,9EB5AAF9-4EC2-4BC1-B78F-A2C697BCE705,4,BROILER STARTER604 1,BROILER STARTER,2026-07-22 20:31:10.140,2026-07-22 22:15:30.013,2026-07-22 22:16:33.997,4500.0,Salt,202,100.0,12.105,19.09722,Production Recipes,1,
Server2,5D67A1E6-499C-4A21-8A76-34C0852DC880,9EB5AAF9-4EC2-4BC1-B78F-A2C697BCE705,4,BROILER STARTER604 1,BROILER STARTER,2026-07-22 20:31:10.140,2026-07-22 22:15:30.013,2026-07-22 22:16:33.997,4500.0,SOLIS,124,100.0,6.75,7.074652,Production Recipes,1,
Server2,5D67A1E6-499C-4A21-8A76-34C0852DC880,9EB5AAF9-4EC2-4BC1-B78F-A2C697BCE705,4,BROILER STARTER604 1,BROILER STARTER,2026-07-22 20:31:10.140,2026-07-22 22:15:30.013,2026-07-22 22:16:33.997,4500.0,SOUDIOM Bicarbon,35,100.0,9.81,10.12732,Production Recipes,1,
Server2,5D67A1E6-499C-4A21-8A76-34C0852DC880,9EB5AAF9-4EC2-4BC1-B78F-A2C697BCE705,4,BROILER STARTER604 1,BROILER STARTER,2026-07-22 20:31:10.140,2026-07-22 22:15:30.013,2026-07-22 22:16:33.997,4500.0,SOYA-,105,100.0,1755.0,1752.662,Production Recipes,1,
Server2,5D67A1E6-499C-4A21-8A76-34C0852DC880,9EB5AAF9-4EC2-4BC1-B78F-A2C697BCE705,4,BROILER STARTER604 1,BROILER STARTER,2026-07-22 20:31:10.140,2026-07-22 22:15:30.013,2026-07-22 22:16:33.997,4500.0,Soya Oil,210,100.0,14.58,15.0,Production Recipes,10,
Server2,5D67A1E6-499C-4A21-8A76-34C0852DC880,9EB5AAF9-4EC2-4BC1-B78F-A2C697BCE705,4,BROILER STARTER604 1,BROILER STARTER,2026-07-22 20:31:10.140,2026-07-22 22:15:30.013,2026-07-22 22:16:33.997,4500.0,TermiN-8,33,100.0,6.75,0.0,Production Recipes,6,
Server2,F6BA1469-A8B0-4973-A592-44B3B836A7C3,9EB5AAF9-4EC2-4BC1-B78F-A2C697BCE705,4,BROILER STARTER604 2,BROILER STARTER,2026-07-22 20:31:13.387,2026-07-22 22:18:38.127,2026-07-22 22:19:41.857,4500.0,BETAIN HCL,142,100.0,2.25,2.951388,Production Recipes,1,
Server2,F6BA1469-A8B0-4973-A592-44B3B836A7C3,9EB5AAF9-4EC2-4BC1-B78F-A2C697BCE705,4,BROILER STARTER604 2,BROILER STARTER,2026-07-22 20:31:13.387,2026-07-22 22:18:38.127,2026-07-22 22:19:41.857,4500.0,BIOSTRONG 510,140,100.0,0.675,0.7798032,Production Recipes,1,
Server2,F6BA1469-A8B0-4973-A592-44B3B836A7C3,9EB5AAF9-4EC2-4BC1-B78F-A2C697BCE705,4,BROILER STARTER604 2,BROILER STARTER,2026-07-22 20:31:13.387,2026-07-22 22:18:38.127,2026-07-22 22:19:41.857,4500.0,Broiler Mineral Mix,31,100.0,4.5,6.828704,Production Recipes,1,
Server2,F6BA1469-A8B0-4973-A592-44B3B836A7C3,9EB5AAF9-4EC2-4BC1-B78F-A2C697BCE705,4,BROILER STARTER604 2,BROILER STARTER,2026-07-22 20:31:13.387,2026-07-22 22:18:38.127,2026-07-22 22:19:41.857,4500.0,KENZYME PRO,77,100.0,2.7,2.835649,Production Recipes,1,
Server2,F6BA1469-A8B0-4973-A592-44B3B836A7C3,9EB5AAF9-4EC2-4BC1-B78F-A2C697BCE705,4,BROILER STARTER604 2,BROILER STARTER,2026-07-22 20:31:13.387,2026-07-22 22:18:38.127,2026-07-22 22:19:41.857,4500.0,Limestone,113,100.0,65.07,70.37036,Production Recipes,1,
Server2,F6BA1469-A8B0-4973-A592-44B3B836A7C3,9EB5AAF9-4EC2-4BC1-B78F-A2C697BCE705,4,BROILER STARTER604 2,BROILER STARTER,2026-07-22 20:31:13.387,2026-07-22 22:18:38.127,2026-07-22 22:19:41.857,4500.0,LYSOFORTE DRY,30,100.0,0.9,0.8810765,Production Recipes,1,
Server2,F6BA1469-A8B0-4973-A592-44B3B836A7C3,9EB5AAF9-4EC2-4BC1-B78F-A2C697BCE705,4,BROILER STARTER604 2,BROILER STARTER,2026-07-22 20:31:13.387,2026-07-22 22:18:38.127,2026-07-22 22:19:41.857,4500.0,Maize,100,100.0,2688.75,2684.751,Production Recipes,4,
Server2,F6BA1469-A8B0-4973-A592-44B3B836A7C3,9EB5AAF9-4EC2-4BC1-B78F-A2C697BCE705,4,BROILER STARTER604 2,BROILER STARTER,2026-07-22 20:31:13.387,2026-07-22 22:18:38.127,2026-07-22 22:19:41.857,4500.0,Methionine,12,100.0,13.95,14.03356,Production Recipes,1,
Server2,F6BA1469-A8B0-4973-A592-44B3B836A7C3,9EB5AAF9-4EC2-4BC1-B78F-A2C697BCE705,4,BROILER STARTER604 2,BROILER STARTER,2026-07-22 20:31:13.387,2026-07-22 22:18:38.127,2026-07-22 22:19:41.857,4500.0,Monocalcium Phos,204,100.0,42.03,42.24537,Production Recipes,1,
Server2,F6BA1469-A8B0-4973-A592-44B3B836A7C3,9EB5AAF9-4EC2-4BC1-B78F-A2C697BCE705,4,BROILER STARTER604 2,BROILER STARTER,2026-07-22 20:31:13.387,2026-07-22 22:18:38.127,2026-07-22 22:19:41.857,4500.0,NOVELA ECL,6,100.0,0.45,0.5208334,Production Recipes,1,
Server2,F6BA1469-A8B0-4973-A592-44B3B836A7C3,9EB5AAF9-4EC2-4BC1-B78F-A2C697BCE705,4,BROILER STARTER604 2,BROILER STARTER,2026-07-22 20:31:13.387,2026-07-22 22:18:38.127,2026-07-22 22:19:41.857,4500.0,Provi Oxi Stop,21,100.0,0.45,1.180556,Production Recipes,1,
Server2,F6BA1469-A8B0-4973-A592-44B3B836A7C3,9EB5AAF9-4EC2-4BC1-B78F-A2C697BCE705,4,BROILER STARTER604 2,BROILER STARTER,2026-07-22 20:31:13.387,2026-07-22 22:18:38.127,2026-07-22 22:19:41.857,4500.0,Rovabio P10,176,100.0,2.25,3.084492,Production Recipes,1,
Server2,F6BA1469-A8B0-4973-A592-44B3B836A7C3,9EB5AAF9-4EC2-4BC1-B78F-A2C697BCE705,4,BROILER STARTER604 2,BROILER STARTER,2026-07-22 20:31:13.387,2026-07-22 22:18:38.127,2026-07-22 22:19:41.857,4500.0,Sacox (500g),91,100.0,2.25,3.055556,Production Recipes,1,
Server2,F6BA1469-A8B0-4973-A592-44B3B836A7C3,9EB5AAF9-4EC2-4BC1-B78F-A2C697BCE705,4,BROILER STARTER604 2,BROILER STARTER,2026-07-22 20:31:13.387,2026-07-22 22:18:38.127,2026-07-22 22:19:41.857,4500.0,Salt,202,100.0,12.105,13.02084,Production Recipes,1,
Server2,F6BA1469-A8B0-4973-A592-44B3B836A7C3,9EB5AAF9-4EC2-4BC1-B78F-A2C697BCE705,4,BROILER STARTER604 2,BROILER STARTER,2026-07-22 20:31:13.387,2026-07-22 22:18:38.127,2026-07-22 22:19:41.857,4500.0,SOLIS,124,100.0,6.75,7.248263,Production Recipes,1,
Server2,F6BA1469-A8B0-4973-A592-44B3B836A7C3,9EB5AAF9-4EC2-4BC1-B78F-A2C697BCE705,4,BROILER STARTER604 2,BROILER STARTER,2026-07-22 20:31:13.387,2026-07-22 22:18:38.127,2026-07-22 22:19:41.857,4500.0,SOUDIOM Bicarbon,35,100.0,9.81,9.982635,Production Recipes,1,
Server2,F6BA1469-A8B0-4973-A592-44B3B836A7C3,9EB5AAF9-4EC2-4BC1-B78F-A2C697BCE705,4,BROILER STARTER604 2,BROILER STARTER,2026-07-22 20:31:13.387,2026-07-22 22:18:38.127,2026-07-22 22:19:41.857,4500.0,SOYA-,105,100.0,1755.0,1750.463,Production Recipes,1,
Server2,F6BA1469-A8B0-4973-A592-44B3B836A7C3,9EB5AAF9-4EC2-4BC1-B78F-A2C697BCE705,4,BROILER STARTER604 2,BROILER STARTER,2026-07-22 20:31:13.387,2026-07-22 22:18:38.127,2026-07-22 22:19:41.857,4500.0,Soya Oil,210,100.0,14.58,15.25,Production Recipes,10,
Server2,F6BA1469-A8B0-4973-A592-44B3B836A7C3,9EB5AAF9-4EC2-4BC1-B78F-A2C697BCE705,4,BROILER STARTER604 2,BROILER STARTER,2026-07-22 20:31:13.387,2026-07-22 22:18:38.127,2026-07-22 22:19:41.857,4500.0,TermiN-8,33,100.0,6.75,0.0,Production Recipes,6,
Server2,FF0529D4-7273-46E4-BAA5-5FE42E4073EF,9EB5AAF9-4EC2-4BC1-B78F-A2C697BCE705,4,BROILER GROWER605 1,BROILER GROWER,2026-07-22 22:00:37.863,2026-07-22 22:24:25.997,2026-07-22 22:25:30.187,4500.0,BETAIN HCL,142,100.0,2.25,2.604167,Production Recipes,1,
Server2,FF0529D4-7273-46E4-BAA5-5FE42E4073EF,9EB5AAF9-4EC2-4BC1-B78F-A2C697BCE705,4,BROILER GROWER605 1,BROILER GROWER,2026-07-22 22:00:37.863,2026-07-22 22:24:25.997,2026-07-22 22:25:30.187,4500.0,BIOSTRONG 510,140,100.0,0.675,0.7002316,Production Recipes,1,
Server2,FF0529D4-7273-46E4-BAA5-5FE42E4073EF,9EB5AAF9-4EC2-4BC1-B78F-A2C697BCE705,4,BROILER GROWER605 1,BROILER GROWER,2026-07-22 22:00:37.863,2026-07-22 22:24:25.997,2026-07-22 22:25:30.187,4500.0,Broiler Mineral Mix,31,100.0,4.05,6.293403,Production Recipes,1,
Server2,FF0529D4-7273-46E4-BAA5-5FE42E4073EF,9EB5AAF9-4EC2-4BC1-B78F-A2C697BCE705,4,BROILER GROWER605 1,BROILER GROWER,2026-07-22 22:00:37.863,2026-07-22 22:24:25.997,2026-07-22 22:25:30.187,4500.0,Broiler Starter PX,69,100.0,4.05,5.162037,Production Recipes,1,
Server2,FF0529D4-7273-46E4-BAA5-5FE42E4073EF,9EB5AAF9-4EC2-4BC1-B78F-A2C697BCE705,4,BROILER GROWER605 1,BROILER GROWER,2026-07-22 22:00:37.863,2026-07-22 22:24:25.997,2026-07-22 22:25:30.187,4500.0,Choline Chloride 60%,26,100.0,2.7,2.557871,Production Recipes,1,
Server2,FF0529D4-7273-46E4-BAA5-5FE42E4073EF,9EB5AAF9-4EC2-4BC1-B78F-A2C697BCE705,4,BROILER GROWER605 1,BROILER GROWER,2026-07-22 22:00:37.863,2026-07-22 22:24:25.997,2026-07-22 22:25:30.187,4500.0,KENZYME PRO,77,100.0,2.7,3.038194,Production Recipes,1,
Server2,FF0529D4-7273-46E4-BAA5-5FE42E4073EF,9EB5AAF9-4EC2-4BC1-B78F-A2C697BCE705,4,BROILER GROWER605 1,BROILER GROWER,2026-07-22 22:00:37.863,2026-07-22 22:24:25.997,2026-07-22 22:25:30.187,4500.0,Limestone,113,100.0,55.485,63.22339,Production Recipes,1,
Server2,FF0529D4-7273-46E4-BAA5-5FE42E4073EF,9EB5AAF9-4EC2-4BC1-B78F-A2C697BCE705,4,BROILER GROWER605 1,BROILER GROWER,2026-07-22 22:00:37.863,2026-07-22 22:24:25.997,2026-07-22 22:25:30.187,4500.0,LYSOFORTE DRY,30,100.0,0.9,0.9490741,Production Recipes,1,
Server2,FF0529D4-7273-46E4-BAA5-5FE42E4073EF,9EB5AAF9-4EC2-4BC1-B78F-A2C697BCE705,4,BROILER GROWER605 1,BROILER GROWER,2026-07-22 22:00:37.863,2026-07-22 22:24:25.997,2026-07-22 22:25:30.187,4500.0,Maize,100,100.0,2679.705,2687.934,Production Recipes,4,
Server2,FF0529D4-7273-46E4-BAA5-5FE42E4073EF,9EB5AAF9-4EC2-4BC1-B78F-A2C697BCE705,4,BROILER GROWER605 1,BROILER GROWER,2026-07-22 22:00:37.863,2026-07-22 22:24:25.997,2026-07-22 22:25:30.187,4500.0,Methionine,12,100.0,10.62,10.99537,Production Recipes,1,
Server2,FF0529D4-7273-46E4-BAA5-5FE42E4073EF,9EB5AAF9-4EC2-4BC1-B78F-A2C697BCE705,4,BROILER GROWER605 1,BROILER GROWER,2026-07-22 22:00:37.863,2026-07-22 22:24:25.997,2026-07-22 22:25:30.187,4500.0,Monocalcium Phos,204,100.0,38.745,39.20718,Production Recipes,1,
Server2,FF0529D4-7273-46E4-BAA5-5FE42E4073EF,9EB5AAF9-4EC2-4BC1-B78F-A2C697BCE705,4,BROILER GROWER605 1,BROILER GROWER,2026-07-22 22:00:37.863,2026-07-22 22:24:25.997,2026-07-22 22:25:30.187,4500.0,NOVELA ECL,6,100.0,0.45,0.5208333,Production Recipes,1,
Server2,FF0529D4-7273-46E4-BAA5-5FE42E4073EF,9EB5AAF9-4EC2-4BC1-B78F-A2C697BCE705,4,BROILER GROWER605 1,BROILER GROWER,2026-07-22 22:00:37.863,2026-07-22 22:24:25.997,2026-07-22 22:25:30.187,4500.0,Provi Oxi Stop,21,100.0,0.45,0.8116319,Production Recipes,1,
Server2,FF0529D4-7273-46E4-BAA5-5FE42E4073EF,9EB5AAF9-4EC2-4BC1-B78F-A2C697BCE705,4,BROILER GROWER605 1,BROILER GROWER,2026-07-22 22:00:37.863,2026-07-22 22:24:25.997,2026-07-22 22:25:30.187,4500.0,Rovabio P10,176,100.0,2.25,3.090277,Production Recipes,1,
Server2,FF0529D4-7273-46E4-BAA5-5FE42E4073EF,9EB5AAF9-4EC2-4BC1-B78F-A2C697BCE705,4,BROILER GROWER605 1,BROILER GROWER,2026-07-22 22:00:37.863,2026-07-22 22:24:25.997,2026-07-22 22:25:30.187,4500.0,Sacox (500g),91,100.0,2.25,3.130787,Production Recipes,1,
Server2,FF0529D4-7273-46E4-BAA5-5FE42E4073EF,9EB5AAF9-4EC2-4BC1-B78F-A2C697BCE705,4,BROILER GROWER605 1,BROILER GROWER,2026-07-22 22:00:37.863,2026-07-22 22:24:25.997,2026-07-22 22:25:30.187,4500.0,Salt,202,100.0,12.96,14.03357,Production Recipes,1,
Server2,FF0529D4-7273-46E4-BAA5-5FE42E4073EF,9EB5AAF9-4EC2-4BC1-B78F-A2C697BCE705,4,BROILER GROWER605 1,BROILER GROWER,2026-07-22 22:00:37.863,2026-07-22 22:24:25.997,2026-07-22 22:25:30.187,4500.0,SOLIS,124,100.0,6.75,7.595487,Production Recipes,1,
Server2,FF0529D4-7273-46E4-BAA5-5FE42E4073EF,9EB5AAF9-4EC2-4BC1-B78F-A2C697BCE705,4,BROILER GROWER605 1,BROILER GROWER,2026-07-22 22:00:37.863,2026-07-22 22:24:25.997,2026-07-22 22:25:30.187,4500.0,SOUDIOM Bicarbon,35,100.0,8.955,8.96991,Production Recipes,1,
Server2,FF0529D4-7273-46E4-BAA5-5FE42E4073EF,9EB5AAF9-4EC2-4BC1-B78F-A2C697BCE705,4,BROILER GROWER605 1,BROILER GROWER,2026-07-22 22:00:37.863,2026-07-22 22:24:25.997,2026-07-22 22:25:30.187,4500.0,SOYA-,105,100.0,1619.145,1603.125,Production Recipes,1,
Server2,FF0529D4-7273-46E4-BAA5-5FE42E4073EF,9EB5AAF9-4EC2-4BC1-B78F-A2C697BCE705,4,BROILER GROWER605 1,BROILER GROWER,2026-07-22 22:00:37.863,2026-07-22 22:24:25.997,2026-07-22 22:25:30.187,4500.0,Soya Oil,210,100.0,37.35,38.0,Production Recipes,10,
Server2,FF0529D4-7273-46E4-BAA5-5FE42E4073EF,9EB5AAF9-4EC2-4BC1-B78F-A2C697BCE705,4,BROILER GROWER605 1,BROILER GROWER,2026-07-22 22:00:37.863,2026-07-22 22:24:25.997,2026-07-22 22:25:30.187,4500.0,TermiN-8,33,100.0,6.75,0.0,Production Recipes,6,
Server2,65D775F4-E6D1-4530-8C7A-9BA37BD171D9,9EB5AAF9-4EC2-4BC1-B78F-A2C697BCE705,4,BROILER GROWER605 2,BROILER GROWER,2026-07-22 22:01:04.013,2026-07-22 22:34:47.820,2026-07-22 22:35:52.230,4500.0,BETAIN HCL,142,100.0,2.25,3.298612,Production Recipes,1,
Server2,65D775F4-E6D1-4530-8C7A-9BA37BD171D9,9EB5AAF9-4EC2-4BC1-B78F-A2C697BCE705,4,BROILER GROWER605 2,BROILER GROWER,2026-07-22 22:01:04.013,2026-07-22 22:34:47.820,2026-07-22 22:35:52.230,4500.0,BIOSTRONG 510,140,100.0,0.675,0.800058,Production Recipes,1,
Server2,65D775F4-E6D1-4530-8C7A-9BA37BD171D9,9EB5AAF9-4EC2-4BC1-B78F-A2C697BCE705,4,BROILER GROWER605 2,BROILER GROWER,2026-07-22 22:01:04.013,2026-07-22 22:34:47.820,2026-07-22 22:35:52.230,4500.0,Broiler Mineral Mix,31,100.0,4.05,6.684028,Production Recipes,1,
Server2,65D775F4-E6D1-4530-8C7A-9BA37BD171D9,9EB5AAF9-4EC2-4BC1-B78F-A2C697BCE705,4,BROILER GROWER605 2,BROILER GROWER,2026-07-22 22:01:04.013,2026-07-22 22:34:47.820,2026-07-22 22:35:52.230,4500.0,Broiler Starter PX,69,100.0,4.05,5.97801,Production Recipes,1,
Server2,65D775F4-E6D1-4530-8C7A-9BA37BD171D9,9EB5AAF9-4EC2-4BC1-B78F-A2C697BCE705,4,BROILER GROWER605 2,BROILER GROWER,2026-07-22 22:01:04.013,2026-07-22 22:34:47.820,2026-07-22 22:35:52.230,4500.0,Choline Chloride 60%,26,100.0,2.7,3.217592,Production Recipes,1,
Server2,65D775F4-E6D1-4530-8C7A-9BA37BD171D9,9EB5AAF9-4EC2-4BC1-B78F-A2C697BCE705,4,BROILER GROWER605 2,BROILER GROWER,2026-07-22 22:01:04.013,2026-07-22 22:34:47.820,2026-07-22 22:35:52.230,4500.0,KENZYME PRO,77,100.0,2.7,3.298611,Production Recipes,1,
Server2,65D775F4-E6D1-4530-8C7A-9BA37BD171D9,9EB5AAF9-4EC2-4BC1-B78F-A2C697BCE705,4,BROILER GROWER605 2,BROILER GROWER,2026-07-22 22:01:04.013,2026-07-22 22:34:47.820,2026-07-22 22:35:52.230,4500.0,Limestone,113,100.0,55.485,56.07629,Production Recipes,1,
Server2,65D775F4-E6D1-4530-8C7A-9BA37BD171D9,9EB5AAF9-4EC2-4BC1-B78F-A2C697BCE705,4,BROILER GROWER605 2,BROILER GROWER,2026-07-22 22:01:04.013,2026-07-22 22:34:47.820,2026-07-22 22:35:52.230,4500.0,LYSOFORTE DRY,30,100.0,0.9,1.439525,Production Recipes,1,
Server2,65D775F4-E6D1-4530-8C7A-9BA37BD171D9,9EB5AAF9-4EC2-4BC1-B78F-A2C697BCE705,4,BROILER GROWER605 2,BROILER GROWER,2026-07-22 22:01:04.013,2026-07-22 22:34:47.820,2026-07-22 22:35:52.230,4500.0,Maize,100,100.0,2679.705,2687.934,Production Recipes,4,
Server2,65D775F4-E6D1-4530-8C7A-9BA37BD171D9,9EB5AAF9-4EC2-4BC1-B78F-A2C697BCE705,4,BROILER GROWER605 2,BROILER GROWER,2026-07-22 22:01:04.013,2026-07-22 22:34:47.820,2026-07-22 22:35:52.230,4500.0,Methionine,12,100.0,10.62,10.99537,Production Recipes,1,
Server2,65D775F4-E6D1-4530-8C7A-9BA37BD171D9,9EB5AAF9-4EC2-4BC1-B78F-A2C697BCE705,4,BROILER GROWER605 2,BROILER GROWER,2026-07-22 22:01:04.013,2026-07-22 22:34:47.820,2026-07-22 22:35:52.230,4500.0,Monocalcium Phos,204,100.0,38.745,39.20718,Production Recipes,1,
Server2,65D775F4-E6D1-4530-8C7A-9BA37BD171D9,9EB5AAF9-4EC2-4BC1-B78F-A2C697BCE705,4,BROILER GROWER605 2,BROILER GROWER,2026-07-22 22:01:04.013,2026-07-22 22:34:47.820,2026-07-22 22:35:52.230,4500.0,NOVELA ECL,6,100.0,0.45,0.5208334,Production Recipes,1,
Server2,65D775F4-E6D1-4530-8C7A-9BA37BD171D9,9EB5AAF9-4EC2-4BC1-B78F-A2C697BCE705,4,BROILER GROWER605 2,BROILER GROWER,2026-07-22 22:01:04.013,2026-07-22 22:34:47.820,2026-07-22 22:35:52.230,4500.0,Provi Oxi Stop,21,100.0,0.45,0.99103,Production Recipes,1,
Server2,65D775F4-E6D1-4530-8C7A-9BA37BD171D9,9EB5AAF9-4EC2-4BC1-B78F-A2C697BCE705,4,BROILER GROWER605 2,BROILER GROWER,2026-07-22 22:01:04.013,2026-07-22 22:34:47.820,2026-07-22 22:35:52.230,4500.0,Rovabio P10,176,100.0,2.25,1.950232,Production Recipes,1,
Server2,65D775F4-E6D1-4530-8C7A-9BA37BD171D9,9EB5AAF9-4EC2-4BC1-B78F-A2C697BCE705,4,BROILER GROWER605 2,BROILER GROWER,2026-07-22 22:01:04.013,2026-07-22 22:34:47.820,2026-07-22 22:35:52.230,4500.0,Sacox (500g),91,100.0,2.25,3.252315,Production Recipes,1,
Server2,65D775F4-E6D1-4530-8C7A-9BA37BD171D9,9EB5AAF9-4EC2-4BC1-B78F-A2C697BCE705,4,BROILER GROWER605 2,BROILER GROWER,2026-07-22 22:01:04.013,2026-07-22 22:34:47.820,2026-07-22 22:35:52.230,4500.0,Salt,202,100.0,12.96,14.03357,Production Recipes,1,
Server2,65D775F4-E6D1-4530-8C7A-9BA37BD171D9,9EB5AAF9-4EC2-4BC1-B78F-A2C697BCE705,4,BROILER GROWER605 2,BROILER GROWER,2026-07-22 22:01:04.013,2026-07-22 22:34:47.820,2026-07-22 22:35:52.230,4500.0,SOLIS,124,100.0,6.75,7.378471,Production Recipes,1,
Server2,65D775F4-E6D1-4530-8C7A-9BA37BD171D9,9EB5AAF9-4EC2-4BC1-B78F-A2C697BCE705,4,BROILER GROWER605 2,BROILER GROWER,2026-07-22 22:01:04.013,2026-07-22 22:34:47.820,2026-07-22 22:35:52.230,4500.0,SOUDIOM Bicarbon,35,100.0,8.955,9.114586,Production Recipes,1,
Server2,65D775F4-E6D1-4530-8C7A-9BA37BD171D9,9EB5AAF9-4EC2-4BC1-B78F-A2C697BCE705,4,BROILER GROWER605 2,BROILER GROWER,2026-07-22 22:01:04.013,2026-07-22 22:34:47.820,2026-07-22 22:35:52.230,4500.0,SOYA-,105,100.0,1619.145,1616.319,Production Recipes,1,
Server2,65D775F4-E6D1-4530-8C7A-9BA37BD171D9,9EB5AAF9-4EC2-4BC1-B78F-A2C697BCE705,4,BROILER GROWER605 2,BROILER GROWER,2026-07-22 22:01:04.013,2026-07-22 22:34:47.820,2026-07-22 22:35:52.230,4500.0,Soya Oil,210,100.0,37.35,38.0,Production Recipes,10,
Server2,65D775F4-E6D1-4530-8C7A-9BA37BD171D9,9EB5AAF9-4EC2-4BC1-B78F-A2C697BCE705,4,BROILER GROWER605 2,BROILER GROWER,2026-07-22 22:01:04.013,2026-07-22 22:34:47.820,2026-07-22 22:35:52.230,4500.0,TermiN-8,33,100.0,6.75,0.0,Production Recipes,6,
Server2,D6CBE823-5059-440F-A864-3519C3104C37,9EB5AAF9-4EC2-4BC1-B78F-A2C697BCE705,4,BROILER GROWER605 3,BROILER GROWER,2026-07-22 22:01:06.010,2026-07-22 22:45:19.717,2026-07-22 22:46:23.227,4500.0,BETAIN HCL,142,100.0,2.25,2.511574,Production Recipes,1,
Server2,D6CBE823-5059-440F-A864-3519C3104C37,9EB5AAF9-4EC2-4BC1-B78F-A2C697BCE705,4,BROILER GROWER605 3,BROILER GROWER,2026-07-22 22:01:06.010,2026-07-22 22:45:19.717,2026-07-22 22:46:23.227,4500.0,BIOSTRONG 510,140,100.0,0.675,0.720486,Production Recipes,1,
Server2,D6CBE823-5059-440F-A864-3519C3104C37,9EB5AAF9-4EC2-4BC1-B78F-A2C697BCE705,4,BROILER GROWER605 3,BROILER GROWER,2026-07-22 22:01:06.010,2026-07-22 22:45:19.717,2026-07-22 22:46:23.227,4500.0,Broiler Mineral Mix,31,100.0,4.05,5.917245,Production Recipes,1,
Server2,D6CBE823-5059-440F-A864-3519C3104C37,9EB5AAF9-4EC2-4BC1-B78F-A2C697BCE705,4,BROILER GROWER605 3,BROILER GROWER,2026-07-22 22:01:06.010,2026-07-22 22:45:19.717,2026-07-22 22:46:23.227,4500.0,Broiler Starter PX,69,100.0,4.05,5.474537,Production Recipes,1,
Server2,D6CBE823-5059-440F-A864-3519C3104C37,9EB5AAF9-4EC2-4BC1-B78F-A2C697BCE705,4,BROILER GROWER605 3,BROILER GROWER,2026-07-22 22:01:06.010,2026-07-22 22:45:19.717,2026-07-22 22:46:23.227,4500.0,Choline Chloride 60%,26,100.0,2.7,2.5,Production Recipes,1,
Server2,D6CBE823-5059-440F-A864-3519C3104C37,9EB5AAF9-4EC2-4BC1-B78F-A2C697BCE705,4,BROILER GROWER605 3,BROILER GROWER,2026-07-22 22:01:06.010,2026-07-22 22:45:19.717,2026-07-22 22:46:23.227,4500.0,KENZYME PRO,77,100.0,2.7,2.893518,Production Recipes,1,
Server2,D6CBE823-5059-440F-A864-3519C3104C37,9EB5AAF9-4EC2-4BC1-B78F-A2C697BCE705,4,BROILER GROWER605 3,BROILER GROWER,2026-07-22 22:01:06.010,2026-07-22 22:45:19.717,2026-07-22 22:46:23.227,4500.0,Limestone,113,100.0,55.485,58.8252,Production Recipes,1,
Server2,D6CBE823-5059-440F-A864-3519C3104C37,9EB5AAF9-4EC2-4BC1-B78F-A2C697BCE705,4,BROILER GROWER605 3,BROILER GROWER,2026-07-22 22:01:06.010,2026-07-22 22:45:19.717,2026-07-22 22:46:23.227,4500.0,LYSOFORTE DRY,30,100.0,0.9,0.9794561,Production Recipes,1,
Server2,D6CBE823-5059-440F-A864-3519C3104C37,9EB5AAF9-4EC2-4BC1-B78F-A2C697BCE705,4,BROILER GROWER605 3,BROILER GROWER,2026-07-22 22:01:06.010,2026-07-22 22:45:19.717,2026-07-22 22:46:23.227,4500.0,Maize,100,100.0,2679.705,2691.117,Production Recipes,4,
Server2,D6CBE823-5059-440F-A864-3519C3104C37,9EB5AAF9-4EC2-4BC1-B78F-A2C697BCE705,4,BROILER GROWER605 3,BROILER GROWER,2026-07-22 22:01:06.010,2026-07-22 22:45:19.717,2026-07-22 22:46:23.227,4500.0,Methionine,12,100.0,10.62,10.99537,Production Recipes,1,
Server2,D6CBE823-5059-440F-A864-3519C3104C37,9EB5AAF9-4EC2-4BC1-B78F-A2C697BCE705,4,BROILER GROWER605 3,BROILER GROWER,2026-07-22 22:01:06.010,2026-07-22 22:45:19.717,2026-07-22 22:46:23.227,4500.0,Monocalcium Phos,204,100.0,38.745,39.20718,Production Recipes,1,
Server2,D6CBE823-5059-440F-A864-3519C3104C37,9EB5AAF9-4EC2-4BC1-B78F-A2C697BCE705,4,BROILER GROWER605 3,BROILER GROWER,2026-07-22 22:01:06.010,2026-07-22 22:45:19.717,2026-07-22 22:46:23.227,4500.0,NOVELA ECL,6,100.0,0.45,0.5512153,Production Recipes,1,
Server2,D6CBE823-5059-440F-A864-3519C3104C37,9EB5AAF9-4EC2-4BC1-B78F-A2C697BCE705,4,BROILER GROWER605 3,BROILER GROWER,2026-07-22 22:01:06.010,2026-07-22 22:45:19.717,2026-07-22 22:46:23.227,4500.0,Provi Oxi Stop,21,100.0,0.45,0.9013312,Production Recipes,1,
Server2,D6CBE823-5059-440F-A864-3519C3104C37,9EB5AAF9-4EC2-4BC1-B78F-A2C697BCE705,4,BROILER GROWER605 3,BROILER GROWER,2026-07-22 22:01:06.010,2026-07-22 22:45:19.717,2026-07-22 22:46:23.227,4500.0,Rovabio P10,176,100.0,2.25,2.899305,Production Recipes,1,
Server2,D6CBE823-5059-440F-A864-3519C3104C37,9EB5AAF9-4EC2-4BC1-B78F-A2C697BCE705,4,BROILER GROWER605 3,BROILER GROWER,2026-07-22 22:01:06.010,2026-07-22 22:45:19.717,2026-07-22 22:46:23.227,4500.0,Sacox (500g),91,100.0,2.25,3.217593,Production Recipes,1,
Server2,D6CBE823-5059-440F-A864-3519C3104C37,9EB5AAF9-4EC2-4BC1-B78F-A2C697BCE705,4,BROILER GROWER605 3,BROILER GROWER,2026-07-22 22:01:06.010,2026-07-22 22:45:19.717,2026-07-22 22:46:23.227,4500.0,Salt,202,100.0,12.96,20.10995,Production Recipes,1,
Server2,D6CBE823-5059-440F-A864-3519C3104C37,9EB5AAF9-4EC2-4BC1-B78F-A2C697BCE705,4,BROILER GROWER605 3,BROILER GROWER,2026-07-22 22:01:06.010,2026-07-22 22:45:19.717,2026-07-22 22:46:23.227,4500.0,SOLIS,124,100.0,6.75,7.364005,Production Recipes,1,
Server2,D6CBE823-5059-440F-A864-3519C3104C37,9EB5AAF9-4EC2-4BC1-B78F-A2C697BCE705,4,BROILER GROWER605 3,BROILER GROWER,2026-07-22 22:01:06.010,2026-07-22 22:45:19.717,2026-07-22 22:46:23.227,4500.0,SOUDIOM Bicarbon,35,100.0,8.955,8.969902,Production Recipes,1,
Server2,D6CBE823-5059-440F-A864-3519C3104C37,9EB5AAF9-4EC2-4BC1-B78F-A2C697BCE705,4,BROILER GROWER605 3,BROILER GROWER,2026-07-22 22:01:06.010,2026-07-22 22:45:19.717,2026-07-22 22:46:23.227,4500.0,SOYA-,105,100.0,1619.145,1603.675,Production Recipes,1,
Server2,D6CBE823-5059-440F-A864-3519C3104C37,9EB5AAF9-4EC2-4BC1-B78F-A2C697BCE705,4,BROILER GROWER605 3,BROILER GROWER,2026-07-22 22:01:06.010,2026-07-22 22:45:19.717,2026-07-22 22:46:23.227,4500.0,Soya Oil,210,100.0,37.35,37.75,Production Recipes,10,
Server2,D6CBE823-5059-440F-A864-3519C3104C37,9EB5AAF9-4EC2-4BC1-B78F-A2C697BCE705,4,BROILER GROWER605 3,BROILER GROWER,2026-07-22 22:01:06.010,2026-07-22 22:45:19.717,2026-07-22 22:46:23.227,4500.0,TermiN-8,33,100.0,6.75,0.0,Production Recipes,6,
Server2,B738644E-5E0E-4AE7-8C9F-D146070C6135,9EB5AAF9-4EC2-4BC1-B78F-A2C697BCE705,4,BROILER GROWER605 4,BROILER GROWER,2026-07-22 22:01:08.040,2026-07-22 23:06:34.530,2026-07-22 23:07:38.547,4500.0,BETAIN HCL,142,100.0,2.25,2.523149,Production Recipes,1,
Server2,B738644E-5E0E-4AE7-8C9F-D146070C6135,9EB5AAF9-4EC2-4BC1-B78F-A2C697BCE705,4,BROILER GROWER605 4,BROILER GROWER,2026-07-22 22:01:08.040,2026-07-22 23:06:34.530,2026-07-22 23:07:38.547,4500.0,BIOSTRONG 510,140,100.0,0.675,0.8318866,Production Recipes,1,
Server2,B738644E-5E0E-4AE7-8C9F-D146070C6135,9EB5AAF9-4EC2-4BC1-B78F-A2C697BCE705,4,BROILER GROWER605 4,BROILER GROWER,2026-07-22 22:01:08.040,2026-07-22 23:06:34.530,2026-07-22 23:07:38.547,4500.0,Broiler Mineral Mix,31,100.0,4.05,6.336805,Production Recipes,1,
Server2,B738644E-5E0E-4AE7-8C9F-D146070C6135,9EB5AAF9-4EC2-4BC1-B78F-A2C697BCE705,4,BROILER GROWER605 4,BROILER GROWER,2026-07-22 22:01:08.040,2026-07-22 23:06:34.530,2026-07-22 23:07:38.547,4500.0,Broiler Starter PX,69,100.0,4.05,4.675926,Production Recipes,1,
Server2,B738644E-5E0E-4AE7-8C9F-D146070C6135,9EB5AAF9-4EC2-4BC1-B78F-A2C697BCE705,4,BROILER GROWER605 4,BROILER GROWER,2026-07-22 22:01:08.040,2026-07-22 23:06:34.530,2026-07-22 23:07:38.547,4500.0,Choline Chloride 60%,26,100.0,2.7,2.783565,Production Recipes,1,
Server2,B738644E-5E0E-4AE7-8C9F-D146070C6135,9EB5AAF9-4EC2-4BC1-B78F-A2C697BCE705,4,BROILER GROWER605 4,BROILER GROWER,2026-07-22 22:01:08.040,2026-07-22 23:06:34.530,2026-07-22 23:07:38.547,4500.0,KENZYME PRO,77,100.0,2.7,2.893518,Production Recipes,1,
Server2,B738644E-5E0E-4AE7-8C9F-D146070C6135,9EB5AAF9-4EC2-4BC1-B78F-A2C697BCE705,4,BROILER GROWER605 4,BROILER GROWER,2026-07-22 22:01:08.040,2026-07-22 23:06:34.530,2026-07-22 23:07:38.547,4500.0,Limestone,113,100.0,55.485,56.07629,Production Recipes,1,
Server2,B738644E-5E0E-4AE7-8C9F-D146070C6135,9EB5AAF9-4EC2-4BC1-B78F-A2C697BCE705,4,BROILER GROWER605 4,BROILER GROWER,2026-07-22 22:01:08.040,2026-07-22 23:06:34.530,2026-07-22 23:07:38.547,4500.0,LYSOFORTE DRY,30,100.0,0.9,1.030093,Production Recipes,1,
Server2,B738644E-5E0E-4AE7-8C9F-D146070C6135,9EB5AAF9-4EC2-4BC1-B78F-A2C697BCE705,4,BROILER GROWER605 4,BROILER GROWER,2026-07-22 22:01:08.040,2026-07-22 23:06:34.530,2026-07-22 23:07:38.547,4500.0,Maize,100,100.0,2679.705,2678.385,Production Recipes,4,
Server2,B738644E-5E0E-4AE7-8C9F-D146070C6135,9EB5AAF9-4EC2-4BC1-B78F-A2C697BCE705,4,BROILER GROWER605 4,BROILER GROWER,2026-07-22 22:01:08.040,2026-07-22 23:06:34.530,2026-07-22 23:07:38.547,4500.0,Methionine,12,100.0,10.62,10.99537,Production Recipes,1,
Server2,B738644E-5E0E-4AE7-8C9F-D146070C6135,9EB5AAF9-4EC2-4BC1-B78F-A2C697BCE705,4,BROILER GROWER605 4,BROILER GROWER,2026-07-22 22:01:08.040,2026-07-22 23:06:34.530,2026-07-22 23:07:38.547,4500.0,Monocalcium Phos,204,100.0,38.745,39.0625,Production Recipes,1,
Server2,B738644E-5E0E-4AE7-8C9F-D146070C6135,9EB5AAF9-4EC2-4BC1-B78F-A2C697BCE705,4,BROILER GROWER605 4,BROILER GROWER,2026-07-22 22:01:08.040,2026-07-22 23:06:34.530,2026-07-22 23:07:38.547,4500.0,NOVELA ECL,6,100.0,0.45,0.5193866,Production Recipes,1,
Server2,B738644E-5E0E-4AE7-8C9F-D146070C6135,9EB5AAF9-4EC2-4BC1-B78F-A2C697BCE705,4,BROILER GROWER605 4,BROILER GROWER,2026-07-22 22:01:08.040,2026-07-22 23:06:34.530,2026-07-22 23:07:38.547,4500.0,Provi Oxi Stop,21,100.0,0.45,0.9809027,Production Recipes,1,
Server2,B738644E-5E0E-4AE7-8C9F-D146070C6135,9EB5AAF9-4EC2-4BC1-B78F-A2C697BCE705,4,BROILER GROWER605 4,BROILER GROWER,2026-07-22 22:01:08.040,2026-07-22 23:06:34.530,2026-07-22 23:07:38.547,4500.0,Rovabio P10,176,100.0,2.25,2.662037,Production Recipes,1,
Server2,B738644E-5E0E-4AE7-8C9F-D146070C6135,9EB5AAF9-4EC2-4BC1-B78F-A2C697BCE705,4,BROILER GROWER605 4,BROILER GROWER,2026-07-22 22:01:08.040,2026-07-22 23:06:34.530,2026-07-22 23:07:38.547,4500.0,Sacox (500g),91,100.0,2.25,3.188657,Production Recipes,1,
Server2,B738644E-5E0E-4AE7-8C9F-D146070C6135,9EB5AAF9-4EC2-4BC1-B78F-A2C697BCE705,4,BROILER GROWER605 4,BROILER GROWER,2026-07-22 22:01:08.040,2026-07-22 23:06:34.530,2026-07-22 23:07:38.547,4500.0,Salt,202,100.0,12.96,13.16551,Production Recipes,1,
Server2,B738644E-5E0E-4AE7-8C9F-D146070C6135,9EB5AAF9-4EC2-4BC1-B78F-A2C697BCE705,4,BROILER GROWER605 4,BROILER GROWER,2026-07-22 22:01:08.040,2026-07-22 23:06:34.530,2026-07-22 23:07:38.547,4500.0,SOLIS,124,100.0,6.75,7.262732,Production Recipes,1,
Server2,B738644E-5E0E-4AE7-8C9F-D146070C6135,9EB5AAF9-4EC2-4BC1-B78F-A2C697BCE705,4,BROILER GROWER605 4,BROILER GROWER,2026-07-22 22:01:08.040,2026-07-22 23:06:34.530,2026-07-22 23:07:38.547,4500.0,SOUDIOM Bicarbon,35,100.0,8.955,9.114586,Production Recipes,1,
Server2,B738644E-5E0E-4AE7-8C9F-D146070C6135,9EB5AAF9-4EC2-4BC1-B78F-A2C697BCE705,4,BROILER GROWER605 4,BROILER GROWER,2026-07-22 22:01:08.040,2026-07-22 23:06:34.530,2026-07-22 23:07:38.547,4500.0,SOYA-,105,100.0,1619.145,1672.396,Production Recipes,1,
Server2,B738644E-5E0E-4AE7-8C9F-D146070C6135,9EB5AAF9-4EC2-4BC1-B78F-A2C697BCE705,4,BROILER GROWER605 4,BROILER GROWER,2026-07-22 22:01:08.040,2026-07-22 23:06:34.530,2026-07-22 23:07:38.547,4500.0,Soya Oil,210,100.0,37.35,38.0,Production Recipes,10,
Server2,B738644E-5E0E-4AE7-8C9F-D146070C6135,9EB5AAF9-4EC2-4BC1-B78F-A2C697BCE705,4,BROILER GROWER605 4,BROILER GROWER,2026-07-22 22:01:08.040,2026-07-22 23:06:34.530,2026-07-22 23:07:38.547,4500.0,TermiN-8,33,100.0,6.75,0.0,Production Recipes,6,
Server2,0760B19C-5A53-4DE2-A0EB-E39A06A41F62,9EB5AAF9-4EC2-4BC1-B78F-A2C697BCE705,4,BROILER GROWER605 5,BROILER GROWER,2026-07-22 22:01:10.050,2026-07-22 23:11:25.313,2026-07-22 23:12:29.270,4500.0,BETAIN HCL,142,100.0,2.25,2.795138,Production Recipes,1,
Server2,0760B19C-5A53-4DE2-A0EB-E39A06A41F62,9EB5AAF9-4EC2-4BC1-B78F-A2C697BCE705,4,BROILER GROWER605 5,BROILER GROWER,2026-07-22 22:01:10.050,2026-07-22 23:11:25.313,2026-07-22 23:12:29.270,4500.0,BIOSTRONG 510,140,100.0,0.675,0.8203125,Production Recipes,1,
Server2,0760B19C-5A53-4DE2-A0EB-E39A06A41F62,9EB5AAF9-4EC2-4BC1-B78F-A2C697BCE705,4,BROILER GROWER605 5,BROILER GROWER,2026-07-22 22:01:10.050,2026-07-22 23:11:25.313,2026-07-22 23:12:29.270,4500.0,Broiler Mineral Mix,31,100.0,4.05,6.322338,Production Recipes,1,
Server2,0760B19C-5A53-4DE2-A0EB-E39A06A41F62,9EB5AAF9-4EC2-4BC1-B78F-A2C697BCE705,4,BROILER GROWER605 5,BROILER GROWER,2026-07-22 22:01:10.050,2026-07-22 23:11:25.313,2026-07-22 23:12:29.270,4500.0,Broiler Starter PX,69,100.0,4.05,5.503472,Production Recipes,1,
Server2,0760B19C-5A53-4DE2-A0EB-E39A06A41F62,9EB5AAF9-4EC2-4BC1-B78F-A2C697BCE705,4,BROILER GROWER605 5,BROILER GROWER,2026-07-22 22:01:10.050,2026-07-22 23:11:25.313,2026-07-22 23:12:29.270,4500.0,Choline Chloride 60%,26,100.0,2.7,3.148149,Production Recipes,1,
Server2,0760B19C-5A53-4DE2-A0EB-E39A06A41F62,9EB5AAF9-4EC2-4BC1-B78F-A2C697BCE705,4,BROILER GROWER605 5,BROILER GROWER,2026-07-22 22:01:10.050,2026-07-22 23:11:25.313,2026-07-22 23:12:29.270,4500.0,KENZYME PRO,77,100.0,2.7,3.052662,Production Recipes,1,
Server2,0760B19C-5A53-4DE2-A0EB-E39A06A41F62,9EB5AAF9-4EC2-4BC1-B78F-A2C697BCE705,4,BROILER GROWER605 5,BROILER GROWER,2026-07-22 22:01:10.050,2026-07-22 23:11:25.313,2026-07-22 23:12:29.270,4500.0,Limestone,113,100.0,55.485,68.17126,Production Recipes,1,
Server2,0760B19C-5A53-4DE2-A0EB-E39A06A41F62,9EB5AAF9-4EC2-4BC1-B78F-A2C697BCE705,4,BROILER GROWER605 5,BROILER GROWER,2026-07-22 22:01:10.050,2026-07-22 23:11:25.313,2026-07-22 23:12:29.270,4500.0,LYSOFORTE DRY,30,100.0,0.9,0.9389468,Production Recipes,1,
Server2,0760B19C-5A53-4DE2-A0EB-E39A06A41F62,9EB5AAF9-4EC2-4BC1-B78F-A2C697BCE705,4,BROILER GROWER605 5,BROILER GROWER,2026-07-22 22:01:10.050,2026-07-22 23:11:25.313,2026-07-22 23:12:29.270,4500.0,Maize,100,100.0,2679.705,2673.611,Production Recipes,4,
Server2,0760B19C-5A53-4DE2-A0EB-E39A06A41F62,9EB5AAF9-4EC2-4BC1-B78F-A2C697BCE705,4,BROILER GROWER605 5,BROILER GROWER,2026-07-22 22:01:10.050,2026-07-22 23:11:25.313,2026-07-22 23:12:29.270,4500.0,Methionine,12,100.0,10.62,10.99537,Production Recipes,1,
Server2,0760B19C-5A53-4DE2-A0EB-E39A06A41F62,9EB5AAF9-4EC2-4BC1-B78F-A2C697BCE705,4,BROILER GROWER605 5,BROILER GROWER,2026-07-22 22:01:10.050,2026-07-22 23:11:25.313,2026-07-22 23:12:29.270,4500.0,Monocalcium Phos,204,100.0,38.745,39.0625,Production Recipes,1,
Server2,0760B19C-5A53-4DE2-A0EB-E39A06A41F62,9EB5AAF9-4EC2-4BC1-B78F-A2C697BCE705,4,BROILER GROWER605 5,BROILER GROWER,2026-07-22 22:01:10.050,2026-07-22 23:11:25.313,2026-07-22 23:12:29.270,4500.0,NOVELA ECL,6,100.0,0.45,0.4701968,Production Recipes,1,
Server2,0760B19C-5A53-4DE2-A0EB-E39A06A41F62,9EB5AAF9-4EC2-4BC1-B78F-A2C697BCE705,4,BROILER GROWER605 5,BROILER GROWER,2026-07-22 22:01:10.050,2026-07-22 23:11:25.313,2026-07-22 23:12:29.270,4500.0,Provi Oxi Stop,21,100.0,0.45,1.229745,Production Recipes,1,
Server2,0760B19C-5A53-4DE2-A0EB-E39A06A41F62,9EB5AAF9-4EC2-4BC1-B78F-A2C697BCE705,4,BROILER GROWER605 5,BROILER GROWER,2026-07-22 22:01:10.050,2026-07-22 23:11:25.313,2026-07-22 23:12:29.270,4500.0,Rovabio P10,176,100.0,2.25,2.621527,Production Recipes,1,
Server2,0760B19C-5A53-4DE2-A0EB-E39A06A41F62,9EB5AAF9-4EC2-4BC1-B78F-A2C697BCE705,4,BROILER GROWER605 5,BROILER GROWER,2026-07-22 22:01:10.050,2026-07-22 23:11:25.313,2026-07-22 23:12:29.270,4500.0,Sacox (500g),91,100.0,2.25,3.628473,Production Recipes,1,
Server2,0760B19C-5A53-4DE2-A0EB-E39A06A41F62,9EB5AAF9-4EC2-4BC1-B78F-A2C697BCE705,4,BROILER GROWER605 5,BROILER GROWER,2026-07-22 22:01:10.050,2026-07-22 23:11:25.313,2026-07-22 23:12:29.270,4500.0,Salt,202,100.0,12.96,13.16551,Production Recipes,1,
Server2,0760B19C-5A53-4DE2-A0EB-E39A06A41F62,9EB5AAF9-4EC2-4BC1-B78F-A2C697BCE705,4,BROILER GROWER605 5,BROILER GROWER,2026-07-22 22:01:10.050,2026-07-22 23:11:25.313,2026-07-22 23:12:29.270,4500.0,SOLIS,124,100.0,6.75,7.306134,Production Recipes,1,
Server2,0760B19C-5A53-4DE2-A0EB-E39A06A41F62,9EB5AAF9-4EC2-4BC1-B78F-A2C697BCE705,4,BROILER GROWER605 5,BROILER GROWER,2026-07-22 22:01:10.050,2026-07-22 23:11:25.313,2026-07-22 23:12:29.270,4500.0,SOUDIOM Bicarbon,35,100.0,8.955,9.114578,Production Recipes,1,
Server2,0760B19C-5A53-4DE2-A0EB-E39A06A41F62,9EB5AAF9-4EC2-4BC1-B78F-A2C697BCE705,4,BROILER GROWER605 5,BROILER GROWER,2026-07-22 22:01:10.050,2026-07-22 23:11:25.313,2026-07-22 23:12:29.270,4500.0,SOYA-,105,100.0,1619.145,1605.874,Production Recipes,1,
Server2,0760B19C-5A53-4DE2-A0EB-E39A06A41F62,9EB5AAF9-4EC2-4BC1-B78F-A2C697BCE705,4,BROILER GROWER605 5,BROILER GROWER,2026-07-22 22:01:10.050,2026-07-22 23:11:25.313,2026-07-22 23:12:29.270,4500.0,Soya Oil,210,100.0,37.35,37.75,Production Recipes,10,
Server2,0760B19C-5A53-4DE2-A0EB-E39A06A41F62,9EB5AAF9-4EC2-4BC1-B78F-A2C697BCE705,4,BROILER GROWER605 5,BROILER GROWER,2026-07-22 22:01:10.050,2026-07-22 23:11:25.313,2026-07-22 23:12:29.270,4500.0,TermiN-8,33,100.0,6.75,0.0,Production Recipes,6,
Server2,87A58E2B-05D0-4BF6-913F-74DA70735D8B,9EB5AAF9-4EC2-4BC1-B78F-A2C697BCE705,4,BROILER GROWER602 1,BROILER GROWER,2026-07-22 22:01:12.080,2026-07-22 23:19:11.530,2026-07-22 23:20:15.260,4500.0,BETAIN HCL,142,100.0,2.25,2.366899,Production Recipes,1,
Server2,87A58E2B-05D0-4BF6-913F-74DA70735D8B,9EB5AAF9-4EC2-4BC1-B78F-A2C697BCE705,4,BROILER GROWER602 1,BROILER GROWER,2026-07-22 22:01:12.080,2026-07-22 23:19:11.530,2026-07-22 23:20:15.260,4500.0,BIOSTRONG 510,140,100.0,0.675,0.7320603,Production Recipes,1,
Server2,87A58E2B-05D0-4BF6-913F-74DA70735D8B,9EB5AAF9-4EC2-4BC1-B78F-A2C697BCE705,4,BROILER GROWER602 1,BROILER GROWER,2026-07-22 22:01:12.080,2026-07-22 23:19:11.530,2026-07-22 23:20:15.260,4500.0,Broiler Mineral Mix,31,100.0,4.05,5.685763,Production Recipes,1,
Server2,87A58E2B-05D0-4BF6-913F-74DA70735D8B,9EB5AAF9-4EC2-4BC1-B78F-A2C697BCE705,4,BROILER GROWER602 1,BROILER GROWER,2026-07-22 22:01:12.080,2026-07-22 23:19:11.530,2026-07-22 23:20:15.260,4500.0,Broiler Starter PX,69,100.0,4.05,6.458334,Production Recipes,1,
Server2,87A58E2B-05D0-4BF6-913F-74DA70735D8B,9EB5AAF9-4EC2-4BC1-B78F-A2C697BCE705,4,BROILER GROWER602 1,BROILER GROWER,2026-07-22 22:01:12.080,2026-07-22 23:19:11.530,2026-07-22 23:20:15.260,4500.0,Choline Chloride 60%,26,100.0,2.7,2.44213,Production Recipes,1,
Server2,87A58E2B-05D0-4BF6-913F-74DA70735D8B,9EB5AAF9-4EC2-4BC1-B78F-A2C697BCE705,4,BROILER GROWER602 1,BROILER GROWER,2026-07-22 22:01:12.080,2026-07-22 23:19:11.530,2026-07-22 23:20:15.260,4500.0,KENZYME PRO,77,100.0,2.7,3.443287,Production Recipes,1,
Server2,87A58E2B-05D0-4BF6-913F-74DA70735D8B,9EB5AAF9-4EC2-4BC1-B78F-A2C697BCE705,4,BROILER GROWER602 1,BROILER GROWER,2026-07-22 22:01:12.080,2026-07-22 23:19:11.530,2026-07-22 23:20:15.260,4500.0,Limestone,113,100.0,55.485,56.07629,Production Recipes,1,
Server2,87A58E2B-05D0-4BF6-913F-74DA70735D8B,9EB5AAF9-4EC2-4BC1-B78F-A2C697BCE705,4,BROILER GROWER602 1,BROILER GROWER,2026-07-22 22:01:12.080,2026-07-22 23:19:11.530,2026-07-22 23:20:15.260,4500.0,LYSOFORTE DRY,30,100.0,0.9,1.069155,Production Recipes,1,
Server2,87A58E2B-05D0-4BF6-913F-74DA70735D8B,9EB5AAF9-4EC2-4BC1-B78F-A2C697BCE705,4,BROILER GROWER602 1,BROILER GROWER,2026-07-22 22:01:12.080,2026-07-22 23:19:11.530,2026-07-22 23:20:15.260,4500.0,Maize,100,100.0,2679.705,2679.977,Production Recipes,4,
Server2,87A58E2B-05D0-4BF6-913F-74DA70735D8B,9EB5AAF9-4EC2-4BC1-B78F-A2C697BCE705,4,BROILER GROWER602 1,BROILER GROWER,2026-07-22 22:01:12.080,2026-07-22 23:19:11.530,2026-07-22 23:20:15.260,4500.0,Methionine,12,100.0,10.62,10.99537,Production Recipes,1,
Server2,87A58E2B-05D0-4BF6-913F-74DA70735D8B,9EB5AAF9-4EC2-4BC1-B78F-A2C697BCE705,4,BROILER GROWER602 1,BROILER GROWER,2026-07-22 22:01:12.080,2026-07-22 23:19:11.530,2026-07-22 23:20:15.260,4500.0,Monocalcium Phos,204,100.0,38.745,39.0625,Production Recipes,1,
Server2,87A58E2B-05D0-4BF6-913F-74DA70735D8B,9EB5AAF9-4EC2-4BC1-B78F-A2C697BCE705,4,BROILER GROWER602 1,BROILER GROWER,2026-07-22 22:01:12.080,2026-07-22 23:19:11.530,2026-07-22 23:20:15.260,4500.0,NOVELA ECL,6,100.0,0.45,0.5613426,Production Recipes,1,
Server2,87A58E2B-05D0-4BF6-913F-74DA70735D8B,9EB5AAF9-4EC2-4BC1-B78F-A2C697BCE705,4,BROILER GROWER602 1,BROILER GROWER,2026-07-22 22:01:12.080,2026-07-22 23:19:11.530,2026-07-22 23:20:15.260,4500.0,Provi Oxi Stop,21,100.0,0.45,0.7320604,Production Recipes,1,
Server2,87A58E2B-05D0-4BF6-913F-74DA70735D8B,9EB5AAF9-4EC2-4BC1-B78F-A2C697BCE705,4,BROILER GROWER602 1,BROILER GROWER,2026-07-22 22:01:12.080,2026-07-22 23:19:11.530,2026-07-22 23:20:15.260,4500.0,Rovabio P10,176,100.0,2.25,3.206018,Production Recipes,1,
Server2,87A58E2B-05D0-4BF6-913F-74DA70735D8B,9EB5AAF9-4EC2-4BC1-B78F-A2C697BCE705,4,BROILER GROWER602 1,BROILER GROWER,2026-07-22 22:01:12.080,2026-07-22 23:19:11.530,2026-07-22 23:20:15.260,4500.0,Sacox (500g),91,100.0,2.25,3.200232,Production Recipes,1,
Server2,87A58E2B-05D0-4BF6-913F-74DA70735D8B,9EB5AAF9-4EC2-4BC1-B78F-A2C697BCE705,4,BROILER GROWER602 1,BROILER GROWER,2026-07-22 22:01:12.080,2026-07-22 23:19:11.530,2026-07-22 23:20:15.260,4500.0,Salt,202,100.0,12.96,14.03356,Production Recipes,1,
Server2,87A58E2B-05D0-4BF6-913F-74DA70735D8B,9EB5AAF9-4EC2-4BC1-B78F-A2C697BCE705,4,BROILER GROWER602 1,BROILER GROWER,2026-07-22 22:01:12.080,2026-07-22 23:19:11.530,2026-07-22 23:20:15.260,4500.0,SOLIS,124,100.0,6.75,7.190393,Production Recipes,1,
Server2,87A58E2B-05D0-4BF6-913F-74DA70735D8B,9EB5AAF9-4EC2-4BC1-B78F-A2C697BCE705,4,BROILER GROWER602 1,BROILER GROWER,2026-07-22 22:01:12.080,2026-07-22 23:19:11.530,2026-07-22 23:20:15.260,4500.0,SOUDIOM Bicarbon,35,100.0,8.955,9.114586,Production Recipes,1,
Server2,87A58E2B-05D0-4BF6-913F-74DA70735D8B,9EB5AAF9-4EC2-4BC1-B78F-A2C697BCE705,4,BROILER GROWER602 1,BROILER GROWER,2026-07-22 22:01:12.080,2026-07-22 23:19:11.530,2026-07-22 23:20:15.260,4500.0,SOYA-,105,100.0,1619.145,1611.371,Production Recipes,1,
Server2,87A58E2B-05D0-4BF6-913F-74DA70735D8B,9EB5AAF9-4EC2-4BC1-B78F-A2C697BCE705,4,BROILER GROWER602 1,BROILER GROWER,2026-07-22 22:01:12.080,2026-07-22 23:19:11.530,2026-07-22 23:20:15.260,4500.0,Soya Oil,210,100.0,37.35,37.75,Production Recipes,10,
Server2,87A58E2B-05D0-4BF6-913F-74DA70735D8B,9EB5AAF9-4EC2-4BC1-B78F-A2C697BCE705,4,BROILER GROWER602 1,BROILER GROWER,2026-07-22 22:01:12.080,2026-07-22 23:19:11.530,2026-07-22 23:20:15.260,4500.0,TermiN-8,33,100.0,6.75,0.0,Production Recipes,6,
Server2,955E3DEC-9FB6-4F3B-9872-3D7D641D544E,9EB5AAF9-4EC2-4BC1-B78F-A2C697BCE705,4,BROILER GROWER602 2,BROILER GROWER,2026-07-22 22:01:18.207,2026-07-22 23:34:05.147,2026-07-22 23:35:09.640,4500.0,BETAIN HCL,142,100.0,2.25,2.609954,Production Recipes,1,
Server2,955E3DEC-9FB6-4F3B-9872-3D7D641D544E,9EB5AAF9-4EC2-4BC1-B78F-A2C697BCE705,4,BROILER GROWER602 2,BROILER GROWER,2026-07-22 22:01:18.207,2026-07-22 23:34:05.147,2026-07-22 23:35:09.640,4500.0,BIOSTRONG 510,140,100.0,0.675,0.8203125,Production Recipes,1,
Server2,955E3DEC-9FB6-4F3B-9872-3D7D641D544E,9EB5AAF9-4EC2-4BC1-B78F-A2C697BCE705,4,BROILER GROWER602 2,BROILER GROWER,2026-07-22 22:01:18.207,2026-07-22 23:34:05.147,2026-07-22 23:35:09.640,4500.0,Broiler Mineral Mix,31,100.0,4.05,5.844907,Production Recipes,1,
Server2,955E3DEC-9FB6-4F3B-9872-3D7D641D544E,9EB5AAF9-4EC2-4BC1-B78F-A2C697BCE705,4,BROILER GROWER602 2,BROILER GROWER,2026-07-22 22:01:18.207,2026-07-22 23:34:05.147,2026-07-22 23:35:09.640,4500.0,Broiler Starter PX,69,100.0,4.05,4.820602,Production Recipes,1,
Server2,955E3DEC-9FB6-4F3B-9872-3D7D641D544E,9EB5AAF9-4EC2-4BC1-B78F-A2C697BCE705,4,BROILER GROWER602 2,BROILER GROWER,2026-07-22 22:01:18.207,2026-07-22 23:34:05.147,2026-07-22 23:35:09.640,4500.0,Choline Chloride 60%,26,100.0,2.7,2.818288,Production Recipes,1,
Server2,955E3DEC-9FB6-4F3B-9872-3D7D641D544E,9EB5AAF9-4EC2-4BC1-B78F-A2C697BCE705,4,BROILER GROWER602 2,BROILER GROWER,2026-07-22 22:01:18.207,2026-07-22 23:34:05.147,2026-07-22 23:35:09.640,4500.0,KENZYME PRO,77,100.0,2.7,3.298611,Production Recipes,1,
Server2,955E3DEC-9FB6-4F3B-9872-3D7D641D544E,9EB5AAF9-4EC2-4BC1-B78F-A2C697BCE705,4,BROILER GROWER602 2,BROILER GROWER,2026-07-22 22:01:18.207,2026-07-22 23:34:05.147,2026-07-22 23:35:09.640,4500.0,Limestone,113,100.0,55.485,54.97693,Production Recipes,1,
Server2,955E3DEC-9FB6-4F3B-9872-3D7D641D544E,9EB5AAF9-4EC2-4BC1-B78F-A2C697BCE705,4,BROILER GROWER602 2,BROILER GROWER,2026-07-22 22:01:18.207,2026-07-22 23:34:05.147,2026-07-22 23:35:09.640,4500.0,LYSOFORTE DRY,30,100.0,0.9,0.889757,Production Recipes,1,
Server2,955E3DEC-9FB6-4F3B-9872-3D7D641D544E,9EB5AAF9-4EC2-4BC1-B78F-A2C697BCE705,4,BROILER GROWER602 2,BROILER GROWER,2026-07-22 22:01:18.207,2026-07-22 23:34:05.147,2026-07-22 23:35:09.640,4500.0,Maize,100,100.0,2679.705,2678.385,Production Recipes,4,
Server2,955E3DEC-9FB6-4F3B-9872-3D7D641D544E,9EB5AAF9-4EC2-4BC1-B78F-A2C697BCE705,4,BROILER GROWER602 2,BROILER GROWER,2026-07-22 22:01:18.207,2026-07-22 23:34:05.147,2026-07-22 23:35:09.640,4500.0,Methionine,12,100.0,10.62,10.99537,Production Recipes,1,
Server2,955E3DEC-9FB6-4F3B-9872-3D7D641D544E,9EB5AAF9-4EC2-4BC1-B78F-A2C697BCE705,4,BROILER GROWER602 2,BROILER GROWER,2026-07-22 22:01:18.207,2026-07-22 23:34:05.147,2026-07-22 23:35:09.640,4500.0,Monocalcium Phos,204,100.0,38.745,39.0625,Production Recipes,1,
Server2,955E3DEC-9FB6-4F3B-9872-3D7D641D544E,9EB5AAF9-4EC2-4BC1-B78F-A2C697BCE705,4,BROILER GROWER602 2,BROILER GROWER,2026-07-22 22:01:18.207,2026-07-22 23:34:05.147,2026-07-22 23:35:09.640,4500.0,NOVELA ECL,6,100.0,0.45,0.4701968,Production Recipes,1,
Server2,955E3DEC-9FB6-4F3B-9872-3D7D641D544E,9EB5AAF9-4EC2-4BC1-B78F-A2C697BCE705,4,BROILER GROWER602 2,BROILER GROWER,2026-07-22 22:01:18.207,2026-07-22 23:34:05.147,2026-07-22 23:35:09.640,4500.0,Provi Oxi Stop,21,100.0,0.45,0.9403937,Production Recipes,1,
Server2,955E3DEC-9FB6-4F3B-9872-3D7D641D544E,9EB5AAF9-4EC2-4BC1-B78F-A2C697BCE705,4,BROILER GROWER602 2,BROILER GROWER,2026-07-22 22:01:18.207,2026-07-22 23:34:05.147,2026-07-22 23:35:09.640,4500.0,Rovabio P10,176,100.0,2.25,2.609954,Production Recipes,1,
Server2,955E3DEC-9FB6-4F3B-9872-3D7D641D544E,9EB5AAF9-4EC2-4BC1-B78F-A2C697BCE705,4,BROILER GROWER602 2,BROILER GROWER,2026-07-22 22:01:18.207,2026-07-22 23:34:05.147,2026-07-22 23:35:09.640,4500.0,Sacox (500g),91,100.0,2.25,3.061343,Production Recipes,1,
Server2,955E3DEC-9FB6-4F3B-9872-3D7D641D544E,9EB5AAF9-4EC2-4BC1-B78F-A2C697BCE705,4,BROILER GROWER602 2,BROILER GROWER,2026-07-22 22:01:18.207,2026-07-22 23:34:05.147,2026-07-22 23:35:09.640,4500.0,Salt,202,100.0,12.96,13.16551,Production Recipes,1,
Server2,955E3DEC-9FB6-4F3B-9872-3D7D641D544E,9EB5AAF9-4EC2-4BC1-B78F-A2C697BCE705,4,BROILER GROWER602 2,BROILER GROWER,2026-07-22 22:01:18.207,2026-07-22 23:34:05.147,2026-07-22 23:35:09.640,4500.0,SOLIS,124,100.0,6.75,7.421874,Production Recipes,1,
Server2,955E3DEC-9FB6-4F3B-9872-3D7D641D544E,9EB5AAF9-4EC2-4BC1-B78F-A2C697BCE705,4,BROILER GROWER602 2,BROILER GROWER,2026-07-22 22:01:18.207,2026-07-22 23:34:05.147,2026-07-22 23:35:09.640,4500.0,SOUDIOM Bicarbon,35,100.0,8.955,9.114578,Production Recipes,1,
Server2,955E3DEC-9FB6-4F3B-9872-3D7D641D544E,9EB5AAF9-4EC2-4BC1-B78F-A2C697BCE705,4,BROILER GROWER602 2,BROILER GROWER,2026-07-22 22:01:18.207,2026-07-22 23:34:05.147,2026-07-22 23:35:09.640,4500.0,SOYA-,105,100.0,1619.145,1616.869,Production Recipes,1,
Server2,955E3DEC-9FB6-4F3B-9872-3D7D641D544E,9EB5AAF9-4EC2-4BC1-B78F-A2C697BCE705,4,BROILER GROWER602 2,BROILER GROWER,2026-07-22 22:01:18.207,2026-07-22 23:34:05.147,2026-07-22 23:35:09.640,4500.0,Soya Oil,210,100.0,37.35,37.75,Production Recipes,10,
Server2,955E3DEC-9FB6-4F3B-9872-3D7D641D544E,9EB5AAF9-4EC2-4BC1-B78F-A2C697BCE705,4,BROILER GROWER602 2,BROILER GROWER,2026-07-22 22:01:18.207,2026-07-22 23:34:05.147,2026-07-22 23:35:09.640,4500.0,TermiN-8,33,100.0,6.75,0.0,Production Recipes,6,
Server2,951C001F-50D1-4810-81BC-8AC2F4A5E404,9EB5AAF9-4EC2-4BC1-B78F-A2C697BCE705,4,BROILER GROWER602 3,BROILER GROWER,2026-07-22 22:01:20.137,2026-07-22 23:39:17.920,2026-07-22 23:40:22.417,4500.0,BETAIN HCL,142,100.0,2.25,3.269676,Production Recipes,1,
Server2,951C001F-50D1-4810-81BC-8AC2F4A5E404,9EB5AAF9-4EC2-4BC1-B78F-A2C697BCE705,4,BROILER GROWER602 3,BROILER GROWER,2026-07-22 22:01:20.137,2026-07-22 23:39:17.920,2026-07-22 23:40:22.417,4500.0,BIOSTRONG 510,140,100.0,0.675,0.7609955,Production Recipes,1,
Server2,951C001F-50D1-4810-81BC-8AC2F4A5E404,9EB5AAF9-4EC2-4BC1-B78F-A2C697BCE705,4,BROILER GROWER602 3,BROILER GROWER,2026-07-22 22:01:20.137,2026-07-22 23:39:17.920,2026-07-22 23:40:22.417,4500.0,Broiler Mineral Mix,31,100.0,4.05,6.626157,Production Recipes,1,
Server2,951C001F-50D1-4810-81BC-8AC2F4A5E404,9EB5AAF9-4EC2-4BC1-B78F-A2C697BCE705,4,BROILER GROWER602 3,BROILER GROWER,2026-07-22 22:01:20.137,2026-07-22 23:39:17.920,2026-07-22 23:40:22.417,4500.0,Broiler Starter PX,69,100.0,4.05,5.260417,Production Recipes,1,
Server2,951C001F-50D1-4810-81BC-8AC2F4A5E404,9EB5AAF9-4EC2-4BC1-B78F-A2C697BCE705,4,BROILER GROWER602 3,BROILER GROWER,2026-07-22 22:01:20.137,2026-07-22 23:39:17.920,2026-07-22 23:40:22.417,4500.0,Choline Chloride 60%,26,100.0,2.7,2.818288,Production Recipes,1,
Server2,951C001F-50D1-4810-81BC-8AC2F4A5E404,9EB5AAF9-4EC2-4BC1-B78F-A2C697BCE705,4,BROILER GROWER602 3,BROILER GROWER,2026-07-22 22:01:20.137,2026-07-22 23:39:17.920,2026-07-22 23:40:22.417,4500.0,KENZYME PRO,77,100.0,2.7,3.211806,Production Recipes,1,
Server2,951C001F-50D1-4810-81BC-8AC2F4A5E404,9EB5AAF9-4EC2-4BC1-B78F-A2C697BCE705,4,BROILER GROWER602 3,BROILER GROWER,2026-07-22 22:01:20.137,2026-07-22 23:39:17.920,2026-07-22 23:40:22.417,4500.0,Limestone,113,100.0,55.485,67.07178,Production Recipes,1,
Server2,951C001F-50D1-4810-81BC-8AC2F4A5E404,9EB5AAF9-4EC2-4BC1-B78F-A2C697BCE705,4,BROILER GROWER602 3,BROILER GROWER,2026-07-22 22:01:20.137,2026-07-22 23:39:17.920,2026-07-22 23:40:22.417,4500.0,LYSOFORTE DRY,30,100.0,0.9,1.050347,Production Recipes,1,
Server2,951C001F-50D1-4810-81BC-8AC2F4A5E404,9EB5AAF9-4EC2-4BC1-B78F-A2C697BCE705,4,BROILER GROWER602 3,BROILER GROWER,2026-07-22 22:01:20.137,2026-07-22 23:39:17.920,2026-07-22 23:40:22.417,4500.0,Maize,100,100.0,2679.705,2676.794,Production Recipes,4,
Server2,951C001F-50D1-4810-81BC-8AC2F4A5E404,9EB5AAF9-4EC2-4BC1-B78F-A2C697BCE705,4,BROILER GROWER602 3,BROILER GROWER,2026-07-22 22:01:20.137,2026-07-22 23:39:17.920,2026-07-22 23:40:22.417,4500.0,Methionine,12,100.0,10.62,10.99537,Production Recipes,1,
Server2,951C001F-50D1-4810-81BC-8AC2F4A5E404,9EB5AAF9-4EC2-4BC1-B78F-A2C697BCE705,4,BROILER GROWER602 3,BROILER GROWER,2026-07-22 22:01:20.137,2026-07-22 23:39:17.920,2026-07-22 23:40:22.417,4500.0,Monocalcium Phos,204,100.0,38.745,39.20717,Production Recipes,1,
Server2,951C001F-50D1-4810-81BC-8AC2F4A5E404,9EB5AAF9-4EC2-4BC1-B78F-A2C697BCE705,4,BROILER GROWER602 3,BROILER GROWER,2026-07-22 22:01:20.137,2026-07-22 23:39:17.920,2026-07-22 23:40:22.417,4500.0,NOVELA ECL,6,100.0,0.45,0.5685765,Production Recipes,1,
Server2,951C001F-50D1-4810-81BC-8AC2F4A5E404,9EB5AAF9-4EC2-4BC1-B78F-A2C697BCE705,4,BROILER GROWER602 3,BROILER GROWER,2026-07-22 22:01:20.137,2026-07-22 23:39:17.920,2026-07-22 23:40:22.417,4500.0,Provi Oxi Stop,21,100.0,0.45,1.429398,Production Recipes,1,
Server2,951C001F-50D1-4810-81BC-8AC2F4A5E404,9EB5AAF9-4EC2-4BC1-B78F-A2C697BCE705,4,BROILER GROWER602 3,BROILER GROWER,2026-07-22 22:01:20.137,2026-07-22 23:39:17.920,2026-07-22 23:40:22.417,4500.0,Rovabio P10,176,100.0,2.25,1.741898,Production Recipes,1,
Server2,951C001F-50D1-4810-81BC-8AC2F4A5E404,9EB5AAF9-4EC2-4BC1-B78F-A2C697BCE705,4,BROILER GROWER602 3,BROILER GROWER,2026-07-22 22:01:20.137,2026-07-22 23:39:17.920,2026-07-22 23:40:22.417,4500.0,Sacox (500g),91,100.0,2.25,4.594908,Production Recipes,1,
Server2,951C001F-50D1-4810-81BC-8AC2F4A5E404,9EB5AAF9-4EC2-4BC1-B78F-A2C697BCE705,4,BROILER GROWER602 3,BROILER GROWER,2026-07-22 22:01:20.137,2026-07-22 23:39:17.920,2026-07-22 23:40:22.417,4500.0,Salt,202,100.0,12.96,13.16551,Production Recipes,1,
Server2,951C001F-50D1-4810-81BC-8AC2F4A5E404,9EB5AAF9-4EC2-4BC1-B78F-A2C697BCE705,4,BROILER GROWER602 3,BROILER GROWER,2026-07-22 22:01:20.137,2026-07-22 23:39:17.920,2026-07-22 23:40:22.417,4500.0,SOLIS,124,100.0,6.75,7.103587,Production Recipes,1,
Server2,951C001F-50D1-4810-81BC-8AC2F4A5E404,9EB5AAF9-4EC2-4BC1-B78F-A2C697BCE705,4,BROILER GROWER602 3,BROILER GROWER,2026-07-22 22:01:20.137,2026-07-22 23:39:17.920,2026-07-22 23:40:22.417,4500.0,SOUDIOM Bicarbon,35,100.0,8.955,9.114586,Production Recipes,1,
Server2,951C001F-50D1-4810-81BC-8AC2F4A5E404,9EB5AAF9-4EC2-4BC1-B78F-A2C697BCE705,4,BROILER GROWER602 3,BROILER GROWER,2026-07-22 22:01:20.137,2026-07-22 23:39:17.920,2026-07-22 23:40:22.417,4500.0,SOYA-,105,100.0,1619.145,1609.722,Production Recipes,1,
Server2,951C001F-50D1-4810-81BC-8AC2F4A5E404,9EB5AAF9-4EC2-4BC1-B78F-A2C697BCE705,4,BROILER GROWER602 3,BROILER GROWER,2026-07-22 22:01:20.137,2026-07-22 23:39:17.920,2026-07-22 23:40:22.417,4500.0,Soya Oil,210,100.0,37.35,37.5,Production Recipes,10,
Server2,951C001F-50D1-4810-81BC-8AC2F4A5E404,9EB5AAF9-4EC2-4BC1-B78F-A2C697BCE705,4,BROILER GROWER602 3,BROILER GROWER,2026-07-22 22:01:20.137,2026-07-22 23:39:17.920,2026-07-22 23:40:22.417,4500.0,TermiN-8,33,100.0,6.75,0.0,Production Recipes,6,
Server2,BC387F01-8B87-43BC-80F4-A6B5E1216088,9EB5AAF9-4EC2-4BC1-B78F-A2C697BCE705,4,BROILER GROWER602 4,BROILER GROWER,2026-07-22 22:01:42.403,2026-07-22 23:55:41.040,2026-07-22 23:56:45.360,4500.0,BETAIN HCL,142,100.0,2.25,2.372684,Production Recipes,1,
Server2,BC387F01-8B87-43BC-80F4-A6B5E1216088,9EB5AAF9-4EC2-4BC1-B78F-A2C697BCE705,4,BROILER GROWER602 4,BROILER GROWER,2026-07-22 22:01:42.403,2026-07-22 23:55:41.040,2026-07-22 23:56:45.360,4500.0,BIOSTRONG 510,140,100.0,0.675,0.7508681,Production Recipes,1,
Server2,BC387F01-8B87-43BC-80F4-A6B5E1216088,9EB5AAF9-4EC2-4BC1-B78F-A2C697BCE705,4,BROILER GROWER602 4,BROILER GROWER,2026-07-22 22:01:42.403,2026-07-22 23:55:41.040,2026-07-22 23:56:45.360,4500.0,Broiler Mineral Mix,31,100.0,4.05,5.555555,Production Recipes,1,
Server2,BC387F01-8B87-43BC-80F4-A6B5E1216088,9EB5AAF9-4EC2-4BC1-B78F-A2C697BCE705,4,BROILER GROWER602 4,BROILER GROWER,2026-07-22 22:01:42.403,2026-07-22 23:55:41.040,2026-07-22 23:56:45.360,4500.0,Broiler Starter PX,69,100.0,4.05,5.804399,Production Recipes,1,
Server2,BC387F01-8B87-43BC-80F4-A6B5E1216088,9EB5AAF9-4EC2-4BC1-B78F-A2C697BCE705,4,BROILER GROWER602 4,BROILER GROWER,2026-07-22 22:01:42.403,2026-07-22 23:55:41.040,2026-07-22 23:56:45.360,4500.0,Choline Chloride 60%,26,100.0,2.7,2.621528,Production Recipes,1,
Server2,BC387F01-8B87-43BC-80F4-A6B5E1216088,9EB5AAF9-4EC2-4BC1-B78F-A2C697BCE705,4,BROILER GROWER602 4,BROILER GROWER,2026-07-22 22:01:42.403,2026-07-22 23:55:41.040,2026-07-22 23:56:45.360,4500.0,KENZYME PRO,77,100.0,2.7,2.936921,Production Recipes,1,
Server2,BC387F01-8B87-43BC-80F4-A6B5E1216088,9EB5AAF9-4EC2-4BC1-B78F-A2C697BCE705,4,BROILER GROWER602 4,BROILER GROWER,2026-07-22 22:01:42.403,2026-07-22 23:55:41.040,2026-07-22 23:56:45.360,4500.0,Limestone,113,100.0,55.485,70.37036,Production Recipes,1,
Server2,BC387F01-8B87-43BC-80F4-A6B5E1216088,9EB5AAF9-4EC2-4BC1-B78F-A2C697BCE705,4,BROILER GROWER602 4,BROILER GROWER,2026-07-22 22:01:42.403,2026-07-22 23:55:41.040,2026-07-22 23:56:45.360,4500.0,LYSOFORTE DRY,30,100.0,0.9,1.019965,Production Recipes,1,
Server2,BC387F01-8B87-43BC-80F4-A6B5E1216088,9EB5AAF9-4EC2-4BC1-B78F-A2C697BCE705,4,BROILER GROWER602 4,BROILER GROWER,2026-07-22 22:01:42.403,2026-07-22 23:55:41.040,2026-07-22 23:56:45.360,4500.0,Maize,100,100.0,2679.705,2681.568,Production Recipes,4,
Server2,BC387F01-8B87-43BC-80F4-A6B5E1216088,9EB5AAF9-4EC2-4BC1-B78F-A2C697BCE705,4,BROILER GROWER602 4,BROILER GROWER,2026-07-22 22:01:42.403,2026-07-22 23:55:41.040,2026-07-22 23:56:45.360,4500.0,Methionine,12,100.0,10.62,10.99537,Production Recipes,1,
Server2,BC387F01-8B87-43BC-80F4-A6B5E1216088,9EB5AAF9-4EC2-4BC1-B78F-A2C697BCE705,4,BROILER GROWER602 4,BROILER GROWER,2026-07-22 22:01:42.403,2026-07-22 23:55:41.040,2026-07-22 23:56:45.360,4500.0,Monocalcium Phos,204,100.0,38.745,39.0625,Production Recipes,1,
Server2,BC387F01-8B87-43BC-80F4-A6B5E1216088,9EB5AAF9-4EC2-4BC1-B78F-A2C697BCE705,4,BROILER GROWER602 4,BROILER GROWER,2026-07-22 22:01:42.403,2026-07-22 23:55:41.040,2026-07-22 23:56:45.360,4500.0,NOVELA ECL,6,100.0,0.45,1.219618,Production Recipes,1,
Server2,BC387F01-8B87-43BC-80F4-A6B5E1216088,9EB5AAF9-4EC2-4BC1-B78F-A2C697BCE705,4,BROILER GROWER602 4,BROILER GROWER,2026-07-22 22:01:42.403,2026-07-22 23:55:41.040,2026-07-22 23:56:45.360,4500.0,Provi Oxi Stop,21,100.0,0.45,0.9114585,Production Recipes,1,
Server2,BC387F01-8B87-43BC-80F4-A6B5E1216088,9EB5AAF9-4EC2-4BC1-B78F-A2C697BCE705,4,BROILER GROWER602 4,BROILER GROWER,2026-07-22 22:01:42.403,2026-07-22 23:55:41.040,2026-07-22 23:56:45.360,4500.0,Rovabio P10,176,100.0,2.25,3.032408,Production Recipes,1,
Server2,BC387F01-8B87-43BC-80F4-A6B5E1216088,9EB5AAF9-4EC2-4BC1-B78F-A2C697BCE705,4,BROILER GROWER602 4,BROILER GROWER,2026-07-22 22:01:42.403,2026-07-22 23:55:41.040,2026-07-22 23:56:45.360,4500.0,Sacox (500g),91,100.0,2.25,3.836806,Production Recipes,1,
Server2,BC387F01-8B87-43BC-80F4-A6B5E1216088,9EB5AAF9-4EC2-4BC1-B78F-A2C697BCE705,4,BROILER GROWER602 4,BROILER GROWER,2026-07-22 22:01:42.403,2026-07-22 23:55:41.040,2026-07-22 23:56:45.360,4500.0,Salt,202,100.0,12.96,14.03357,Production Recipes,1,
Server2,BC387F01-8B87-43BC-80F4-A6B5E1216088,9EB5AAF9-4EC2-4BC1-B78F-A2C697BCE705,4,BROILER GROWER602 4,BROILER GROWER,2026-07-22 22:01:42.403,2026-07-22 23:55:41.040,2026-07-22 23:56:45.360,4500.0,SOLIS,124,100.0,6.75,7.190392,Production Recipes,1,
Server2,BC387F01-8B87-43BC-80F4-A6B5E1216088,9EB5AAF9-4EC2-4BC1-B78F-A2C697BCE705,4,BROILER GROWER602 4,BROILER GROWER,2026-07-22 22:01:42.403,2026-07-22 23:55:41.040,2026-07-22 23:56:45.360,4500.0,SOUDIOM Bicarbon,35,100.0,8.955,9.114578,Production Recipes,1,
Server2,BC387F01-8B87-43BC-80F4-A6B5E1216088,9EB5AAF9-4EC2-4BC1-B78F-A2C697BCE705,4,BROILER GROWER602 4,BROILER GROWER,2026-07-22 22:01:42.403,2026-07-22 23:55:41.040,2026-07-22 23:56:45.360,4500.0,SOYA-,105,100.0,1619.145,1610.272,Production Recipes,1,
Server2,BC387F01-8B87-43BC-80F4-A6B5E1216088,9EB5AAF9-4EC2-4BC1-B78F-A2C697BCE705,4,BROILER GROWER602 4,BROILER GROWER,2026-07-22 22:01:42.403,2026-07-22 23:55:41.040,2026-07-22 23:56:45.360,4500.0,Soya Oil,210,100.0,37.35,37.75,Production Recipes,10,
Server2,BC387F01-8B87-43BC-80F4-A6B5E1216088,9EB5AAF9-4EC2-4BC1-B78F-A2C697BCE705,4,BROILER GROWER602 4,BROILER GROWER,2026-07-22 22:01:42.403,2026-07-22 23:55:41.040,2026-07-22 23:56:45.360,4500.0,TermiN-8,33,100.0,6.75,0.0,Production Recipes,6,
Server2,EE8517CA-7E7E-4840-9861-DF50B0C7CB42,9EB5AAF9-4EC2-4BC1-B78F-A2C697BCE705,4,BROILER STARTER604 3,BROILER STARTER,2026-07-22 22:01:57.343,2026-07-23 00:00:26.733,2026-07-23 00:01:29.880,4500.0,BETAIN HCL,142,100.0,2.25,2.575232,Production Recipes,1,
Server2,EE8517CA-7E7E-4840-9861-DF50B0C7CB42,9EB5AAF9-4EC2-4BC1-B78F-A2C697BCE705,4,BROILER STARTER604 3,BROILER STARTER,2026-07-22 22:01:57.343,2026-07-23 00:00:26.733,2026-07-23 00:01:29.880,4500.0,BIOSTRONG 510,140,100.0,0.675,0.8101853,Production Recipes,1,
Server2,EE8517CA-7E7E-4840-9861-DF50B0C7CB42,9EB5AAF9-4EC2-4BC1-B78F-A2C697BCE705,4,BROILER STARTER604 3,BROILER STARTER,2026-07-22 22:01:57.343,2026-07-23 00:00:26.733,2026-07-23 00:01:29.880,4500.0,Broiler Mineral Mix,31,100.0,4.5,6.886574,Production Recipes,1,
Server2,EE8517CA-7E7E-4840-9861-DF50B0C7CB42,9EB5AAF9-4EC2-4BC1-B78F-A2C697BCE705,4,BROILER STARTER604 3,BROILER STARTER,2026-07-22 22:01:57.343,2026-07-23 00:00:26.733,2026-07-23 00:01:29.880,4500.0,KENZYME PRO,77,100.0,2.7,2.936921,Production Recipes,1,
Server2,EE8517CA-7E7E-4840-9861-DF50B0C7CB42,9EB5AAF9-4EC2-4BC1-B78F-A2C697BCE705,4,BROILER STARTER604 3,BROILER STARTER,2026-07-22 22:01:57.343,2026-07-23 00:00:26.733,2026-07-23 00:01:29.880,4500.0,Limestone,113,100.0,65.07,73.66895,Production Recipes,1,
Server2,EE8517CA-7E7E-4840-9861-DF50B0C7CB42,9EB5AAF9-4EC2-4BC1-B78F-A2C697BCE705,4,BROILER STARTER604 3,BROILER STARTER,2026-07-22 22:01:57.343,2026-07-23 00:00:26.733,2026-07-23 00:01:29.880,4500.0,LYSOFORTE DRY,30,100.0,0.9,0.9519677,Production Recipes,1,
Server2,EE8517CA-7E7E-4840-9861-DF50B0C7CB42,9EB5AAF9-4EC2-4BC1-B78F-A2C697BCE705,4,BROILER STARTER604 3,BROILER STARTER,2026-07-22 22:01:57.343,2026-07-23 00:00:26.733,2026-07-23 00:01:29.880,4500.0,Maize,100,100.0,2688.75,2691.117,Production Recipes,4,
Server2,EE8517CA-7E7E-4840-9861-DF50B0C7CB42,9EB5AAF9-4EC2-4BC1-B78F-A2C697BCE705,4,BROILER STARTER604 3,BROILER STARTER,2026-07-22 22:01:57.343,2026-07-23 00:00:26.733,2026-07-23 00:01:29.880,4500.0,Methionine,12,100.0,13.95,14.03356,Production Recipes,1,
Server2,EE8517CA-7E7E-4840-9861-DF50B0C7CB42,9EB5AAF9-4EC2-4BC1-B78F-A2C697BCE705,4,BROILER STARTER604 3,BROILER STARTER,2026-07-22 22:01:57.343,2026-07-23 00:00:26.733,2026-07-23 00:01:29.880,4500.0,Monocalcium Phos,204,100.0,42.03,42.24537,Production Recipes,1,
Server2,EE8517CA-7E7E-4840-9861-DF50B0C7CB42,9EB5AAF9-4EC2-4BC1-B78F-A2C697BCE705,4,BROILER STARTER604 3,BROILER STARTER,2026-07-22 22:01:57.343,2026-07-23 00:00:26.733,2026-07-23 00:01:29.880,4500.0,NOVELA ECL,6,100.0,0.45,0.5902778,Production Recipes,1,
Server2,EE8517CA-7E7E-4840-9861-DF50B0C7CB42,9EB5AAF9-4EC2-4BC1-B78F-A2C697BCE705,4,BROILER STARTER604 3,BROILER STARTER,2026-07-22 22:01:57.343,2026-07-23 00:00:26.733,2026-07-23 00:01:29.880,4500.0,Provi Oxi Stop,21,100.0,0.45,1.180556,Production Recipes,1,
Server2,EE8517CA-7E7E-4840-9861-DF50B0C7CB42,9EB5AAF9-4EC2-4BC1-B78F-A2C697BCE705,4,BROILER STARTER604 3,BROILER STARTER,2026-07-22 22:01:57.343,2026-07-23 00:00:26.733,2026-07-23 00:01:29.880,4500.0,Rovabio P10,176,100.0,2.25,3.240741,Production Recipes,1,
Server2,EE8517CA-7E7E-4840-9861-DF50B0C7CB42,9EB5AAF9-4EC2-4BC1-B78F-A2C697BCE705,4,BROILER STARTER604 3,BROILER STARTER,2026-07-22 22:01:57.343,2026-07-23 00:00:26.733,2026-07-23 00:01:29.880,4500.0,Sacox (500g),91,100.0,2.25,3.385417,Production Recipes,1,
Server2,EE8517CA-7E7E-4840-9861-DF50B0C7CB42,9EB5AAF9-4EC2-4BC1-B78F-A2C697BCE705,4,BROILER STARTER604 3,BROILER STARTER,2026-07-22 22:01:57.343,2026-07-23 00:00:26.733,2026-07-23 00:01:29.880,4500.0,Salt,202,100.0,12.105,13.16551,Production Recipes,1,
Server2,EE8517CA-7E7E-4840-9861-DF50B0C7CB42,9EB5AAF9-4EC2-4BC1-B78F-A2C697BCE705,4,BROILER STARTER604 3,BROILER STARTER,2026-07-22 22:01:57.343,2026-07-23 00:00:26.733,2026-07-23 00:01:29.880,4500.0,SOLIS,124,100.0,6.75,7.118055,Production Recipes,1,
Server2,EE8517CA-7E7E-4840-9861-DF50B0C7CB42,9EB5AAF9-4EC2-4BC1-B78F-A2C697BCE705,4,BROILER STARTER604 3,BROILER STARTER,2026-07-22 22:01:57.343,2026-07-23 00:00:26.733,2026-07-23 00:01:29.880,4500.0,SOUDIOM Bicarbon,35,100.0,9.81,9.982643,Production Recipes,1,
Server2,EE8517CA-7E7E-4840-9861-DF50B0C7CB42,9EB5AAF9-4EC2-4BC1-B78F-A2C697BCE705,4,BROILER STARTER604 3,BROILER STARTER,2026-07-22 22:01:57.343,2026-07-23 00:00:26.733,2026-07-23 00:01:29.880,4500.0,SOYA-,105,100.0,1755.0,1743.866,Production Recipes,1,
Server2,EE8517CA-7E7E-4840-9861-DF50B0C7CB42,9EB5AAF9-4EC2-4BC1-B78F-A2C697BCE705,4,BROILER STARTER604 3,BROILER STARTER,2026-07-22 22:01:57.343,2026-07-23 00:00:26.733,2026-07-23 00:01:29.880,4500.0,Soya Oil,210,100.0,14.58,15.0,Production Recipes,10,
Server2,EE8517CA-7E7E-4840-9861-DF50B0C7CB42,9EB5AAF9-4EC2-4BC1-B78F-A2C697BCE705,4,BROILER STARTER604 3,BROILER STARTER,2026-07-22 22:01:57.343,2026-07-23 00:00:26.733,2026-07-23 00:01:29.880,4500.0,TermiN-8,33,100.0,6.75,0.0,Production Recipes,6,
Server2,50B36DED-A023-4259-938C-35A2AD4BFB6B,9EB5AAF9-4EC2-4BC1-B78F-A2C697BCE705,4,BROILER STARTER604 4,BROILER STARTER,2026-07-22 22:01:59.350,2026-07-23 00:03:37.917,2026-07-23 00:04:41.917,4500.0,BETAIN HCL,142,100.0,2.25,2.320602,Production Recipes,1,
Server2,50B36DED-A023-4259-938C-35A2AD4BFB6B,9EB5AAF9-4EC2-4BC1-B78F-A2C697BCE705,4,BROILER STARTER604 4,BROILER STARTER,2026-07-22 22:01:59.350,2026-07-23 00:03:37.917,2026-07-23 00:04:41.917,4500.0,BIOSTRONG 510,140,100.0,0.675,0.7494213,Production Recipes,1,
Server2,50B36DED-A023-4259-938C-35A2AD4BFB6B,9EB5AAF9-4EC2-4BC1-B78F-A2C697BCE705,4,BROILER STARTER604 4,BROILER STARTER,2026-07-22 22:01:59.350,2026-07-23 00:03:37.917,2026-07-23 00:04:41.917,4500.0,Broiler Mineral Mix,31,100.0,4.5,6.741898,Production Recipes,1,
Server2,50B36DED-A023-4259-938C-35A2AD4BFB6B,9EB5AAF9-4EC2-4BC1-B78F-A2C697BCE705,4,BROILER STARTER604 4,BROILER STARTER,2026-07-22 22:01:59.350,2026-07-23 00:03:37.917,2026-07-23 00:04:41.917,4500.0,KENZYME PRO,77,100.0,2.7,3.472222,Production Recipes,1,
Server2,50B36DED-A023-4259-938C-35A2AD4BFB6B,9EB5AAF9-4EC2-4BC1-B78F-A2C697BCE705,4,BROILER STARTER604 4,BROILER STARTER,2026-07-22 22:01:59.350,2026-07-23 00:03:37.917,2026-07-23 00:04:41.917,4500.0,Limestone,113,100.0,65.07,73.66895,Production Recipes,1,
Server2,50B36DED-A023-4259-938C-35A2AD4BFB6B,9EB5AAF9-4EC2-4BC1-B78F-A2C697BCE705,4,BROILER STARTER604 4,BROILER STARTER,2026-07-22 22:01:59.350,2026-07-23 00:03:37.917,2026-07-23 00:04:41.917,4500.0,LYSOFORTE DRY,30,100.0,0.9,1.041667,Production Recipes,1,
Server2,50B36DED-A023-4259-938C-35A2AD4BFB6B,9EB5AAF9-4EC2-4BC1-B78F-A2C697BCE705,4,BROILER STARTER604 4,BROILER STARTER,2026-07-22 22:01:59.350,2026-07-23 00:03:37.917,2026-07-23 00:04:41.917,4500.0,Maize,100,100.0,2688.75,2699.074,Production Recipes,4,
Server2,50B36DED-A023-4259-938C-35A2AD4BFB6B,9EB5AAF9-4EC2-4BC1-B78F-A2C697BCE705,4,BROILER STARTER604 4,BROILER STARTER,2026-07-22 22:01:59.350,2026-07-23 00:03:37.917,2026-07-23 00:04:41.917,4500.0,Methionine,12,100.0,13.95,14.03356,Production Recipes,1,
Server2,50B36DED-A023-4259-938C-35A2AD4BFB6B,9EB5AAF9-4EC2-4BC1-B78F-A2C697BCE705,4,BROILER STARTER604 4,BROILER STARTER,2026-07-22 22:01:59.350,2026-07-23 00:03:37.917,2026-07-23 00:04:41.917,4500.0,Monocalcium Phos,204,100.0,42.03,42.24537,Production Recipes,1,
Server2,50B36DED-A023-4259-938C-35A2AD4BFB6B,9EB5AAF9-4EC2-4BC1-B78F-A2C697BCE705,4,BROILER STARTER604 4,BROILER STARTER,2026-07-22 22:01:59.350,2026-07-23 00:03:37.917,2026-07-23 00:04:41.917,4500.0,NOVELA ECL,6,100.0,0.45,0.5497685,Production Recipes,1,
Server2,50B36DED-A023-4259-938C-35A2AD4BFB6B,9EB5AAF9-4EC2-4BC1-B78F-A2C697BCE705,4,BROILER STARTER604 4,BROILER STARTER,2026-07-22 22:01:59.350,2026-07-23 00:03:37.917,2026-07-23 00:04:41.917,4500.0,Provi Oxi Stop,21,100.0,0.45,0.4701967,Production Recipes,1,
Server2,50B36DED-A023-4259-938C-35A2AD4BFB6B,9EB5AAF9-4EC2-4BC1-B78F-A2C697BCE705,4,BROILER STARTER604 4,BROILER STARTER,2026-07-22 22:01:59.350,2026-07-23 00:03:37.917,2026-07-23 00:04:41.917,4500.0,Rovabio P10,176,100.0,2.25,2.783565,Production Recipes,1,
Server2,50B36DED-A023-4259-938C-35A2AD4BFB6B,9EB5AAF9-4EC2-4BC1-B78F-A2C697BCE705,4,BROILER STARTER604 4,BROILER STARTER,2026-07-22 22:01:59.350,2026-07-23 00:03:37.917,2026-07-23 00:04:41.917,4500.0,Sacox (500g),91,100.0,2.25,3.402778,Production Recipes,1,
Server2,50B36DED-A023-4259-938C-35A2AD4BFB6B,9EB5AAF9-4EC2-4BC1-B78F-A2C697BCE705,4,BROILER STARTER604 4,BROILER STARTER,2026-07-22 22:01:59.350,2026-07-23 00:03:37.917,2026-07-23 00:04:41.917,4500.0,Salt,202,100.0,12.105,12.0081,Production Recipes,1,
Server2,50B36DED-A023-4259-938C-35A2AD4BFB6B,9EB5AAF9-4EC2-4BC1-B78F-A2C697BCE705,4,BROILER STARTER604 4,BROILER STARTER,2026-07-22 22:01:59.350,2026-07-23 00:03:37.917,2026-07-23 00:04:41.917,4500.0,SOLIS,124,100.0,6.75,7.291666,Production Recipes,1,
Server2,50B36DED-A023-4259-938C-35A2AD4BFB6B,9EB5AAF9-4EC2-4BC1-B78F-A2C697BCE705,4,BROILER STARTER604 4,BROILER STARTER,2026-07-22 22:01:59.350,2026-07-23 00:03:37.917,2026-07-23 00:04:41.917,4500.0,SOUDIOM Bicarbon,35,100.0,9.81,9.982643,Production Recipes,1,
Server2,50B36DED-A023-4259-938C-35A2AD4BFB6B,9EB5AAF9-4EC2-4BC1-B78F-A2C697BCE705,4,BROILER STARTER604 4,BROILER STARTER,2026-07-22 22:01:59.350,2026-07-23 00:03:37.917,2026-07-23 00:04:41.917,4500.0,SOYA-,105,100.0,1755.0,1737.268,Production Recipes,1,
Server2,50B36DED-A023-4259-938C-35A2AD4BFB6B,9EB5AAF9-4EC2-4BC1-B78F-A2C697BCE705,4,BROILER STARTER604 4,BROILER STARTER,2026-07-22 22:01:59.350,2026-07-23 00:03:37.917,2026-07-23 00:04:41.917,4500.0,Soya Oil,210,100.0,14.58,15.0,Production Recipes,10,
Server2,50B36DED-A023-4259-938C-35A2AD4BFB6B,9EB5AAF9-4EC2-4BC1-B78F-A2C697BCE705,4,BROILER STARTER604 4,BROILER STARTER,2026-07-22 22:01:59.350,2026-07-23 00:03:37.917,2026-07-23 00:04:41.917,4500.0,TermiN-8,33,100.0,6.75,0.0,Production Recipes,6,
Server2,B6CBD4B0-6E41-48B3-AA92-949A60496BD5,9EB5AAF9-4EC2-4BC1-B78F-A2C697BCE705,4,BROILER STARTER603 1,BROILER STARTER,2026-07-22 23:13:20.407,2026-07-23 00:12:21.940,2026-07-23 00:13:25.947,4500.0,BETAIN HCL,142,100.0,2.25,0.6886573,Production Recipes,1,
Server2,B6CBD4B0-6E41-48B3-AA92-949A60496BD5,9EB5AAF9-4EC2-4BC1-B78F-A2C697BCE705,4,BROILER STARTER603 1,BROILER STARTER,2026-07-22 23:13:20.407,2026-07-23 00:12:21.940,2026-07-23 00:13:25.947,4500.0,BIOSTRONG 510,140,100.0,0.675,0.7899306,Production Recipes,1,
Server2,B6CBD4B0-6E41-48B3-AA92-949A60496BD5,9EB5AAF9-4EC2-4BC1-B78F-A2C697BCE705,4,BROILER STARTER603 1,BROILER STARTER,2026-07-22 23:13:20.407,2026-07-23 00:12:21.940,2026-07-23 00:13:25.947,4500.0,Broiler Mineral Mix,31,100.0,4.5,5.46875,Production Recipes,1,
Server2,B6CBD4B0-6E41-48B3-AA92-949A60496BD5,9EB5AAF9-4EC2-4BC1-B78F-A2C697BCE705,4,BROILER STARTER603 1,BROILER STARTER,2026-07-22 23:13:20.407,2026-07-23 00:12:21.940,2026-07-23 00:13:25.947,4500.0,KENZYME PRO,77,100.0,2.7,3.399884,Production Recipes,1,
Server2,B6CBD4B0-6E41-48B3-AA92-949A60496BD5,9EB5AAF9-4EC2-4BC1-B78F-A2C697BCE705,4,BROILER STARTER603 1,BROILER STARTER,2026-07-22 23:13:20.407,2026-07-23 00:12:21.940,2026-07-23 00:13:25.947,4500.0,Limestone,113,100.0,65.07,69.82056,Production Recipes,1,
Server2,B6CBD4B0-6E41-48B3-AA92-949A60496BD5,9EB5AAF9-4EC2-4BC1-B78F-A2C697BCE705,4,BROILER STARTER603 1,BROILER STARTER,2026-07-22 23:13:20.407,2026-07-23 00:12:21.940,2026-07-23 00:13:25.947,4500.0,LYSOFORTE DRY,30,100.0,0.9,1.140046,Production Recipes,1,
Server2,B6CBD4B0-6E41-48B3-AA92-949A60496BD5,9EB5AAF9-4EC2-4BC1-B78F-A2C697BCE705,4,BROILER STARTER603 1,BROILER STARTER,2026-07-22 23:13:20.407,2026-07-23 00:12:21.940,2026-07-23 00:13:25.947,4500.0,Maize,100,100.0,2688.75,2684.751,Production Recipes,4,
Server2,B6CBD4B0-6E41-48B3-AA92-949A60496BD5,9EB5AAF9-4EC2-4BC1-B78F-A2C697BCE705,4,BROILER STARTER603 1,BROILER STARTER,2026-07-22 23:13:20.407,2026-07-23 00:12:21.940,2026-07-23 00:13:25.947,4500.0,Methionine,12,100.0,13.95,14.03356,Production Recipes,1,
Server2,B6CBD4B0-6E41-48B3-AA92-949A60496BD5,9EB5AAF9-4EC2-4BC1-B78F-A2C697BCE705,4,BROILER STARTER603 1,BROILER STARTER,2026-07-22 23:13:20.407,2026-07-23 00:12:21.940,2026-07-23 00:13:25.947,4500.0,Monocalcium Phos,204,100.0,42.03,42.1007,Production Recipes,1,
Server2,B6CBD4B0-6E41-48B3-AA92-949A60496BD5,9EB5AAF9-4EC2-4BC1-B78F-A2C697BCE705,4,BROILER STARTER603 1,BROILER STARTER,2026-07-22 23:13:20.407,2026-07-23 00:12:21.940,2026-07-23 00:13:25.947,4500.0,NOVELA ECL,6,100.0,0.45,0.5396412,Production Recipes,1,
Server2,B6CBD4B0-6E41-48B3-AA92-949A60496BD5,9EB5AAF9-4EC2-4BC1-B78F-A2C697BCE705,4,BROILER STARTER603 1,BROILER STARTER,2026-07-22 23:13:20.407,2026-07-23 00:12:21.940,2026-07-23 00:13:25.947,4500.0,Provi Oxi Stop,21,100.0,0.45,0.859375,Production Recipes,1,
Server2,B6CBD4B0-6E41-48B3-AA92-949A60496BD5,9EB5AAF9-4EC2-4BC1-B78F-A2C697BCE705,4,BROILER STARTER603 1,BROILER STARTER,2026-07-22 23:13:20.407,2026-07-23 00:12:21.940,2026-07-23 00:13:25.947,4500.0,Rovabio P10,176,100.0,2.25,3.200232,Production Recipes,1,
Server2,B6CBD4B0-6E41-48B3-AA92-949A60496BD5,9EB5AAF9-4EC2-4BC1-B78F-A2C697BCE705,4,BROILER STARTER603 1,BROILER STARTER,2026-07-22 23:13:20.407,2026-07-23 00:12:21.940,2026-07-23 00:13:25.947,4500.0,Sacox (500g),91,100.0,2.25,3.819445,Production Recipes,1,
Server2,B6CBD4B0-6E41-48B3-AA92-949A60496BD5,9EB5AAF9-4EC2-4BC1-B78F-A2C697BCE705,4,BROILER STARTER603 1,BROILER STARTER,2026-07-22 23:13:20.407,2026-07-23 00:12:21.940,2026-07-23 00:13:25.947,4500.0,Salt,202,100.0,12.105,19.09722,Production Recipes,1,
Server2,B6CBD4B0-6E41-48B3-AA92-949A60496BD5,9EB5AAF9-4EC2-4BC1-B78F-A2C697BCE705,4,BROILER STARTER603 1,BROILER STARTER,2026-07-22 23:13:20.407,2026-07-23 00:12:21.940,2026-07-23 00:13:25.947,4500.0,SOLIS,124,100.0,6.75,7.378471,Production Recipes,1,
Server2,B6CBD4B0-6E41-48B3-AA92-949A60496BD5,9EB5AAF9-4EC2-4BC1-B78F-A2C697BCE705,4,BROILER STARTER603 1,BROILER STARTER,2026-07-22 23:13:20.407,2026-07-23 00:12:21.940,2026-07-23 00:13:25.947,4500.0,SOUDIOM Bicarbon,35,100.0,9.81,10.12731,Production Recipes,1,
Server2,B6CBD4B0-6E41-48B3-AA92-949A60496BD5,9EB5AAF9-4EC2-4BC1-B78F-A2C697BCE705,4,BROILER STARTER603 1,BROILER STARTER,2026-07-22 23:13:20.407,2026-07-23 00:12:21.940,2026-07-23 00:13:25.947,4500.0,SOYA-,105,100.0,1755.0,1744.415,Production Recipes,1,
Server2,B6CBD4B0-6E41-48B3-AA92-949A60496BD5,9EB5AAF9-4EC2-4BC1-B78F-A2C697BCE705,4,BROILER STARTER603 1,BROILER STARTER,2026-07-22 23:13:20.407,2026-07-23 00:12:21.940,2026-07-23 00:13:25.947,4500.0,Soya Oil,210,100.0,14.58,15.0,Production Recipes,10,
Server2,B6CBD4B0-6E41-48B3-AA92-949A60496BD5,9EB5AAF9-4EC2-4BC1-B78F-A2C697BCE705,4,BROILER STARTER603 1,BROILER STARTER,2026-07-22 23:13:20.407,2026-07-23 00:12:21.940,2026-07-23 00:13:25.947,4500.0,TermiN-8,33,100.0,6.75,0.0,Production Recipes,6,
Server2,377A216A-9D72-4CD4-9DFC-0880F382D1D5,9EB5AAF9-4EC2-4BC1-B78F-A2C697BCE705,4,BROILER STARTER603 2,BROILER STARTER,2026-07-22 23:13:22.357,2026-07-23 00:17:06.617,2026-07-23 00:18:10.133,4500.0,BETAIN HCL,142,100.0,2.25,2.5,Production Recipes,1,
Server2,377A216A-9D72-4CD4-9DFC-0880F382D1D5,9EB5AAF9-4EC2-4BC1-B78F-A2C697BCE705,4,BROILER STARTER603 2,BROILER STARTER,2026-07-22 23:13:22.357,2026-07-23 00:17:06.617,2026-07-23 00:18:10.133,4500.0,BIOSTRONG 510,140,100.0,0.675,0.7306135,Production Recipes,1,
Server2,377A216A-9D72-4CD4-9DFC-0880F382D1D5,9EB5AAF9-4EC2-4BC1-B78F-A2C697BCE705,4,BROILER STARTER603 2,BROILER STARTER,2026-07-22 23:13:22.357,2026-07-23 00:17:06.617,2026-07-23 00:18:10.133,4500.0,Broiler Mineral Mix,31,100.0,4.5,6.814236,Production Recipes,1,
Server2,377A216A-9D72-4CD4-9DFC-0880F382D1D5,9EB5AAF9-4EC2-4BC1-B78F-A2C697BCE705,4,BROILER STARTER603 2,BROILER STARTER,2026-07-22 23:13:22.357,2026-07-23 00:17:06.617,2026-07-23 00:18:10.133,4500.0,KENZYME PRO,77,100.0,2.7,3.023727,Production Recipes,1,
Server2,377A216A-9D72-4CD4-9DFC-0880F382D1D5,9EB5AAF9-4EC2-4BC1-B78F-A2C697BCE705,4,BROILER STARTER603 2,BROILER STARTER,2026-07-22 23:13:22.357,2026-07-23 00:17:06.617,2026-07-23 00:18:10.133,4500.0,Limestone,113,100.0,65.07,72.56946,Production Recipes,1,
Server2,377A216A-9D72-4CD4-9DFC-0880F382D1D5,9EB5AAF9-4EC2-4BC1-B78F-A2C697BCE705,4,BROILER STARTER603 2,BROILER STARTER,2026-07-22 23:13:22.357,2026-07-23 00:17:06.617,2026-07-23 00:18:10.133,4500.0,LYSOFORTE DRY,30,100.0,0.9,0.8506945,Production Recipes,1,
Server2,377A216A-9D72-4CD4-9DFC-0880F382D1D5,9EB5AAF9-4EC2-4BC1-B78F-A2C697BCE705,4,BROILER STARTER603 2,BROILER STARTER,2026-07-22 23:13:22.357,2026-07-23 00:17:06.617,2026-07-23 00:18:10.133,4500.0,Maize,100,100.0,2688.75,2684.751,Production Recipes,4,
Server2,377A216A-9D72-4CD4-9DFC-0880F382D1D5,9EB5AAF9-4EC2-4BC1-B78F-A2C697BCE705,4,BROILER STARTER603 2,BROILER STARTER,2026-07-22 23:13:22.357,2026-07-23 00:17:06.617,2026-07-23 00:18:10.133,4500.0,Methionine,12,100.0,13.95,14.03356,Production Recipes,1,
Server2,377A216A-9D72-4CD4-9DFC-0880F382D1D5,9EB5AAF9-4EC2-4BC1-B78F-A2C697BCE705,4,BROILER STARTER603 2,BROILER STARTER,2026-07-22 23:13:22.357,2026-07-23 00:17:06.617,2026-07-23 00:18:10.133,4500.0,Monocalcium Phos,204,100.0,42.03,42.24537,Production Recipes,1,
Server2,377A216A-9D72-4CD4-9DFC-0880F382D1D5,9EB5AAF9-4EC2-4BC1-B78F-A2C697BCE705,4,BROILER STARTER603 2,BROILER STARTER,2026-07-22 23:13:22.357,2026-07-23 00:17:06.617,2026-07-23 00:18:10.133,4500.0,NOVELA ECL,6,100.0,0.45,0.4991319,Production Recipes,1,
Server2,377A216A-9D72-4CD4-9DFC-0880F382D1D5,9EB5AAF9-4EC2-4BC1-B78F-A2C697BCE705,4,BROILER STARTER603 2,BROILER STARTER,2026-07-22 23:13:22.357,2026-07-23 00:17:06.617,2026-07-23 00:18:10.133,4500.0,Provi Oxi Stop,21,100.0,0.45,0.9707754,Production Recipes,1,
Server2,377A216A-9D72-4CD4-9DFC-0880F382D1D5,9EB5AAF9-4EC2-4BC1-B78F-A2C697BCE705,4,BROILER STARTER603 2,BROILER STARTER,2026-07-22 23:13:22.357,2026-07-23 00:17:06.617,2026-07-23 00:18:10.133,4500.0,Rovabio P10,176,100.0,2.25,2.893518,Production Recipes,1,
Server2,377A216A-9D72-4CD4-9DFC-0880F382D1D5,9EB5AAF9-4EC2-4BC1-B78F-A2C697BCE705,4,BROILER STARTER603 2,BROILER STARTER,2026-07-22 23:13:22.357,2026-07-23 00:17:06.617,2026-07-23 00:18:10.133,4500.0,Sacox (500g),91,100.0,2.25,2.928241,Production Recipes,1,
Server2,377A216A-9D72-4CD4-9DFC-0880F382D1D5,9EB5AAF9-4EC2-4BC1-B78F-A2C697BCE705,4,BROILER STARTER603 2,BROILER STARTER,2026-07-22 23:13:22.357,2026-07-23 00:17:06.617,2026-07-23 00:18:10.133,4500.0,Salt,202,100.0,12.105,12.0081,Production Recipes,1,
Server2,377A216A-9D72-4CD4-9DFC-0880F382D1D5,9EB5AAF9-4EC2-4BC1-B78F-A2C697BCE705,4,BROILER STARTER603 2,BROILER STARTER,2026-07-22 23:13:22.357,2026-07-23 00:17:06.617,2026-07-23 00:18:10.133,4500.0,SOLIS,124,100.0,6.75,7.798032,Production Recipes,1,
Server2,377A216A-9D72-4CD4-9DFC-0880F382D1D5,9EB5AAF9-4EC2-4BC1-B78F-A2C697BCE705,4,BROILER STARTER603 2,BROILER STARTER,2026-07-22 23:13:22.357,2026-07-23 00:17:06.617,2026-07-23 00:18:10.133,4500.0,SOUDIOM Bicarbon,35,100.0,9.81,9.982643,Production Recipes,1,
Server2,377A216A-9D72-4CD4-9DFC-0880F382D1D5,9EB5AAF9-4EC2-4BC1-B78F-A2C697BCE705,4,BROILER STARTER603 2,BROILER STARTER,2026-07-22 23:13:22.357,2026-07-23 00:17:06.617,2026-07-23 00:18:10.133,4500.0,SOYA-,105,100.0,1755.0,1751.013,Production Recipes,1,
Server2,377A216A-9D72-4CD4-9DFC-0880F382D1D5,9EB5AAF9-4EC2-4BC1-B78F-A2C697BCE705,4,BROILER STARTER603 2,BROILER STARTER,2026-07-22 23:13:22.357,2026-07-23 00:17:06.617,2026-07-23 00:18:10.133,4500.0,Soya Oil,210,100.0,14.58,15.0,Production Recipes,10,
Server2,377A216A-9D72-4CD4-9DFC-0880F382D1D5,9EB5AAF9-4EC2-4BC1-B78F-A2C697BCE705,4,BROILER STARTER603 2,BROILER STARTER,2026-07-22 23:13:22.357,2026-07-23 00:17:06.617,2026-07-23 00:18:10.133,4500.0,TermiN-8,33,100.0,6.75,0.0,Production Recipes,6,
Server2,CF7025E3-AB4D-4E2F-8EE0-ECDFDF757143,9EB5AAF9-4EC2-4BC1-B78F-A2C697BCE705,4,BROILER STARTER603 3,BROILER STARTER,2026-07-22 23:13:28.443,2026-07-23 00:21:52.760,2026-07-23 00:22:57.143,4500.0,BETAIN HCL,142,100.0,2.25,2.239583,Production Recipes,1,
Server2,CF7025E3-AB4D-4E2F-8EE0-ECDFDF757143,9EB5AAF9-4EC2-4BC1-B78F-A2C697BCE705,4,BROILER STARTER603 3,BROILER STARTER,2026-07-22 23:13:28.443,2026-07-23 00:21:52.760,2026-07-23 00:22:57.143,4500.0,BIOSTRONG 510,140,100.0,0.675,0.7595487,Production Recipes,1,
Server2,CF7025E3-AB4D-4E2F-8EE0-ECDFDF757143,9EB5AAF9-4EC2-4BC1-B78F-A2C697BCE705,4,BROILER STARTER603 3,BROILER STARTER,2026-07-22 23:13:28.443,2026-07-23 00:21:52.760,2026-07-23 00:22:57.143,4500.0,Broiler Mineral Mix,31,100.0,4.5,6.944445,Production Recipes,1,
Server2,CF7025E3-AB4D-4E2F-8EE0-ECDFDF757143,9EB5AAF9-4EC2-4BC1-B78F-A2C697BCE705,4,BROILER STARTER603 3,BROILER STARTER,2026-07-22 23:13:28.443,2026-07-23 00:21:52.760,2026-07-23 00:22:57.143,4500.0,KENZYME PRO,77,100.0,2.7,2.82118,Production Recipes,1,
Server2,CF7025E3-AB4D-4E2F-8EE0-ECDFDF757143,9EB5AAF9-4EC2-4BC1-B78F-A2C697BCE705,4,BROILER STARTER603 3,BROILER STARTER,2026-07-22 23:13:28.443,2026-07-23 00:21:52.760,2026-07-23 00:22:57.143,4500.0,Limestone,113,100.0,65.07,70.92004,Production Recipes,1,
Server2,CF7025E3-AB4D-4E2F-8EE0-ECDFDF757143,9EB5AAF9-4EC2-4BC1-B78F-A2C697BCE705,4,BROILER STARTER603 3,BROILER STARTER,2026-07-22 23:13:28.443,2026-07-23 00:21:52.760,2026-07-23 00:22:57.143,4500.0,LYSOFORTE DRY,30,100.0,0.9,1.021412,Production Recipes,1,
Server2,CF7025E3-AB4D-4E2F-8EE0-ECDFDF757143,9EB5AAF9-4EC2-4BC1-B78F-A2C697BCE705,4,BROILER STARTER603 3,BROILER STARTER,2026-07-22 23:13:28.443,2026-07-23 00:21:52.760,2026-07-23 00:22:57.143,4500.0,Maize,100,100.0,2688.75,2679.977,Production Recipes,4,
Server2,CF7025E3-AB4D-4E2F-8EE0-ECDFDF757143,9EB5AAF9-4EC2-4BC1-B78F-A2C697BCE705,4,BROILER STARTER603 3,BROILER STARTER,2026-07-22 23:13:28.443,2026-07-23 00:21:52.760,2026-07-23 00:22:57.143,4500.0,Methionine,12,100.0,13.95,14.03356,Production Recipes,1,
Server2,CF7025E3-AB4D-4E2F-8EE0-ECDFDF757143,9EB5AAF9-4EC2-4BC1-B78F-A2C697BCE705,4,BROILER STARTER603 3,BROILER STARTER,2026-07-22 23:13:28.443,2026-07-23 00:21:52.760,2026-07-23 00:22:57.143,4500.0,Monocalcium Phos,204,100.0,42.03,42.24537,Production Recipes,1,
Server2,CF7025E3-AB4D-4E2F-8EE0-ECDFDF757143,9EB5AAF9-4EC2-4BC1-B78F-A2C697BCE705,4,BROILER STARTER603 3,BROILER STARTER,2026-07-22 23:13:28.443,2026-07-23 00:21:52.760,2026-07-23 00:22:57.143,4500.0,NOVELA ECL,6,100.0,0.45,0.5512153,Production Recipes,1,
Server2,CF7025E3-AB4D-4E2F-8EE0-ECDFDF757143,9EB5AAF9-4EC2-4BC1-B78F-A2C697BCE705,4,BROILER STARTER603 3,BROILER STARTER,2026-07-22 23:13:28.443,2026-07-23 00:21:52.760,2026-07-23 00:22:57.143,4500.0,Provi Oxi Stop,21,100.0,0.45,0.9505208,Production Recipes,1,
Server2,CF7025E3-AB4D-4E2F-8EE0-ECDFDF757143,9EB5AAF9-4EC2-4BC1-B78F-A2C697BCE705,4,BROILER STARTER603 3,BROILER STARTER,2026-07-22 23:13:28.443,2026-07-23 00:21:52.760,2026-07-23 00:22:57.143,4500.0,Rovabio P10,176,100.0,2.25,2.887732,Production Recipes,1,
Server2,CF7025E3-AB4D-4E2F-8EE0-ECDFDF757143,9EB5AAF9-4EC2-4BC1-B78F-A2C697BCE705,4,BROILER STARTER603 3,BROILER STARTER,2026-07-22 23:13:28.443,2026-07-23 00:21:52.760,2026-07-23 00:22:57.143,4500.0,Sacox (500g),91,100.0,2.25,3.831019,Production Recipes,1,
Server2,CF7025E3-AB4D-4E2F-8EE0-ECDFDF757143,9EB5AAF9-4EC2-4BC1-B78F-A2C697BCE705,4,BROILER STARTER603 3,BROILER STARTER,2026-07-22 23:13:28.443,2026-07-23 00:21:52.760,2026-07-23 00:22:57.143,4500.0,Salt,202,100.0,12.105,13.16551,Production Recipes,1,
Server2,CF7025E3-AB4D-4E2F-8EE0-ECDFDF757143,9EB5AAF9-4EC2-4BC1-B78F-A2C697BCE705,4,BROILER STARTER603 3,BROILER STARTER,2026-07-22 23:13:28.443,2026-07-23 00:21:52.760,2026-07-23 00:22:57.143,4500.0,SOLIS,124,100.0,6.75,7.783565,Production Recipes,1,
Server2,CF7025E3-AB4D-4E2F-8EE0-ECDFDF757143,9EB5AAF9-4EC2-4BC1-B78F-A2C697BCE705,4,BROILER STARTER603 3,BROILER STARTER,2026-07-22 23:13:28.443,2026-07-23 00:21:52.760,2026-07-23 00:22:57.143,4500.0,SOUDIOM Bicarbon,35,100.0,9.81,9.982635,Production Recipes,1,
Server2,CF7025E3-AB4D-4E2F-8EE0-ECDFDF757143,9EB5AAF9-4EC2-4BC1-B78F-A2C697BCE705,4,BROILER STARTER603 3,BROILER STARTER,2026-07-22 23:13:28.443,2026-07-23 00:21:52.760,2026-07-23 00:22:57.143,4500.0,SOYA-,105,100.0,1755.0,1741.667,Production Recipes,1,
Server2,CF7025E3-AB4D-4E2F-8EE0-ECDFDF757143,9EB5AAF9-4EC2-4BC1-B78F-A2C697BCE705,4,BROILER STARTER603 3,BROILER STARTER,2026-07-22 23:13:28.443,2026-07-23 00:21:52.760,2026-07-23 00:22:57.143,4500.0,Soya Oil,210,100.0,14.58,15.0,Production Recipes,10,
Server2,CF7025E3-AB4D-4E2F-8EE0-ECDFDF757143,9EB5AAF9-4EC2-4BC1-B78F-A2C697BCE705,4,BROILER STARTER603 3,BROILER STARTER,2026-07-22 23:13:28.443,2026-07-23 00:21:52.760,2026-07-23 00:22:57.143,4500.0,TermiN-8,33,100.0,6.75,0.0,Production Recipes,6,
Server2,3BE345F3-2630-4418-85BA-465611B23A47,9EB5AAF9-4EC2-4BC1-B78F-A2C697BCE705,4,BROILER STARTER603 4,BROILER STARTER,2026-07-22 23:13:30.397,2026-07-23 00:26:54.913,2026-07-23 00:28:00.503,4500.0,BETAIN HCL,142,100.0,2.25,2.673611,Production Recipes,1,
Server2,3BE345F3-2630-4418-85BA-465611B23A47,9EB5AAF9-4EC2-4BC1-B78F-A2C697BCE705,4,BROILER STARTER603 4,BROILER STARTER,2026-07-22 23:13:30.397,2026-07-23 00:26:54.913,2026-07-23 00:28:00.503,4500.0,BIOSTRONG 510,140,100.0,0.675,0.7899306,Production Recipes,1,
Server2,3BE345F3-2630-4418-85BA-465611B23A47,9EB5AAF9-4EC2-4BC1-B78F-A2C697BCE705,4,BROILER STARTER603 4,BROILER STARTER,2026-07-22 23:13:30.397,2026-07-23 00:26:54.913,2026-07-23 00:28:00.503,4500.0,Broiler Mineral Mix,31,100.0,4.5,5.917245,Production Recipes,1,
Server2,3BE345F3-2630-4418-85BA-465611B23A47,9EB5AAF9-4EC2-4BC1-B78F-A2C697BCE705,4,BROILER STARTER603 4,BROILER STARTER,2026-07-22 23:13:30.397,2026-07-23 00:26:54.913,2026-07-23 00:28:00.503,4500.0,KENZYME PRO,77,100.0,2.7,3.559028,Production Recipes,1,
Server2,3BE345F3-2630-4418-85BA-465611B23A47,9EB5AAF9-4EC2-4BC1-B78F-A2C697BCE705,4,BROILER STARTER603 4,BROILER STARTER,2026-07-22 23:13:30.397,2026-07-23 00:26:54.913,2026-07-23 00:28:00.503,4500.0,Limestone,113,100.0,65.07,77.51733,Production Recipes,1,
Server2,3BE345F3-2630-4418-85BA-465611B23A47,9EB5AAF9-4EC2-4BC1-B78F-A2C697BCE705,4,BROILER STARTER603 4,BROILER STARTER,2026-07-22 23:13:30.397,2026-07-23 00:26:54.913,2026-07-23 00:28:00.503,4500.0,LYSOFORTE DRY,30,100.0,0.9,0.8810763,Production Recipes,1,
Server2,3BE345F3-2630-4418-85BA-465611B23A47,9EB5AAF9-4EC2-4BC1-B78F-A2C697BCE705,4,BROILER STARTER603 4,BROILER STARTER,2026-07-22 23:13:30.397,2026-07-23 00:26:54.913,2026-07-23 00:28:00.503,4500.0,Maize,100,100.0,2688.75,2691.117,Production Recipes,4,
Server2,3BE345F3-2630-4418-85BA-465611B23A47,9EB5AAF9-4EC2-4BC1-B78F-A2C697BCE705,4,BROILER STARTER603 4,BROILER STARTER,2026-07-22 23:13:30.397,2026-07-23 00:26:54.913,2026-07-23 00:28:00.503,4500.0,Methionine,12,100.0,13.95,14.03356,Production Recipes,1,
Server2,3BE345F3-2630-4418-85BA-465611B23A47,9EB5AAF9-4EC2-4BC1-B78F-A2C697BCE705,4,BROILER STARTER603 4,BROILER STARTER,2026-07-22 23:13:30.397,2026-07-23 00:26:54.913,2026-07-23 00:28:00.503,4500.0,Monocalcium Phos,204,100.0,42.03,42.24537,Production Recipes,1,
Server2,3BE345F3-2630-4418-85BA-465611B23A47,9EB5AAF9-4EC2-4BC1-B78F-A2C697BCE705,4,BROILER STARTER603 4,BROILER STARTER,2026-07-22 23:13:30.397,2026-07-23 00:26:54.913,2026-07-23 00:28:00.503,4500.0,NOVELA ECL,6,100.0,0.45,0.5396412,Production Recipes,1,
Server2,3BE345F3-2630-4418-85BA-465611B23A47,9EB5AAF9-4EC2-4BC1-B78F-A2C697BCE705,4,BROILER STARTER603 4,BROILER STARTER,2026-07-22 23:13:30.397,2026-07-23 00:26:54.913,2026-07-23 00:28:00.503,4500.0,Provi Oxi Stop,21,100.0,0.45,1.090857,Production Recipes,1,
Server2,3BE345F3-2630-4418-85BA-465611B23A47,9EB5AAF9-4EC2-4BC1-B78F-A2C697BCE705,4,BROILER STARTER603 4,BROILER STARTER,2026-07-22 23:13:30.397,2026-07-23 00:26:54.913,2026-07-23 00:28:00.503,4500.0,Rovabio P10,176,100.0,2.25,3.449075,Production Recipes,1,
Server2,3BE345F3-2630-4418-85BA-465611B23A47,9EB5AAF9-4EC2-4BC1-B78F-A2C697BCE705,4,BROILER STARTER603 4,BROILER STARTER,2026-07-22 23:13:30.397,2026-07-23 00:26:54.913,2026-07-23 00:28:00.503,4500.0,Sacox (500g),91,100.0,2.25,3.466435,Production Recipes,1,
Server2,3BE345F3-2630-4418-85BA-465611B23A47,9EB5AAF9-4EC2-4BC1-B78F-A2C697BCE705,4,BROILER STARTER603 4,BROILER STARTER,2026-07-22 23:13:30.397,2026-07-23 00:26:54.913,2026-07-23 00:28:00.503,4500.0,Salt,202,100.0,12.105,12.0081,Production Recipes,1,
Server2,3BE345F3-2630-4418-85BA-465611B23A47,9EB5AAF9-4EC2-4BC1-B78F-A2C697BCE705,4,BROILER STARTER603 4,BROILER STARTER,2026-07-22 23:13:30.397,2026-07-23 00:26:54.913,2026-07-23 00:28:00.503,4500.0,SOLIS,124,100.0,6.75,7.08912,Production Recipes,1,
Server2,3BE345F3-2630-4418-85BA-465611B23A47,9EB5AAF9-4EC2-4BC1-B78F-A2C697BCE705,4,BROILER STARTER603 4,BROILER STARTER,2026-07-22 23:13:30.397,2026-07-23 00:26:54.913,2026-07-23 00:28:00.503,4500.0,SOUDIOM Bicarbon,35,100.0,9.81,9.982643,Production Recipes,1,
Server2,3BE345F3-2630-4418-85BA-465611B23A47,9EB5AAF9-4EC2-4BC1-B78F-A2C697BCE705,4,BROILER STARTER603 4,BROILER STARTER,2026-07-22 23:13:30.397,2026-07-23 00:26:54.913,2026-07-23 00:28:00.503,4500.0,SOYA-,105,100.0,1755.0,1737.818,Production Recipes,1,
Server2,3BE345F3-2630-4418-85BA-465611B23A47,9EB5AAF9-4EC2-4BC1-B78F-A2C697BCE705,4,BROILER STARTER603 4,BROILER STARTER,2026-07-22 23:13:30.397,2026-07-23 00:26:54.913,2026-07-23 00:28:00.503,4500.0,Soya Oil,210,100.0,14.58,15.25,Production Recipes,10,
Server2,3BE345F3-2630-4418-85BA-465611B23A47,9EB5AAF9-4EC2-4BC1-B78F-A2C697BCE705,4,BROILER STARTER603 4,BROILER STARTER,2026-07-22 23:13:30.397,2026-07-23 00:26:54.913,2026-07-23 00:28:00.503,4500.0,TermiN-8,33,100.0,6.75,0.0,Production Recipes,6,
Server2,328A5CD1-C5B8-48A9-9EFF-1DD8B3267F46,9EB5AAF9-4EC2-4BC1-B78F-A2C697BCE705,4,BROILER GROWER605 1,BROILER GROWER,2026-07-22 23:14:19.547,2026-07-23 00:34:56.030,2026-07-23 00:36:00.553,4500.0,BETAIN HCL,142,100.0,2.25,3.431713,Production Recipes,1,
Server2,328A5CD1-C5B8-48A9-9EFF-1DD8B3267F46,9EB5AAF9-4EC2-4BC1-B78F-A2C697BCE705,4,BROILER GROWER605 1,BROILER GROWER,2026-07-22 23:14:19.547,2026-07-23 00:34:56.030,2026-07-23 00:36:00.553,4500.0,BIOSTRONG 510,140,100.0,0.675,0.7494214,Production Recipes,1,
Server2,328A5CD1-C5B8-48A9-9EFF-1DD8B3267F46,9EB5AAF9-4EC2-4BC1-B78F-A2C697BCE705,4,BROILER GROWER605 1,BROILER GROWER,2026-07-22 23:14:19.547,2026-07-23 00:34:56.030,2026-07-23 00:36:00.553,4500.0,Broiler Mineral Mix,31,100.0,4.05,6.597222,Production Recipes,1,
Server2,328A5CD1-C5B8-48A9-9EFF-1DD8B3267F46,9EB5AAF9-4EC2-4BC1-B78F-A2C697BCE705,4,BROILER GROWER605 1,BROILER GROWER,2026-07-22 23:14:19.547,2026-07-23 00:34:56.030,2026-07-23 00:36:00.553,4500.0,Broiler Starter PX,69,100.0,4.05,5.775463,Production Recipes,1,
Server2,328A5CD1-C5B8-48A9-9EFF-1DD8B3267F46,9EB5AAF9-4EC2-4BC1-B78F-A2C697BCE705,4,BROILER GROWER605 1,BROILER GROWER,2026-07-22 23:14:19.547,2026-07-23 00:34:56.030,2026-07-23 00:36:00.553,4500.0,Choline Chloride 60%,26,100.0,2.7,2.748842,Production Recipes,1,
Server2,328A5CD1-C5B8-48A9-9EFF-1DD8B3267F46,9EB5AAF9-4EC2-4BC1-B78F-A2C697BCE705,4,BROILER GROWER605 1,BROILER GROWER,2026-07-22 23:14:19.547,2026-07-23 00:34:56.030,2026-07-23 00:36:00.553,4500.0,KENZYME PRO,77,100.0,2.7,2.951388,Production Recipes,1,
Server2,328A5CD1-C5B8-48A9-9EFF-1DD8B3267F46,9EB5AAF9-4EC2-4BC1-B78F-A2C697BCE705,4,BROILER GROWER605 1,BROILER GROWER,2026-07-22 23:14:19.547,2026-07-23 00:34:56.030,2026-07-23 00:36:00.553,4500.0,Limestone,113,100.0,55.485,65.97229,Production Recipes,1,
Server2,328A5CD1-C5B8-48A9-9EFF-1DD8B3267F46,9EB5AAF9-4EC2-4BC1-B78F-A2C697BCE705,4,BROILER GROWER605 1,BROILER GROWER,2026-07-22 23:14:19.547,2026-07-23 00:34:56.030,2026-07-23 00:36:00.553,4500.0,LYSOFORTE DRY,30,100.0,0.9,0.9592014,Production Recipes,1,
Server2,328A5CD1-C5B8-48A9-9EFF-1DD8B3267F46,9EB5AAF9-4EC2-4BC1-B78F-A2C697BCE705,4,BROILER GROWER605 1,BROILER GROWER,2026-07-22 23:14:19.547,2026-07-23 00:34:56.030,2026-07-23 00:36:00.553,4500.0,Maize,100,100.0,2679.705,2672.02,Production Recipes,4,
Server2,328A5CD1-C5B8-48A9-9EFF-1DD8B3267F46,9EB5AAF9-4EC2-4BC1-B78F-A2C697BCE705,4,BROILER GROWER605 1,BROILER GROWER,2026-07-22 23:14:19.547,2026-07-23 00:34:56.030,2026-07-23 00:36:00.553,4500.0,Methionine,12,100.0,10.62,10.99537,Production Recipes,1,
Server2,328A5CD1-C5B8-48A9-9EFF-1DD8B3267F46,9EB5AAF9-4EC2-4BC1-B78F-A2C697BCE705,4,BROILER GROWER605 1,BROILER GROWER,2026-07-22 23:14:19.547,2026-07-23 00:34:56.030,2026-07-23 00:36:00.553,4500.0,Monocalcium Phos,204,100.0,38.745,39.0625,Production Recipes,1,
Server2,328A5CD1-C5B8-48A9-9EFF-1DD8B3267F46,9EB5AAF9-4EC2-4BC1-B78F-A2C697BCE705,4,BROILER GROWER605 1,BROILER GROWER,2026-07-22 23:14:19.547,2026-07-23 00:34:56.030,2026-07-23 00:36:00.553,4500.0,NOVELA ECL,6,100.0,0.45,0.510706,Production Recipes,1,
Server2,328A5CD1-C5B8-48A9-9EFF-1DD8B3267F46,9EB5AAF9-4EC2-4BC1-B78F-A2C697BCE705,4,BROILER GROWER605 1,BROILER GROWER,2026-07-22 23:14:19.547,2026-07-23 00:34:56.030,2026-07-23 00:36:00.553,4500.0,Provi Oxi Stop,21,100.0,0.45,0.8810766,Production Recipes,1,
Server2,328A5CD1-C5B8-48A9-9EFF-1DD8B3267F46,9EB5AAF9-4EC2-4BC1-B78F-A2C697BCE705,4,BROILER GROWER605 1,BROILER GROWER,2026-07-22 23:14:19.547,2026-07-23 00:34:56.030,2026-07-23 00:36:00.553,4500.0,Rovabio P10,176,100.0,2.25,2.303242,Production Recipes,1,
Server2,328A5CD1-C5B8-48A9-9EFF-1DD8B3267F46,9EB5AAF9-4EC2-4BC1-B78F-A2C697BCE705,4,BROILER GROWER605 1,BROILER GROWER,2026-07-22 23:14:19.547,2026-07-23 00:34:56.030,2026-07-23 00:36:00.553,4500.0,Sacox (500g),91,100.0,2.25,3.391204,Production Recipes,1,
Server2,328A5CD1-C5B8-48A9-9EFF-1DD8B3267F46,9EB5AAF9-4EC2-4BC1-B78F-A2C697BCE705,4,BROILER GROWER605 1,BROILER GROWER,2026-07-22 23:14:19.547,2026-07-23 00:34:56.030,2026-07-23 00:36:00.553,4500.0,Salt,202,100.0,12.96,13.02083,Production Recipes,1,
Server2,328A5CD1-C5B8-48A9-9EFF-1DD8B3267F46,9EB5AAF9-4EC2-4BC1-B78F-A2C697BCE705,4,BROILER GROWER605 1,BROILER GROWER,2026-07-22 23:14:19.547,2026-07-23 00:34:56.030,2026-07-23 00:36:00.553,4500.0,SOLIS,124,100.0,6.75,7.595486,Production Recipes,1,
Server2,328A5CD1-C5B8-48A9-9EFF-1DD8B3267F46,9EB5AAF9-4EC2-4BC1-B78F-A2C697BCE705,4,BROILER GROWER605 1,BROILER GROWER,2026-07-22 23:14:19.547,2026-07-23 00:34:56.030,2026-07-23 00:36:00.553,4500.0,SOUDIOM Bicarbon,35,100.0,8.955,9.114586,Production Recipes,1,
Server2,328A5CD1-C5B8-48A9-9EFF-1DD8B3267F46,9EB5AAF9-4EC2-4BC1-B78F-A2C697BCE705,4,BROILER GROWER605 1,BROILER GROWER,2026-07-22 23:14:19.547,2026-07-23 00:34:56.030,2026-07-23 00:36:00.553,4500.0,SOYA-,105,100.0,1619.145,1615.22,Production Recipes,1,
Server2,328A5CD1-C5B8-48A9-9EFF-1DD8B3267F46,9EB5AAF9-4EC2-4BC1-B78F-A2C697BCE705,4,BROILER GROWER605 1,BROILER GROWER,2026-07-22 23:14:19.547,2026-07-23 00:34:56.030,2026-07-23 00:36:00.553,4500.0,Soya Oil,210,100.0,37.35,37.75,Production Recipes,10,
Server2,328A5CD1-C5B8-48A9-9EFF-1DD8B3267F46,9EB5AAF9-4EC2-4BC1-B78F-A2C697BCE705,4,BROILER GROWER605 1,BROILER GROWER,2026-07-22 23:14:19.547,2026-07-23 00:34:56.030,2026-07-23 00:36:00.553,4500.0,TermiN-8,33,100.0,6.75,0.0,Production Recipes,6,
Server2,13EDE776-B761-4AA6-9460-0600D509D5FB,9EB5AAF9-4EC2-4BC1-B78F-A2C697BCE705,4,BROILER GROWER605 2,BROILER GROWER,2026-07-22 23:14:21.477,2026-07-23 00:38:10.740,2026-07-23 00:39:15.367,4500.0,BETAIN HCL,142,100.0,2.25,2.546296,Production Recipes,1,
Server2,13EDE776-B761-4AA6-9460-0600D509D5FB,9EB5AAF9-4EC2-4BC1-B78F-A2C697BCE705,4,BROILER GROWER605 2,BROILER GROWER,2026-07-22 23:14:21.477,2026-07-23 00:38:10.740,2026-07-23 00:39:15.367,4500.0,BIOSTRONG 510,140,100.0,0.675,0.8188658,Production Recipes,1,
Server2,13EDE776-B761-4AA6-9460-0600D509D5FB,9EB5AAF9-4EC2-4BC1-B78F-A2C697BCE705,4,BROILER GROWER605 2,BROILER GROWER,2026-07-22 23:14:21.477,2026-07-23 00:38:10.740,2026-07-23 00:39:15.367,4500.0,Broiler Mineral Mix,31,100.0,4.05,5.52662,Production Recipes,1,
Server2,13EDE776-B761-4AA6-9460-0600D509D5FB,9EB5AAF9-4EC2-4BC1-B78F-A2C697BCE705,4,BROILER GROWER605 2,BROILER GROWER,2026-07-22 23:14:21.477,2026-07-23 00:38:10.740,2026-07-23 00:39:15.367,4500.0,Broiler Starter PX,69,100.0,4.05,5.127315,Production Recipes,1,
Server2,13EDE776-B761-4AA6-9460-0600D509D5FB,9EB5AAF9-4EC2-4BC1-B78F-A2C697BCE705,4,BROILER GROWER605 2,BROILER GROWER,2026-07-22 23:14:21.477,2026-07-23 00:38:10.740,2026-07-23 00:39:15.367,4500.0,Choline Chloride 60%,26,100.0,2.7,2.96875,Production Recipes,1,
Server2,13EDE776-B761-4AA6-9460-0600D509D5FB,9EB5AAF9-4EC2-4BC1-B78F-A2C697BCE705,4,BROILER GROWER605 2,BROILER GROWER,2026-07-22 23:14:21.477,2026-07-23 00:38:10.740,2026-07-23 00:39:15.367,4500.0,KENZYME PRO,77,100.0,2.7,3.096065,Production Recipes,1,
Server2,13EDE776-B761-4AA6-9460-0600D509D5FB,9EB5AAF9-4EC2-4BC1-B78F-A2C697BCE705,4,BROILER GROWER605 2,BROILER GROWER,2026-07-22 23:14:21.477,2026-07-23 00:38:10.740,2026-07-23 00:39:15.367,4500.0,Limestone,113,100.0,55.485,64.87268,Production Recipes,1,
Server2,13EDE776-B761-4AA6-9460-0600D509D5FB,9EB5AAF9-4EC2-4BC1-B78F-A2C697BCE705,4,BROILER GROWER605 2,BROILER GROWER,2026-07-22 23:14:21.477,2026-07-23 00:38:10.740,2026-07-23 00:39:15.367,4500.0,LYSOFORTE DRY,30,100.0,0.9,0.8188658,Production Recipes,1,
Server2,13EDE776-B761-4AA6-9460-0600D509D5FB,9EB5AAF9-4EC2-4BC1-B78F-A2C697BCE705,4,BROILER GROWER605 2,BROILER GROWER,2026-07-22 23:14:21.477,2026-07-23 00:38:10.740,2026-07-23 00:39:15.367,4500.0,Maize,100,100.0,2679.705,2683.16,Production Recipes,4,
Server2,13EDE776-B761-4AA6-9460-0600D509D5FB,9EB5AAF9-4EC2-4BC1-B78F-A2C697BCE705,4,BROILER GROWER605 2,BROILER GROWER,2026-07-22 23:14:21.477,2026-07-23 00:38:10.740,2026-07-23 00:39:15.367,4500.0,Methionine,12,100.0,10.62,10.99537,Production Recipes,1,
Server2,13EDE776-B761-4AA6-9460-0600D509D5FB,9EB5AAF9-4EC2-4BC1-B78F-A2C697BCE705,4,BROILER GROWER605 2,BROILER GROWER,2026-07-22 23:14:21.477,2026-07-23 00:38:10.740,2026-07-23 00:39:15.367,4500.0,Monocalcium Phos,204,100.0,38.745,39.20717,Production Recipes,1,
Server2,13EDE776-B761-4AA6-9460-0600D509D5FB,9EB5AAF9-4EC2-4BC1-B78F-A2C697BCE705,4,BROILER GROWER605 2,BROILER GROWER,2026-07-22 23:14:21.477,2026-07-23 00:38:10.740,2026-07-23 00:39:15.367,4500.0,NOVELA ECL,6,100.0,0.45,0.5902778,Production Recipes,1,
Server2,13EDE776-B761-4AA6-9460-0600D509D5FB,9EB5AAF9-4EC2-4BC1-B78F-A2C697BCE705,4,BROILER GROWER605 2,BROILER GROWER,2026-07-22 23:14:21.477,2026-07-23 00:38:10.740,2026-07-23 00:39:15.367,4500.0,Provi Oxi Stop,21,100.0,0.45,0.83044,Production Recipes,1,
Server2,13EDE776-B761-4AA6-9460-0600D509D5FB,9EB5AAF9-4EC2-4BC1-B78F-A2C697BCE705,4,BROILER GROWER605 2,BROILER GROWER,2026-07-22 23:14:21.477,2026-07-23 00:38:10.740,2026-07-23 00:39:15.367,4500.0,Rovabio P10,176,100.0,2.25,2.800926,Production Recipes,1,
Server2,13EDE776-B761-4AA6-9460-0600D509D5FB,9EB5AAF9-4EC2-4BC1-B78F-A2C697BCE705,4,BROILER GROWER605 2,BROILER GROWER,2026-07-22 23:14:21.477,2026-07-23 00:38:10.740,2026-07-23 00:39:15.367,4500.0,Sacox (500g),91,100.0,2.25,3.524306,Production Recipes,1,
Server2,13EDE776-B761-4AA6-9460-0600D509D5FB,9EB5AAF9-4EC2-4BC1-B78F-A2C697BCE705,4,BROILER GROWER605 2,BROILER GROWER,2026-07-22 23:14:21.477,2026-07-23 00:38:10.740,2026-07-23 00:39:15.367,4500.0,Salt,202,100.0,12.96,14.03357,Production Recipes,1,
Server2,13EDE776-B761-4AA6-9460-0600D509D5FB,9EB5AAF9-4EC2-4BC1-B78F-A2C697BCE705,4,BROILER GROWER605 2,BROILER GROWER,2026-07-22 23:14:21.477,2026-07-23 00:38:10.740,2026-07-23 00:39:15.367,4500.0,SOLIS,124,100.0,6.75,7.277199,Production Recipes,1,
Server2,13EDE776-B761-4AA6-9460-0600D509D5FB,9EB5AAF9-4EC2-4BC1-B78F-A2C697BCE705,4,BROILER GROWER605 2,BROILER GROWER,2026-07-22 23:14:21.477,2026-07-23 00:38:10.740,2026-07-23 00:39:15.367,4500.0,SOUDIOM Bicarbon,35,100.0,8.955,8.96991,Production Recipes,1,
Server2,13EDE776-B761-4AA6-9460-0600D509D5FB,9EB5AAF9-4EC2-4BC1-B78F-A2C697BCE705,4,BROILER GROWER605 2,BROILER GROWER,2026-07-22 23:14:21.477,2026-07-23 00:38:10.740,2026-07-23 00:39:15.367,4500.0,SOYA-,105,100.0,1619.145,1602.575,Production Recipes,1,
Server2,13EDE776-B761-4AA6-9460-0600D509D5FB,9EB5AAF9-4EC2-4BC1-B78F-A2C697BCE705,4,BROILER GROWER605 2,BROILER GROWER,2026-07-22 23:14:21.477,2026-07-23 00:38:10.740,2026-07-23 00:39:15.367,4500.0,Soya Oil,210,100.0,37.35,38.0,Production Recipes,10,
Server2,13EDE776-B761-4AA6-9460-0600D509D5FB,9EB5AAF9-4EC2-4BC1-B78F-A2C697BCE705,4,BROILER GROWER605 2,BROILER GROWER,2026-07-22 23:14:21.477,2026-07-23 00:38:10.740,2026-07-23 00:39:15.367,4500.0,TermiN-8,33,100.0,6.75,0.0,Production Recipes,6,
Server2,47603836-605B-4A2A-BCE7-2E37E5AC6853,9EB5AAF9-4EC2-4BC1-B78F-A2C697BCE705,4,BROILER GROWER605 3,BROILER GROWER,2026-07-22 23:14:27.523,2026-07-23 00:42:57.423,2026-07-23 00:44:01.297,4500.0,BETAIN HCL,142,100.0,2.25,3.055555,Production Recipes,1,
Server2,47603836-605B-4A2A-BCE7-2E37E5AC6853,9EB5AAF9-4EC2-4BC1-B78F-A2C697BCE705,4,BROILER GROWER605 3,BROILER GROWER,2026-07-22 23:14:27.523,2026-07-23 00:42:57.423,2026-07-23 00:44:01.297,4500.0,BIOSTRONG 510,140,100.0,0.675,0.8506944,Production Recipes,1,
Server2,47603836-605B-4A2A-BCE7-2E37E5AC6853,9EB5AAF9-4EC2-4BC1-B78F-A2C697BCE705,4,BROILER GROWER605 3,BROILER GROWER,2026-07-22 23:14:27.523,2026-07-23 00:42:57.423,2026-07-23 00:44:01.297,4500.0,Broiler Mineral Mix,31,100.0,4.05,6.901041,Production Recipes,1,
Server2,47603836-605B-4A2A-BCE7-2E37E5AC6853,9EB5AAF9-4EC2-4BC1-B78F-A2C697BCE705,4,BROILER GROWER605 3,BROILER GROWER,2026-07-22 23:14:27.523,2026-07-23 00:42:57.423,2026-07-23 00:44:01.297,4500.0,Broiler Starter PX,69,100.0,4.05,4.901621,Production Recipes,1,
Server2,47603836-605B-4A2A-BCE7-2E37E5AC6853,9EB5AAF9-4EC2-4BC1-B78F-A2C697BCE705,4,BROILER GROWER605 3,BROILER GROWER,2026-07-22 23:14:27.523,2026-07-23 00:42:57.423,2026-07-23 00:44:01.297,4500.0,Choline Chloride 60%,26,100.0,2.7,2.945601,Production Recipes,1,
Server2,47603836-605B-4A2A-BCE7-2E37E5AC6853,9EB5AAF9-4EC2-4BC1-B78F-A2C697BCE705,4,BROILER GROWER605 3,BROILER GROWER,2026-07-22 23:14:27.523,2026-07-23 00:42:57.423,2026-07-23 00:44:01.297,4500.0,KENZYME PRO,77,100.0,2.7,3.211805,Production Recipes,1,
Server2,47603836-605B-4A2A-BCE7-2E37E5AC6853,9EB5AAF9-4EC2-4BC1-B78F-A2C697BCE705,4,BROILER GROWER605 3,BROILER GROWER,2026-07-22 23:14:27.523,2026-07-23 00:42:57.423,2026-07-23 00:44:01.297,4500.0,Limestone,113,100.0,55.485,67.07166,Production Recipes,1,
Server2,47603836-605B-4A2A-BCE7-2E37E5AC6853,9EB5AAF9-4EC2-4BC1-B78F-A2C697BCE705,4,BROILER GROWER605 3,BROILER GROWER,2026-07-22 23:14:27.523,2026-07-23 00:42:57.423,2026-07-23 00:44:01.297,4500.0,LYSOFORTE DRY,30,100.0,0.9,0.859375,Production Recipes,1,
Server2,47603836-605B-4A2A-BCE7-2E37E5AC6853,9EB5AAF9-4EC2-4BC1-B78F-A2C697BCE705,4,BROILER GROWER605 3,BROILER GROWER,2026-07-22 23:14:27.523,2026-07-23 00:42:57.423,2026-07-23 00:44:01.297,4500.0,Maize,100,100.0,2679.705,2686.343,Production Recipes,4,
Server2,47603836-605B-4A2A-BCE7-2E37E5AC6853,9EB5AAF9-4EC2-4BC1-B78F-A2C697BCE705,4,BROILER GROWER605 3,BROILER GROWER,2026-07-22 23:14:27.523,2026-07-23 00:42:57.423,2026-07-23 00:44:01.297,4500.0,Methionine,12,100.0,10.62,10.99537,Production Recipes,1,
Server2,47603836-605B-4A2A-BCE7-2E37E5AC6853,9EB5AAF9-4EC2-4BC1-B78F-A2C697BCE705,4,BROILER GROWER605 3,BROILER GROWER,2026-07-22 23:14:27.523,2026-07-23 00:42:57.423,2026-07-23 00:44:01.297,4500.0,Monocalcium Phos,204,100.0,38.745,39.0625,Production Recipes,1,
Server2,47603836-605B-4A2A-BCE7-2E37E5AC6853,9EB5AAF9-4EC2-4BC1-B78F-A2C697BCE705,4,BROILER GROWER605 3,BROILER GROWER,2026-07-22 23:14:27.523,2026-07-23 00:42:57.423,2026-07-23 00:44:01.297,4500.0,NOVELA ECL,6,100.0,0.45,0.5396413,Production Recipes,1,
Server2,47603836-605B-4A2A-BCE7-2E37E5AC6853,9EB5AAF9-4EC2-4BC1-B78F-A2C697BCE705,4,BROILER GROWER605 3,BROILER GROWER,2026-07-22 23:14:27.523,2026-07-23 00:42:57.423,2026-07-23 00:44:01.297,4500.0,Provi Oxi Stop,21,100.0,0.45,1.051794,Production Recipes,1,
Server2,47603836-605B-4A2A-BCE7-2E37E5AC6853,9EB5AAF9-4EC2-4BC1-B78F-A2C697BCE705,4,BROILER GROWER605 3,BROILER GROWER,2026-07-22 23:14:27.523,2026-07-23 00:42:57.423,2026-07-23 00:44:01.297,4500.0,Rovabio P10,176,100.0,2.25,2.760418,Production Recipes,1,
Server2,47603836-605B-4A2A-BCE7-2E37E5AC6853,9EB5AAF9-4EC2-4BC1-B78F-A2C697BCE705,4,BROILER GROWER605 3,BROILER GROWER,2026-07-22 23:14:27.523,2026-07-23 00:42:57.423,2026-07-23 00:44:01.297,4500.0,Sacox (500g),91,100.0,2.25,3.269676,Production Recipes,1,
Server2,47603836-605B-4A2A-BCE7-2E37E5AC6853,9EB5AAF9-4EC2-4BC1-B78F-A2C697BCE705,4,BROILER GROWER605 3,BROILER GROWER,2026-07-22 23:14:27.523,2026-07-23 00:42:57.423,2026-07-23 00:44:01.297,4500.0,Salt,202,100.0,12.96,13.02083,Production Recipes,1,
Server2,47603836-605B-4A2A-BCE7-2E37E5AC6853,9EB5AAF9-4EC2-4BC1-B78F-A2C697BCE705,4,BROILER GROWER605 3,BROILER GROWER,2026-07-22 23:14:27.523,2026-07-23 00:42:57.423,2026-07-23 00:44:01.297,4500.0,SOLIS,124,100.0,6.75,7.08912,Production Recipes,1,
Server2,47603836-605B-4A2A-BCE7-2E37E5AC6853,9EB5AAF9-4EC2-4BC1-B78F-A2C697BCE705,4,BROILER GROWER605 3,BROILER GROWER,2026-07-22 23:14:27.523,2026-07-23 00:42:57.423,2026-07-23 00:44:01.297,4500.0,SOUDIOM Bicarbon,35,100.0,8.955,9.114586,Production Recipes,1,
Server2,47603836-605B-4A2A-BCE7-2E37E5AC6853,9EB5AAF9-4EC2-4BC1-B78F-A2C697BCE705,4,BROILER GROWER605 3,BROILER GROWER,2026-07-22 23:14:27.523,2026-07-23 00:42:57.423,2026-07-23 00:44:01.297,4500.0,SOYA-,105,100.0,1619.145,1598.727,Production Recipes,1,
Server2,47603836-605B-4A2A-BCE7-2E37E5AC6853,9EB5AAF9-4EC2-4BC1-B78F-A2C697BCE705,4,BROILER GROWER605 3,BROILER GROWER,2026-07-22 23:14:27.523,2026-07-23 00:42:57.423,2026-07-23 00:44:01.297,4500.0,Soya Oil,210,100.0,37.35,37.75,Production Recipes,10,
Server2,47603836-605B-4A2A-BCE7-2E37E5AC6853,9EB5AAF9-4EC2-4BC1-B78F-A2C697BCE705,4,BROILER GROWER605 3,BROILER GROWER,2026-07-22 23:14:27.523,2026-07-23 00:42:57.423,2026-07-23 00:44:01.297,4500.0,TermiN-8,33,100.0,6.75,0.0,Production Recipes,6,
Server2,DDA671DC-47AE-4349-8C38-5F8290A54758,9EB5AAF9-4EC2-4BC1-B78F-A2C697BCE705,4,BROILER GROWER605 4,BROILER GROWER,2026-07-22 23:14:29.537,2026-07-23 00:47:51.143,2026-07-23 00:48:55.187,4500.0,BETAIN HCL,142,100.0,2.25,2.939816,Production Recipes,1,
Server2,DDA671DC-47AE-4349-8C38-5F8290A54758,9EB5AAF9-4EC2-4BC1-B78F-A2C697BCE705,4,BROILER GROWER605 4,BROILER GROWER,2026-07-22 23:14:29.537,2026-07-23 00:47:51.143,2026-07-23 00:48:55.187,4500.0,BIOSTRONG 510,140,100.0,0.675,0.7798033,Production Recipes,1,
Server2,DDA671DC-47AE-4349-8C38-5F8290A54758,9EB5AAF9-4EC2-4BC1-B78F-A2C697BCE705,4,BROILER GROWER605 4,BROILER GROWER,2026-07-22 23:14:29.537,2026-07-23 00:47:51.143,2026-07-23 00:48:55.187,4500.0,Broiler Mineral Mix,31,100.0,4.05,6.206597,Production Recipes,1,
Server2,DDA671DC-47AE-4349-8C38-5F8290A54758,9EB5AAF9-4EC2-4BC1-B78F-A2C697BCE705,4,BROILER GROWER605 4,BROILER GROWER,2026-07-22 23:14:29.537,2026-07-23 00:47:51.143,2026-07-23 00:48:55.187,4500.0,Broiler Starter PX,69,100.0,4.05,5.83912,Production Recipes,1,
Server2,DDA671DC-47AE-4349-8C38-5F8290A54758,9EB5AAF9-4EC2-4BC1-B78F-A2C697BCE705,4,BROILER GROWER605 4,BROILER GROWER,2026-07-22 23:14:29.537,2026-07-23 00:47:51.143,2026-07-23 00:48:55.187,4500.0,Choline Chloride 60%,26,100.0,2.7,2.627315,Production Recipes,1,
Server2,DDA671DC-47AE-4349-8C38-5F8290A54758,9EB5AAF9-4EC2-4BC1-B78F-A2C697BCE705,4,BROILER GROWER605 4,BROILER GROWER,2026-07-22 23:14:29.537,2026-07-23 00:47:51.143,2026-07-23 00:48:55.187,4500.0,KENZYME PRO,77,100.0,2.7,2.907986,Production Recipes,1,
Server2,DDA671DC-47AE-4349-8C38-5F8290A54758,9EB5AAF9-4EC2-4BC1-B78F-A2C697BCE705,4,BROILER GROWER605 4,BROILER GROWER,2026-07-22 23:14:29.537,2026-07-23 00:47:51.143,2026-07-23 00:48:55.187,4500.0,Limestone,113,100.0,55.485,66.52197,Production Recipes,1,
Server2,DDA671DC-47AE-4349-8C38-5F8290A54758,9EB5AAF9-4EC2-4BC1-B78F-A2C697BCE705,4,BROILER GROWER605 4,BROILER GROWER,2026-07-22 23:14:29.537,2026-07-23 00:47:51.143,2026-07-23 00:48:55.187,4500.0,LYSOFORTE DRY,30,100.0,0.9,0.9085649,Production Recipes,1,
Server2,DDA671DC-47AE-4349-8C38-5F8290A54758,9EB5AAF9-4EC2-4BC1-B78F-A2C697BCE705,4,BROILER GROWER605 4,BROILER GROWER,2026-07-22 23:14:29.537,2026-07-23 00:47:51.143,2026-07-23 00:48:55.187,4500.0,Maize,100,100.0,2679.705,2689.525,Production Recipes,4,
Server2,DDA671DC-47AE-4349-8C38-5F8290A54758,9EB5AAF9-4EC2-4BC1-B78F-A2C697BCE705,4,BROILER GROWER605 4,BROILER GROWER,2026-07-22 23:14:29.537,2026-07-23 00:47:51.143,2026-07-23 00:48:55.187,4500.0,Methionine,12,100.0,10.62,10.99537,Production Recipes,1,
Server2,DDA671DC-47AE-4349-8C38-5F8290A54758,9EB5AAF9-4EC2-4BC1-B78F-A2C697BCE705,4,BROILER GROWER605 4,BROILER GROWER,2026-07-22 23:14:29.537,2026-07-23 00:47:51.143,2026-07-23 00:48:55.187,4500.0,Monocalcium Phos,204,100.0,38.745,39.0625,Production Recipes,1,
Server2,DDA671DC-47AE-4349-8C38-5F8290A54758,9EB5AAF9-4EC2-4BC1-B78F-A2C697BCE705,4,BROILER GROWER605 4,BROILER GROWER,2026-07-22 23:14:29.537,2026-07-23 00:47:51.143,2026-07-23 00:48:55.187,4500.0,NOVELA ECL,6,100.0,0.45,1.182002,Production Recipes,1,
Server2,DDA671DC-47AE-4349-8C38-5F8290A54758,9EB5AAF9-4EC2-4BC1-B78F-A2C697BCE705,4,BROILER GROWER605 4,BROILER GROWER,2026-07-22 23:14:29.537,2026-07-23 00:47:51.143,2026-07-23 00:48:55.187,4500.0,Provi Oxi Stop,21,100.0,0.45,1.270255,Production Recipes,1,
Server2,DDA671DC-47AE-4349-8C38-5F8290A54758,9EB5AAF9-4EC2-4BC1-B78F-A2C697BCE705,4,BROILER GROWER605 4,BROILER GROWER,2026-07-22 23:14:29.537,2026-07-23 00:47:51.143,2026-07-23 00:48:55.187,4500.0,Rovabio P10,176,100.0,2.25,2.829861,Production Recipes,1,
Server2,DDA671DC-47AE-4349-8C38-5F8290A54758,9EB5AAF9-4EC2-4BC1-B78F-A2C697BCE705,4,BROILER GROWER605 4,BROILER GROWER,2026-07-22 23:14:29.537,2026-07-23 00:47:51.143,2026-07-23 00:48:55.187,4500.0,Sacox (500g),91,100.0,2.25,3.061342,Production Recipes,1,
Server2,DDA671DC-47AE-4349-8C38-5F8290A54758,9EB5AAF9-4EC2-4BC1-B78F-A2C697BCE705,4,BROILER GROWER605 4,BROILER GROWER,2026-07-22 23:14:29.537,2026-07-23 00:47:51.143,2026-07-23 00:48:55.187,4500.0,Salt,202,100.0,12.96,13.16551,Production Recipes,1,
Server2,DDA671DC-47AE-4349-8C38-5F8290A54758,9EB5AAF9-4EC2-4BC1-B78F-A2C697BCE705,4,BROILER GROWER605 4,BROILER GROWER,2026-07-22 23:14:29.537,2026-07-23 00:47:51.143,2026-07-23 00:48:55.187,4500.0,SOLIS,124,100.0,6.75,7.523149,Production Recipes,1,
Server2,DDA671DC-47AE-4349-8C38-5F8290A54758,9EB5AAF9-4EC2-4BC1-B78F-A2C697BCE705,4,BROILER GROWER605 4,BROILER GROWER,2026-07-22 23:14:29.537,2026-07-23 00:47:51.143,2026-07-23 00:48:55.187,4500.0,SOUDIOM Bicarbon,35,100.0,8.955,9.114586,Production Recipes,1,
Server2,DDA671DC-47AE-4349-8C38-5F8290A54758,9EB5AAF9-4EC2-4BC1-B78F-A2C697BCE705,4,BROILER GROWER605 4,BROILER GROWER,2026-07-22 23:14:29.537,2026-07-23 00:47:51.143,2026-07-23 00:48:55.187,4500.0,SOYA-,105,100.0,1619.145,1604.224,Production Recipes,1,
Server2,DDA671DC-47AE-4349-8C38-5F8290A54758,9EB5AAF9-4EC2-4BC1-B78F-A2C697BCE705,4,BROILER GROWER605 4,BROILER GROWER,2026-07-22 23:14:29.537,2026-07-23 00:47:51.143,2026-07-23 00:48:55.187,4500.0,Soya Oil,210,100.0,37.35,37.75,Production Recipes,10,
Server2,DDA671DC-47AE-4349-8C38-5F8290A54758,9EB5AAF9-4EC2-4BC1-B78F-A2C697BCE705,4,BROILER GROWER605 4,BROILER GROWER,2026-07-22 23:14:29.537,2026-07-23 00:47:51.143,2026-07-23 00:48:55.187,4500.0,TermiN-8,33,100.0,6.75,0.0,Production Recipes,6,
Server2,D083E99B-AB12-4453-9A6E-0B4CACEDC545,9EB5AAF9-4EC2-4BC1-B78F-A2C697BCE705,4,BROILER GROWER605 5,BROILER GROWER,2026-07-22 23:14:35.607,2026-07-23 01:02:26.353,2026-07-23 01:03:30.393,4500.0,BETAIN HCL,142,100.0,2.25,3.165509,Production Recipes,1,
Server2,D083E99B-AB12-4453-9A6E-0B4CACEDC545,9EB5AAF9-4EC2-4BC1-B78F-A2C697BCE705,4,BROILER GROWER605 5,BROILER GROWER,2026-07-22 23:14:35.607,2026-07-23 01:02:26.353,2026-07-23 01:03:30.393,4500.0,BIOSTRONG 510,140,100.0,0.675,0.8116319,Production Recipes,1,
Server2,D083E99B-AB12-4453-9A6E-0B4CACEDC545,9EB5AAF9-4EC2-4BC1-B78F-A2C697BCE705,4,BROILER GROWER605 5,BROILER GROWER,2026-07-22 23:14:35.607,2026-07-23 01:02:26.353,2026-07-23 01:03:30.393,4500.0,Broiler Mineral Mix,31,100.0,4.05,4.788773,Production Recipes,1,
Server2,D083E99B-AB12-4453-9A6E-0B4CACEDC545,9EB5AAF9-4EC2-4BC1-B78F-A2C697BCE705,4,BROILER GROWER605 5,BROILER GROWER,2026-07-22 23:14:35.607,2026-07-23 01:02:26.353,2026-07-23 01:03:30.393,4500.0,Broiler Starter PX,69,100.0,4.05,5.133102,Production Recipes,1,
Server2,D083E99B-AB12-4453-9A6E-0B4CACEDC545,9EB5AAF9-4EC2-4BC1-B78F-A2C697BCE705,4,BROILER GROWER605 5,BROILER GROWER,2026-07-22 23:14:35.607,2026-07-23 01:02:26.353,2026-07-23 01:03:30.393,4500.0,Choline Chloride 60%,26,100.0,2.7,2.783565,Production Recipes,1,
Server2,D083E99B-AB12-4453-9A6E-0B4CACEDC545,9EB5AAF9-4EC2-4BC1-B78F-A2C697BCE705,4,BROILER GROWER605 5,BROILER GROWER,2026-07-22 23:14:35.607,2026-07-23 01:02:26.353,2026-07-23 01:03:30.393,4500.0,KENZYME PRO,77,100.0,2.7,2.936921,Production Recipes,1,
Server2,D083E99B-AB12-4453-9A6E-0B4CACEDC545,9EB5AAF9-4EC2-4BC1-B78F-A2C697BCE705,4,BROILER GROWER605 5,BROILER GROWER,2026-07-22 23:14:35.607,2026-07-23 01:02:26.353,2026-07-23 01:03:30.393,4500.0,Limestone,113,100.0,55.485,57.72571,Production Recipes,1,
Server2,D083E99B-AB12-4453-9A6E-0B4CACEDC545,9EB5AAF9-4EC2-4BC1-B78F-A2C697BCE705,4,BROILER GROWER605 5,BROILER GROWER,2026-07-22 23:14:35.607,2026-07-23 01:02:26.353,2026-07-23 01:03:30.393,4500.0,LYSOFORTE DRY,30,100.0,0.9,0.9288195,Production Recipes,1,
Server2,D083E99B-AB12-4453-9A6E-0B4CACEDC545,9EB5AAF9-4EC2-4BC1-B78F-A2C697BCE705,4,BROILER GROWER605 5,BROILER GROWER,2026-07-22 23:14:35.607,2026-07-23 01:02:26.353,2026-07-23 01:03:30.393,4500.0,Maize,100,100.0,2679.705,2686.343,Production Recipes,4,
Server2,D083E99B-AB12-4453-9A6E-0B4CACEDC545,9EB5AAF9-4EC2-4BC1-B78F-A2C697BCE705,4,BROILER GROWER605 5,BROILER GROWER,2026-07-22 23:14:35.607,2026-07-23 01:02:26.353,2026-07-23 01:03:30.393,4500.0,Methionine,12,100.0,10.62,10.99537,Production Recipes,1,
Server2,D083E99B-AB12-4453-9A6E-0B4CACEDC545,9EB5AAF9-4EC2-4BC1-B78F-A2C697BCE705,4,BROILER GROWER605 5,BROILER GROWER,2026-07-22 23:14:35.607,2026-07-23 01:02:26.353,2026-07-23 01:03:30.393,4500.0,Monocalcium Phos,204,100.0,38.745,39.0625,Production Recipes,1,
Server2,D083E99B-AB12-4453-9A6E-0B4CACEDC545,9EB5AAF9-4EC2-4BC1-B78F-A2C697BCE705,4,BROILER GROWER605 5,BROILER GROWER,2026-07-22 23:14:35.607,2026-07-23 01:02:26.353,2026-07-23 01:03:30.393,4500.0,NOVELA ECL,6,100.0,0.45,0.4904514,Production Recipes,1,
Server2,D083E99B-AB12-4453-9A6E-0B4CACEDC545,9EB5AAF9-4EC2-4BC1-B78F-A2C697BCE705,4,BROILER GROWER605 5,BROILER GROWER,2026-07-22 23:14:35.607,2026-07-23 01:02:26.353,2026-07-23 01:03:30.393,4500.0,Provi Oxi Stop,21,100.0,0.45,1.082176,Production Recipes,1,
Server2,D083E99B-AB12-4453-9A6E-0B4CACEDC545,9EB5AAF9-4EC2-4BC1-B78F-A2C697BCE705,4,BROILER GROWER605 5,BROILER GROWER,2026-07-22 23:14:35.607,2026-07-23 01:02:26.353,2026-07-23 01:03:30.393,4500.0,Rovabio P10,176,100.0,2.25,2.980324,Production Recipes,1,
Server2,D083E99B-AB12-4453-9A6E-0B4CACEDC545,9EB5AAF9-4EC2-4BC1-B78F-A2C697BCE705,4,BROILER GROWER605 5,BROILER GROWER,2026-07-22 23:14:35.607,2026-07-23 01:02:26.353,2026-07-23 01:03:30.393,4500.0,Sacox (500g),91,100.0,2.25,3.605325,Production Recipes,1,
Server2,D083E99B-AB12-4453-9A6E-0B4CACEDC545,9EB5AAF9-4EC2-4BC1-B78F-A2C697BCE705,4,BROILER GROWER605 5,BROILER GROWER,2026-07-22 23:14:35.607,2026-07-23 01:02:26.353,2026-07-23 01:03:30.393,4500.0,Salt,202,100.0,12.96,13.16551,Production Recipes,1,
Server2,D083E99B-AB12-4453-9A6E-0B4CACEDC545,9EB5AAF9-4EC2-4BC1-B78F-A2C697BCE705,4,BROILER GROWER605 5,BROILER GROWER,2026-07-22 23:14:35.607,2026-07-23 01:02:26.353,2026-07-23 01:03:30.393,4500.0,SOLIS,124,100.0,6.75,7.233797,Production Recipes,1,
Server2,D083E99B-AB12-4453-9A6E-0B4CACEDC545,9EB5AAF9-4EC2-4BC1-B78F-A2C697BCE705,4,BROILER GROWER605 5,BROILER GROWER,2026-07-22 23:14:35.607,2026-07-23 01:02:26.353,2026-07-23 01:03:30.393,4500.0,SOUDIOM Bicarbon,35,100.0,8.955,9.114578,Production Recipes,1,
Server2,D083E99B-AB12-4453-9A6E-0B4CACEDC545,9EB5AAF9-4EC2-4BC1-B78F-A2C697BCE705,4,BROILER GROWER605 5,BROILER GROWER,2026-07-22 23:14:35.607,2026-07-23 01:02:26.353,2026-07-23 01:03:30.393,4500.0,SOYA-,105,100.0,1619.145,1616.869,Production Recipes,1,
Server2,D083E99B-AB12-4453-9A6E-0B4CACEDC545,9EB5AAF9-4EC2-4BC1-B78F-A2C697BCE705,4,BROILER GROWER605 5,BROILER GROWER,2026-07-22 23:14:35.607,2026-07-23 01:02:26.353,2026-07-23 01:03:30.393,4500.0,Soya Oil,210,100.0,37.35,37.75,Production Recipes,10,
Server2,D083E99B-AB12-4453-9A6E-0B4CACEDC545,9EB5AAF9-4EC2-4BC1-B78F-A2C697BCE705,4,BROILER GROWER605 5,BROILER GROWER,2026-07-22 23:14:35.607,2026-07-23 01:02:26.353,2026-07-23 01:03:30.393,4500.0,TermiN-8,33,100.0,6.75,0.0,Production Recipes,6,
Server2,2BA06493-4460-4013-8F8C-0B563C201915,9EB5AAF9-4EC2-4BC1-B78F-A2C697BCE705,4,BROILER GROWER605 6,BROILER GROWER,2026-07-22 23:14:37.563,2026-07-23 01:08:14.017,2026-07-23 01:09:18.323,4500.0,BETAIN HCL,142,100.0,2.25,2.581018,Production Recipes,1,
Server2,2BA06493-4460-4013-8F8C-0B563C201915,9EB5AAF9-4EC2-4BC1-B78F-A2C697BCE705,4,BROILER GROWER605 6,BROILER GROWER,2026-07-22 23:14:37.563,2026-07-23 01:08:14.017,2026-07-23 01:09:18.323,4500.0,BIOSTRONG 510,140,100.0,0.675,0.8000578,Production Recipes,1,
Server2,2BA06493-4460-4013-8F8C-0B563C201915,9EB5AAF9-4EC2-4BC1-B78F-A2C697BCE705,4,BROILER GROWER605 6,BROILER GROWER,2026-07-22 23:14:37.563,2026-07-23 01:08:14.017,2026-07-23 01:09:18.323,4500.0,Broiler Mineral Mix,31,100.0,4.05,5.367476,Production Recipes,1,
Server2,2BA06493-4460-4013-8F8C-0B563C201915,9EB5AAF9-4EC2-4BC1-B78F-A2C697BCE705,4,BROILER GROWER605 6,BROILER GROWER,2026-07-22 23:14:37.563,2026-07-23 01:08:14.017,2026-07-23 01:09:18.323,4500.0,Broiler Starter PX,69,100.0,4.05,5.555556,Production Recipes,1,
Server2,2BA06493-4460-4013-8F8C-0B563C201915,9EB5AAF9-4EC2-4BC1-B78F-A2C697BCE705,4,BROILER GROWER605 6,BROILER GROWER,2026-07-22 23:14:37.563,2026-07-23 01:08:14.017,2026-07-23 01:09:18.323,4500.0,Choline Chloride 60%,26,100.0,2.7,3.101851,Production Recipes,1,
Server2,2BA06493-4460-4013-8F8C-0B563C201915,9EB5AAF9-4EC2-4BC1-B78F-A2C697BCE705,4,BROILER GROWER605 6,BROILER GROWER,2026-07-22 23:14:37.563,2026-07-23 01:08:14.017,2026-07-23 01:09:18.323,4500.0,KENZYME PRO,77,100.0,2.7,3.385416,Production Recipes,1,
Server2,2BA06493-4460-4013-8F8C-0B563C201915,9EB5AAF9-4EC2-4BC1-B78F-A2C697BCE705,4,BROILER GROWER605 6,BROILER GROWER,2026-07-22 23:14:37.563,2026-07-23 01:08:14.017,2026-07-23 01:09:18.323,4500.0,Limestone,113,100.0,55.485,59.9248,Production Recipes,1,
Server2,2BA06493-4460-4013-8F8C-0B563C201915,9EB5AAF9-4EC2-4BC1-B78F-A2C697BCE705,4,BROILER GROWER605 6,BROILER GROWER,2026-07-22 23:14:37.563,2026-07-23 01:08:14.017,2026-07-23 01:09:18.323,4500.0,LYSOFORTE DRY,30,100.0,0.9,1.018519,Production Recipes,1,
Server2,2BA06493-4460-4013-8F8C-0B563C201915,9EB5AAF9-4EC2-4BC1-B78F-A2C697BCE705,4,BROILER GROWER605 6,BROILER GROWER,2026-07-22 23:14:37.563,2026-07-23 01:08:14.017,2026-07-23 01:09:18.323,4500.0,Maize,100,100.0,2679.705,2686.343,Production Recipes,4,
Server2,2BA06493-4460-4013-8F8C-0B563C201915,9EB5AAF9-4EC2-4BC1-B78F-A2C697BCE705,4,BROILER GROWER605 6,BROILER GROWER,2026-07-22 23:14:37.563,2026-07-23 01:08:14.017,2026-07-23 01:09:18.323,4500.0,Methionine,12,100.0,10.62,10.99537,Production Recipes,1,
Server2,2BA06493-4460-4013-8F8C-0B563C201915,9EB5AAF9-4EC2-4BC1-B78F-A2C697BCE705,4,BROILER GROWER605 6,BROILER GROWER,2026-07-22 23:14:37.563,2026-07-23 01:08:14.017,2026-07-23 01:09:18.323,4500.0,Monocalcium Phos,204,100.0,38.745,39.0625,Production Recipes,1,
Server2,2BA06493-4460-4013-8F8C-0B563C201915,9EB5AAF9-4EC2-4BC1-B78F-A2C697BCE705,4,BROILER GROWER605 6,BROILER GROWER,2026-07-22 23:14:37.563,2026-07-23 01:08:14.017,2026-07-23 01:09:18.323,4500.0,NOVELA ECL,6,100.0,0.45,0.4615163,Production Recipes,1,
Server2,2BA06493-4460-4013-8F8C-0B563C201915,9EB5AAF9-4EC2-4BC1-B78F-A2C697BCE705,4,BROILER GROWER605 6,BROILER GROWER,2026-07-22 23:14:37.563,2026-07-23 01:08:14.017,2026-07-23 01:09:18.323,4500.0,Provi Oxi Stop,21,100.0,0.45,0.9302664,Production Recipes,1,
Server2,2BA06493-4460-4013-8F8C-0B563C201915,9EB5AAF9-4EC2-4BC1-B78F-A2C697BCE705,4,BROILER GROWER605 6,BROILER GROWER,2026-07-22 23:14:37.563,2026-07-23 01:08:14.017,2026-07-23 01:09:18.323,4500.0,Rovabio P10,176,100.0,2.25,3.020834,Production Recipes,1,
Server2,2BA06493-4460-4013-8F8C-0B563C201915,9EB5AAF9-4EC2-4BC1-B78F-A2C697BCE705,4,BROILER GROWER605 6,BROILER GROWER,2026-07-22 23:14:37.563,2026-07-23 01:08:14.017,2026-07-23 01:09:18.323,4500.0,Sacox (500g),91,100.0,2.25,3.408565,Production Recipes,1,
Server2,2BA06493-4460-4013-8F8C-0B563C201915,9EB5AAF9-4EC2-4BC1-B78F-A2C697BCE705,4,BROILER GROWER605 6,BROILER GROWER,2026-07-22 23:14:37.563,2026-07-23 01:08:14.017,2026-07-23 01:09:18.323,4500.0,Salt,202,100.0,12.96,13.16551,Production Recipes,1,
Server2,2BA06493-4460-4013-8F8C-0B563C201915,9EB5AAF9-4EC2-4BC1-B78F-A2C697BCE705,4,BROILER GROWER605 6,BROILER GROWER,2026-07-22 23:14:37.563,2026-07-23 01:08:14.017,2026-07-23 01:09:18.323,4500.0,SOLIS,124,100.0,6.75,7.349538,Production Recipes,1,
Server2,2BA06493-4460-4013-8F8C-0B563C201915,9EB5AAF9-4EC2-4BC1-B78F-A2C697BCE705,4,BROILER GROWER605 6,BROILER GROWER,2026-07-22 23:14:37.563,2026-07-23 01:08:14.017,2026-07-23 01:09:18.323,4500.0,SOUDIOM Bicarbon,35,100.0,8.955,9.114578,Production Recipes,1,
Server2,2BA06493-4460-4013-8F8C-0B563C201915,9EB5AAF9-4EC2-4BC1-B78F-A2C697BCE705,4,BROILER GROWER605 6,BROILER GROWER,2026-07-22 23:14:37.563,2026-07-23 01:08:14.017,2026-07-23 01:09:18.323,4500.0,SOYA-,105,100.0,1619.145,1609.172,Production Recipes,1,
Server2,2BA06493-4460-4013-8F8C-0B563C201915,9EB5AAF9-4EC2-4BC1-B78F-A2C697BCE705,4,BROILER GROWER605 6,BROILER GROWER,2026-07-22 23:14:37.563,2026-07-23 01:08:14.017,2026-07-23 01:09:18.323,4500.0,Soya Oil,210,100.0,37.35,37.75,Production Recipes,10,
Server2,2BA06493-4460-4013-8F8C-0B563C201915,9EB5AAF9-4EC2-4BC1-B78F-A2C697BCE705,4,BROILER GROWER605 6,BROILER GROWER,2026-07-22 23:14:37.563,2026-07-23 01:08:14.017,2026-07-23 01:09:18.323,4500.0,TermiN-8,33,100.0,6.75,0.0,Production Recipes,6,
Server2,7CBA36A1-FDD2-4477-86B1-01F1A3F040EE,9EB5AAF9-4EC2-4BC1-B78F-A2C697BCE705,4,BROILER GROWER601 1,BROILER GROWER,2026-07-23 00:37:54.460,2026-07-23 01:24:48.047,2026-07-23 01:25:52.373,4500.0,BETAIN HCL,142,100.0,2.25,3.385417,Production Recipes,1,
Server2,7CBA36A1-FDD2-4477-86B1-01F1A3F040EE,9EB5AAF9-4EC2-4BC1-B78F-A2C697BCE705,4,BROILER GROWER601 1,BROILER GROWER,2026-07-23 00:37:54.460,2026-07-23 01:24:48.047,2026-07-23 01:25:52.373,4500.0,BIOSTRONG 510,140,100.0,0.675,0.78125,Production Recipes,1,
Server2,7CBA36A1-FDD2-4477-86B1-01F1A3F040EE,9EB5AAF9-4EC2-4BC1-B78F-A2C697BCE705,4,BROILER GROWER601 1,BROILER GROWER,2026-07-23 00:37:54.460,2026-07-23 01:24:48.047,2026-07-23 01:25:52.373,4500.0,Broiler Mineral Mix,31,100.0,4.05,5.685764,Production Recipes,1,
Server2,7CBA36A1-FDD2-4477-86B1-01F1A3F040EE,9EB5AAF9-4EC2-4BC1-B78F-A2C697BCE705,4,BROILER GROWER601 1,BROILER GROWER,2026-07-23 00:37:54.460,2026-07-23 01:24:48.047,2026-07-23 01:25:52.373,4500.0,Broiler Starter PX,69,100.0,4.05,5.590278,Production Recipes,1,
Server2,7CBA36A1-FDD2-4477-86B1-01F1A3F040EE,9EB5AAF9-4EC2-4BC1-B78F-A2C697BCE705,4,BROILER GROWER601 1,BROILER GROWER,2026-07-23 00:37:54.460,2026-07-23 01:24:48.047,2026-07-23 01:25:52.373,4500.0,Choline Chloride 60%,26,100.0,2.7,3.188658,Production Recipes,1,
Server2,7CBA36A1-FDD2-4477-86B1-01F1A3F040EE,9EB5AAF9-4EC2-4BC1-B78F-A2C697BCE705,4,BROILER GROWER601 1,BROILER GROWER,2026-07-23 00:37:54.460,2026-07-23 01:24:48.047,2026-07-23 01:25:52.373,4500.0,KENZYME PRO,77,100.0,2.7,3.240741,Production Recipes,1,
Server2,7CBA36A1-FDD2-4477-86B1-01F1A3F040EE,9EB5AAF9-4EC2-4BC1-B78F-A2C697BCE705,4,BROILER GROWER601 1,BROILER GROWER,2026-07-23 00:37:54.460,2026-07-23 01:24:48.047,2026-07-23 01:25:52.373,4500.0,Limestone,113,100.0,55.485,66.52197,Production Recipes,1,
Server2,7CBA36A1-FDD2-4477-86B1-01F1A3F040EE,9EB5AAF9-4EC2-4BC1-B78F-A2C697BCE705,4,BROILER GROWER601 1,BROILER GROWER,2026-07-23 00:37:54.460,2026-07-23 01:24:48.047,2026-07-23 01:25:52.373,4500.0,LYSOFORTE DRY,30,100.0,0.9,0.8391204,Production Recipes,1,
Server2,7CBA36A1-FDD2-4477-86B1-01F1A3F040EE,9EB5AAF9-4EC2-4BC1-B78F-A2C697BCE705,4,BROILER GROWER601 1,BROILER GROWER,2026-07-23 00:37:54.460,2026-07-23 01:24:48.047,2026-07-23 01:25:52.373,4500.0,Maize,100,100.0,2679.705,2684.751,Production Recipes,4,
Server2,7CBA36A1-FDD2-4477-86B1-01F1A3F040EE,9EB5AAF9-4EC2-4BC1-B78F-A2C697BCE705,4,BROILER GROWER601 1,BROILER GROWER,2026-07-23 00:37:54.460,2026-07-23 01:24:48.047,2026-07-23 01:25:52.373,4500.0,Methionine,12,100.0,10.62,10.99537,Production Recipes,1,
Server2,7CBA36A1-FDD2-4477-86B1-01F1A3F040EE,9EB5AAF9-4EC2-4BC1-B78F-A2C697BCE705,4,BROILER GROWER601 1,BROILER GROWER,2026-07-23 00:37:54.460,2026-07-23 01:24:48.047,2026-07-23 01:25:52.373,4500.0,Monocalcium Phos,204,100.0,38.745,39.0625,Production Recipes,1,
Server2,7CBA36A1-FDD2-4477-86B1-01F1A3F040EE,9EB5AAF9-4EC2-4BC1-B78F-A2C697BCE705,4,BROILER GROWER601 1,BROILER GROWER,2026-07-23 00:37:54.460,2026-07-23 01:24:48.047,2026-07-23 01:25:52.373,4500.0,NOVELA ECL,6,100.0,0.45,0.5598959,Production Recipes,1,
Server2,7CBA36A1-FDD2-4477-86B1-01F1A3F040EE,9EB5AAF9-4EC2-4BC1-B78F-A2C697BCE705,4,BROILER GROWER601 1,BROILER GROWER,2026-07-23 00:37:54.460,2026-07-23 01:24:48.047,2026-07-23 01:25:52.373,4500.0,Provi Oxi Stop,21,100.0,0.45,0.9707756,Production Recipes,1,
Server2,7CBA36A1-FDD2-4477-86B1-01F1A3F040EE,9EB5AAF9-4EC2-4BC1-B78F-A2C697BCE705,4,BROILER GROWER601 1,BROILER GROWER,2026-07-23 00:37:54.460,2026-07-23 01:24:48.047,2026-07-23 01:25:52.373,4500.0,Rovabio P10,176,100.0,2.25,1.880787,Production Recipes,1,
Server2,7CBA36A1-FDD2-4477-86B1-01F1A3F040EE,9EB5AAF9-4EC2-4BC1-B78F-A2C697BCE705,4,BROILER GROWER601 1,BROILER GROWER,2026-07-23 00:37:54.460,2026-07-23 01:24:48.047,2026-07-23 01:25:52.373,4500.0,Sacox (500g),91,100.0,2.25,3.582176,Production Recipes,1,
Server2,7CBA36A1-FDD2-4477-86B1-01F1A3F040EE,9EB5AAF9-4EC2-4BC1-B78F-A2C697BCE705,4,BROILER GROWER601 1,BROILER GROWER,2026-07-23 00:37:54.460,2026-07-23 01:24:48.047,2026-07-23 01:25:52.373,4500.0,Salt,202,100.0,12.96,13.16551,Production Recipes,1,
Server2,7CBA36A1-FDD2-4477-86B1-01F1A3F040EE,9EB5AAF9-4EC2-4BC1-B78F-A2C697BCE705,4,BROILER GROWER601 1,BROILER GROWER,2026-07-23 00:37:54.460,2026-07-23 01:24:48.047,2026-07-23 01:25:52.373,4500.0,SOLIS,124,100.0,6.75,7.407407,Production Recipes,1,
Server2,7CBA36A1-FDD2-4477-86B1-01F1A3F040EE,9EB5AAF9-4EC2-4BC1-B78F-A2C697BCE705,4,BROILER GROWER601 1,BROILER GROWER,2026-07-23 00:37:54.460,2026-07-23 01:24:48.047,2026-07-23 01:25:52.373,4500.0,SOUDIOM Bicarbon,35,100.0,8.955,9.114578,Production Recipes,1,
Server2,7CBA36A1-FDD2-4477-86B1-01F1A3F040EE,9EB5AAF9-4EC2-4BC1-B78F-A2C697BCE705,4,BROILER GROWER601 1,BROILER GROWER,2026-07-23 00:37:54.460,2026-07-23 01:24:48.047,2026-07-23 01:25:52.373,4500.0,SOYA-,105,100.0,1619.145,1616.319,Production Recipes,1,
Server2,7CBA36A1-FDD2-4477-86B1-01F1A3F040EE,9EB5AAF9-4EC2-4BC1-B78F-A2C697BCE705,4,BROILER GROWER601 1,BROILER GROWER,2026-07-23 00:37:54.460,2026-07-23 01:24:48.047,2026-07-23 01:25:52.373,4500.0,Soya Oil,210,100.0,37.35,37.75,Production Recipes,10,
Server2,7CBA36A1-FDD2-4477-86B1-01F1A3F040EE,9EB5AAF9-4EC2-4BC1-B78F-A2C697BCE705,4,BROILER GROWER601 1,BROILER GROWER,2026-07-23 00:37:54.460,2026-07-23 01:24:48.047,2026-07-23 01:25:52.373,4500.0,TermiN-8,33,100.0,6.75,0.0,Production Recipes,6,
Server2,18EC7E74-156F-4F66-A790-E22AD5026CD9,9EB5AAF9-4EC2-4BC1-B78F-A2C697BCE705,4,BROILER GROWER601 2,BROILER GROWER,2026-07-23 00:37:56.427,2026-07-23 01:32:33.197,2026-07-23 01:33:37.490,4500.0,BETAIN HCL,142,100.0,2.25,2.436342,Production Recipes,1,
Server2,18EC7E74-156F-4F66-A790-E22AD5026CD9,9EB5AAF9-4EC2-4BC1-B78F-A2C697BCE705,4,BROILER GROWER601 2,BROILER GROWER,2026-07-23 00:37:56.427,2026-07-23 01:32:33.197,2026-07-23 01:33:37.490,4500.0,BIOSTRONG 510,140,100.0,0.675,0.7913773,Production Recipes,1,
Server2,18EC7E74-156F-4F66-A790-E22AD5026CD9,9EB5AAF9-4EC2-4BC1-B78F-A2C697BCE705,4,BROILER GROWER601 2,BROILER GROWER,2026-07-23 00:37:56.427,2026-07-23 01:32:33.197,2026-07-23 01:33:37.490,4500.0,Broiler Mineral Mix,31,100.0,4.05,5.94618,Production Recipes,1,
Server2,18EC7E74-156F-4F66-A790-E22AD5026CD9,9EB5AAF9-4EC2-4BC1-B78F-A2C697BCE705,4,BROILER GROWER601 2,BROILER GROWER,2026-07-23 00:37:56.427,2026-07-23 01:32:33.197,2026-07-23 01:33:37.490,4500.0,Broiler Starter PX,69,100.0,4.05,6.180556,Production Recipes,1,
Server2,18EC7E74-156F-4F66-A790-E22AD5026CD9,9EB5AAF9-4EC2-4BC1-B78F-A2C697BCE705,4,BROILER GROWER601 2,BROILER GROWER,2026-07-23 00:37:56.427,2026-07-23 01:32:33.197,2026-07-23 01:33:37.490,4500.0,Choline Chloride 60%,26,100.0,2.7,3.038195,Production Recipes,1,
Server2,18EC7E74-156F-4F66-A790-E22AD5026CD9,9EB5AAF9-4EC2-4BC1-B78F-A2C697BCE705,4,BROILER GROWER601 2,BROILER GROWER,2026-07-23 00:37:56.427,2026-07-23 01:32:33.197,2026-07-23 01:33:37.490,4500.0,KENZYME PRO,77,100.0,2.7,2.994792,Production Recipes,1,
Server2,18EC7E74-156F-4F66-A790-E22AD5026CD9,9EB5AAF9-4EC2-4BC1-B78F-A2C697BCE705,4,BROILER GROWER601 2,BROILER GROWER,2026-07-23 00:37:56.427,2026-07-23 01:32:33.197,2026-07-23 01:33:37.490,4500.0,Limestone,113,100.0,55.485,67.62158,Production Recipes,1,
Server2,18EC7E74-156F-4F66-A790-E22AD5026CD9,9EB5AAF9-4EC2-4BC1-B78F-A2C697BCE705,4,BROILER GROWER601 2,BROILER GROWER,2026-07-23 00:37:56.427,2026-07-23 01:32:33.197,2026-07-23 01:33:37.490,4500.0,LYSOFORTE DRY,30,100.0,0.9,0.8695023,Production Recipes,1,
Server2,18EC7E74-156F-4F66-A790-E22AD5026CD9,9EB5AAF9-4EC2-4BC1-B78F-A2C697BCE705,4,BROILER GROWER601 2,BROILER GROWER,2026-07-23 00:37:56.427,2026-07-23 01:32:33.197,2026-07-23 01:33:37.490,4500.0,Maize,100,100.0,2679.705,2684.751,Production Recipes,4,
Server2,18EC7E74-156F-4F66-A790-E22AD5026CD9,9EB5AAF9-4EC2-4BC1-B78F-A2C697BCE705,4,BROILER GROWER601 2,BROILER GROWER,2026-07-23 00:37:56.427,2026-07-23 01:32:33.197,2026-07-23 01:33:37.490,4500.0,Methionine,12,100.0,10.62,9.982639,Production Recipes,1,
Server2,18EC7E74-156F-4F66-A790-E22AD5026CD9,9EB5AAF9-4EC2-4BC1-B78F-A2C697BCE705,4,BROILER GROWER601 2,BROILER GROWER,2026-07-23 00:37:56.427,2026-07-23 01:32:33.197,2026-07-23 01:33:37.490,4500.0,Monocalcium Phos,204,100.0,38.745,39.0625,Production Recipes,1,
Server2,18EC7E74-156F-4F66-A790-E22AD5026CD9,9EB5AAF9-4EC2-4BC1-B78F-A2C697BCE705,4,BROILER GROWER601 2,BROILER GROWER,2026-07-23 00:37:56.427,2026-07-23 01:32:33.197,2026-07-23 01:33:37.490,4500.0,NOVELA ECL,6,100.0,0.45,0.529514,Production Recipes,1,
Server2,18EC7E74-156F-4F66-A790-E22AD5026CD9,9EB5AAF9-4EC2-4BC1-B78F-A2C697BCE705,4,BROILER GROWER601 2,BROILER GROWER,2026-07-23 00:37:56.427,2026-07-23 01:32:33.197,2026-07-23 01:33:37.490,4500.0,Provi Oxi Stop,21,100.0,0.45,0.9823496,Production Recipes,1,
Server2,18EC7E74-156F-4F66-A790-E22AD5026CD9,9EB5AAF9-4EC2-4BC1-B78F-A2C697BCE705,4,BROILER GROWER601 2,BROILER GROWER,2026-07-23 00:37:56.427,2026-07-23 01:32:33.197,2026-07-23 01:33:37.490,4500.0,Rovabio P10,176,100.0,2.25,2.818287,Production Recipes,1,
Server2,18EC7E74-156F-4F66-A790-E22AD5026CD9,9EB5AAF9-4EC2-4BC1-B78F-A2C697BCE705,4,BROILER GROWER601 2,BROILER GROWER,2026-07-23 00:37:56.427,2026-07-23 01:32:33.197,2026-07-23 01:33:37.490,4500.0,Sacox (500g),91,100.0,2.25,3.182871,Production Recipes,1,
Server2,18EC7E74-156F-4F66-A790-E22AD5026CD9,9EB5AAF9-4EC2-4BC1-B78F-A2C697BCE705,4,BROILER GROWER601 2,BROILER GROWER,2026-07-23 00:37:56.427,2026-07-23 01:32:33.197,2026-07-23 01:33:37.490,4500.0,Salt,202,100.0,12.96,14.17824,Production Recipes,1,
Server2,18EC7E74-156F-4F66-A790-E22AD5026CD9,9EB5AAF9-4EC2-4BC1-B78F-A2C697BCE705,4,BROILER GROWER601 2,BROILER GROWER,2026-07-23 00:37:56.427,2026-07-23 01:32:33.197,2026-07-23 01:33:37.490,4500.0,SOLIS,124,100.0,6.75,13.38252,Production Recipes,1,
Server2,18EC7E74-156F-4F66-A790-E22AD5026CD9,9EB5AAF9-4EC2-4BC1-B78F-A2C697BCE705,4,BROILER GROWER601 2,BROILER GROWER,2026-07-23 00:37:56.427,2026-07-23 01:32:33.197,2026-07-23 01:33:37.490,4500.0,SOUDIOM Bicarbon,35,100.0,8.955,9.114586,Production Recipes,1,
Server2,18EC7E74-156F-4F66-A790-E22AD5026CD9,9EB5AAF9-4EC2-4BC1-B78F-A2C697BCE705,4,BROILER GROWER601 2,BROILER GROWER,2026-07-23 00:37:56.427,2026-07-23 01:32:33.197,2026-07-23 01:33:37.490,4500.0,SOYA-,105,100.0,1619.145,1616.869,Production Recipes,1,
Server2,18EC7E74-156F-4F66-A790-E22AD5026CD9,9EB5AAF9-4EC2-4BC1-B78F-A2C697BCE705,4,BROILER GROWER601 2,BROILER GROWER,2026-07-23 00:37:56.427,2026-07-23 01:32:33.197,2026-07-23 01:33:37.490,4500.0,Soya Oil,210,100.0,37.35,37.75,Production Recipes,10,
Server2,18EC7E74-156F-4F66-A790-E22AD5026CD9,9EB5AAF9-4EC2-4BC1-B78F-A2C697BCE705,4,BROILER GROWER601 2,BROILER GROWER,2026-07-23 00:37:56.427,2026-07-23 01:32:33.197,2026-07-23 01:33:37.490,4500.0,TermiN-8,33,100.0,6.75,0.0,Production Recipes,6,
Server2,FAC0CF51-262E-4C50-96B2-B56D017E215C,9EB5AAF9-4EC2-4BC1-B78F-A2C697BCE705,4,BROILER GROWER601 3,BROILER GROWER,2026-07-23 00:38:02.497,2026-07-23 01:37:32.030,2026-07-23 01:38:36.337,4500.0,BETAIN HCL,142,100.0,2.25,2.465278,Production Recipes,1,
Server2,FAC0CF51-262E-4C50-96B2-B56D017E215C,9EB5AAF9-4EC2-4BC1-B78F-A2C697BCE705,4,BROILER GROWER601 3,BROILER GROWER,2026-07-23 00:38:02.497,2026-07-23 01:37:32.030,2026-07-23 01:38:36.337,4500.0,BIOSTRONG 510,140,100.0,0.675,0.78125,Production Recipes,1,
Server2,FAC0CF51-262E-4C50-96B2-B56D017E215C,9EB5AAF9-4EC2-4BC1-B78F-A2C697BCE705,4,BROILER GROWER601 3,BROILER GROWER,2026-07-23 00:38:02.497,2026-07-23 01:37:32.030,2026-07-23 01:38:36.337,4500.0,Broiler Mineral Mix,31,100.0,4.05,5.642361,Production Recipes,1,
Server2,FAC0CF51-262E-4C50-96B2-B56D017E215C,9EB5AAF9-4EC2-4BC1-B78F-A2C697BCE705,4,BROILER GROWER601 3,BROILER GROWER,2026-07-23 00:38:02.497,2026-07-23 01:37:32.030,2026-07-23 01:38:36.337,4500.0,Broiler Starter PX,69,100.0,4.05,6.689815,Production Recipes,1,
Server2,FAC0CF51-262E-4C50-96B2-B56D017E215C,9EB5AAF9-4EC2-4BC1-B78F-A2C697BCE705,4,BROILER GROWER601 3,BROILER GROWER,2026-07-23 00:38:02.497,2026-07-23 01:37:32.030,2026-07-23 01:38:36.337,4500.0,Choline Chloride 60%,26,100.0,2.7,2.465278,Production Recipes,1,
Server2,FAC0CF51-262E-4C50-96B2-B56D017E215C,9EB5AAF9-4EC2-4BC1-B78F-A2C697BCE705,4,BROILER GROWER601 3,BROILER GROWER,2026-07-23 00:38:02.497,2026-07-23 01:37:32.030,2026-07-23 01:38:36.337,4500.0,KENZYME PRO,77,100.0,2.7,3.443287,Production Recipes,1,
Server2,FAC0CF51-262E-4C50-96B2-B56D017E215C,9EB5AAF9-4EC2-4BC1-B78F-A2C697BCE705,4,BROILER GROWER601 3,BROILER GROWER,2026-07-23 00:38:02.497,2026-07-23 01:37:32.030,2026-07-23 01:38:36.337,4500.0,Limestone,113,100.0,55.485,68.17126,Production Recipes,1,
Server2,FAC0CF51-262E-4C50-96B2-B56D017E215C,9EB5AAF9-4EC2-4BC1-B78F-A2C697BCE705,4,BROILER GROWER601 3,BROILER GROWER,2026-07-23 00:38:02.497,2026-07-23 01:37:32.030,2026-07-23 01:38:36.337,4500.0,LYSOFORTE DRY,30,100.0,0.9,1.331019,Production Recipes,1,
Server2,FAC0CF51-262E-4C50-96B2-B56D017E215C,9EB5AAF9-4EC2-4BC1-B78F-A2C697BCE705,4,BROILER GROWER601 3,BROILER GROWER,2026-07-23 00:38:02.497,2026-07-23 01:37:32.030,2026-07-23 01:38:36.337,4500.0,Maize,100,100.0,2679.705,2683.16,Production Recipes,4,
Server2,FAC0CF51-262E-4C50-96B2-B56D017E215C,9EB5AAF9-4EC2-4BC1-B78F-A2C697BCE705,4,BROILER GROWER601 3,BROILER GROWER,2026-07-23 00:38:02.497,2026-07-23 01:37:32.030,2026-07-23 01:38:36.337,4500.0,Methionine,12,100.0,10.62,10.99537,Production Recipes,1,
Server2,FAC0CF51-262E-4C50-96B2-B56D017E215C,9EB5AAF9-4EC2-4BC1-B78F-A2C697BCE705,4,BROILER GROWER601 3,BROILER GROWER,2026-07-23 00:38:02.497,2026-07-23 01:37:32.030,2026-07-23 01:38:36.337,4500.0,Monocalcium Phos,204,100.0,38.745,39.20717,Production Recipes,1,
Server2,FAC0CF51-262E-4C50-96B2-B56D017E215C,9EB5AAF9-4EC2-4BC1-B78F-A2C697BCE705,4,BROILER GROWER601 3,BROILER GROWER,2026-07-23 00:38:02.497,2026-07-23 01:37:32.030,2026-07-23 01:38:36.337,4500.0,NOVELA ECL,6,100.0,0.45,0.5208334,Production Recipes,1,
Server2,FAC0CF51-262E-4C50-96B2-B56D017E215C,9EB5AAF9-4EC2-4BC1-B78F-A2C697BCE705,4,BROILER GROWER601 3,BROILER GROWER,2026-07-23 00:38:02.497,2026-07-23 01:37:32.030,2026-07-23 01:38:36.337,4500.0,Provi Oxi Stop,21,100.0,0.45,1.280382,Production Recipes,1,
Server2,FAC0CF51-262E-4C50-96B2-B56D017E215C,9EB5AAF9-4EC2-4BC1-B78F-A2C697BCE705,4,BROILER GROWER601 3,BROILER GROWER,2026-07-23 00:38:02.497,2026-07-23 01:37:32.030,2026-07-23 01:38:36.337,4500.0,Rovabio P10,176,100.0,2.25,2.268518,Production Recipes,1,
Server2,FAC0CF51-262E-4C50-96B2-B56D017E215C,9EB5AAF9-4EC2-4BC1-B78F-A2C697BCE705,4,BROILER GROWER601 3,BROILER GROWER,2026-07-23 00:38:02.497,2026-07-23 01:37:32.030,2026-07-23 01:38:36.337,4500.0,Sacox (500g),91,100.0,2.25,3.767362,Production Recipes,1,
Server2,FAC0CF51-262E-4C50-96B2-B56D017E215C,9EB5AAF9-4EC2-4BC1-B78F-A2C697BCE705,4,BROILER GROWER601 3,BROILER GROWER,2026-07-23 00:38:02.497,2026-07-23 01:37:32.030,2026-07-23 01:38:36.337,4500.0,Salt,202,100.0,12.96,14.17824,Production Recipes,1,
Server2,FAC0CF51-262E-4C50-96B2-B56D017E215C,9EB5AAF9-4EC2-4BC1-B78F-A2C697BCE705,4,BROILER GROWER601 3,BROILER GROWER,2026-07-23 00:38:02.497,2026-07-23 01:37:32.030,2026-07-23 01:38:36.337,4500.0,SOLIS,124,100.0,6.75,7.03125,Production Recipes,1,
Server2,FAC0CF51-262E-4C50-96B2-B56D017E215C,9EB5AAF9-4EC2-4BC1-B78F-A2C697BCE705,4,BROILER GROWER601 3,BROILER GROWER,2026-07-23 00:38:02.497,2026-07-23 01:37:32.030,2026-07-23 01:38:36.337,4500.0,SOUDIOM Bicarbon,35,100.0,8.955,9.114586,Production Recipes,1,
Server2,FAC0CF51-262E-4C50-96B2-B56D017E215C,9EB5AAF9-4EC2-4BC1-B78F-A2C697BCE705,4,BROILER GROWER601 3,BROILER GROWER,2026-07-23 00:38:02.497,2026-07-23 01:37:32.030,2026-07-23 01:38:36.337,4500.0,SOYA-,105,100.0,1619.145,1606.424,Production Recipes,1,
Server2,FAC0CF51-262E-4C50-96B2-B56D017E215C,9EB5AAF9-4EC2-4BC1-B78F-A2C697BCE705,4,BROILER GROWER601 3,BROILER GROWER,2026-07-23 00:38:02.497,2026-07-23 01:37:32.030,2026-07-23 01:38:36.337,4500.0,Soya Oil,210,100.0,37.35,37.75,Production Recipes,10,
Server2,FAC0CF51-262E-4C50-96B2-B56D017E215C,9EB5AAF9-4EC2-4BC1-B78F-A2C697BCE705,4,BROILER GROWER601 3,BROILER GROWER,2026-07-23 00:38:02.497,2026-07-23 01:37:32.030,2026-07-23 01:38:36.337,4500.0,TermiN-8,33,100.0,6.75,0.0,Production Recipes,6,
Server2,783829ED-FEF0-4541-BC2F-4144253EFD46,9EB5AAF9-4EC2-4BC1-B78F-A2C697BCE705,4,BROILER GROWER601 4,BROILER GROWER,2026-07-23 00:38:04.473,2026-07-23 01:42:31.173,2026-07-23 01:43:35.483,4500.0,BETAIN HCL,142,100.0,2.25,2.505788,Production Recipes,1,
Server2,783829ED-FEF0-4541-BC2F-4144253EFD46,9EB5AAF9-4EC2-4BC1-B78F-A2C697BCE705,4,BROILER GROWER601 4,BROILER GROWER,2026-07-23 00:38:04.473,2026-07-23 01:42:31.173,2026-07-23 01:43:35.483,4500.0,BIOSTRONG 510,140,100.0,0.675,0.7913774,Production Recipes,1,
Server2,783829ED-FEF0-4541-BC2F-4144253EFD46,9EB5AAF9-4EC2-4BC1-B78F-A2C697BCE705,4,BROILER GROWER601 4,BROILER GROWER,2026-07-23 00:38:04.473,2026-07-23 01:42:31.173,2026-07-23 01:43:35.483,4500.0,Broiler Mineral Mix,31,100.0,4.05,4.861111,Production Recipes,1,
Server2,783829ED-FEF0-4541-BC2F-4144253EFD46,9EB5AAF9-4EC2-4BC1-B78F-A2C697BCE705,4,BROILER GROWER601 4,BROILER GROWER,2026-07-23 00:38:04.473,2026-07-23 01:42:31.173,2026-07-23 01:43:35.483,4500.0,Broiler Starter PX,69,100.0,4.05,4.751158,Production Recipes,1,
Server2,783829ED-FEF0-4541-BC2F-4144253EFD46,9EB5AAF9-4EC2-4BC1-B78F-A2C697BCE705,4,BROILER GROWER601 4,BROILER GROWER,2026-07-23 00:38:04.473,2026-07-23 01:42:31.173,2026-07-23 01:43:35.483,4500.0,Choline Chloride 60%,26,100.0,2.7,2.899305,Production Recipes,1,
Server2,783829ED-FEF0-4541-BC2F-4144253EFD46,9EB5AAF9-4EC2-4BC1-B78F-A2C697BCE705,4,BROILER GROWER601 4,BROILER GROWER,2026-07-23 00:38:04.473,2026-07-23 01:42:31.173,2026-07-23 01:43:35.483,4500.0,KENZYME PRO,77,100.0,2.7,3.110532,Production Recipes,1,
Server2,783829ED-FEF0-4541-BC2F-4144253EFD46,9EB5AAF9-4EC2-4BC1-B78F-A2C697BCE705,4,BROILER GROWER601 4,BROILER GROWER,2026-07-23 00:38:04.473,2026-07-23 01:42:31.173,2026-07-23 01:43:35.483,4500.0,Limestone,113,100.0,55.485,56.07642,Production Recipes,1,
Server2,783829ED-FEF0-4541-BC2F-4144253EFD46,9EB5AAF9-4EC2-4BC1-B78F-A2C697BCE705,4,BROILER GROWER601 4,BROILER GROWER,2026-07-23 00:38:04.473,2026-07-23 01:42:31.173,2026-07-23 01:43:35.483,4500.0,LYSOFORTE DRY,30,100.0,0.9,1.3614,Production Recipes,1,
Server2,783829ED-FEF0-4541-BC2F-4144253EFD46,9EB5AAF9-4EC2-4BC1-B78F-A2C697BCE705,4,BROILER GROWER601 4,BROILER GROWER,2026-07-23 00:38:04.473,2026-07-23 01:42:31.173,2026-07-23 01:43:35.483,4500.0,Maize,100,100.0,2679.705,2684.751,Production Recipes,4,
Server2,783829ED-FEF0-4541-BC2F-4144253EFD46,9EB5AAF9-4EC2-4BC1-B78F-A2C697BCE705,4,BROILER GROWER601 4,BROILER GROWER,2026-07-23 00:38:04.473,2026-07-23 01:42:31.173,2026-07-23 01:43:35.483,4500.0,Methionine,12,100.0,10.62,10.99537,Production Recipes,1,
Server2,783829ED-FEF0-4541-BC2F-4144253EFD46,9EB5AAF9-4EC2-4BC1-B78F-A2C697BCE705,4,BROILER GROWER601 4,BROILER GROWER,2026-07-23 00:38:04.473,2026-07-23 01:42:31.173,2026-07-23 01:43:35.483,4500.0,Monocalcium Phos,204,100.0,38.745,39.0625,Production Recipes,1,
Server2,783829ED-FEF0-4541-BC2F-4144253EFD46,9EB5AAF9-4EC2-4BC1-B78F-A2C697BCE705,4,BROILER GROWER601 4,BROILER GROWER,2026-07-23 00:38:04.473,2026-07-23 01:42:31.173,2026-07-23 01:43:35.483,4500.0,NOVELA ECL,6,100.0,0.45,0.529514,Production Recipes,1,
Server2,783829ED-FEF0-4541-BC2F-4144253EFD46,9EB5AAF9-4EC2-4BC1-B78F-A2C697BCE705,4,BROILER GROWER601 4,BROILER GROWER,2026-07-23 00:38:04.473,2026-07-23 01:42:31.173,2026-07-23 01:43:35.483,4500.0,Provi Oxi Stop,21,100.0,0.45,0.9403937,Production Recipes,1,
Server2,783829ED-FEF0-4541-BC2F-4144253EFD46,9EB5AAF9-4EC2-4BC1-B78F-A2C697BCE705,4,BROILER GROWER601 4,BROILER GROWER,2026-07-23 00:38:04.473,2026-07-23 01:42:31.173,2026-07-23 01:43:35.483,4500.0,Rovabio P10,176,100.0,2.25,3.015046,Production Recipes,1,
Server2,783829ED-FEF0-4541-BC2F-4144253EFD46,9EB5AAF9-4EC2-4BC1-B78F-A2C697BCE705,4,BROILER GROWER601 4,BROILER GROWER,2026-07-23 00:38:04.473,2026-07-23 01:42:31.173,2026-07-23 01:43:35.483,4500.0,Sacox (500g),91,100.0,2.25,2.997685,Production Recipes,1,
Server2,783829ED-FEF0-4541-BC2F-4144253EFD46,9EB5AAF9-4EC2-4BC1-B78F-A2C697BCE705,4,BROILER GROWER601 4,BROILER GROWER,2026-07-23 00:38:04.473,2026-07-23 01:42:31.173,2026-07-23 01:43:35.483,4500.0,Salt,202,100.0,12.96,13.16551,Production Recipes,1,
Server2,783829ED-FEF0-4541-BC2F-4144253EFD46,9EB5AAF9-4EC2-4BC1-B78F-A2C697BCE705,4,BROILER GROWER601 4,BROILER GROWER,2026-07-23 00:38:04.473,2026-07-23 01:42:31.173,2026-07-23 01:43:35.483,4500.0,SOLIS,124,100.0,6.75,7.306135,Production Recipes,1,
Server2,783829ED-FEF0-4541-BC2F-4144253EFD46,9EB5AAF9-4EC2-4BC1-B78F-A2C697BCE705,4,BROILER GROWER601 4,BROILER GROWER,2026-07-23 00:38:04.473,2026-07-23 01:42:31.173,2026-07-23 01:43:35.483,4500.0,SOUDIOM Bicarbon,35,100.0,8.955,9.114586,Production Recipes,1,
Server2,783829ED-FEF0-4541-BC2F-4144253EFD46,9EB5AAF9-4EC2-4BC1-B78F-A2C697BCE705,4,BROILER GROWER601 4,BROILER GROWER,2026-07-23 00:38:04.473,2026-07-23 01:42:31.173,2026-07-23 01:43:35.483,4500.0,SOYA-,105,100.0,1619.145,1605.874,Production Recipes,1,
Server2,783829ED-FEF0-4541-BC2F-4144253EFD46,9EB5AAF9-4EC2-4BC1-B78F-A2C697BCE705,4,BROILER GROWER601 4,BROILER GROWER,2026-07-23 00:38:04.473,2026-07-23 01:42:31.173,2026-07-23 01:43:35.483,4500.0,Soya Oil,210,100.0,37.35,37.75,Production Recipes,10,
Server2,783829ED-FEF0-4541-BC2F-4144253EFD46,9EB5AAF9-4EC2-4BC1-B78F-A2C697BCE705,4,BROILER GROWER601 4,BROILER GROWER,2026-07-23 00:38:04.473,2026-07-23 01:42:31.173,2026-07-23 01:43:35.483,4500.0,TermiN-8,33,100.0,6.75,0.0,Production Recipes,6,
Server2,EE5FAC6F-32D6-414E-AB53-9E83BC798C3D,9EB5AAF9-4EC2-4BC1-B78F-A2C697BCE705,4,BROILER STARTER604 1,BROILER STARTER,2026-07-23 00:59:35.943,2026-07-23 01:49:02.827,2026-07-23 01:50:07.140,4500.0,BETAIN HCL,142,100.0,2.25,2.881945,Production Recipes,1,
Server2,EE5FAC6F-32D6-414E-AB53-9E83BC798C3D,9EB5AAF9-4EC2-4BC1-B78F-A2C697BCE705,4,BROILER STARTER604 1,BROILER STARTER,2026-07-23 00:59:35.943,2026-07-23 01:49:02.827,2026-07-23 01:50:07.140,4500.0,BIOSTRONG 510,140,100.0,0.675,0.7899306,Production Recipes,1,
Server2,EE5FAC6F-32D6-414E-AB53-9E83BC798C3D,9EB5AAF9-4EC2-4BC1-B78F-A2C697BCE705,4,BROILER STARTER604 1,BROILER STARTER,2026-07-23 00:59:35.943,2026-07-23 01:49:02.827,2026-07-23 01:50:07.140,4500.0,Broiler Mineral Mix,31,100.0,4.5,5.627893,Production Recipes,1,
Server2,EE5FAC6F-32D6-414E-AB53-9E83BC798C3D,9EB5AAF9-4EC2-4BC1-B78F-A2C697BCE705,4,BROILER STARTER604 1,BROILER STARTER,2026-07-23 00:59:35.943,2026-07-23 01:49:02.827,2026-07-23 01:50:07.140,4500.0,KENZYME PRO,77,100.0,2.7,3.067129,Production Recipes,1,
Server2,EE5FAC6F-32D6-414E-AB53-9E83BC798C3D,9EB5AAF9-4EC2-4BC1-B78F-A2C697BCE705,4,BROILER STARTER604 1,BROILER STARTER,2026-07-23 00:59:35.943,2026-07-23 01:49:02.827,2026-07-23 01:50:07.140,4500.0,Limestone,113,100.0,65.07,61.5741,Production Recipes,1,
Server2,EE5FAC6F-32D6-414E-AB53-9E83BC798C3D,9EB5AAF9-4EC2-4BC1-B78F-A2C697BCE705,4,BROILER STARTER604 1,BROILER STARTER,2026-07-23 00:59:35.943,2026-07-23 01:49:02.827,2026-07-23 01:50:07.140,4500.0,LYSOFORTE DRY,30,100.0,0.9,0.8405672,Production Recipes,1,
Server2,EE5FAC6F-32D6-414E-AB53-9E83BC798C3D,9EB5AAF9-4EC2-4BC1-B78F-A2C697BCE705,4,BROILER STARTER604 1,BROILER STARTER,2026-07-23 00:59:35.943,2026-07-23 01:49:02.827,2026-07-23 01:50:07.140,4500.0,Maize,100,100.0,2688.75,2683.16,Production Recipes,4,
Server2,EE5FAC6F-32D6-414E-AB53-9E83BC798C3D,9EB5AAF9-4EC2-4BC1-B78F-A2C697BCE705,4,BROILER STARTER604 1,BROILER STARTER,2026-07-23 00:59:35.943,2026-07-23 01:49:02.827,2026-07-23 01:50:07.140,4500.0,Methionine,12,100.0,13.95,14.03356,Production Recipes,1,
Server2,EE5FAC6F-32D6-414E-AB53-9E83BC798C3D,9EB5AAF9-4EC2-4BC1-B78F-A2C697BCE705,4,BROILER STARTER604 1,BROILER STARTER,2026-07-23 00:59:35.943,2026-07-23 01:49:02.827,2026-07-23 01:50:07.140,4500.0,Monocalcium Phos,204,100.0,42.03,42.1007,Production Recipes,1,
Server2,EE5FAC6F-32D6-414E-AB53-9E83BC798C3D,9EB5AAF9-4EC2-4BC1-B78F-A2C697BCE705,4,BROILER STARTER604 1,BROILER STARTER,2026-07-23 00:59:35.943,2026-07-23 01:49:02.827,2026-07-23 01:50:07.140,4500.0,NOVELA ECL,6,100.0,0.45,0.4904514,Production Recipes,1,
Server2,EE5FAC6F-32D6-414E-AB53-9E83BC798C3D,9EB5AAF9-4EC2-4BC1-B78F-A2C697BCE705,4,BROILER STARTER604 1,BROILER STARTER,2026-07-23 00:59:35.943,2026-07-23 01:49:02.827,2026-07-23 01:50:07.140,4500.0,Provi Oxi Stop,21,100.0,0.45,0.9809029,Production Recipes,1,
Server2,EE5FAC6F-32D6-414E-AB53-9E83BC798C3D,9EB5AAF9-4EC2-4BC1-B78F-A2C697BCE705,4,BROILER STARTER604 1,BROILER STARTER,2026-07-23 00:59:35.943,2026-07-23 01:49:02.827,2026-07-23 01:50:07.140,4500.0,Rovabio P10,176,100.0,2.25,3.275463,Production Recipes,1,
Server2,EE5FAC6F-32D6-414E-AB53-9E83BC798C3D,9EB5AAF9-4EC2-4BC1-B78F-A2C697BCE705,4,BROILER STARTER604 1,BROILER STARTER,2026-07-23 00:59:35.943,2026-07-23 01:49:02.827,2026-07-23 01:50:07.140,4500.0,Sacox (500g),91,100.0,2.25,3.101852,Production Recipes,1,
Server2,EE5FAC6F-32D6-414E-AB53-9E83BC798C3D,9EB5AAF9-4EC2-4BC1-B78F-A2C697BCE705,4,BROILER STARTER604 1,BROILER STARTER,2026-07-23 00:59:35.943,2026-07-23 01:49:02.827,2026-07-23 01:50:07.140,4500.0,Salt,202,100.0,12.105,18.08449,Production Recipes,1,
Server2,EE5FAC6F-32D6-414E-AB53-9E83BC798C3D,9EB5AAF9-4EC2-4BC1-B78F-A2C697BCE705,4,BROILER STARTER604 1,BROILER STARTER,2026-07-23 00:59:35.943,2026-07-23 01:49:02.827,2026-07-23 01:50:07.140,4500.0,SOLIS,124,100.0,6.75,7.190392,Production Recipes,1,
Server2,EE5FAC6F-32D6-414E-AB53-9E83BC798C3D,9EB5AAF9-4EC2-4BC1-B78F-A2C697BCE705,4,BROILER STARTER604 1,BROILER STARTER,2026-07-23 00:59:35.943,2026-07-23 01:49:02.827,2026-07-23 01:50:07.140,4500.0,SOUDIOM Bicarbon,35,100.0,9.81,10.12731,Production Recipes,1,
Server2,EE5FAC6F-32D6-414E-AB53-9E83BC798C3D,9EB5AAF9-4EC2-4BC1-B78F-A2C697BCE705,4,BROILER STARTER604 1,BROILER STARTER,2026-07-23 00:59:35.943,2026-07-23 01:49:02.827,2026-07-23 01:50:07.140,4500.0,SOYA-,105,100.0,1755.0,1740.017,Production Recipes,1,
Server2,EE5FAC6F-32D6-414E-AB53-9E83BC798C3D,9EB5AAF9-4EC2-4BC1-B78F-A2C697BCE705,4,BROILER STARTER604 1,BROILER STARTER,2026-07-23 00:59:35.943,2026-07-23 01:49:02.827,2026-07-23 01:50:07.140,4500.0,Soya Oil,210,100.0,14.58,15.0,Production Recipes,10,
Server2,EE5FAC6F-32D6-414E-AB53-9E83BC798C3D,9EB5AAF9-4EC2-4BC1-B78F-A2C697BCE705,4,BROILER STARTER604 1,BROILER STARTER,2026-07-23 00:59:35.943,2026-07-23 01:49:02.827,2026-07-23 01:50:07.140,4500.0,TermiN-8,33,100.0,6.75,0.0,Production Recipes,6,
Server2,075CB3BC-4D87-4FFA-A0B4-8F7B02559887,9EB5AAF9-4EC2-4BC1-B78F-A2C697BCE705,4,BROILER STARTER604 2,BROILER STARTER,2026-07-23 00:59:37.910,2026-07-23 01:53:15.527,2026-07-23 01:54:19.020,4500.0,BETAIN HCL,142,100.0,2.25,3.217593,Production Recipes,1,
Server2,075CB3BC-4D87-4FFA-A0B4-8F7B02559887,9EB5AAF9-4EC2-4BC1-B78F-A2C697BCE705,4,BROILER STARTER604 2,BROILER STARTER,2026-07-23 00:59:37.910,2026-07-23 01:53:15.527,2026-07-23 01:54:19.020,4500.0,BIOSTRONG 510,140,100.0,0.675,0.7899306,Production Recipes,1,
Server2,075CB3BC-4D87-4FFA-A0B4-8F7B02559887,9EB5AAF9-4EC2-4BC1-B78F-A2C697BCE705,4,BROILER STARTER604 2,BROILER STARTER,2026-07-23 00:59:37.910,2026-07-23 01:53:15.527,2026-07-23 01:54:19.020,4500.0,Broiler Mineral Mix,31,100.0,4.5,5.483217,Production Recipes,1,
Server2,075CB3BC-4D87-4FFA-A0B4-8F7B02559887,9EB5AAF9-4EC2-4BC1-B78F-A2C697BCE705,4,BROILER STARTER604 2,BROILER STARTER,2026-07-23 00:59:37.910,2026-07-23 01:53:15.527,2026-07-23 01:54:19.020,4500.0,KENZYME PRO,77,100.0,2.7,2.951389,Production Recipes,1,
Server2,075CB3BC-4D87-4FFA-A0B4-8F7B02559887,9EB5AAF9-4EC2-4BC1-B78F-A2C697BCE705,4,BROILER STARTER604 2,BROILER STARTER,2026-07-23 00:59:37.910,2026-07-23 01:53:15.527,2026-07-23 01:54:19.020,4500.0,Limestone,113,100.0,65.07,66.52197,Production Recipes,1,
Server2,075CB3BC-4D87-4FFA-A0B4-8F7B02559887,9EB5AAF9-4EC2-4BC1-B78F-A2C697BCE705,4,BROILER STARTER604 2,BROILER STARTER,2026-07-23 00:59:37.910,2026-07-23 01:53:15.527,2026-07-23 01:54:19.020,4500.0,LYSOFORTE DRY,30,100.0,0.9,0.9201388,Production Recipes,1,
Server2,075CB3BC-4D87-4FFA-A0B4-8F7B02559887,9EB5AAF9-4EC2-4BC1-B78F-A2C697BCE705,4,BROILER STARTER604 2,BROILER STARTER,2026-07-23 00:59:37.910,2026-07-23 01:53:15.527,2026-07-23 01:54:19.020,4500.0,Maize,100,100.0,2688.75,2681.568,Production Recipes,4,
Server2,075CB3BC-4D87-4FFA-A0B4-8F7B02559887,9EB5AAF9-4EC2-4BC1-B78F-A2C697BCE705,4,BROILER STARTER604 2,BROILER STARTER,2026-07-23 00:59:37.910,2026-07-23 01:53:15.527,2026-07-23 01:54:19.020,4500.0,Methionine,12,100.0,13.95,14.03356,Production Recipes,1,
Server2,075CB3BC-4D87-4FFA-A0B4-8F7B02559887,9EB5AAF9-4EC2-4BC1-B78F-A2C697BCE705,4,BROILER STARTER604 2,BROILER STARTER,2026-07-23 00:59:37.910,2026-07-23 01:53:15.527,2026-07-23 01:54:19.020,4500.0,Monocalcium Phos,204,100.0,42.03,42.24537,Production Recipes,1,
Server2,075CB3BC-4D87-4FFA-A0B4-8F7B02559887,9EB5AAF9-4EC2-4BC1-B78F-A2C697BCE705,4,BROILER STARTER604 2,BROILER STARTER,2026-07-23 00:59:37.910,2026-07-23 01:53:15.527,2026-07-23 01:54:19.020,4500.0,NOVELA ECL,6,100.0,0.45,0.5396412,Production Recipes,1,
Server2,075CB3BC-4D87-4FFA-A0B4-8F7B02559887,9EB5AAF9-4EC2-4BC1-B78F-A2C697BCE705,4,BROILER STARTER604 2,BROILER STARTER,2026-07-23 00:59:37.910,2026-07-23 01:53:15.527,2026-07-23 01:54:19.020,4500.0,Provi Oxi Stop,21,100.0,0.45,1.019965,Production Recipes,1,
Server2,075CB3BC-4D87-4FFA-A0B4-8F7B02559887,9EB5AAF9-4EC2-4BC1-B78F-A2C697BCE705,4,BROILER STARTER604 2,BROILER STARTER,2026-07-23 00:59:37.910,2026-07-23 01:53:15.527,2026-07-23 01:54:19.020,4500.0,Rovabio P10,176,100.0,2.25,3.478009,Production Recipes,1,
Server2,075CB3BC-4D87-4FFA-A0B4-8F7B02559887,9EB5AAF9-4EC2-4BC1-B78F-A2C697BCE705,4,BROILER STARTER604 2,BROILER STARTER,2026-07-23 00:59:37.910,2026-07-23 01:53:15.527,2026-07-23 01:54:19.020,4500.0,Sacox (500g),91,100.0,2.25,3.107639,Production Recipes,1,
Server2,075CB3BC-4D87-4FFA-A0B4-8F7B02559887,9EB5AAF9-4EC2-4BC1-B78F-A2C697BCE705,4,BROILER STARTER604 2,BROILER STARTER,2026-07-23 00:59:37.910,2026-07-23 01:53:15.527,2026-07-23 01:54:19.020,4500.0,Salt,202,100.0,12.105,12.0081,Production Recipes,1,
Server2,075CB3BC-4D87-4FFA-A0B4-8F7B02559887,9EB5AAF9-4EC2-4BC1-B78F-A2C697BCE705,4,BROILER STARTER604 2,BROILER STARTER,2026-07-23 00:59:37.910,2026-07-23 01:53:15.527,2026-07-23 01:54:19.020,4500.0,SOLIS,124,100.0,6.75,7.089119,Production Recipes,1,
Server2,075CB3BC-4D87-4FFA-A0B4-8F7B02559887,9EB5AAF9-4EC2-4BC1-B78F-A2C697BCE705,4,BROILER STARTER604 2,BROILER STARTER,2026-07-23 00:59:37.910,2026-07-23 01:53:15.527,2026-07-23 01:54:19.020,4500.0,SOUDIOM Bicarbon,35,100.0,9.81,9.982643,Production Recipes,1,
Server2,075CB3BC-4D87-4FFA-A0B4-8F7B02559887,9EB5AAF9-4EC2-4BC1-B78F-A2C697BCE705,4,BROILER STARTER604 2,BROILER STARTER,2026-07-23 00:59:37.910,2026-07-23 01:53:15.527,2026-07-23 01:54:19.020,4500.0,SOYA-,105,100.0,1755.0,1741.667,Production Recipes,1,
Server2,075CB3BC-4D87-4FFA-A0B4-8F7B02559887,9EB5AAF9-4EC2-4BC1-B78F-A2C697BCE705,4,BROILER STARTER604 2,BROILER STARTER,2026-07-23 00:59:37.910,2026-07-23 01:53:15.527,2026-07-23 01:54:19.020,4500.0,Soya Oil,210,100.0,14.58,15.0,Production Recipes,10,
Server2,075CB3BC-4D87-4FFA-A0B4-8F7B02559887,9EB5AAF9-4EC2-4BC1-B78F-A2C697BCE705,4,BROILER STARTER604 2,BROILER STARTER,2026-07-23 00:59:37.910,2026-07-23 01:53:15.527,2026-07-23 01:54:19.020,4500.0,TermiN-8,33,100.0,6.75,0.0,Production Recipes,6,
Server2,96293001-9909-45A9-B9B4-B3D0CCB01A2E,9EB5AAF9-4EC2-4BC1-B78F-A2C697BCE705,4,BROILER STARTER604 3,BROILER STARTER,2026-07-23 00:59:43.973,2026-07-23 02:00:12.530,2026-07-23 02:01:25.927,4500.0,BETAIN HCL,142,100.0,2.25,2.355324,Production Recipes,1,
Server2,96293001-9909-45A9-B9B4-B3D0CCB01A2E,9EB5AAF9-4EC2-4BC1-B78F-A2C697BCE705,4,BROILER STARTER604 3,BROILER STARTER,2026-07-23 00:59:43.973,2026-07-23 02:00:12.530,2026-07-23 02:01:25.927,4500.0,BIOSTRONG 510,140,100.0,0.675,0.7595486,Production Recipes,1,
Server2,96293001-9909-45A9-B9B4-B3D0CCB01A2E,9EB5AAF9-4EC2-4BC1-B78F-A2C697BCE705,4,BROILER STARTER604 3,BROILER STARTER,2026-07-23 00:59:43.973,2026-07-23 02:00:12.530,2026-07-23 02:01:25.927,4500.0,Broiler Mineral Mix,31,100.0,4.5,5.960648,Production Recipes,1,
Server2,96293001-9909-45A9-B9B4-B3D0CCB01A2E,9EB5AAF9-4EC2-4BC1-B78F-A2C697BCE705,4,BROILER STARTER604 3,BROILER STARTER,2026-07-23 00:59:43.973,2026-07-23 02:00:12.530,2026-07-23 02:01:25.927,4500.0,KENZYME PRO,77,100.0,2.7,3.038195,Production Recipes,1,
Server2,96293001-9909-45A9-B9B4-B3D0CCB01A2E,9EB5AAF9-4EC2-4BC1-B78F-A2C697BCE705,4,BROILER STARTER604 3,BROILER STARTER,2026-07-23 00:59:43.973,2026-07-23 02:00:12.530,2026-07-23 02:01:25.927,4500.0,Limestone,113,100.0,65.07,74.76855,Production Recipes,1,
Server2,96293001-9909-45A9-B9B4-B3D0CCB01A2E,9EB5AAF9-4EC2-4BC1-B78F-A2C697BCE705,4,BROILER STARTER604 3,BROILER STARTER,2026-07-23 00:59:43.973,2026-07-23 02:00:12.530,2026-07-23 02:01:25.927,4500.0,LYSOFORTE DRY,30,100.0,0.9,0.920139,Production Recipes,1,
Server2,96293001-9909-45A9-B9B4-B3D0CCB01A2E,9EB5AAF9-4EC2-4BC1-B78F-A2C697BCE705,4,BROILER STARTER604 3,BROILER STARTER,2026-07-23 00:59:43.973,2026-07-23 02:00:12.530,2026-07-23 02:01:25.927,4500.0,Maize,100,100.0,2688.75,2697.483,Production Recipes,4,
Server2,96293001-9909-45A9-B9B4-B3D0CCB01A2E,9EB5AAF9-4EC2-4BC1-B78F-A2C697BCE705,4,BROILER STARTER604 3,BROILER STARTER,2026-07-23 00:59:43.973,2026-07-23 02:00:12.530,2026-07-23 02:01:25.927,4500.0,Methionine,12,100.0,13.95,14.03356,Production Recipes,1,
Server2,96293001-9909-45A9-B9B4-B3D0CCB01A2E,9EB5AAF9-4EC2-4BC1-B78F-A2C697BCE705,4,BROILER STARTER604 3,BROILER STARTER,2026-07-23 00:59:43.973,2026-07-23 02:00:12.530,2026-07-23 02:01:25.927,4500.0,Monocalcium Phos,204,100.0,42.03,42.1007,Production Recipes,1,
Server2,96293001-9909-45A9-B9B4-B3D0CCB01A2E,9EB5AAF9-4EC2-4BC1-B78F-A2C697BCE705,4,BROILER STARTER604 3,BROILER STARTER,2026-07-23 00:59:43.973,2026-07-23 02:00:12.530,2026-07-23 02:01:25.927,4500.0,NOVELA ECL,6,100.0,0.45,0.5208334,Production Recipes,1,
Server2,96293001-9909-45A9-B9B4-B3D0CCB01A2E,9EB5AAF9-4EC2-4BC1-B78F-A2C697BCE705,4,BROILER STARTER604 3,BROILER STARTER,2026-07-23 00:59:43.973,2026-07-23 02:00:12.530,2026-07-23 02:01:25.927,4500.0,Provi Oxi Stop,21,100.0,0.45,0.9317131,Production Recipes,1,
Server2,96293001-9909-45A9-B9B4-B3D0CCB01A2E,9EB5AAF9-4EC2-4BC1-B78F-A2C697BCE705,4,BROILER STARTER604 3,BROILER STARTER,2026-07-23 00:59:43.973,2026-07-23 02:00:12.530,2026-07-23 02:01:25.927,4500.0,Rovabio P10,176,100.0,2.25,2.783566,Production Recipes,1,
Server2,96293001-9909-45A9-B9B4-B3D0CCB01A2E,9EB5AAF9-4EC2-4BC1-B78F-A2C697BCE705,4,BROILER STARTER604 3,BROILER STARTER,2026-07-23 00:59:43.973,2026-07-23 02:00:12.530,2026-07-23 02:01:25.927,4500.0,Sacox (500g),91,100.0,2.25,4.774306,Production Recipes,1,
Server2,96293001-9909-45A9-B9B4-B3D0CCB01A2E,9EB5AAF9-4EC2-4BC1-B78F-A2C697BCE705,4,BROILER STARTER604 3,BROILER STARTER,2026-07-23 00:59:43.973,2026-07-23 02:00:12.530,2026-07-23 02:01:25.927,4500.0,Salt,202,100.0,12.105,19.09722,Production Recipes,1,
Server2,96293001-9909-45A9-B9B4-B3D0CCB01A2E,9EB5AAF9-4EC2-4BC1-B78F-A2C697BCE705,4,BROILER STARTER604 3,BROILER STARTER,2026-07-23 00:59:43.973,2026-07-23 02:00:12.530,2026-07-23 02:01:25.927,4500.0,SOLIS,124,100.0,6.75,7.69676,Production Recipes,1,
Server2,96293001-9909-45A9-B9B4-B3D0CCB01A2E,9EB5AAF9-4EC2-4BC1-B78F-A2C697BCE705,4,BROILER STARTER604 3,BROILER STARTER,2026-07-23 00:59:43.973,2026-07-23 02:00:12.530,2026-07-23 02:01:25.927,4500.0,SOUDIOM Bicarbon,35,100.0,9.81,10.12731,Production Recipes,1,
Server2,96293001-9909-45A9-B9B4-B3D0CCB01A2E,9EB5AAF9-4EC2-4BC1-B78F-A2C697BCE705,4,BROILER STARTER604 3,BROILER STARTER,2026-07-23 00:59:43.973,2026-07-23 02:00:12.530,2026-07-23 02:01:25.927,4500.0,SOYA-,105,100.0,1755.0,1750.463,Production Recipes,1,
Server2,96293001-9909-45A9-B9B4-B3D0CCB01A2E,9EB5AAF9-4EC2-4BC1-B78F-A2C697BCE705,4,BROILER STARTER604 3,BROILER STARTER,2026-07-23 00:59:43.973,2026-07-23 02:00:12.530,2026-07-23 02:01:25.927,4500.0,Soya Oil,210,100.0,14.58,15.0,Production Recipes,10,
Server2,96293001-9909-45A9-B9B4-B3D0CCB01A2E,9EB5AAF9-4EC2-4BC1-B78F-A2C697BCE705,4,BROILER STARTER604 3,BROILER STARTER,2026-07-23 00:59:43.973,2026-07-23 02:00:12.530,2026-07-23 02:01:25.927,4500.0,TermiN-8,33,100.0,6.75,0.0,Production Recipes,6,
Server2,4BCE6E96-36C9-4E89-8A32-26DE3C00D05E,9EB5AAF9-4EC2-4BC1-B78F-A2C697BCE705,4,BROILER STARTER604 4,BROILER STARTER,2026-07-23 00:59:45.997,2026-07-23 02:07:18.727,2026-07-23 02:08:23.100,4500.0,BETAIN HCL,142,100.0,2.25,4.456019,Production Recipes,1,
Server2,4BCE6E96-36C9-4E89-8A32-26DE3C00D05E,9EB5AAF9-4EC2-4BC1-B78F-A2C697BCE705,4,BROILER STARTER604 4,BROILER STARTER,2026-07-23 00:59:45.997,2026-07-23 02:07:18.727,2026-07-23 02:08:23.100,4500.0,BIOSTRONG 510,140,100.0,0.675,0.8000579,Production Recipes,1,
Server2,4BCE6E96-36C9-4E89-8A32-26DE3C00D05E,9EB5AAF9-4EC2-4BC1-B78F-A2C697BCE705,4,BROILER STARTER604 4,BROILER STARTER,2026-07-23 00:59:45.997,2026-07-23 02:07:18.727,2026-07-23 02:08:23.100,4500.0,Broiler Mineral Mix,31,100.0,4.5,5.439815,Production Recipes,1,
Server2,4BCE6E96-36C9-4E89-8A32-26DE3C00D05E,9EB5AAF9-4EC2-4BC1-B78F-A2C697BCE705,4,BROILER STARTER604 4,BROILER STARTER,2026-07-23 00:59:45.997,2026-07-23 02:07:18.727,2026-07-23 02:08:23.100,4500.0,KENZYME PRO,77,100.0,2.7,3.023727,Production Recipes,1,
Server2,4BCE6E96-36C9-4E89-8A32-26DE3C00D05E,9EB5AAF9-4EC2-4BC1-B78F-A2C697BCE705,4,BROILER STARTER604 4,BROILER STARTER,2026-07-23 00:59:45.997,2026-07-23 02:07:18.727,2026-07-23 02:08:23.100,4500.0,Limestone,113,100.0,65.07,70.92017,Production Recipes,1,
Server2,4BCE6E96-36C9-4E89-8A32-26DE3C00D05E,9EB5AAF9-4EC2-4BC1-B78F-A2C697BCE705,4,BROILER STARTER604 4,BROILER STARTER,2026-07-23 00:59:45.997,2026-07-23 02:07:18.727,2026-07-23 02:08:23.100,4500.0,LYSOFORTE DRY,30,100.0,0.9,0.9201388,Production Recipes,1,
Server2,4BCE6E96-36C9-4E89-8A32-26DE3C00D05E,9EB5AAF9-4EC2-4BC1-B78F-A2C697BCE705,4,BROILER STARTER604 4,BROILER STARTER,2026-07-23 00:59:45.997,2026-07-23 02:07:18.727,2026-07-23 02:08:23.100,4500.0,Maize,100,100.0,2688.75,2691.117,Production Recipes,4,
Server2,4BCE6E96-36C9-4E89-8A32-26DE3C00D05E,9EB5AAF9-4EC2-4BC1-B78F-A2C697BCE705,4,BROILER STARTER604 4,BROILER STARTER,2026-07-23 00:59:45.997,2026-07-23 02:07:18.727,2026-07-23 02:08:23.100,4500.0,Methionine,12,100.0,13.95,14.03356,Production Recipes,1,
Server2,4BCE6E96-36C9-4E89-8A32-26DE3C00D05E,9EB5AAF9-4EC2-4BC1-B78F-A2C697BCE705,4,BROILER STARTER604 4,BROILER STARTER,2026-07-23 00:59:45.997,2026-07-23 02:07:18.727,2026-07-23 02:08:23.100,4500.0,Monocalcium Phos,204,100.0,42.03,42.24537,Production Recipes,1,
Server2,4BCE6E96-36C9-4E89-8A32-26DE3C00D05E,9EB5AAF9-4EC2-4BC1-B78F-A2C697BCE705,4,BROILER STARTER604 4,BROILER STARTER,2026-07-23 00:59:45.997,2026-07-23 02:07:18.727,2026-07-23 02:08:23.100,4500.0,NOVELA ECL,6,100.0,0.45,0.541088,Production Recipes,1,
Server2,4BCE6E96-36C9-4E89-8A32-26DE3C00D05E,9EB5AAF9-4EC2-4BC1-B78F-A2C697BCE705,4,BROILER STARTER604 4,BROILER STARTER,2026-07-23 00:59:45.997,2026-07-23 02:07:18.727,2026-07-23 02:08:23.100,4500.0,Provi Oxi Stop,21,100.0,0.45,0.9910302,Production Recipes,1,
Server2,4BCE6E96-36C9-4E89-8A32-26DE3C00D05E,9EB5AAF9-4EC2-4BC1-B78F-A2C697BCE705,4,BROILER STARTER604 4,BROILER STARTER,2026-07-23 00:59:45.997,2026-07-23 02:07:18.727,2026-07-23 02:08:23.100,4500.0,Rovabio P10,176,100.0,2.25,2.771991,Production Recipes,1,
Server2,4BCE6E96-36C9-4E89-8A32-26DE3C00D05E,9EB5AAF9-4EC2-4BC1-B78F-A2C697BCE705,4,BROILER STARTER604 4,BROILER STARTER,2026-07-23 00:59:45.997,2026-07-23 02:07:18.727,2026-07-23 02:08:23.100,4500.0,Sacox (500g),91,100.0,2.25,3.564815,Production Recipes,1,
Server2,4BCE6E96-36C9-4E89-8A32-26DE3C00D05E,9EB5AAF9-4EC2-4BC1-B78F-A2C697BCE705,4,BROILER STARTER604 4,BROILER STARTER,2026-07-23 00:59:45.997,2026-07-23 02:07:18.727,2026-07-23 02:08:23.100,4500.0,Salt,202,100.0,12.105,12.0081,Production Recipes,1,
Server2,4BCE6E96-36C9-4E89-8A32-26DE3C00D05E,9EB5AAF9-4EC2-4BC1-B78F-A2C697BCE705,4,BROILER STARTER604 4,BROILER STARTER,2026-07-23 00:59:45.997,2026-07-23 02:07:18.727,2026-07-23 02:08:23.100,4500.0,SOLIS,124,100.0,6.75,7.826967,Production Recipes,1,
Server2,4BCE6E96-36C9-4E89-8A32-26DE3C00D05E,9EB5AAF9-4EC2-4BC1-B78F-A2C697BCE705,4,BROILER STARTER604 4,BROILER STARTER,2026-07-23 00:59:45.997,2026-07-23 02:07:18.727,2026-07-23 02:08:23.100,4500.0,SOUDIOM Bicarbon,35,100.0,9.81,9.982635,Production Recipes,1,
Server2,4BCE6E96-36C9-4E89-8A32-26DE3C00D05E,9EB5AAF9-4EC2-4BC1-B78F-A2C697BCE705,4,BROILER STARTER604 4,BROILER STARTER,2026-07-23 00:59:45.997,2026-07-23 02:07:18.727,2026-07-23 02:08:23.100,4500.0,SOYA-,105,100.0,1755.0,1751.563,Production Recipes,1,
Server2,4BCE6E96-36C9-4E89-8A32-26DE3C00D05E,9EB5AAF9-4EC2-4BC1-B78F-A2C697BCE705,4,BROILER STARTER604 4,BROILER STARTER,2026-07-23 00:59:45.997,2026-07-23 02:07:18.727,2026-07-23 02:08:23.100,4500.0,Soya Oil,210,100.0,14.58,15.0,Production Recipes,10,
Server2,4BCE6E96-36C9-4E89-8A32-26DE3C00D05E,9EB5AAF9-4EC2-4BC1-B78F-A2C697BCE705,4,BROILER STARTER604 4,BROILER STARTER,2026-07-23 00:59:45.997,2026-07-23 02:07:18.727,2026-07-23 02:08:23.100,4500.0,TermiN-8,33,100.0,6.75,0.0,Production Recipes,6,
Server2,7A86AFCF-3D3B-4C7C-A222-B3059E858DE2,9EB5AAF9-4EC2-4BC1-B78F-A2C697BCE705,4,BROILER GROWER605 1,BROILER GROWER,2026-07-23 01:29:09.600,2026-07-23 02:13:45.330,2026-07-23 02:14:49.460,4500.0,BETAIN HCL,142,100.0,2.25,3.339121,Production Recipes,1,
Server2,7A86AFCF-3D3B-4C7C-A222-B3059E858DE2,9EB5AAF9-4EC2-4BC1-B78F-A2C697BCE705,4,BROILER GROWER605 1,BROILER GROWER,2026-07-23 01:29:09.600,2026-07-23 02:13:45.330,2026-07-23 02:14:49.460,4500.0,BIOSTRONG 510,140,100.0,0.675,0.7711228,Production Recipes,1,
Server2,7A86AFCF-3D3B-4C7C-A222-B3059E858DE2,9EB5AAF9-4EC2-4BC1-B78F-A2C697BCE705,4,BROILER GROWER605 1,BROILER GROWER,2026-07-23 01:29:09.600,2026-07-23 02:13:45.330,2026-07-23 02:14:49.460,4500.0,Broiler Mineral Mix,31,100.0,4.05,6.192129,Production Recipes,1,
Server2,7A86AFCF-3D3B-4C7C-A222-B3059E858DE2,9EB5AAF9-4EC2-4BC1-B78F-A2C697BCE705,4,BROILER GROWER605 1,BROILER GROWER,2026-07-23 01:29:09.600,2026-07-23 02:13:45.330,2026-07-23 02:14:49.460,4500.0,Broiler Starter PX,69,100.0,4.05,4.84375,Production Recipes,1,
Server2,7A86AFCF-3D3B-4C7C-A222-B3059E858DE2,9EB5AAF9-4EC2-4BC1-B78F-A2C697BCE705,4,BROILER GROWER605 1,BROILER GROWER,2026-07-23 01:29:09.600,2026-07-23 02:13:45.330,2026-07-23 02:14:49.460,4500.0,Choline Chloride 60%,26,100.0,2.7,2.453703,Production Recipes,1,
Server2,7A86AFCF-3D3B-4C7C-A222-B3059E858DE2,9EB5AAF9-4EC2-4BC1-B78F-A2C697BCE705,4,BROILER GROWER605 1,BROILER GROWER,2026-07-23 01:29:09.600,2026-07-23 02:13:45.330,2026-07-23 02:14:49.460,4500.0,KENZYME PRO,77,100.0,2.7,2.922454,Production Recipes,1,
Server2,7A86AFCF-3D3B-4C7C-A222-B3059E858DE2,9EB5AAF9-4EC2-4BC1-B78F-A2C697BCE705,4,BROILER GROWER605 1,BROILER GROWER,2026-07-23 01:29:09.600,2026-07-23 02:13:45.330,2026-07-23 02:14:49.460,4500.0,Limestone,113,100.0,55.485,66.52197,Production Recipes,1,
Server2,7A86AFCF-3D3B-4C7C-A222-B3059E858DE2,9EB5AAF9-4EC2-4BC1-B78F-A2C697BCE705,4,BROILER GROWER605 1,BROILER GROWER,2026-07-23 01:29:09.600,2026-07-23 02:13:45.330,2026-07-23 02:14:49.460,4500.0,LYSOFORTE DRY,30,100.0,0.9,1.090856,Production Recipes,1,
Server2,7A86AFCF-3D3B-4C7C-A222-B3059E858DE2,9EB5AAF9-4EC2-4BC1-B78F-A2C697BCE705,4,BROILER GROWER605 1,BROILER GROWER,2026-07-23 01:29:09.600,2026-07-23 02:13:45.330,2026-07-23 02:14:49.460,4500.0,Maize,100,100.0,2679.705,2686.343,Production Recipes,4,
Server2,7A86AFCF-3D3B-4C7C-A222-B3059E858DE2,9EB5AAF9-4EC2-4BC1-B78F-A2C697BCE705,4,BROILER GROWER605 1,BROILER GROWER,2026-07-23 01:29:09.600,2026-07-23 02:13:45.330,2026-07-23 02:14:49.460,4500.0,Methionine,12,100.0,10.62,10.70602,Production Recipes,1,
Server2,7A86AFCF-3D3B-4C7C-A222-B3059E858DE2,9EB5AAF9-4EC2-4BC1-B78F-A2C697BCE705,4,BROILER GROWER605 1,BROILER GROWER,2026-07-23 01:29:09.600,2026-07-23 02:13:45.330,2026-07-23 02:14:49.460,4500.0,Monocalcium Phos,204,100.0,38.745,39.20718,Production Recipes,1,
Server2,7A86AFCF-3D3B-4C7C-A222-B3059E858DE2,9EB5AAF9-4EC2-4BC1-B78F-A2C697BCE705,4,BROILER GROWER605 1,BROILER GROWER,2026-07-23 01:29:09.600,2026-07-23 02:13:45.330,2026-07-23 02:14:49.460,4500.0,NOVELA ECL,6,100.0,0.45,0.5396413,Production Recipes,1,
Server2,7A86AFCF-3D3B-4C7C-A222-B3059E858DE2,9EB5AAF9-4EC2-4BC1-B78F-A2C697BCE705,4,BROILER GROWER605 1,BROILER GROWER,2026-07-23 01:29:09.600,2026-07-23 02:13:45.330,2026-07-23 02:14:49.460,4500.0,Provi Oxi Stop,21,100.0,0.45,1.060475,Production Recipes,1,
Server2,7A86AFCF-3D3B-4C7C-A222-B3059E858DE2,9EB5AAF9-4EC2-4BC1-B78F-A2C697BCE705,4,BROILER GROWER605 1,BROILER GROWER,2026-07-23 01:29:09.600,2026-07-23 02:13:45.330,2026-07-23 02:14:49.460,4500.0,Rovabio P10,176,100.0,2.25,3.726852,Production Recipes,1,
Server2,7A86AFCF-3D3B-4C7C-A222-B3059E858DE2,9EB5AAF9-4EC2-4BC1-B78F-A2C697BCE705,4,BROILER GROWER605 1,BROILER GROWER,2026-07-23 01:29:09.600,2026-07-23 02:13:45.330,2026-07-23 02:14:49.460,4500.0,Sacox (500g),91,100.0,2.25,3.287037,Production Recipes,1,
Server2,7A86AFCF-3D3B-4C7C-A222-B3059E858DE2,9EB5AAF9-4EC2-4BC1-B78F-A2C697BCE705,4,BROILER GROWER605 1,BROILER GROWER,2026-07-23 01:29:09.600,2026-07-23 02:13:45.330,2026-07-23 02:14:49.460,4500.0,Salt,202,100.0,12.96,13.16551,Production Recipes,1,
Server2,7A86AFCF-3D3B-4C7C-A222-B3059E858DE2,9EB5AAF9-4EC2-4BC1-B78F-A2C697BCE705,4,BROILER GROWER605 1,BROILER GROWER,2026-07-23 01:29:09.600,2026-07-23 02:13:45.330,2026-07-23 02:14:49.460,4500.0,SOLIS,124,100.0,6.75,7.190392,Production Recipes,1,
Server2,7A86AFCF-3D3B-4C7C-A222-B3059E858DE2,9EB5AAF9-4EC2-4BC1-B78F-A2C697BCE705,4,BROILER GROWER605 1,BROILER GROWER,2026-07-23 01:29:09.600,2026-07-23 02:13:45.330,2026-07-23 02:14:49.460,4500.0,SOUDIOM Bicarbon,35,100.0,8.955,9.114578,Production Recipes,1,
Server2,7A86AFCF-3D3B-4C7C-A222-B3059E858DE2,9EB5AAF9-4EC2-4BC1-B78F-A2C697BCE705,4,BROILER GROWER605 1,BROILER GROWER,2026-07-23 01:29:09.600,2026-07-23 02:13:45.330,2026-07-23 02:14:49.460,4500.0,SOYA-,105,100.0,1619.145,1604.224,Production Recipes,1,
Server2,7A86AFCF-3D3B-4C7C-A222-B3059E858DE2,9EB5AAF9-4EC2-4BC1-B78F-A2C697BCE705,4,BROILER GROWER605 1,BROILER GROWER,2026-07-23 01:29:09.600,2026-07-23 02:13:45.330,2026-07-23 02:14:49.460,4500.0,Soya Oil,210,100.0,37.35,37.75,Production Recipes,10,
Server2,7A86AFCF-3D3B-4C7C-A222-B3059E858DE2,9EB5AAF9-4EC2-4BC1-B78F-A2C697BCE705,4,BROILER GROWER605 1,BROILER GROWER,2026-07-23 01:29:09.600,2026-07-23 02:13:45.330,2026-07-23 02:14:49.460,4500.0,TermiN-8,33,100.0,6.75,0.0,Production Recipes,6,
Server2,1D162C7B-7274-4A13-9346-6AEE75DA48C7,9EB5AAF9-4EC2-4BC1-B78F-A2C697BCE705,4,BROILER GROWER605 2,BROILER GROWER,2026-07-23 01:29:11.577,2026-07-23 02:18:12.830,2026-07-23 02:19:17.250,4500.0,BETAIN HCL,142,100.0,2.25,3.489583,Production Recipes,1,
Server2,1D162C7B-7274-4A13-9346-6AEE75DA48C7,9EB5AAF9-4EC2-4BC1-B78F-A2C697BCE705,4,BROILER GROWER605 2,BROILER GROWER,2026-07-23 01:29:11.577,2026-07-23 02:18:12.830,2026-07-23 02:19:17.250,4500.0,BIOSTRONG 510,140,100.0,0.675,0.7812501,Production Recipes,1,
Server2,1D162C7B-7274-4A13-9346-6AEE75DA48C7,9EB5AAF9-4EC2-4BC1-B78F-A2C697BCE705,4,BROILER GROWER605 2,BROILER GROWER,2026-07-23 01:29:11.577,2026-07-23 02:18:12.830,2026-07-23 02:19:17.250,4500.0,Broiler Mineral Mix,31,100.0,4.05,5.396412,Production Recipes,1,
Server2,1D162C7B-7274-4A13-9346-6AEE75DA48C7,9EB5AAF9-4EC2-4BC1-B78F-A2C697BCE705,4,BROILER GROWER605 2,BROILER GROWER,2026-07-23 01:29:11.577,2026-07-23 02:18:12.830,2026-07-23 02:19:17.250,4500.0,Broiler Starter PX,69,100.0,4.05,5.231482,Production Recipes,1,
Server2,1D162C7B-7274-4A13-9346-6AEE75DA48C7,9EB5AAF9-4EC2-4BC1-B78F-A2C697BCE705,4,BROILER GROWER605 2,BROILER GROWER,2026-07-23 01:29:11.577,2026-07-23 02:18:12.830,2026-07-23 02:19:17.250,4500.0,Choline Chloride 60%,26,100.0,2.7,3.287038,Production Recipes,1,
Server2,1D162C7B-7274-4A13-9346-6AEE75DA48C7,9EB5AAF9-4EC2-4BC1-B78F-A2C697BCE705,4,BROILER GROWER605 2,BROILER GROWER,2026-07-23 01:29:11.577,2026-07-23 02:18:12.830,2026-07-23 02:19:17.250,4500.0,KENZYME PRO,77,100.0,2.7,3.255208,Production Recipes,1,
Server2,1D162C7B-7274-4A13-9346-6AEE75DA48C7,9EB5AAF9-4EC2-4BC1-B78F-A2C697BCE705,4,BROILER GROWER605 2,BROILER GROWER,2026-07-23 01:29:11.577,2026-07-23 02:18:12.830,2026-07-23 02:19:17.250,4500.0,Limestone,113,100.0,55.485,68.17139,Production Recipes,1,
Server2,1D162C7B-7274-4A13-9346-6AEE75DA48C7,9EB5AAF9-4EC2-4BC1-B78F-A2C697BCE705,4,BROILER GROWER605 2,BROILER GROWER,2026-07-23 01:29:11.577,2026-07-23 02:18:12.830,2026-07-23 02:19:17.250,4500.0,LYSOFORTE DRY,30,100.0,0.9,1.009838,Production Recipes,1,
Server2,1D162C7B-7274-4A13-9346-6AEE75DA48C7,9EB5AAF9-4EC2-4BC1-B78F-A2C697BCE705,4,BROILER GROWER605 2,BROILER GROWER,2026-07-23 01:29:11.577,2026-07-23 02:18:12.830,2026-07-23 02:19:17.250,4500.0,Maize,100,100.0,2679.705,2687.934,Production Recipes,4,
Server2,1D162C7B-7274-4A13-9346-6AEE75DA48C7,9EB5AAF9-4EC2-4BC1-B78F-A2C697BCE705,4,BROILER GROWER605 2,BROILER GROWER,2026-07-23 01:29:11.577,2026-07-23 02:18:12.830,2026-07-23 02:19:17.250,4500.0,Methionine,12,100.0,10.62,10.99537,Production Recipes,1,
Server2,1D162C7B-7274-4A13-9346-6AEE75DA48C7,9EB5AAF9-4EC2-4BC1-B78F-A2C697BCE705,4,BROILER GROWER605 2,BROILER GROWER,2026-07-23 01:29:11.577,2026-07-23 02:18:12.830,2026-07-23 02:19:17.250,4500.0,Monocalcium Phos,204,100.0,38.745,39.20717,Production Recipes,1,
Server2,1D162C7B-7274-4A13-9346-6AEE75DA48C7,9EB5AAF9-4EC2-4BC1-B78F-A2C697BCE705,4,BROILER GROWER605 2,BROILER GROWER,2026-07-23 01:29:11.577,2026-07-23 02:18:12.830,2026-07-23 02:19:17.250,4500.0,NOVELA ECL,6,100.0,0.45,0.5208334,Production Recipes,1,
Server2,1D162C7B-7274-4A13-9346-6AEE75DA48C7,9EB5AAF9-4EC2-4BC1-B78F-A2C697BCE705,4,BROILER GROWER605 2,BROILER GROWER,2026-07-23 01:29:11.577,2026-07-23 02:18:12.830,2026-07-23 02:19:17.250,4500.0,Provi Oxi Stop,21,100.0,0.45,0.9215858,Production Recipes,1,
Server2,1D162C7B-7274-4A13-9346-6AEE75DA48C7,9EB5AAF9-4EC2-4BC1-B78F-A2C697BCE705,4,BROILER GROWER605 2,BROILER GROWER,2026-07-23 01:29:11.577,2026-07-23 02:18:12.830,2026-07-23 02:19:17.250,4500.0,Rovabio P10,176,100.0,2.25,2.280092,Production Recipes,1,
Server2,1D162C7B-7274-4A13-9346-6AEE75DA48C7,9EB5AAF9-4EC2-4BC1-B78F-A2C697BCE705,4,BROILER GROWER605 2,BROILER GROWER,2026-07-23 01:29:11.577,2026-07-23 02:18:12.830,2026-07-23 02:19:17.250,4500.0,Sacox (500g),91,100.0,2.25,3.356482,Production Recipes,1,
Server2,1D162C7B-7274-4A13-9346-6AEE75DA48C7,9EB5AAF9-4EC2-4BC1-B78F-A2C697BCE705,4,BROILER GROWER605 2,BROILER GROWER,2026-07-23 01:29:11.577,2026-07-23 02:18:12.830,2026-07-23 02:19:17.250,4500.0,Salt,202,100.0,12.96,14.03357,Production Recipes,1,
Server2,1D162C7B-7274-4A13-9346-6AEE75DA48C7,9EB5AAF9-4EC2-4BC1-B78F-A2C697BCE705,4,BROILER GROWER605 2,BROILER GROWER,2026-07-23 01:29:11.577,2026-07-23 02:18:12.830,2026-07-23 02:19:17.250,4500.0,SOLIS,124,100.0,6.75,7.364005,Production Recipes,1,
Server2,1D162C7B-7274-4A13-9346-6AEE75DA48C7,9EB5AAF9-4EC2-4BC1-B78F-A2C697BCE705,4,BROILER GROWER605 2,BROILER GROWER,2026-07-23 01:29:11.577,2026-07-23 02:18:12.830,2026-07-23 02:19:17.250,4500.0,SOUDIOM Bicarbon,35,100.0,8.955,9.114586,Production Recipes,1,
Server2,1D162C7B-7274-4A13-9346-6AEE75DA48C7,9EB5AAF9-4EC2-4BC1-B78F-A2C697BCE705,4,BROILER GROWER605 2,BROILER GROWER,2026-07-23 01:29:11.577,2026-07-23 02:18:12.830,2026-07-23 02:19:17.250,4500.0,SOYA-,105,100.0,1619.145,1615.77,Production Recipes,1,
Server2,1D162C7B-7274-4A13-9346-6AEE75DA48C7,9EB5AAF9-4EC2-4BC1-B78F-A2C697BCE705,4,BROILER GROWER605 2,BROILER GROWER,2026-07-23 01:29:11.577,2026-07-23 02:18:12.830,2026-07-23 02:19:17.250,4500.0,Soya Oil,210,100.0,37.35,37.75,Production Recipes,10,
Server2,1D162C7B-7274-4A13-9346-6AEE75DA48C7,9EB5AAF9-4EC2-4BC1-B78F-A2C697BCE705,4,BROILER GROWER605 2,BROILER GROWER,2026-07-23 01:29:11.577,2026-07-23 02:18:12.830,2026-07-23 02:19:17.250,4500.0,TermiN-8,33,100.0,6.75,0.0,Production Recipes,6,
Server2,62339818-A6BD-4C9A-94BA-5E4FCE72EC79,9EB5AAF9-4EC2-4BC1-B78F-A2C697BCE705,4,BROILER GROWER605 3,BROILER GROWER,2026-07-23 01:29:17.660,2026-07-23 02:23:21.267,2026-07-23 02:24:25.300,4500.0,BETAIN HCL,142,100.0,2.25,2.991899,Production Recipes,1,
Server2,62339818-A6BD-4C9A-94BA-5E4FCE72EC79,9EB5AAF9-4EC2-4BC1-B78F-A2C697BCE705,4,BROILER GROWER605 3,BROILER GROWER,2026-07-23 01:29:17.660,2026-07-23 02:23:21.267,2026-07-23 02:24:25.300,4500.0,BIOSTRONG 510,140,100.0,0.675,0.8203125,Production Recipes,1,
Server2,62339818-A6BD-4C9A-94BA-5E4FCE72EC79,9EB5AAF9-4EC2-4BC1-B78F-A2C697BCE705,4,BROILER GROWER605 3,BROILER GROWER,2026-07-23 01:29:17.660,2026-07-23 02:23:21.267,2026-07-23 02:24:25.300,4500.0,Broiler Mineral Mix,31,100.0,4.05,5.367476,Production Recipes,1,
Server2,62339818-A6BD-4C9A-94BA-5E4FCE72EC79,9EB5AAF9-4EC2-4BC1-B78F-A2C697BCE705,4,BROILER GROWER605 3,BROILER GROWER,2026-07-23 01:29:17.660,2026-07-23 02:23:21.267,2026-07-23 02:24:25.300,4500.0,Broiler Starter PX,69,100.0,4.05,5.092593,Production Recipes,1,
Server2,62339818-A6BD-4C9A-94BA-5E4FCE72EC79,9EB5AAF9-4EC2-4BC1-B78F-A2C697BCE705,4,BROILER GROWER605 3,BROILER GROWER,2026-07-23 01:29:17.660,2026-07-23 02:23:21.267,2026-07-23 02:24:25.300,4500.0,Choline Chloride 60%,26,100.0,2.7,2.482639,Production Recipes,1,
Server2,62339818-A6BD-4C9A-94BA-5E4FCE72EC79,9EB5AAF9-4EC2-4BC1-B78F-A2C697BCE705,4,BROILER GROWER605 3,BROILER GROWER,2026-07-23 01:29:17.660,2026-07-23 02:23:21.267,2026-07-23 02:24:25.300,4500.0,KENZYME PRO,77,100.0,2.7,3.139468,Production Recipes,1,
Server2,62339818-A6BD-4C9A-94BA-5E4FCE72EC79,9EB5AAF9-4EC2-4BC1-B78F-A2C697BCE705,4,BROILER GROWER605 3,BROILER GROWER,2026-07-23 01:29:17.660,2026-07-23 02:23:21.267,2026-07-23 02:24:25.300,4500.0,Limestone,113,100.0,55.485,63.22339,Production Recipes,1,
Server2,62339818-A6BD-4C9A-94BA-5E4FCE72EC79,9EB5AAF9-4EC2-4BC1-B78F-A2C697BCE705,4,BROILER GROWER605 3,BROILER GROWER,2026-07-23 01:29:17.660,2026-07-23 02:23:21.267,2026-07-23 02:24:25.300,4500.0,LYSOFORTE DRY,30,100.0,0.9,1.20081,Production Recipes,1,
Server2,62339818-A6BD-4C9A-94BA-5E4FCE72EC79,9EB5AAF9-4EC2-4BC1-B78F-A2C697BCE705,4,BROILER GROWER605 3,BROILER GROWER,2026-07-23 01:29:17.660,2026-07-23 02:23:21.267,2026-07-23 02:24:25.300,4500.0,Maize,100,100.0,2679.705,2686.343,Production Recipes,4,
Server2,62339818-A6BD-4C9A-94BA-5E4FCE72EC79,9EB5AAF9-4EC2-4BC1-B78F-A2C697BCE705,4,BROILER GROWER605 3,BROILER GROWER,2026-07-23 01:29:17.660,2026-07-23 02:23:21.267,2026-07-23 02:24:25.300,4500.0,Methionine,12,100.0,10.62,9.982639,Production Recipes,1,
Server2,62339818-A6BD-4C9A-94BA-5E4FCE72EC79,9EB5AAF9-4EC2-4BC1-B78F-A2C697BCE705,4,BROILER GROWER605 3,BROILER GROWER,2026-07-23 01:29:17.660,2026-07-23 02:23:21.267,2026-07-23 02:24:25.300,4500.0,Monocalcium Phos,204,100.0,38.745,39.0625,Production Recipes,1,
Server2,62339818-A6BD-4C9A-94BA-5E4FCE72EC79,9EB5AAF9-4EC2-4BC1-B78F-A2C697BCE705,4,BROILER GROWER605 3,BROILER GROWER,2026-07-23 01:29:17.660,2026-07-23 02:23:21.267,2026-07-23 02:24:25.300,4500.0,NOVELA ECL,6,100.0,0.45,0.4788773,Production Recipes,1,
Server2,62339818-A6BD-4C9A-94BA-5E4FCE72EC79,9EB5AAF9-4EC2-4BC1-B78F-A2C697BCE705,4,BROILER GROWER605 3,BROILER GROWER,2026-07-23 01:29:17.660,2026-07-23 02:23:21.267,2026-07-23 02:24:25.300,4500.0,Provi Oxi Stop,21,100.0,0.45,0.9505208,Production Recipes,1,
Server2,62339818-A6BD-4C9A-94BA-5E4FCE72EC79,9EB5AAF9-4EC2-4BC1-B78F-A2C697BCE705,4,BROILER GROWER605 3,BROILER GROWER,2026-07-23 01:29:17.660,2026-07-23 02:23:21.267,2026-07-23 02:24:25.300,4500.0,Rovabio P10,176,100.0,2.25,2.557869,Production Recipes,1,
Server2,62339818-A6BD-4C9A-94BA-5E4FCE72EC79,9EB5AAF9-4EC2-4BC1-B78F-A2C697BCE705,4,BROILER GROWER605 3,BROILER GROWER,2026-07-23 01:29:17.660,2026-07-23 02:23:21.267,2026-07-23 02:24:25.300,4500.0,Sacox (500g),91,100.0,2.25,4.010417,Production Recipes,1,
Server2,62339818-A6BD-4C9A-94BA-5E4FCE72EC79,9EB5AAF9-4EC2-4BC1-B78F-A2C697BCE705,4,BROILER GROWER605 3,BROILER GROWER,2026-07-23 01:29:17.660,2026-07-23 02:23:21.267,2026-07-23 02:24:25.300,4500.0,Salt,202,100.0,12.96,13.16551,Production Recipes,1,
Server2,62339818-A6BD-4C9A-94BA-5E4FCE72EC79,9EB5AAF9-4EC2-4BC1-B78F-A2C697BCE705,4,BROILER GROWER605 3,BROILER GROWER,2026-07-23 01:29:17.660,2026-07-23 02:23:21.267,2026-07-23 02:24:25.300,4500.0,SOLIS,124,100.0,6.75,7.074652,Production Recipes,1,
Server2,62339818-A6BD-4C9A-94BA-5E4FCE72EC79,9EB5AAF9-4EC2-4BC1-B78F-A2C697BCE705,4,BROILER GROWER605 3,BROILER GROWER,2026-07-23 01:29:17.660,2026-07-23 02:23:21.267,2026-07-23 02:24:25.300,4500.0,SOUDIOM Bicarbon,35,100.0,8.955,9.114578,Production Recipes,1,
Server2,62339818-A6BD-4C9A-94BA-5E4FCE72EC79,9EB5AAF9-4EC2-4BC1-B78F-A2C697BCE705,4,BROILER GROWER605 3,BROILER GROWER,2026-07-23 01:29:17.660,2026-07-23 02:23:21.267,2026-07-23 02:24:25.300,4500.0,SOYA-,105,100.0,1619.145,1621.817,Production Recipes,1,
Server2,62339818-A6BD-4C9A-94BA-5E4FCE72EC79,9EB5AAF9-4EC2-4BC1-B78F-A2C697BCE705,4,BROILER GROWER605 3,BROILER GROWER,2026-07-23 01:29:17.660,2026-07-23 02:23:21.267,2026-07-23 02:24:25.300,4500.0,Soya Oil,210,100.0,37.35,37.75,Production Recipes,10,
Server2,62339818-A6BD-4C9A-94BA-5E4FCE72EC79,9EB5AAF9-4EC2-4BC1-B78F-A2C697BCE705,4,BROILER GROWER605 3,BROILER GROWER,2026-07-23 01:29:17.660,2026-07-23 02:23:21.267,2026-07-23 02:24:25.300,4500.0,TermiN-8,33,100.0,6.75,0.0,Production Recipes,6,
Server2,FFB28B77-D467-49AE-9DBF-FAAC132D9934,9EB5AAF9-4EC2-4BC1-B78F-A2C697BCE705,4,BROILER GROWER605 4,BROILER GROWER,2026-07-23 01:29:19.617,2026-07-23 02:28:03.840,2026-07-23 02:29:08.363,4500.0,BETAIN HCL,142,100.0,2.25,3.721066,Production Recipes,1,
Server2,FFB28B77-D467-49AE-9DBF-FAAC132D9934,9EB5AAF9-4EC2-4BC1-B78F-A2C697BCE705,4,BROILER GROWER605 4,BROILER GROWER,2026-07-23 01:29:19.617,2026-07-23 02:28:03.840,2026-07-23 02:29:08.363,4500.0,BIOSTRONG 510,140,100.0,0.675,0.7798033,Production Recipes,1,
Server2,FFB28B77-D467-49AE-9DBF-FAAC132D9934,9EB5AAF9-4EC2-4BC1-B78F-A2C697BCE705,4,BROILER GROWER605 4,BROILER GROWER,2026-07-23 01:29:19.617,2026-07-23 02:28:03.840,2026-07-23 02:29:08.363,4500.0,Broiler Mineral Mix,31,100.0,4.05,5.83044,Production Recipes,1,
Server2,FFB28B77-D467-49AE-9DBF-FAAC132D9934,9EB5AAF9-4EC2-4BC1-B78F-A2C697BCE705,4,BROILER GROWER605 4,BROILER GROWER,2026-07-23 01:29:19.617,2026-07-23 02:28:03.840,2026-07-23 02:29:08.363,4500.0,Broiler Starter PX,69,100.0,4.05,4.982639,Production Recipes,1,
Server2,FFB28B77-D467-49AE-9DBF-FAAC132D9934,9EB5AAF9-4EC2-4BC1-B78F-A2C697BCE705,4,BROILER GROWER605 4,BROILER GROWER,2026-07-23 01:29:19.617,2026-07-23 02:28:03.840,2026-07-23 02:29:08.363,4500.0,Choline Chloride 60%,26,100.0,2.7,2.511574,Production Recipes,1,
Server2,FFB28B77-D467-49AE-9DBF-FAAC132D9934,9EB5AAF9-4EC2-4BC1-B78F-A2C697BCE705,4,BROILER GROWER605 4,BROILER GROWER,2026-07-23 01:29:19.617,2026-07-23 02:28:03.840,2026-07-23 02:29:08.363,4500.0,KENZYME PRO,77,100.0,2.7,3.081597,Production Recipes,1,
Server2,FFB28B77-D467-49AE-9DBF-FAAC132D9934,9EB5AAF9-4EC2-4BC1-B78F-A2C697BCE705,4,BROILER GROWER605 4,BROILER GROWER,2026-07-23 01:29:19.617,2026-07-23 02:28:03.840,2026-07-23 02:29:08.363,4500.0,Limestone,113,100.0,55.485,65.42236,Production Recipes,1,
Server2,FFB28B77-D467-49AE-9DBF-FAAC132D9934,9EB5AAF9-4EC2-4BC1-B78F-A2C697BCE705,4,BROILER GROWER605 4,BROILER GROWER,2026-07-23 01:29:19.617,2026-07-23 02:28:03.840,2026-07-23 02:29:08.363,4500.0,LYSOFORTE DRY,30,100.0,0.9,0.9085649,Production Recipes,1,
Server2,FFB28B77-D467-49AE-9DBF-FAAC132D9934,9EB5AAF9-4EC2-4BC1-B78F-A2C697BCE705,4,BROILER GROWER605 4,BROILER GROWER,2026-07-23 01:29:19.617,2026-07-23 02:28:03.840,2026-07-23 02:29:08.363,4500.0,Maize,100,100.0,2679.705,2686.343,Production Recipes,4,
Server2,FFB28B77-D467-49AE-9DBF-FAAC132D9934,9EB5AAF9-4EC2-4BC1-B78F-A2C697BCE705,4,BROILER GROWER605 4,BROILER GROWER,2026-07-23 01:29:19.617,2026-07-23 02:28:03.840,2026-07-23 02:29:08.363,4500.0,Methionine,12,100.0,10.62,10.99537,Production Recipes,1,
Server2,FFB28B77-D467-49AE-9DBF-FAAC132D9934,9EB5AAF9-4EC2-4BC1-B78F-A2C697BCE705,4,BROILER GROWER605 4,BROILER GROWER,2026-07-23 01:29:19.617,2026-07-23 02:28:03.840,2026-07-23 02:29:08.363,4500.0,Monocalcium Phos,204,100.0,38.745,39.20717,Production Recipes,1,
Server2,FFB28B77-D467-49AE-9DBF-FAAC132D9934,9EB5AAF9-4EC2-4BC1-B78F-A2C697BCE705,4,BROILER GROWER605 4,BROILER GROWER,2026-07-23 01:29:19.617,2026-07-23 02:28:03.840,2026-07-23 02:29:08.363,4500.0,NOVELA ECL,6,100.0,0.45,0.510706,Production Recipes,1,
Server2,FFB28B77-D467-49AE-9DBF-FAAC132D9934,9EB5AAF9-4EC2-4BC1-B78F-A2C697BCE705,4,BROILER GROWER605 4,BROILER GROWER,2026-07-23 01:29:19.617,2026-07-23 02:28:03.840,2026-07-23 02:29:08.363,4500.0,Provi Oxi Stop,21,100.0,0.45,0.5888312,Production Recipes,1,
Server2,FFB28B77-D467-49AE-9DBF-FAAC132D9934,9EB5AAF9-4EC2-4BC1-B78F-A2C697BCE705,4,BROILER GROWER605 4,BROILER GROWER,2026-07-23 01:29:19.617,2026-07-23 02:28:03.840,2026-07-23 02:29:08.363,4500.0,Rovabio P10,176,100.0,2.25,3.125,Production Recipes,1,
Server2,FFB28B77-D467-49AE-9DBF-FAAC132D9934,9EB5AAF9-4EC2-4BC1-B78F-A2C697BCE705,4,BROILER GROWER605 4,BROILER GROWER,2026-07-23 01:29:19.617,2026-07-23 02:28:03.840,2026-07-23 02:29:08.363,4500.0,Sacox (500g),91,100.0,2.25,3.287037,Production Recipes,1,
Server2,FFB28B77-D467-49AE-9DBF-FAAC132D9934,9EB5AAF9-4EC2-4BC1-B78F-A2C697BCE705,4,BROILER GROWER605 4,BROILER GROWER,2026-07-23 01:29:19.617,2026-07-23 02:28:03.840,2026-07-23 02:29:08.363,4500.0,Salt,202,100.0,12.96,13.16551,Production Recipes,1,
Server2,FFB28B77-D467-49AE-9DBF-FAAC132D9934,9EB5AAF9-4EC2-4BC1-B78F-A2C697BCE705,4,BROILER GROWER605 4,BROILER GROWER,2026-07-23 01:29:19.617,2026-07-23 02:28:03.840,2026-07-23 02:29:08.363,4500.0,SOLIS,124,100.0,6.75,7.508679,Production Recipes,1,
Server2,FFB28B77-D467-49AE-9DBF-FAAC132D9934,9EB5AAF9-4EC2-4BC1-B78F-A2C697BCE705,4,BROILER GROWER605 4,BROILER GROWER,2026-07-23 01:29:19.617,2026-07-23 02:28:03.840,2026-07-23 02:29:08.363,4500.0,SOUDIOM Bicarbon,35,100.0,8.955,9.114586,Production Recipes,1,
Server2,FFB28B77-D467-49AE-9DBF-FAAC132D9934,9EB5AAF9-4EC2-4BC1-B78F-A2C697BCE705,4,BROILER GROWER605 4,BROILER GROWER,2026-07-23 01:29:19.617,2026-07-23 02:28:03.840,2026-07-23 02:29:08.363,4500.0,SOYA-,105,100.0,1619.145,1615.22,Production Recipes,1,
Server2,FFB28B77-D467-49AE-9DBF-FAAC132D9934,9EB5AAF9-4EC2-4BC1-B78F-A2C697BCE705,4,BROILER GROWER605 4,BROILER GROWER,2026-07-23 01:29:19.617,2026-07-23 02:28:03.840,2026-07-23 02:29:08.363,4500.0,Soya Oil,210,100.0,37.35,37.75,Production Recipes,10,
Server2,FFB28B77-D467-49AE-9DBF-FAAC132D9934,9EB5AAF9-4EC2-4BC1-B78F-A2C697BCE705,4,BROILER GROWER605 4,BROILER GROWER,2026-07-23 01:29:19.617,2026-07-23 02:28:03.840,2026-07-23 02:29:08.363,4500.0,TermiN-8,33,100.0,6.75,0.0,Production Recipes,6,
Server2,E3E52125-6E74-468E-AD2A-B245D16B6FEC,9EB5AAF9-4EC2-4BC1-B78F-A2C697BCE705,4,BROILER GROWER605 5,BROILER GROWER,2026-07-23 01:29:25.707,2026-07-23 02:32:21.723,2026-07-23 02:33:25.160,4500.0,BETAIN HCL,142,100.0,2.25,3.078704,Production Recipes,1,
Server2,E3E52125-6E74-468E-AD2A-B245D16B6FEC,9EB5AAF9-4EC2-4BC1-B78F-A2C697BCE705,4,BROILER GROWER605 5,BROILER GROWER,2026-07-23 01:29:25.707,2026-07-23 02:32:21.723,2026-07-23 02:33:25.160,4500.0,BIOSTRONG 510,140,100.0,0.675,0.7392941,Production Recipes,1,
Server2,E3E52125-6E74-468E-AD2A-B245D16B6FEC,9EB5AAF9-4EC2-4BC1-B78F-A2C697BCE705,4,BROILER GROWER605 5,BROILER GROWER,2026-07-23 01:29:25.707,2026-07-23 02:32:21.723,2026-07-23 02:33:25.160,4500.0,Broiler Mineral Mix,31,100.0,4.05,5.266204,Production Recipes,1,
Server2,E3E52125-6E74-468E-AD2A-B245D16B6FEC,9EB5AAF9-4EC2-4BC1-B78F-A2C697BCE705,4,BROILER GROWER605 5,BROILER GROWER,2026-07-23 01:29:25.707,2026-07-23 02:32:21.723,2026-07-23 02:33:25.160,4500.0,Broiler Starter PX,69,100.0,4.05,6.585649,Production Recipes,1,
Server2,E3E52125-6E74-468E-AD2A-B245D16B6FEC,9EB5AAF9-4EC2-4BC1-B78F-A2C697BCE705,4,BROILER GROWER605 5,BROILER GROWER,2026-07-23 01:29:25.707,2026-07-23 02:32:21.723,2026-07-23 02:33:25.160,4500.0,Choline Chloride 60%,26,100.0,2.7,2.800927,Production Recipes,1,
Server2,E3E52125-6E74-468E-AD2A-B245D16B6FEC,9EB5AAF9-4EC2-4BC1-B78F-A2C697BCE705,4,BROILER GROWER605 5,BROILER GROWER,2026-07-23 01:29:25.707,2026-07-23 02:32:21.723,2026-07-23 02:33:25.160,4500.0,KENZYME PRO,77,100.0,2.7,3.443287,Production Recipes,1,
Server2,E3E52125-6E74-468E-AD2A-B245D16B6FEC,9EB5AAF9-4EC2-4BC1-B78F-A2C697BCE705,4,BROILER GROWER605 5,BROILER GROWER,2026-07-23 01:29:25.707,2026-07-23 02:32:21.723,2026-07-23 02:33:25.160,4500.0,Limestone,113,100.0,55.485,66.52197,Production Recipes,1,
Server2,E3E52125-6E74-468E-AD2A-B245D16B6FEC,9EB5AAF9-4EC2-4BC1-B78F-A2C697BCE705,4,BROILER GROWER605 5,BROILER GROWER,2026-07-23 01:29:25.707,2026-07-23 02:32:21.723,2026-07-23 02:33:25.160,4500.0,LYSOFORTE DRY,30,100.0,0.9,0.8304399,Production Recipes,1,
Server2,E3E52125-6E74-468E-AD2A-B245D16B6FEC,9EB5AAF9-4EC2-4BC1-B78F-A2C697BCE705,4,BROILER GROWER605 5,BROILER GROWER,2026-07-23 01:29:25.707,2026-07-23 02:32:21.723,2026-07-23 02:33:25.160,4500.0,Maize,100,100.0,2679.705,2675.203,Production Recipes,4,
Server2,E3E52125-6E74-468E-AD2A-B245D16B6FEC,9EB5AAF9-4EC2-4BC1-B78F-A2C697BCE705,4,BROILER GROWER605 5,BROILER GROWER,2026-07-23 01:29:25.707,2026-07-23 02:32:21.723,2026-07-23 02:33:25.160,4500.0,Methionine,12,100.0,10.62,10.99537,Production Recipes,1,
Server2,E3E52125-6E74-468E-AD2A-B245D16B6FEC,9EB5AAF9-4EC2-4BC1-B78F-A2C697BCE705,4,BROILER GROWER605 5,BROILER GROWER,2026-07-23 01:29:25.707,2026-07-23 02:32:21.723,2026-07-23 02:33:25.160,4500.0,Monocalcium Phos,204,100.0,38.745,39.20718,Production Recipes,1,
Server2,E3E52125-6E74-468E-AD2A-B245D16B6FEC,9EB5AAF9-4EC2-4BC1-B78F-A2C697BCE705,4,BROILER GROWER605 5,BROILER GROWER,2026-07-23 01:29:25.707,2026-07-23 02:32:21.723,2026-07-23 02:33:25.160,4500.0,NOVELA ECL,6,100.0,0.45,0.541088,Production Recipes,1,
Server2,E3E52125-6E74-468E-AD2A-B245D16B6FEC,9EB5AAF9-4EC2-4BC1-B78F-A2C697BCE705,4,BROILER GROWER605 5,BROILER GROWER,2026-07-23 01:29:25.707,2026-07-23 02:32:21.723,2026-07-23 02:33:25.160,4500.0,Provi Oxi Stop,21,100.0,0.45,0.9013309,Production Recipes,1,
Server2,E3E52125-6E74-468E-AD2A-B245D16B6FEC,9EB5AAF9-4EC2-4BC1-B78F-A2C697BCE705,4,BROILER GROWER605 5,BROILER GROWER,2026-07-23 01:29:25.707,2026-07-23 02:32:21.723,2026-07-23 02:33:25.160,4500.0,Rovabio P10,176,100.0,2.25,1.840277,Production Recipes,1,
Server2,E3E52125-6E74-468E-AD2A-B245D16B6FEC,9EB5AAF9-4EC2-4BC1-B78F-A2C697BCE705,4,BROILER GROWER605 5,BROILER GROWER,2026-07-23 01:29:25.707,2026-07-23 02:32:21.723,2026-07-23 02:33:25.160,4500.0,Sacox (500g),91,100.0,2.25,3.321759,Production Recipes,1,
Server2,E3E52125-6E74-468E-AD2A-B245D16B6FEC,9EB5AAF9-4EC2-4BC1-B78F-A2C697BCE705,4,BROILER GROWER605 5,BROILER GROWER,2026-07-23 01:29:25.707,2026-07-23 02:32:21.723,2026-07-23 02:33:25.160,4500.0,Salt,202,100.0,12.96,18.08449,Production Recipes,1,
Server2,E3E52125-6E74-468E-AD2A-B245D16B6FEC,9EB5AAF9-4EC2-4BC1-B78F-A2C697BCE705,4,BROILER GROWER605 5,BROILER GROWER,2026-07-23 01:29:25.707,2026-07-23 02:32:21.723,2026-07-23 02:33:25.160,4500.0,SOLIS,124,100.0,6.75,7.103588,Production Recipes,1,
Server2,E3E52125-6E74-468E-AD2A-B245D16B6FEC,9EB5AAF9-4EC2-4BC1-B78F-A2C697BCE705,4,BROILER GROWER605 5,BROILER GROWER,2026-07-23 01:29:25.707,2026-07-23 02:32:21.723,2026-07-23 02:33:25.160,4500.0,SOUDIOM Bicarbon,35,100.0,8.955,8.96991,Production Recipes,1,
Server2,E3E52125-6E74-468E-AD2A-B245D16B6FEC,9EB5AAF9-4EC2-4BC1-B78F-A2C697BCE705,4,BROILER GROWER605 5,BROILER GROWER,2026-07-23 01:29:25.707,2026-07-23 02:32:21.723,2026-07-23 02:33:25.160,4500.0,SOYA-,105,100.0,1619.145,1619.068,Production Recipes,1,
Server2,E3E52125-6E74-468E-AD2A-B245D16B6FEC,9EB5AAF9-4EC2-4BC1-B78F-A2C697BCE705,4,BROILER GROWER605 5,BROILER GROWER,2026-07-23 01:29:25.707,2026-07-23 02:32:21.723,2026-07-23 02:33:25.160,4500.0,Soya Oil,210,100.0,37.35,37.75,Production Recipes,10,
Server2,E3E52125-6E74-468E-AD2A-B245D16B6FEC,9EB5AAF9-4EC2-4BC1-B78F-A2C697BCE705,4,BROILER GROWER605 5,BROILER GROWER,2026-07-23 01:29:25.707,2026-07-23 02:32:21.723,2026-07-23 02:33:25.160,4500.0,TermiN-8,33,100.0,6.75,0.0,Production Recipes,6,
Server2,773491E0-201E-4B43-99C5-A85D1369A04F,9EB5AAF9-4EC2-4BC1-B78F-A2C697BCE705,4,BROILER GROWER605 6,BROILER GROWER,2026-07-23 01:29:27.717,2026-07-23 02:47:45.833,2026-07-23 02:48:51.693,4500.0,BETAIN HCL,142,100.0,2.25,3.553242,Production Recipes,1,
Server2,773491E0-201E-4B43-99C5-A85D1369A04F,9EB5AAF9-4EC2-4BC1-B78F-A2C697BCE705,4,BROILER GROWER605 6,BROILER GROWER,2026-07-23 01:29:27.717,2026-07-23 02:47:45.833,2026-07-23 02:48:51.693,4500.0,BIOSTRONG 510,140,100.0,0.675,0.7913773,Production Recipes,1,
Server2,773491E0-201E-4B43-99C5-A85D1369A04F,9EB5AAF9-4EC2-4BC1-B78F-A2C697BCE705,4,BROILER GROWER605 6,BROILER GROWER,2026-07-23 01:29:27.717,2026-07-23 02:47:45.833,2026-07-23 02:48:51.693,4500.0,Broiler Mineral Mix,31,100.0,4.05,5.902778,Production Recipes,1,
Server2,773491E0-201E-4B43-99C5-A85D1369A04F,9EB5AAF9-4EC2-4BC1-B78F-A2C697BCE705,4,BROILER GROWER605 6,BROILER GROWER,2026-07-23 01:29:27.717,2026-07-23 02:47:45.833,2026-07-23 02:48:51.693,4500.0,Broiler Starter PX,69,100.0,4.05,4.988426,Production Recipes,1,
Server2,773491E0-201E-4B43-99C5-A85D1369A04F,9EB5AAF9-4EC2-4BC1-B78F-A2C697BCE705,4,BROILER GROWER605 6,BROILER GROWER,2026-07-23 01:29:27.717,2026-07-23 02:47:45.833,2026-07-23 02:48:51.693,4500.0,Choline Chloride 60%,26,100.0,2.7,3.038195,Production Recipes,1,
Server2,773491E0-201E-4B43-99C5-A85D1369A04F,9EB5AAF9-4EC2-4BC1-B78F-A2C697BCE705,4,BROILER GROWER605 6,BROILER GROWER,2026-07-23 01:29:27.717,2026-07-23 02:47:45.833,2026-07-23 02:48:51.693,4500.0,KENZYME PRO,77,100.0,2.7,3.009259,Production Recipes,1,
Server2,773491E0-201E-4B43-99C5-A85D1369A04F,9EB5AAF9-4EC2-4BC1-B78F-A2C697BCE705,4,BROILER GROWER605 6,BROILER GROWER,2026-07-23 01:29:27.717,2026-07-23 02:47:45.833,2026-07-23 02:48:51.693,4500.0,Limestone,113,100.0,55.485,68.17126,Production Recipes,1,
Server2,773491E0-201E-4B43-99C5-A85D1369A04F,9EB5AAF9-4EC2-4BC1-B78F-A2C697BCE705,4,BROILER GROWER605 6,BROILER GROWER,2026-07-23 01:29:27.717,2026-07-23 02:47:45.833,2026-07-23 02:48:51.693,4500.0,LYSOFORTE DRY,30,100.0,0.9,0.8709491,Production Recipes,1,
Server2,773491E0-201E-4B43-99C5-A85D1369A04F,9EB5AAF9-4EC2-4BC1-B78F-A2C697BCE705,4,BROILER GROWER605 6,BROILER GROWER,2026-07-23 01:29:27.717,2026-07-23 02:47:45.833,2026-07-23 02:48:51.693,4500.0,Maize,100,100.0,2679.705,2675.202,Production Recipes,4,
Server2,773491E0-201E-4B43-99C5-A85D1369A04F,9EB5AAF9-4EC2-4BC1-B78F-A2C697BCE705,4,BROILER GROWER605 6,BROILER GROWER,2026-07-23 01:29:27.717,2026-07-23 02:47:45.833,2026-07-23 02:48:51.693,4500.0,Methionine,12,100.0,10.62,10.99537,Production Recipes,1,
Server2,773491E0-201E-4B43-99C5-A85D1369A04F,9EB5AAF9-4EC2-4BC1-B78F-A2C697BCE705,4,BROILER GROWER605 6,BROILER GROWER,2026-07-23 01:29:27.717,2026-07-23 02:47:45.833,2026-07-23 02:48:51.693,4500.0,Monocalcium Phos,204,100.0,38.745,39.20717,Production Recipes,1,
Server2,773491E0-201E-4B43-99C5-A85D1369A04F,9EB5AAF9-4EC2-4BC1-B78F-A2C697BCE705,4,BROILER GROWER605 6,BROILER GROWER,2026-07-23 01:29:27.717,2026-07-23 02:47:45.833,2026-07-23 02:48:51.693,4500.0,NOVELA ECL,6,100.0,0.45,0.5193866,Production Recipes,1,
Server2,773491E0-201E-4B43-99C5-A85D1369A04F,9EB5AAF9-4EC2-4BC1-B78F-A2C697BCE705,4,BROILER GROWER605 6,BROILER GROWER,2026-07-23 01:29:27.717,2026-07-23 02:47:45.833,2026-07-23 02:48:51.693,4500.0,Provi Oxi Stop,21,100.0,0.45,0.8622684,Production Recipes,1,
Server2,773491E0-201E-4B43-99C5-A85D1369A04F,9EB5AAF9-4EC2-4BC1-B78F-A2C697BCE705,4,BROILER GROWER605 6,BROILER GROWER,2026-07-23 01:29:27.717,2026-07-23 02:47:45.833,2026-07-23 02:48:51.693,4500.0,Rovabio P10,176,100.0,2.25,2.847221,Production Recipes,1,
Server2,773491E0-201E-4B43-99C5-A85D1369A04F,9EB5AAF9-4EC2-4BC1-B78F-A2C697BCE705,4,BROILER GROWER605 6,BROILER GROWER,2026-07-23 01:29:27.717,2026-07-23 02:47:45.833,2026-07-23 02:48:51.693,4500.0,Sacox (500g),91,100.0,2.25,3.119213,Production Recipes,1,
Server2,773491E0-201E-4B43-99C5-A85D1369A04F,9EB5AAF9-4EC2-4BC1-B78F-A2C697BCE705,4,BROILER GROWER605 6,BROILER GROWER,2026-07-23 01:29:27.717,2026-07-23 02:47:45.833,2026-07-23 02:48:51.693,4500.0,Salt,202,100.0,12.96,13.16551,Production Recipes,1,
Server2,773491E0-201E-4B43-99C5-A85D1369A04F,9EB5AAF9-4EC2-4BC1-B78F-A2C697BCE705,4,BROILER GROWER605 6,BROILER GROWER,2026-07-23 01:29:27.717,2026-07-23 02:47:45.833,2026-07-23 02:48:51.693,4500.0,SOLIS,124,100.0,6.75,9.215857,Production Recipes,1,
Server2,773491E0-201E-4B43-99C5-A85D1369A04F,9EB5AAF9-4EC2-4BC1-B78F-A2C697BCE705,4,BROILER GROWER605 6,BROILER GROWER,2026-07-23 01:29:27.717,2026-07-23 02:47:45.833,2026-07-23 02:48:51.693,4500.0,SOUDIOM Bicarbon,35,100.0,8.955,8.101852,Production Recipes,1,
Server2,773491E0-201E-4B43-99C5-A85D1369A04F,9EB5AAF9-4EC2-4BC1-B78F-A2C697BCE705,4,BROILER GROWER605 6,BROILER GROWER,2026-07-23 01:29:27.717,2026-07-23 02:47:45.833,2026-07-23 02:48:51.693,4500.0,SOYA-,105,100.0,1619.145,1615.77,Production Recipes,1,
Server2,773491E0-201E-4B43-99C5-A85D1369A04F,9EB5AAF9-4EC2-4BC1-B78F-A2C697BCE705,4,BROILER GROWER605 6,BROILER GROWER,2026-07-23 01:29:27.717,2026-07-23 02:47:45.833,2026-07-23 02:48:51.693,4500.0,Soya Oil,210,100.0,37.35,37.75,Production Recipes,10,
Server2,773491E0-201E-4B43-99C5-A85D1369A04F,9EB5AAF9-4EC2-4BC1-B78F-A2C697BCE705,4,BROILER GROWER605 6,BROILER GROWER,2026-07-23 01:29:27.717,2026-07-23 02:47:45.833,2026-07-23 02:48:51.693,4500.0,TermiN-8,33,100.0,6.75,0.0,Production Recipes,6,
Server2,1DADBEE0-DD7A-41A1-9160-BDB72B051644,9EB5AAF9-4EC2-4BC1-B78F-A2C697BCE705,4,BROILER GROWER602 1,BROILER GROWER,2026-07-23 01:55:42.940,2026-07-23 02:53:57.633,2026-07-23 02:55:01.343,4500.0,BETAIN HCL,142,100.0,2.25,2.818287,Production Recipes,1,
Server2,1DADBEE0-DD7A-41A1-9160-BDB72B051644,9EB5AAF9-4EC2-4BC1-B78F-A2C697BCE705,4,BROILER GROWER602 1,BROILER GROWER,2026-07-23 01:55:42.940,2026-07-23 02:53:57.633,2026-07-23 02:55:01.343,4500.0,BIOSTRONG 510,140,100.0,0.675,0.691551,Production Recipes,1,
Server2,1DADBEE0-DD7A-41A1-9160-BDB72B051644,9EB5AAF9-4EC2-4BC1-B78F-A2C697BCE705,4,BROILER GROWER602 1,BROILER GROWER,2026-07-23 01:55:42.940,2026-07-23 02:53:57.633,2026-07-23 02:55:01.343,4500.0,Broiler Mineral Mix,31,100.0,4.05,5.512153,Production Recipes,1,
Server2,1DADBEE0-DD7A-41A1-9160-BDB72B051644,9EB5AAF9-4EC2-4BC1-B78F-A2C697BCE705,4,BROILER GROWER602 1,BROILER GROWER,2026-07-23 01:55:42.940,2026-07-23 02:53:57.633,2026-07-23 02:55:01.343,4500.0,Broiler Starter PX,69,100.0,4.05,5.324075,Production Recipes,1,
Server2,1DADBEE0-DD7A-41A1-9160-BDB72B051644,9EB5AAF9-4EC2-4BC1-B78F-A2C697BCE705,4,BROILER GROWER602 1,BROILER GROWER,2026-07-23 01:55:42.940,2026-07-23 02:53:57.633,2026-07-23 02:55:01.343,4500.0,Choline Chloride 60%,26,100.0,2.7,2.824074,Production Recipes,1,
Server2,1DADBEE0-DD7A-41A1-9160-BDB72B051644,9EB5AAF9-4EC2-4BC1-B78F-A2C697BCE705,4,BROILER GROWER602 1,BROILER GROWER,2026-07-23 01:55:42.940,2026-07-23 02:53:57.633,2026-07-23 02:55:01.343,4500.0,KENZYME PRO,77,100.0,2.7,3.42882,Production Recipes,1,
Server2,1DADBEE0-DD7A-41A1-9160-BDB72B051644,9EB5AAF9-4EC2-4BC1-B78F-A2C697BCE705,4,BROILER GROWER602 1,BROILER GROWER,2026-07-23 01:55:42.940,2026-07-23 02:53:57.633,2026-07-23 02:55:01.343,4500.0,Limestone,113,100.0,55.485,62.1239,Production Recipes,1,
Server2,1DADBEE0-DD7A-41A1-9160-BDB72B051644,9EB5AAF9-4EC2-4BC1-B78F-A2C697BCE705,4,BROILER GROWER602 1,BROILER GROWER,2026-07-23 01:55:42.940,2026-07-23 02:53:57.633,2026-07-23 02:55:01.343,4500.0,LYSOFORTE DRY,30,100.0,0.9,0.9809029,Production Recipes,1,
Server2,1DADBEE0-DD7A-41A1-9160-BDB72B051644,9EB5AAF9-4EC2-4BC1-B78F-A2C697BCE705,4,BROILER GROWER602 1,BROILER GROWER,2026-07-23 01:55:42.940,2026-07-23 02:53:57.633,2026-07-23 02:55:01.343,4500.0,Maize,100,100.0,2679.705,2683.16,Production Recipes,4,
Server2,1DADBEE0-DD7A-41A1-9160-BDB72B051644,9EB5AAF9-4EC2-4BC1-B78F-A2C697BCE705,4,BROILER GROWER602 1,BROILER GROWER,2026-07-23 01:55:42.940,2026-07-23 02:53:57.633,2026-07-23 02:55:01.343,4500.0,Methionine,12,100.0,10.62,10.99537,Production Recipes,1,
Server2,1DADBEE0-DD7A-41A1-9160-BDB72B051644,9EB5AAF9-4EC2-4BC1-B78F-A2C697BCE705,4,BROILER GROWER602 1,BROILER GROWER,2026-07-23 01:55:42.940,2026-07-23 02:53:57.633,2026-07-23 02:55:01.343,4500.0,Monocalcium Phos,204,100.0,38.745,39.0625,Production Recipes,1,
Server2,1DADBEE0-DD7A-41A1-9160-BDB72B051644,9EB5AAF9-4EC2-4BC1-B78F-A2C697BCE705,4,BROILER GROWER602 1,BROILER GROWER,2026-07-23 01:55:42.940,2026-07-23 02:53:57.633,2026-07-23 02:55:01.343,4500.0,NOVELA ECL,6,100.0,0.45,1.150174,Production Recipes,1,
Server2,1DADBEE0-DD7A-41A1-9160-BDB72B051644,9EB5AAF9-4EC2-4BC1-B78F-A2C697BCE705,4,BROILER GROWER602 1,BROILER GROWER,2026-07-23 01:55:42.940,2026-07-23 02:53:57.633,2026-07-23 02:55:01.343,4500.0,Provi Oxi Stop,21,100.0,0.45,1.031539,Production Recipes,1,
Server2,1DADBEE0-DD7A-41A1-9160-BDB72B051644,9EB5AAF9-4EC2-4BC1-B78F-A2C697BCE705,4,BROILER GROWER602 1,BROILER GROWER,2026-07-23 01:55:42.940,2026-07-23 02:53:57.633,2026-07-23 02:55:01.343,4500.0,Rovabio P10,176,100.0,2.25,3.657408,Production Recipes,1,
Server2,1DADBEE0-DD7A-41A1-9160-BDB72B051644,9EB5AAF9-4EC2-4BC1-B78F-A2C697BCE705,4,BROILER GROWER602 1,BROILER GROWER,2026-07-23 01:55:42.940,2026-07-23 02:53:57.633,2026-07-23 02:55:01.343,4500.0,Sacox (500g),91,100.0,2.25,3.003472,Production Recipes,1,
Server2,1DADBEE0-DD7A-41A1-9160-BDB72B051644,9EB5AAF9-4EC2-4BC1-B78F-A2C697BCE705,4,BROILER GROWER602 1,BROILER GROWER,2026-07-23 01:55:42.940,2026-07-23 02:53:57.633,2026-07-23 02:55:01.343,4500.0,Salt,202,100.0,12.96,13.02083,Production Recipes,1,
Server2,1DADBEE0-DD7A-41A1-9160-BDB72B051644,9EB5AAF9-4EC2-4BC1-B78F-A2C697BCE705,4,BROILER GROWER602 1,BROILER GROWER,2026-07-23 01:55:42.940,2026-07-23 02:53:57.633,2026-07-23 02:55:01.343,4500.0,SOLIS,124,100.0,6.75,7.56655,Production Recipes,1,
Server2,1DADBEE0-DD7A-41A1-9160-BDB72B051644,9EB5AAF9-4EC2-4BC1-B78F-A2C697BCE705,4,BROILER GROWER602 1,BROILER GROWER,2026-07-23 01:55:42.940,2026-07-23 02:53:57.633,2026-07-23 02:55:01.343,4500.0,SOUDIOM Bicarbon,35,100.0,8.955,9.114586,Production Recipes,1,
Server2,1DADBEE0-DD7A-41A1-9160-BDB72B051644,9EB5AAF9-4EC2-4BC1-B78F-A2C697BCE705,4,BROILER GROWER602 1,BROILER GROWER,2026-07-23 01:55:42.940,2026-07-23 02:53:57.633,2026-07-23 02:55:01.343,4500.0,SOYA-,105,100.0,1619.145,1615.22,Production Recipes,1,
Server2,1DADBEE0-DD7A-41A1-9160-BDB72B051644,9EB5AAF9-4EC2-4BC1-B78F-A2C697BCE705,4,BROILER GROWER602 1,BROILER GROWER,2026-07-23 01:55:42.940,2026-07-23 02:53:57.633,2026-07-23 02:55:01.343,4500.0,Soya Oil,210,100.0,37.35,37.5,Production Recipes,10,
Server2,1DADBEE0-DD7A-41A1-9160-BDB72B051644,9EB5AAF9-4EC2-4BC1-B78F-A2C697BCE705,4,BROILER GROWER602 1,BROILER GROWER,2026-07-23 01:55:42.940,2026-07-23 02:53:57.633,2026-07-23 02:55:01.343,4500.0,TermiN-8,33,100.0,6.75,0.0,Production Recipes,6,
Server2,D84021CC-430F-42CB-8844-6BFB9D010EA5,9EB5AAF9-4EC2-4BC1-B78F-A2C697BCE705,4,BROILER GROWER602 2,BROILER GROWER,2026-07-23 01:56:09.940,2026-07-23 02:57:34.117,2026-07-23 02:58:38.257,4500.0,BETAIN HCL,142,100.0,2.25,2.702546,Production Recipes,1,
Server2,D84021CC-430F-42CB-8844-6BFB9D010EA5,9EB5AAF9-4EC2-4BC1-B78F-A2C697BCE705,4,BROILER GROWER602 2,BROILER GROWER,2026-07-23 01:56:09.940,2026-07-23 02:57:34.117,2026-07-23 02:58:38.257,4500.0,BIOSTRONG 510,140,100.0,0.675,0.7609954,Production Recipes,1,
Server2,D84021CC-430F-42CB-8844-6BFB9D010EA5,9EB5AAF9-4EC2-4BC1-B78F-A2C697BCE705,4,BROILER GROWER602 2,BROILER GROWER,2026-07-23 01:56:09.940,2026-07-23 02:57:34.117,2026-07-23 02:58:38.257,4500.0,Broiler Mineral Mix,31,100.0,4.05,5.324074,Production Recipes,1,
Server2,D84021CC-430F-42CB-8844-6BFB9D010EA5,9EB5AAF9-4EC2-4BC1-B78F-A2C697BCE705,4,BROILER GROWER602 2,BROILER GROWER,2026-07-23 01:56:09.940,2026-07-23 02:57:34.117,2026-07-23 02:58:38.257,4500.0,Broiler Starter PX,69,100.0,4.05,5.347222,Production Recipes,1,
Server2,D84021CC-430F-42CB-8844-6BFB9D010EA5,9EB5AAF9-4EC2-4BC1-B78F-A2C697BCE705,4,BROILER GROWER602 2,BROILER GROWER,2026-07-23 01:56:09.940,2026-07-23 02:57:34.117,2026-07-23 02:58:38.257,4500.0,Choline Chloride 60%,26,100.0,2.7,2.731481,Production Recipes,1,
Server2,D84021CC-430F-42CB-8844-6BFB9D010EA5,9EB5AAF9-4EC2-4BC1-B78F-A2C697BCE705,4,BROILER GROWER602 2,BROILER GROWER,2026-07-23 01:56:09.940,2026-07-23 02:57:34.117,2026-07-23 02:58:38.257,4500.0,KENZYME PRO,77,100.0,2.7,3.125,Production Recipes,1,
Server2,D84021CC-430F-42CB-8844-6BFB9D010EA5,9EB5AAF9-4EC2-4BC1-B78F-A2C697BCE705,4,BROILER GROWER602 2,BROILER GROWER,2026-07-23 01:56:09.940,2026-07-23 02:57:34.117,2026-07-23 02:58:38.257,4500.0,Limestone,113,100.0,55.485,58.8252,Production Recipes,1,
Server2,D84021CC-430F-42CB-8844-6BFB9D010EA5,9EB5AAF9-4EC2-4BC1-B78F-A2C697BCE705,4,BROILER GROWER602 2,BROILER GROWER,2026-07-23 01:56:09.940,2026-07-23 02:57:34.117,2026-07-23 02:58:38.257,4500.0,LYSOFORTE DRY,30,100.0,0.9,0.8998843,Production Recipes,1,
Server2,D84021CC-430F-42CB-8844-6BFB9D010EA5,9EB5AAF9-4EC2-4BC1-B78F-A2C697BCE705,4,BROILER GROWER602 2,BROILER GROWER,2026-07-23 01:56:09.940,2026-07-23 02:57:34.117,2026-07-23 02:58:38.257,4500.0,Maize,100,100.0,2679.705,2684.751,Production Recipes,4,
Server2,D84021CC-430F-42CB-8844-6BFB9D010EA5,9EB5AAF9-4EC2-4BC1-B78F-A2C697BCE705,4,BROILER GROWER602 2,BROILER GROWER,2026-07-23 01:56:09.940,2026-07-23 02:57:34.117,2026-07-23 02:58:38.257,4500.0,Methionine,12,100.0,10.62,10.99537,Production Recipes,1,
Server2,D84021CC-430F-42CB-8844-6BFB9D010EA5,9EB5AAF9-4EC2-4BC1-B78F-A2C697BCE705,4,BROILER GROWER602 2,BROILER GROWER,2026-07-23 01:56:09.940,2026-07-23 02:57:34.117,2026-07-23 02:58:38.257,4500.0,Monocalcium Phos,204,100.0,38.745,39.0625,Production Recipes,1,
Server2,D84021CC-430F-42CB-8844-6BFB9D010EA5,9EB5AAF9-4EC2-4BC1-B78F-A2C697BCE705,4,BROILER GROWER602 2,BROILER GROWER,2026-07-23 01:56:09.940,2026-07-23 02:57:34.117,2026-07-23 02:58:38.257,4500.0,NOVELA ECL,6,100.0,0.45,0.5685764,Production Recipes,1,
Server2,D84021CC-430F-42CB-8844-6BFB9D010EA5,9EB5AAF9-4EC2-4BC1-B78F-A2C697BCE705,4,BROILER GROWER602 2,BROILER GROWER,2026-07-23 01:56:09.940,2026-07-23 02:57:34.117,2026-07-23 02:58:38.257,4500.0,Provi Oxi Stop,21,100.0,0.45,0.9215858,Production Recipes,1,
Server2,D84021CC-430F-42CB-8844-6BFB9D010EA5,9EB5AAF9-4EC2-4BC1-B78F-A2C697BCE705,4,BROILER GROWER602 2,BROILER GROWER,2026-07-23 01:56:09.940,2026-07-23 02:57:34.117,2026-07-23 02:58:38.257,4500.0,Rovabio P10,176,100.0,2.25,3.263889,Production Recipes,1,
Server2,D84021CC-430F-42CB-8844-6BFB9D010EA5,9EB5AAF9-4EC2-4BC1-B78F-A2C697BCE705,4,BROILER GROWER602 2,BROILER GROWER,2026-07-23 01:56:09.940,2026-07-23 02:57:34.117,2026-07-23 02:58:38.257,4500.0,Sacox (500g),91,100.0,2.25,3.587964,Production Recipes,1,
Server2,D84021CC-430F-42CB-8844-6BFB9D010EA5,9EB5AAF9-4EC2-4BC1-B78F-A2C697BCE705,4,BROILER GROWER602 2,BROILER GROWER,2026-07-23 01:56:09.940,2026-07-23 02:57:34.117,2026-07-23 02:58:38.257,4500.0,Salt,202,100.0,12.96,13.16551,Production Recipes,1,
Server2,D84021CC-430F-42CB-8844-6BFB9D010EA5,9EB5AAF9-4EC2-4BC1-B78F-A2C697BCE705,4,BROILER GROWER602 2,BROILER GROWER,2026-07-23 01:56:09.940,2026-07-23 02:57:34.117,2026-07-23 02:58:38.257,4500.0,SOLIS,124,100.0,6.75,7.262731,Production Recipes,1,
Server2,D84021CC-430F-42CB-8844-6BFB9D010EA5,9EB5AAF9-4EC2-4BC1-B78F-A2C697BCE705,4,BROILER GROWER602 2,BROILER GROWER,2026-07-23 01:56:09.940,2026-07-23 02:57:34.117,2026-07-23 02:58:38.257,4500.0,SOUDIOM Bicarbon,35,100.0,8.955,9.114586,Production Recipes,1,
Server2,D84021CC-430F-42CB-8844-6BFB9D010EA5,9EB5AAF9-4EC2-4BC1-B78F-A2C697BCE705,4,BROILER GROWER602 2,BROILER GROWER,2026-07-23 01:56:09.940,2026-07-23 02:57:34.117,2026-07-23 02:58:38.257,4500.0,SOYA-,105,100.0,1619.145,1617.969,Production Recipes,1,
Server2,D84021CC-430F-42CB-8844-6BFB9D010EA5,9EB5AAF9-4EC2-4BC1-B78F-A2C697BCE705,4,BROILER GROWER602 2,BROILER GROWER,2026-07-23 01:56:09.940,2026-07-23 02:57:34.117,2026-07-23 02:58:38.257,4500.0,Soya Oil,210,100.0,37.35,37.75,Production Recipes,10,
Server2,D84021CC-430F-42CB-8844-6BFB9D010EA5,9EB5AAF9-4EC2-4BC1-B78F-A2C697BCE705,4,BROILER GROWER602 2,BROILER GROWER,2026-07-23 01:56:09.940,2026-07-23 02:57:34.117,2026-07-23 02:58:38.257,4500.0,TermiN-8,33,100.0,6.75,0.0,Production Recipes,6,
Server2,17D3D12E-46C0-42CB-A44E-B40622CF92F9,9EB5AAF9-4EC2-4BC1-B78F-A2C697BCE705,4,BROILER GROWER602 3,BROILER GROWER,2026-07-23 01:56:11.923,2026-07-23 03:06:56.440,2026-07-23 03:08:00.477,4500.0,BETAIN HCL,142,100.0,2.25,3.443288,Production Recipes,1,
Server2,17D3D12E-46C0-42CB-A44E-B40622CF92F9,9EB5AAF9-4EC2-4BC1-B78F-A2C697BCE705,4,BROILER GROWER602 3,BROILER GROWER,2026-07-23 01:56:11.923,2026-07-23 03:06:56.440,2026-07-23 03:08:00.477,4500.0,BIOSTRONG 510,140,100.0,0.675,0.7306135,Production Recipes,1,
Server2,17D3D12E-46C0-42CB-A44E-B40622CF92F9,9EB5AAF9-4EC2-4BC1-B78F-A2C697BCE705,4,BROILER GROWER602 3,BROILER GROWER,2026-07-23 01:56:11.923,2026-07-23 03:06:56.440,2026-07-23 03:08:00.477,4500.0,Broiler Mineral Mix,31,100.0,4.05,5.10706,Production Recipes,1,
Server2,17D3D12E-46C0-42CB-A44E-B40622CF92F9,9EB5AAF9-4EC2-4BC1-B78F-A2C697BCE705,4,BROILER GROWER602 3,BROILER GROWER,2026-07-23 01:56:11.923,2026-07-23 03:06:56.440,2026-07-23 03:08:00.477,4500.0,Broiler Starter PX,69,100.0,4.05,5.405093,Production Recipes,1,
Server2,17D3D12E-46C0-42CB-A44E-B40622CF92F9,9EB5AAF9-4EC2-4BC1-B78F-A2C697BCE705,4,BROILER GROWER602 3,BROILER GROWER,2026-07-23 01:56:11.923,2026-07-23 03:06:56.440,2026-07-23 03:08:00.477,4500.0,Choline Chloride 60%,26,100.0,2.7,2.488425,Production Recipes,1,
Server2,17D3D12E-46C0-42CB-A44E-B40622CF92F9,9EB5AAF9-4EC2-4BC1-B78F-A2C697BCE705,4,BROILER GROWER602 3,BROILER GROWER,2026-07-23 01:56:11.923,2026-07-23 03:06:56.440,2026-07-23 03:08:00.477,4500.0,KENZYME PRO,77,100.0,2.7,3.211805,Production Recipes,1,
Server2,17D3D12E-46C0-42CB-A44E-B40622CF92F9,9EB5AAF9-4EC2-4BC1-B78F-A2C697BCE705,4,BROILER GROWER602 3,BROILER GROWER,2026-07-23 01:56:11.923,2026-07-23 03:06:56.440,2026-07-23 03:08:00.477,4500.0,Limestone,113,100.0,55.485,63.77307,Production Recipes,1,
Server2,17D3D12E-46C0-42CB-A44E-B40622CF92F9,9EB5AAF9-4EC2-4BC1-B78F-A2C697BCE705,4,BROILER GROWER602 3,BROILER GROWER,2026-07-23 01:56:11.923,2026-07-23 03:06:56.440,2026-07-23 03:08:00.477,4500.0,LYSOFORTE DRY,30,100.0,0.9,0.8998843,Production Recipes,1,
Server2,17D3D12E-46C0-42CB-A44E-B40622CF92F9,9EB5AAF9-4EC2-4BC1-B78F-A2C697BCE705,4,BROILER GROWER602 3,BROILER GROWER,2026-07-23 01:56:11.923,2026-07-23 03:06:56.440,2026-07-23 03:08:00.477,4500.0,Maize,100,100.0,2679.705,2684.751,Production Recipes,4,
Server2,17D3D12E-46C0-42CB-A44E-B40622CF92F9,9EB5AAF9-4EC2-4BC1-B78F-A2C697BCE705,4,BROILER GROWER602 3,BROILER GROWER,2026-07-23 01:56:11.923,2026-07-23 03:06:56.440,2026-07-23 03:08:00.477,4500.0,Methionine,12,100.0,10.62,10.99537,Production Recipes,1,
Server2,17D3D12E-46C0-42CB-A44E-B40622CF92F9,9EB5AAF9-4EC2-4BC1-B78F-A2C697BCE705,4,BROILER GROWER602 3,BROILER GROWER,2026-07-23 01:56:11.923,2026-07-23 03:06:56.440,2026-07-23 03:08:00.477,4500.0,Monocalcium Phos,204,100.0,38.745,39.20718,Production Recipes,1,
Server2,17D3D12E-46C0-42CB-A44E-B40622CF92F9,9EB5AAF9-4EC2-4BC1-B78F-A2C697BCE705,4,BROILER GROWER602 3,BROILER GROWER,2026-07-23 01:56:11.923,2026-07-23 03:06:56.440,2026-07-23 03:08:00.477,4500.0,NOVELA ECL,6,100.0,0.45,0.5497685,Production Recipes,1,
Server2,17D3D12E-46C0-42CB-A44E-B40622CF92F9,9EB5AAF9-4EC2-4BC1-B78F-A2C697BCE705,4,BROILER GROWER602 3,BROILER GROWER,2026-07-23 01:56:11.923,2026-07-23 03:06:56.440,2026-07-23 03:08:00.477,4500.0,Provi Oxi Stop,21,100.0,0.45,0.950521,Production Recipes,1,
Server2,17D3D12E-46C0-42CB-A44E-B40622CF92F9,9EB5AAF9-4EC2-4BC1-B78F-A2C697BCE705,4,BROILER GROWER602 3,BROILER GROWER,2026-07-23 01:56:11.923,2026-07-23 03:06:56.440,2026-07-23 03:08:00.477,4500.0,Rovabio P10,176,100.0,2.25,3.107639,Production Recipes,1,
Server2,17D3D12E-46C0-42CB-A44E-B40622CF92F9,9EB5AAF9-4EC2-4BC1-B78F-A2C697BCE705,4,BROILER GROWER602 3,BROILER GROWER,2026-07-23 01:56:11.923,2026-07-23 03:06:56.440,2026-07-23 03:08:00.477,4500.0,Sacox (500g),91,100.0,2.25,3.177083,Production Recipes,1,
Server2,17D3D12E-46C0-42CB-A44E-B40622CF92F9,9EB5AAF9-4EC2-4BC1-B78F-A2C697BCE705,4,BROILER GROWER602 3,BROILER GROWER,2026-07-23 01:56:11.923,2026-07-23 03:06:56.440,2026-07-23 03:08:00.477,4500.0,Salt,202,100.0,12.96,16.05903,Production Recipes,1,
Server2,17D3D12E-46C0-42CB-A44E-B40622CF92F9,9EB5AAF9-4EC2-4BC1-B78F-A2C697BCE705,4,BROILER GROWER602 3,BROILER GROWER,2026-07-23 01:56:11.923,2026-07-23 03:06:56.440,2026-07-23 03:08:00.477,4500.0,SOLIS,124,100.0,6.75,7.465278,Production Recipes,1,
Server2,17D3D12E-46C0-42CB-A44E-B40622CF92F9,9EB5AAF9-4EC2-4BC1-B78F-A2C697BCE705,4,BROILER GROWER602 3,BROILER GROWER,2026-07-23 01:56:11.923,2026-07-23 03:06:56.440,2026-07-23 03:08:00.477,4500.0,SOUDIOM Bicarbon,35,100.0,8.955,8.969902,Production Recipes,1,
Server2,17D3D12E-46C0-42CB-A44E-B40622CF92F9,9EB5AAF9-4EC2-4BC1-B78F-A2C697BCE705,4,BROILER GROWER602 3,BROILER GROWER,2026-07-23 01:56:11.923,2026-07-23 03:06:56.440,2026-07-23 03:08:00.477,4500.0,SOYA-,105,100.0,1619.145,1619.068,Production Recipes,1,
Server2,17D3D12E-46C0-42CB-A44E-B40622CF92F9,9EB5AAF9-4EC2-4BC1-B78F-A2C697BCE705,4,BROILER GROWER602 3,BROILER GROWER,2026-07-23 01:56:11.923,2026-07-23 03:06:56.440,2026-07-23 03:08:00.477,4500.0,Soya Oil,210,100.0,37.35,37.75,Production Recipes,10,
Server2,17D3D12E-46C0-42CB-A44E-B40622CF92F9,9EB5AAF9-4EC2-4BC1-B78F-A2C697BCE705,4,BROILER GROWER602 3,BROILER GROWER,2026-07-23 01:56:11.923,2026-07-23 03:06:56.440,2026-07-23 03:08:00.477,4500.0,TermiN-8,33,100.0,6.75,0.0,Production Recipes,6,
Server2,8EC3E86F-488B-4702-9BC9-8DB093525AE2,9EB5AAF9-4EC2-4BC1-B78F-A2C697BCE705,4,BROILER STARTER603 1,BROILER STARTER,2026-07-23 01:57:14.437,2026-07-23 03:14:59.833,2026-07-23 03:16:04.087,4500.0,BETAIN HCL,142,100.0,2.25,2.858796,Production Recipes,1,
Server2,8EC3E86F-488B-4702-9BC9-8DB093525AE2,9EB5AAF9-4EC2-4BC1-B78F-A2C697BCE705,4,BROILER STARTER603 1,BROILER STARTER,2026-07-23 01:57:14.437,2026-07-23 03:14:59.833,2026-07-23 03:16:04.087,4500.0,BIOSTRONG 510,140,100.0,0.675,0.6206598,Production Recipes,1,
Server2,8EC3E86F-488B-4702-9BC9-8DB093525AE2,9EB5AAF9-4EC2-4BC1-B78F-A2C697BCE705,4,BROILER STARTER603 1,BROILER STARTER,2026-07-23 01:57:14.437,2026-07-23 03:14:59.833,2026-07-23 03:16:04.087,4500.0,Broiler Mineral Mix,31,100.0,4.5,7.045717,Production Recipes,1,
Server2,8EC3E86F-488B-4702-9BC9-8DB093525AE2,9EB5AAF9-4EC2-4BC1-B78F-A2C697BCE705,4,BROILER STARTER603 1,BROILER STARTER,2026-07-23 01:57:14.437,2026-07-23 03:14:59.833,2026-07-23 03:16:04.087,4500.0,KENZYME PRO,77,100.0,2.7,3.139468,Production Recipes,1,
Server2,8EC3E86F-488B-4702-9BC9-8DB093525AE2,9EB5AAF9-4EC2-4BC1-B78F-A2C697BCE705,4,BROILER STARTER603 1,BROILER STARTER,2026-07-23 01:57:14.437,2026-07-23 03:14:59.833,2026-07-23 03:16:04.087,4500.0,Limestone,113,100.0,65.07,65.97229,Production Recipes,1,
Server2,8EC3E86F-488B-4702-9BC9-8DB093525AE2,9EB5AAF9-4EC2-4BC1-B78F-A2C697BCE705,4,BROILER STARTER603 1,BROILER STARTER,2026-07-23 01:57:14.437,2026-07-23 03:14:59.833,2026-07-23 03:16:04.087,4500.0,LYSOFORTE DRY,30,100.0,0.9,0.8304399,Production Recipes,1,
Server2,8EC3E86F-488B-4702-9BC9-8DB093525AE2,9EB5AAF9-4EC2-4BC1-B78F-A2C697BCE705,4,BROILER STARTER603 1,BROILER STARTER,2026-07-23 01:57:14.437,2026-07-23 03:14:59.833,2026-07-23 03:16:04.087,4500.0,Maize,100,100.0,2688.75,2689.525,Production Recipes,4,
Server2,8EC3E86F-488B-4702-9BC9-8DB093525AE2,9EB5AAF9-4EC2-4BC1-B78F-A2C697BCE705,4,BROILER STARTER603 1,BROILER STARTER,2026-07-23 01:57:14.437,2026-07-23 03:14:59.833,2026-07-23 03:16:04.087,4500.0,Methionine,12,100.0,13.95,14.03356,Production Recipes,1,
Server2,8EC3E86F-488B-4702-9BC9-8DB093525AE2,9EB5AAF9-4EC2-4BC1-B78F-A2C697BCE705,4,BROILER STARTER603 1,BROILER STARTER,2026-07-23 01:57:14.437,2026-07-23 03:14:59.833,2026-07-23 03:16:04.087,4500.0,Monocalcium Phos,204,100.0,42.03,42.24537,Production Recipes,1,
Server2,8EC3E86F-488B-4702-9BC9-8DB093525AE2,9EB5AAF9-4EC2-4BC1-B78F-A2C697BCE705,4,BROILER STARTER603 1,BROILER STARTER,2026-07-23 01:57:14.437,2026-07-23 03:14:59.833,2026-07-23 03:16:04.087,4500.0,NOVELA ECL,6,100.0,0.45,0.5613426,Production Recipes,1,
Server2,8EC3E86F-488B-4702-9BC9-8DB093525AE2,9EB5AAF9-4EC2-4BC1-B78F-A2C697BCE705,4,BROILER STARTER603 1,BROILER STARTER,2026-07-23 01:57:14.437,2026-07-23 03:14:59.833,2026-07-23 03:16:04.087,4500.0,Provi Oxi Stop,21,100.0,0.45,1.310764,Production Recipes,1,
Server2,8EC3E86F-488B-4702-9BC9-8DB093525AE2,9EB5AAF9-4EC2-4BC1-B78F-A2C697BCE705,4,BROILER STARTER603 1,BROILER STARTER,2026-07-23 01:57:14.437,2026-07-23 03:14:59.833,2026-07-23 03:16:04.087,4500.0,Rovabio P10,176,100.0,2.25,2.592593,Production Recipes,1,
Server2,8EC3E86F-488B-4702-9BC9-8DB093525AE2,9EB5AAF9-4EC2-4BC1-B78F-A2C697BCE705,4,BROILER STARTER603 1,BROILER STARTER,2026-07-23 01:57:14.437,2026-07-23 03:14:59.833,2026-07-23 03:16:04.087,4500.0,Sacox (500g),91,100.0,2.25,3.252315,Production Recipes,1,
Server2,8EC3E86F-488B-4702-9BC9-8DB093525AE2,9EB5AAF9-4EC2-4BC1-B78F-A2C697BCE705,4,BROILER STARTER603 1,BROILER STARTER,2026-07-23 01:57:14.437,2026-07-23 03:14:59.833,2026-07-23 03:16:04.087,4500.0,Salt,202,100.0,12.105,12.0081,Production Recipes,1,
Server2,8EC3E86F-488B-4702-9BC9-8DB093525AE2,9EB5AAF9-4EC2-4BC1-B78F-A2C697BCE705,4,BROILER STARTER603 1,BROILER STARTER,2026-07-23 01:57:14.437,2026-07-23 03:14:59.833,2026-07-23 03:16:04.087,4500.0,SOLIS,124,100.0,6.75,7.219328,Production Recipes,1,
Server2,8EC3E86F-488B-4702-9BC9-8DB093525AE2,9EB5AAF9-4EC2-4BC1-B78F-A2C697BCE705,4,BROILER STARTER603 1,BROILER STARTER,2026-07-23 01:57:14.437,2026-07-23 03:14:59.833,2026-07-23 03:16:04.087,4500.0,SOUDIOM Bicarbon,35,100.0,9.81,9.982643,Production Recipes,1,
Server2,8EC3E86F-488B-4702-9BC9-8DB093525AE2,9EB5AAF9-4EC2-4BC1-B78F-A2C697BCE705,4,BROILER STARTER603 1,BROILER STARTER,2026-07-23 01:57:14.437,2026-07-23 03:14:59.833,2026-07-23 03:16:04.087,4500.0,SOYA-,105,100.0,1755.0,1757.61,Production Recipes,1,
Server2,8EC3E86F-488B-4702-9BC9-8DB093525AE2,9EB5AAF9-4EC2-4BC1-B78F-A2C697BCE705,4,BROILER STARTER603 1,BROILER STARTER,2026-07-23 01:57:14.437,2026-07-23 03:14:59.833,2026-07-23 03:16:04.087,4500.0,Soya Oil,210,100.0,14.58,15.0,Production Recipes,10,
Server2,8EC3E86F-488B-4702-9BC9-8DB093525AE2,9EB5AAF9-4EC2-4BC1-B78F-A2C697BCE705,4,BROILER STARTER603 1,BROILER STARTER,2026-07-23 01:57:14.437,2026-07-23 03:14:59.833,2026-07-23 03:16:04.087,4500.0,TermiN-8,33,100.0,6.75,0.0,Production Recipes,6,
Server2,D94A2C0E-25E5-4507-8FE8-E0884F16774D,9EB5AAF9-4EC2-4BC1-B78F-A2C697BCE705,4,BROILER STARTER603 2,BROILER STARTER,2026-07-23 01:57:16.463,2026-07-23 03:18:52.443,2026-07-23 03:19:55.880,4500.0,BETAIN HCL,142,100.0,2.25,2.731481,Production Recipes,1,
Server2,D94A2C0E-25E5-4507-8FE8-E0884F16774D,9EB5AAF9-4EC2-4BC1-B78F-A2C697BCE705,4,BROILER STARTER603 2,BROILER STARTER,2026-07-23 01:57:16.463,2026-07-23 03:18:52.443,2026-07-23 03:19:55.880,4500.0,BIOSTRONG 510,140,100.0,0.675,0.7494213,Production Recipes,1,
Server2,D94A2C0E-25E5-4507-8FE8-E0884F16774D,9EB5AAF9-4EC2-4BC1-B78F-A2C697BCE705,4,BROILER STARTER603 2,BROILER STARTER,2026-07-23 01:57:16.463,2026-07-23 03:18:52.443,2026-07-23 03:19:55.880,4500.0,Broiler Mineral Mix,31,100.0,4.5,6.235533,Production Recipes,1,
Server2,D94A2C0E-25E5-4507-8FE8-E0884F16774D,9EB5AAF9-4EC2-4BC1-B78F-A2C697BCE705,4,BROILER STARTER603 2,BROILER STARTER,2026-07-23 01:57:16.463,2026-07-23 03:18:52.443,2026-07-23 03:19:55.880,4500.0,KENZYME PRO,77,100.0,2.7,3.182871,Production Recipes,1,
Server2,D94A2C0E-25E5-4507-8FE8-E0884F16774D,9EB5AAF9-4EC2-4BC1-B78F-A2C697BCE705,4,BROILER STARTER603 2,BROILER STARTER,2026-07-23 01:57:16.463,2026-07-23 03:18:52.443,2026-07-23 03:19:55.880,4500.0,Limestone,113,100.0,65.07,73.66907,Production Recipes,1,
Server2,D94A2C0E-25E5-4507-8FE8-E0884F16774D,9EB5AAF9-4EC2-4BC1-B78F-A2C697BCE705,4,BROILER STARTER603 2,BROILER STARTER,2026-07-23 01:57:16.463,2026-07-23 03:18:52.443,2026-07-23 03:19:55.880,4500.0,LYSOFORTE DRY,30,100.0,0.9,0.8405672,Production Recipes,1,
Server2,D94A2C0E-25E5-4507-8FE8-E0884F16774D,9EB5AAF9-4EC2-4BC1-B78F-A2C697BCE705,4,BROILER STARTER603 2,BROILER STARTER,2026-07-23 01:57:16.463,2026-07-23 03:18:52.443,2026-07-23 03:19:55.880,4500.0,Maize,100,100.0,2688.75,2684.751,Production Recipes,4,
Server2,D94A2C0E-25E5-4507-8FE8-E0884F16774D,9EB5AAF9-4EC2-4BC1-B78F-A2C697BCE705,4,BROILER STARTER603 2,BROILER STARTER,2026-07-23 01:57:16.463,2026-07-23 03:18:52.443,2026-07-23 03:19:55.880,4500.0,Methionine,12,100.0,13.95,13.88889,Production Recipes,1,
Server2,D94A2C0E-25E5-4507-8FE8-E0884F16774D,9EB5AAF9-4EC2-4BC1-B78F-A2C697BCE705,4,BROILER STARTER603 2,BROILER STARTER,2026-07-23 01:57:16.463,2026-07-23 03:18:52.443,2026-07-23 03:19:55.880,4500.0,Monocalcium Phos,204,100.0,42.03,42.10069,Production Recipes,1,
Server2,D94A2C0E-25E5-4507-8FE8-E0884F16774D,9EB5AAF9-4EC2-4BC1-B78F-A2C697BCE705,4,BROILER STARTER603 2,BROILER STARTER,2026-07-23 01:57:16.463,2026-07-23 03:18:52.443,2026-07-23 03:19:55.880,4500.0,NOVELA ECL,6,100.0,0.45,0.5497686,Production Recipes,1,
Server2,D94A2C0E-25E5-4507-8FE8-E0884F16774D,9EB5AAF9-4EC2-4BC1-B78F-A2C697BCE705,4,BROILER STARTER603 2,BROILER STARTER,2026-07-23 01:57:16.463,2026-07-23 03:18:52.443,2026-07-23 03:19:55.880,4500.0,Provi Oxi Stop,21,100.0,0.45,0.9505208,Production Recipes,1,
Server2,D94A2C0E-25E5-4507-8FE8-E0884F16774D,9EB5AAF9-4EC2-4BC1-B78F-A2C697BCE705,4,BROILER STARTER603 2,BROILER STARTER,2026-07-23 01:57:16.463,2026-07-23 03:18:52.443,2026-07-23 03:19:55.880,4500.0,Rovabio P10,176,100.0,2.25,2.864584,Production Recipes,1,
Server2,D94A2C0E-25E5-4507-8FE8-E0884F16774D,9EB5AAF9-4EC2-4BC1-B78F-A2C697BCE705,4,BROILER STARTER603 2,BROILER STARTER,2026-07-23 01:57:16.463,2026-07-23 03:18:52.443,2026-07-23 03:19:55.880,4500.0,Sacox (500g),91,100.0,2.25,3.634259,Production Recipes,1,
Server2,D94A2C0E-25E5-4507-8FE8-E0884F16774D,9EB5AAF9-4EC2-4BC1-B78F-A2C697BCE705,4,BROILER STARTER603 2,BROILER STARTER,2026-07-23 01:57:16.463,2026-07-23 03:18:52.443,2026-07-23 03:19:55.880,4500.0,Salt,202,100.0,12.105,19.09722,Production Recipes,1,
Server2,D94A2C0E-25E5-4507-8FE8-E0884F16774D,9EB5AAF9-4EC2-4BC1-B78F-A2C697BCE705,4,BROILER STARTER603 2,BROILER STARTER,2026-07-23 01:57:16.463,2026-07-23 03:18:52.443,2026-07-23 03:19:55.880,4500.0,SOLIS,124,100.0,6.75,7.436343,Production Recipes,1,
Server2,D94A2C0E-25E5-4507-8FE8-E0884F16774D,9EB5AAF9-4EC2-4BC1-B78F-A2C697BCE705,4,BROILER STARTER603 2,BROILER STARTER,2026-07-23 01:57:16.463,2026-07-23 03:18:52.443,2026-07-23 03:19:55.880,4500.0,SOUDIOM Bicarbon,35,100.0,9.81,10.12732,Production Recipes,1,
Server2,D94A2C0E-25E5-4507-8FE8-E0884F16774D,9EB5AAF9-4EC2-4BC1-B78F-A2C697BCE705,4,BROILER STARTER603 2,BROILER STARTER,2026-07-23 01:57:16.463,2026-07-23 03:18:52.443,2026-07-23 03:19:55.880,4500.0,SOYA-,105,100.0,1755.0,1753.212,Production Recipes,1,
Server2,D94A2C0E-25E5-4507-8FE8-E0884F16774D,9EB5AAF9-4EC2-4BC1-B78F-A2C697BCE705,4,BROILER STARTER603 2,BROILER STARTER,2026-07-23 01:57:16.463,2026-07-23 03:18:52.443,2026-07-23 03:19:55.880,4500.0,Soya Oil,210,100.0,14.58,15.0,Production Recipes,10,
Server2,D94A2C0E-25E5-4507-8FE8-E0884F16774D,9EB5AAF9-4EC2-4BC1-B78F-A2C697BCE705,4,BROILER STARTER603 2,BROILER STARTER,2026-07-23 01:57:16.463,2026-07-23 03:18:52.443,2026-07-23 03:19:55.880,4500.0,TermiN-8,33,100.0,6.75,0.0,Production Recipes,6,
Server2,B0858F01-AA94-44AB-9BAA-C5E8C1C2FB76,9EB5AAF9-4EC2-4BC1-B78F-A2C697BCE705,4,BROILER STARTER603 3,BROILER STARTER,2026-07-23 01:57:20.580,2026-07-23 03:31:39.723,2026-07-23 03:32:42.923,4500.0,BETAIN HCL,142,100.0,2.25,2.511574,Production Recipes,1,
Server2,B0858F01-AA94-44AB-9BAA-C5E8C1C2FB76,9EB5AAF9-4EC2-4BC1-B78F-A2C697BCE705,4,BROILER STARTER603 3,BROILER STARTER,2026-07-23 01:57:20.580,2026-07-23 03:31:39.723,2026-07-23 03:32:42.923,4500.0,BIOSTRONG 510,140,100.0,0.675,0.7986112,Production Recipes,1,
Server2,B0858F01-AA94-44AB-9BAA-C5E8C1C2FB76,9EB5AAF9-4EC2-4BC1-B78F-A2C697BCE705,4,BROILER STARTER603 3,BROILER STARTER,2026-07-23 01:57:20.580,2026-07-23 03:31:39.723,2026-07-23 03:32:42.923,4500.0,Broiler Mineral Mix,31,100.0,4.5,6.423612,Production Recipes,1,
Server2,B0858F01-AA94-44AB-9BAA-C5E8C1C2FB76,9EB5AAF9-4EC2-4BC1-B78F-A2C697BCE705,4,BROILER STARTER603 3,BROILER STARTER,2026-07-23 01:57:20.580,2026-07-23 03:31:39.723,2026-07-23 03:32:42.923,4500.0,KENZYME PRO,77,100.0,2.7,3.052662,Production Recipes,1,
Server2,B0858F01-AA94-44AB-9BAA-C5E8C1C2FB76,9EB5AAF9-4EC2-4BC1-B78F-A2C697BCE705,4,BROILER STARTER603 3,BROILER STARTER,2026-07-23 01:57:20.580,2026-07-23 03:31:39.723,2026-07-23 03:32:42.923,4500.0,Limestone,113,100.0,65.07,65.42236,Production Recipes,1,
Server2,B0858F01-AA94-44AB-9BAA-C5E8C1C2FB76,9EB5AAF9-4EC2-4BC1-B78F-A2C697BCE705,4,BROILER STARTER603 3,BROILER STARTER,2026-07-23 01:57:20.580,2026-07-23 03:31:39.723,2026-07-23 03:32:42.923,4500.0,LYSOFORTE DRY,30,100.0,0.9,0.8289931,Production Recipes,1,
Server2,B0858F01-AA94-44AB-9BAA-C5E8C1C2FB76,9EB5AAF9-4EC2-4BC1-B78F-A2C697BCE705,4,BROILER STARTER603 3,BROILER STARTER,2026-07-23 01:57:20.580,2026-07-23 03:31:39.723,2026-07-23 03:32:42.923,4500.0,Maize,100,100.0,2688.75,2684.751,Production Recipes,4,
Server2,B0858F01-AA94-44AB-9BAA-C5E8C1C2FB76,9EB5AAF9-4EC2-4BC1-B78F-A2C697BCE705,4,BROILER STARTER603 3,BROILER STARTER,2026-07-23 01:57:20.580,2026-07-23 03:31:39.723,2026-07-23 03:32:42.923,4500.0,Methionine,12,100.0,13.95,14.03356,Production Recipes,1,
Server2,B0858F01-AA94-44AB-9BAA-C5E8C1C2FB76,9EB5AAF9-4EC2-4BC1-B78F-A2C697BCE705,4,BROILER STARTER603 3,BROILER STARTER,2026-07-23 01:57:20.580,2026-07-23 03:31:39.723,2026-07-23 03:32:42.923,4500.0,Monocalcium Phos,204,100.0,42.03,42.24537,Production Recipes,1,
Server2,B0858F01-AA94-44AB-9BAA-C5E8C1C2FB76,9EB5AAF9-4EC2-4BC1-B78F-A2C697BCE705,4,BROILER STARTER603 3,BROILER STARTER,2026-07-23 01:57:20.580,2026-07-23 03:31:39.723,2026-07-23 03:32:42.923,4500.0,NOVELA ECL,6,100.0,0.45,0.5497685,Production Recipes,1,
Server2,B0858F01-AA94-44AB-9BAA-C5E8C1C2FB76,9EB5AAF9-4EC2-4BC1-B78F-A2C697BCE705,4,BROILER STARTER603 3,BROILER STARTER,2026-07-23 01:57:20.580,2026-07-23 03:31:39.723,2026-07-23 03:32:42.923,4500.0,Provi Oxi Stop,21,100.0,0.45,0.8897569,Production Recipes,1,
Server2,B0858F01-AA94-44AB-9BAA-C5E8C1C2FB76,9EB5AAF9-4EC2-4BC1-B78F-A2C697BCE705,4,BROILER STARTER603 3,BROILER STARTER,2026-07-23 01:57:20.580,2026-07-23 03:31:39.723,2026-07-23 03:32:42.923,4500.0,Rovabio P10,176,100.0,2.25,2.870371,Production Recipes,1,
Server2,B0858F01-AA94-44AB-9BAA-C5E8C1C2FB76,9EB5AAF9-4EC2-4BC1-B78F-A2C697BCE705,4,BROILER STARTER603 3,BROILER STARTER,2026-07-23 01:57:20.580,2026-07-23 03:31:39.723,2026-07-23 03:32:42.923,4500.0,Sacox (500g),91,100.0,2.25,4.114583,Production Recipes,1,
Server2,B0858F01-AA94-44AB-9BAA-C5E8C1C2FB76,9EB5AAF9-4EC2-4BC1-B78F-A2C697BCE705,4,BROILER STARTER603 3,BROILER STARTER,2026-07-23 01:57:20.580,2026-07-23 03:31:39.723,2026-07-23 03:32:42.923,4500.0,Salt,202,100.0,12.105,13.02084,Production Recipes,1,
Server2,B0858F01-AA94-44AB-9BAA-C5E8C1C2FB76,9EB5AAF9-4EC2-4BC1-B78F-A2C697BCE705,4,BROILER STARTER603 3,BROILER STARTER,2026-07-23 01:57:20.580,2026-07-23 03:31:39.723,2026-07-23 03:32:42.923,4500.0,SOLIS,124,100.0,6.75,7.277198,Production Recipes,1,
Server2,B0858F01-AA94-44AB-9BAA-C5E8C1C2FB76,9EB5AAF9-4EC2-4BC1-B78F-A2C697BCE705,4,BROILER STARTER603 3,BROILER STARTER,2026-07-23 01:57:20.580,2026-07-23 03:31:39.723,2026-07-23 03:32:42.923,4500.0,SOUDIOM Bicarbon,35,100.0,9.81,9.982635,Production Recipes,1,
Server2,B0858F01-AA94-44AB-9BAA-C5E8C1C2FB76,9EB5AAF9-4EC2-4BC1-B78F-A2C697BCE705,4,BROILER STARTER603 3,BROILER STARTER,2026-07-23 01:57:20.580,2026-07-23 03:31:39.723,2026-07-23 03:32:42.923,4500.0,SOYA-,105,100.0,1755.0,1759.809,Production Recipes,1,
Server2,B0858F01-AA94-44AB-9BAA-C5E8C1C2FB76,9EB5AAF9-4EC2-4BC1-B78F-A2C697BCE705,4,BROILER STARTER603 3,BROILER STARTER,2026-07-23 01:57:20.580,2026-07-23 03:31:39.723,2026-07-23 03:32:42.923,4500.0,Soya Oil,210,100.0,14.58,15.0,Production Recipes,10,
Server2,B0858F01-AA94-44AB-9BAA-C5E8C1C2FB76,9EB5AAF9-4EC2-4BC1-B78F-A2C697BCE705,4,BROILER STARTER603 3,BROILER STARTER,2026-07-23 01:57:20.580,2026-07-23 03:31:39.723,2026-07-23 03:32:42.923,4500.0,TermiN-8,33,100.0,6.75,0.0,Production Recipes,6,
Server2,E8A16027-DA9D-4402-B514-94BCAF24F7BF,9EB5AAF9-4EC2-4BC1-B78F-A2C697BCE705,4,BROILER GROWER601 1,BROILER GROWER,2026-07-23 02:34:14.433,2026-07-23 03:52:13.870,2026-07-23 03:53:18.260,4500.0,BETAIN HCL,142,100.0,2.25,2.633101,Production Recipes,1,
Server2,E8A16027-DA9D-4402-B514-94BCAF24F7BF,9EB5AAF9-4EC2-4BC1-B78F-A2C697BCE705,4,BROILER GROWER601 1,BROILER GROWER,2026-07-23 02:34:14.433,2026-07-23 03:52:13.870,2026-07-23 03:53:18.260,4500.0,BIOSTRONG 510,140,100.0,0.675,0.7711227,Production Recipes,1,
Server2,E8A16027-DA9D-4402-B514-94BCAF24F7BF,9EB5AAF9-4EC2-4BC1-B78F-A2C697BCE705,4,BROILER GROWER601 1,BROILER GROWER,2026-07-23 02:34:14.433,2026-07-23 03:52:13.870,2026-07-23 03:53:18.260,4500.0,Broiler Mineral Mix,31,100.0,4.05,6.380208,Production Recipes,1,
Server2,E8A16027-DA9D-4402-B514-94BCAF24F7BF,9EB5AAF9-4EC2-4BC1-B78F-A2C697BCE705,4,BROILER GROWER601 1,BROILER GROWER,2026-07-23 02:34:14.433,2026-07-23 03:52:13.870,2026-07-23 03:53:18.260,4500.0,Broiler Starter PX,69,100.0,4.05,6.747685,Production Recipes,1,
Server2,E8A16027-DA9D-4402-B514-94BCAF24F7BF,9EB5AAF9-4EC2-4BC1-B78F-A2C697BCE705,4,BROILER GROWER601 1,BROILER GROWER,2026-07-23 02:34:14.433,2026-07-23 03:52:13.870,2026-07-23 03:53:18.260,4500.0,Choline Chloride 60%,26,100.0,2.7,2.609955,Production Recipes,1,
Server2,E8A16027-DA9D-4402-B514-94BCAF24F7BF,9EB5AAF9-4EC2-4BC1-B78F-A2C697BCE705,4,BROILER GROWER601 1,BROILER GROWER,2026-07-23 02:34:14.433,2026-07-23 03:52:13.870,2026-07-23 03:53:18.260,4500.0,KENZYME PRO,77,100.0,2.7,3.009259,Production Recipes,1,
Server2,E8A16027-DA9D-4402-B514-94BCAF24F7BF,9EB5AAF9-4EC2-4BC1-B78F-A2C697BCE705,4,BROILER GROWER601 1,BROILER GROWER,2026-07-23 02:34:14.433,2026-07-23 03:52:13.870,2026-07-23 03:53:18.260,4500.0,Limestone,113,100.0,55.485,57.72571,Production Recipes,1,
Server2,E8A16027-DA9D-4402-B514-94BCAF24F7BF,9EB5AAF9-4EC2-4BC1-B78F-A2C697BCE705,4,BROILER GROWER601 1,BROILER GROWER,2026-07-23 02:34:14.433,2026-07-23 03:52:13.870,2026-07-23 03:53:18.260,4500.0,LYSOFORTE DRY,30,100.0,0.9,0.9606482,Production Recipes,1,
Server2,E8A16027-DA9D-4402-B514-94BCAF24F7BF,9EB5AAF9-4EC2-4BC1-B78F-A2C697BCE705,4,BROILER GROWER601 1,BROILER GROWER,2026-07-23 02:34:14.433,2026-07-23 03:52:13.870,2026-07-23 03:53:18.260,4500.0,Maize,100,100.0,2679.705,2670.428,Production Recipes,4,
Server2,E8A16027-DA9D-4402-B514-94BCAF24F7BF,9EB5AAF9-4EC2-4BC1-B78F-A2C697BCE705,4,BROILER GROWER601 1,BROILER GROWER,2026-07-23 02:34:14.433,2026-07-23 03:52:13.870,2026-07-23 03:53:18.260,4500.0,Methionine,12,100.0,10.62,9.982639,Production Recipes,1,
Server2,E8A16027-DA9D-4402-B514-94BCAF24F7BF,9EB5AAF9-4EC2-4BC1-B78F-A2C697BCE705,4,BROILER GROWER601 1,BROILER GROWER,2026-07-23 02:34:14.433,2026-07-23 03:52:13.870,2026-07-23 03:53:18.260,4500.0,Monocalcium Phos,204,100.0,38.745,39.0625,Production Recipes,1,
Server2,E8A16027-DA9D-4402-B514-94BCAF24F7BF,9EB5AAF9-4EC2-4BC1-B78F-A2C697BCE705,4,BROILER GROWER601 1,BROILER GROWER,2026-07-23 02:34:14.433,2026-07-23 03:52:13.870,2026-07-23 03:53:18.260,4500.0,NOVELA ECL,6,100.0,0.45,0.5425348,Production Recipes,1,
Server2,E8A16027-DA9D-4402-B514-94BCAF24F7BF,9EB5AAF9-4EC2-4BC1-B78F-A2C697BCE705,4,BROILER GROWER601 1,BROILER GROWER,2026-07-23 02:34:14.433,2026-07-23 03:52:13.870,2026-07-23 03:53:18.260,4500.0,Provi Oxi Stop,21,100.0,0.45,0.9809029,Production Recipes,1,
Server2,E8A16027-DA9D-4402-B514-94BCAF24F7BF,9EB5AAF9-4EC2-4BC1-B78F-A2C697BCE705,4,BROILER GROWER601 1,BROILER GROWER,2026-07-23 02:34:14.433,2026-07-23 03:52:13.870,2026-07-23 03:53:18.260,4500.0,Rovabio P10,176,100.0,2.25,1.608795,Production Recipes,1,
Server2,E8A16027-DA9D-4402-B514-94BCAF24F7BF,9EB5AAF9-4EC2-4BC1-B78F-A2C697BCE705,4,BROILER GROWER601 1,BROILER GROWER,2026-07-23 02:34:14.433,2026-07-23 03:52:13.870,2026-07-23 03:53:18.260,4500.0,Sacox (500g),91,100.0,2.25,4.0625,Production Recipes,1,
Server2,E8A16027-DA9D-4402-B514-94BCAF24F7BF,9EB5AAF9-4EC2-4BC1-B78F-A2C697BCE705,4,BROILER GROWER601 1,BROILER GROWER,2026-07-23 02:34:14.433,2026-07-23 03:52:13.870,2026-07-23 03:53:18.260,4500.0,Salt,202,100.0,12.96,13.02083,Production Recipes,1,
Server2,E8A16027-DA9D-4402-B514-94BCAF24F7BF,9EB5AAF9-4EC2-4BC1-B78F-A2C697BCE705,4,BROILER GROWER601 1,BROILER GROWER,2026-07-23 02:34:14.433,2026-07-23 03:52:13.870,2026-07-23 03:53:18.260,4500.0,SOLIS,124,100.0,6.75,7.204862,Production Recipes,1,
Server2,E8A16027-DA9D-4402-B514-94BCAF24F7BF,9EB5AAF9-4EC2-4BC1-B78F-A2C697BCE705,4,BROILER GROWER601 1,BROILER GROWER,2026-07-23 02:34:14.433,2026-07-23 03:52:13.870,2026-07-23 03:53:18.260,4500.0,SOUDIOM Bicarbon,35,100.0,8.955,9.114586,Production Recipes,1,
Server2,E8A16027-DA9D-4402-B514-94BCAF24F7BF,9EB5AAF9-4EC2-4BC1-B78F-A2C697BCE705,4,BROILER GROWER601 1,BROILER GROWER,2026-07-23 02:34:14.433,2026-07-23 03:52:13.870,2026-07-23 03:53:18.260,4500.0,SOYA-,105,100.0,1619.145,1621.817,Production Recipes,1,
Server2,E8A16027-DA9D-4402-B514-94BCAF24F7BF,9EB5AAF9-4EC2-4BC1-B78F-A2C697BCE705,4,BROILER GROWER601 1,BROILER GROWER,2026-07-23 02:34:14.433,2026-07-23 03:52:13.870,2026-07-23 03:53:18.260,4500.0,Soya Oil,210,100.0,37.35,37.75,Production Recipes,10,
Server2,E8A16027-DA9D-4402-B514-94BCAF24F7BF,9EB5AAF9-4EC2-4BC1-B78F-A2C697BCE705,4,BROILER GROWER601 1,BROILER GROWER,2026-07-23 02:34:14.433,2026-07-23 03:52:13.870,2026-07-23 03:53:18.260,4500.0,TermiN-8,33,100.0,6.75,0.0,Production Recipes,6,
Server2,C7CCA21E-7F18-416C-9A20-8AA00194D783,9EB5AAF9-4EC2-4BC1-B78F-A2C697BCE705,4,BROILER GROWER601 2,BROILER GROWER,2026-07-23 02:34:16.443,2026-07-23 03:56:03.773,2026-07-23 03:58:11.380,4500.0,BETAIN HCL,142,100.0,2.25,2.280092,Production Recipes,1,
Server2,C7CCA21E-7F18-416C-9A20-8AA00194D783,9EB5AAF9-4EC2-4BC1-B78F-A2C697BCE705,4,BROILER GROWER601 2,BROILER GROWER,2026-07-23 02:34:16.443,2026-07-23 03:56:03.773,2026-07-23 03:58:11.380,4500.0,BIOSTRONG 510,140,100.0,0.675,0.7609954,Production Recipes,1,
Server2,C7CCA21E-7F18-416C-9A20-8AA00194D783,9EB5AAF9-4EC2-4BC1-B78F-A2C697BCE705,4,BROILER GROWER601 2,BROILER GROWER,2026-07-23 02:34:16.443,2026-07-23 03:56:03.773,2026-07-23 03:58:11.380,4500.0,Broiler Mineral Mix,31,100.0,4.05,7.204861,Production Recipes,1,
Server2,C7CCA21E-7F18-416C-9A20-8AA00194D783,9EB5AAF9-4EC2-4BC1-B78F-A2C697BCE705,4,BROILER GROWER601 2,BROILER GROWER,2026-07-23 02:34:16.443,2026-07-23 03:56:03.773,2026-07-23 03:58:11.380,4500.0,Broiler Starter PX,69,100.0,4.05,5.630787,Production Recipes,1,
Server2,C7CCA21E-7F18-416C-9A20-8AA00194D783,9EB5AAF9-4EC2-4BC1-B78F-A2C697BCE705,4,BROILER GROWER601 2,BROILER GROWER,2026-07-23 02:34:16.443,2026-07-23 03:56:03.773,2026-07-23 03:58:11.380,4500.0,Choline Chloride 60%,26,100.0,2.7,2.482639,Production Recipes,1,
Server2,C7CCA21E-7F18-416C-9A20-8AA00194D783,9EB5AAF9-4EC2-4BC1-B78F-A2C697BCE705,4,BROILER GROWER601 2,BROILER GROWER,2026-07-23 02:34:16.443,2026-07-23 03:56:03.773,2026-07-23 03:58:11.380,4500.0,KENZYME PRO,77,100.0,2.7,3.125,Production Recipes,1,
Server2,C7CCA21E-7F18-416C-9A20-8AA00194D783,9EB5AAF9-4EC2-4BC1-B78F-A2C697BCE705,4,BROILER GROWER601 2,BROILER GROWER,2026-07-23 02:34:16.443,2026-07-23 03:56:03.773,2026-07-23 03:58:11.380,4500.0,Limestone,113,100.0,55.485,54.97681,Production Recipes,1,
Server2,C7CCA21E-7F18-416C-9A20-8AA00194D783,9EB5AAF9-4EC2-4BC1-B78F-A2C697BCE705,4,BROILER GROWER601 2,BROILER GROWER,2026-07-23 02:34:16.443,2026-07-23 03:56:03.773,2026-07-23 03:58:11.380,4500.0,LYSOFORTE DRY,30,100.0,0.9,0.9100116,Production Recipes,1,
Server2,C7CCA21E-7F18-416C-9A20-8AA00194D783,9EB5AAF9-4EC2-4BC1-B78F-A2C697BCE705,4,BROILER GROWER601 2,BROILER GROWER,2026-07-23 02:34:16.443,2026-07-23 03:56:03.773,2026-07-23 03:58:11.380,4500.0,Maize,100,100.0,2679.705,2679.977,Production Recipes,4,
Server2,C7CCA21E-7F18-416C-9A20-8AA00194D783,9EB5AAF9-4EC2-4BC1-B78F-A2C697BCE705,4,BROILER GROWER601 2,BROILER GROWER,2026-07-23 02:34:16.443,2026-07-23 03:56:03.773,2026-07-23 03:58:11.380,4500.0,Methionine,12,100.0,10.62,9.982639,Production Recipes,1,
Server2,C7CCA21E-7F18-416C-9A20-8AA00194D783,9EB5AAF9-4EC2-4BC1-B78F-A2C697BCE705,4,BROILER GROWER601 2,BROILER GROWER,2026-07-23 02:34:16.443,2026-07-23 03:56:03.773,2026-07-23 03:58:11.380,4500.0,Monocalcium Phos,204,100.0,38.745,39.0625,Production Recipes,1,
Server2,C7CCA21E-7F18-416C-9A20-8AA00194D783,9EB5AAF9-4EC2-4BC1-B78F-A2C697BCE705,4,BROILER GROWER601 2,BROILER GROWER,2026-07-23 02:34:16.443,2026-07-23 03:56:03.773,2026-07-23 03:58:11.380,4500.0,NOVELA ECL,6,100.0,0.45,0.510706,Production Recipes,1,
Server2,C7CCA21E-7F18-416C-9A20-8AA00194D783,9EB5AAF9-4EC2-4BC1-B78F-A2C697BCE705,4,BROILER GROWER601 2,BROILER GROWER,2026-07-23 02:34:16.443,2026-07-23 03:56:03.773,2026-07-23 03:58:11.380,4500.0,Provi Oxi Stop,21,100.0,0.45,1.320891,Production Recipes,1,
Server2,C7CCA21E-7F18-416C-9A20-8AA00194D783,9EB5AAF9-4EC2-4BC1-B78F-A2C697BCE705,4,BROILER GROWER601 2,BROILER GROWER,2026-07-23 02:34:16.443,2026-07-23 03:56:03.773,2026-07-23 03:58:11.380,4500.0,Rovabio P10,176,100.0,2.25,2.835649,Production Recipes,1,
Server2,C7CCA21E-7F18-416C-9A20-8AA00194D783,9EB5AAF9-4EC2-4BC1-B78F-A2C697BCE705,4,BROILER GROWER601 2,BROILER GROWER,2026-07-23 02:34:16.443,2026-07-23 03:56:03.773,2026-07-23 03:58:11.380,4500.0,Sacox (500g),91,100.0,2.25,2.962964,Production Recipes,1,
Server2,C7CCA21E-7F18-416C-9A20-8AA00194D783,9EB5AAF9-4EC2-4BC1-B78F-A2C697BCE705,4,BROILER GROWER601 2,BROILER GROWER,2026-07-23 02:34:16.443,2026-07-23 03:56:03.773,2026-07-23 03:58:11.380,4500.0,Salt,202,100.0,12.96,13.16551,Production Recipes,1,
Server2,C7CCA21E-7F18-416C-9A20-8AA00194D783,9EB5AAF9-4EC2-4BC1-B78F-A2C697BCE705,4,BROILER GROWER601 2,BROILER GROWER,2026-07-23 02:34:16.443,2026-07-23 03:56:03.773,2026-07-23 03:58:11.380,4500.0,SOLIS,124,100.0,6.75,7.421876,Production Recipes,1,
Server2,C7CCA21E-7F18-416C-9A20-8AA00194D783,9EB5AAF9-4EC2-4BC1-B78F-A2C697BCE705,4,BROILER GROWER601 2,BROILER GROWER,2026-07-23 02:34:16.443,2026-07-23 03:56:03.773,2026-07-23 03:58:11.380,4500.0,SOUDIOM Bicarbon,35,100.0,8.955,9.114586,Production Recipes,1,
Server2,C7CCA21E-7F18-416C-9A20-8AA00194D783,9EB5AAF9-4EC2-4BC1-B78F-A2C697BCE705,4,BROILER GROWER601 2,BROILER GROWER,2026-07-23 02:34:16.443,2026-07-23 03:56:03.773,2026-07-23 03:58:11.380,4500.0,SOYA-,105,100.0,1619.145,1616.319,Production Recipes,1,
Server2,C7CCA21E-7F18-416C-9A20-8AA00194D783,9EB5AAF9-4EC2-4BC1-B78F-A2C697BCE705,4,BROILER GROWER601 2,BROILER GROWER,2026-07-23 02:34:16.443,2026-07-23 03:56:03.773,2026-07-23 03:58:11.380,4500.0,Soya Oil,210,100.0,37.35,37.75,Production Recipes,10,
Server2,C7CCA21E-7F18-416C-9A20-8AA00194D783,9EB5AAF9-4EC2-4BC1-B78F-A2C697BCE705,4,BROILER GROWER601 2,BROILER GROWER,2026-07-23 02:34:16.443,2026-07-23 03:56:03.773,2026-07-23 03:58:11.380,4500.0,TermiN-8,33,100.0,6.75,0.0,Production Recipes,6,
Server2,374A9F06-5118-48D9-9957-0B04BD698183,9EB5AAF9-4EC2-4BC1-B78F-A2C697BCE705,4,BROILER STARTER604 1,BROILER STARTER,2026-07-23 02:34:51.963,2026-07-23 04:05:05.743,2026-07-23 04:06:09.997,4500.0,BETAIN HCL,142,100.0,2.25,3.084491,Production Recipes,1,
Server2,374A9F06-5118-48D9-9957-0B04BD698183,9EB5AAF9-4EC2-4BC1-B78F-A2C697BCE705,4,BROILER STARTER604 1,BROILER STARTER,2026-07-23 02:34:51.963,2026-07-23 04:05:05.743,2026-07-23 04:06:09.997,4500.0,BIOSTRONG 510,140,100.0,0.675,0.6004051,Production Recipes,1,
Server2,374A9F06-5118-48D9-9957-0B04BD698183,9EB5AAF9-4EC2-4BC1-B78F-A2C697BCE705,4,BROILER STARTER604 1,BROILER STARTER,2026-07-23 02:34:51.963,2026-07-23 04:05:05.743,2026-07-23 04:06:09.997,4500.0,Broiler Mineral Mix,31,100.0,4.5,5.685764,Production Recipes,1,
Server2,374A9F06-5118-48D9-9957-0B04BD698183,9EB5AAF9-4EC2-4BC1-B78F-A2C697BCE705,4,BROILER STARTER604 1,BROILER STARTER,2026-07-23 02:34:51.963,2026-07-23 04:05:05.743,2026-07-23 04:06:09.997,4500.0,KENZYME PRO,77,100.0,2.7,2.951389,Production Recipes,1,
Server2,374A9F06-5118-48D9-9957-0B04BD698183,9EB5AAF9-4EC2-4BC1-B78F-A2C697BCE705,4,BROILER STARTER604 1,BROILER STARTER,2026-07-23 02:34:51.963,2026-07-23 04:05:05.743,2026-07-23 04:06:09.997,4500.0,Limestone,113,100.0,65.07,65.97229,Production Recipes,1,
Server2,374A9F06-5118-48D9-9957-0B04BD698183,9EB5AAF9-4EC2-4BC1-B78F-A2C697BCE705,4,BROILER STARTER604 1,BROILER STARTER,2026-07-23 02:34:51.963,2026-07-23 04:05:05.743,2026-07-23 04:06:09.997,4500.0,LYSOFORTE DRY,30,100.0,0.9,1.131366,Production Recipes,1,
Server2,374A9F06-5118-48D9-9957-0B04BD698183,9EB5AAF9-4EC2-4BC1-B78F-A2C697BCE705,4,BROILER STARTER604 1,BROILER STARTER,2026-07-23 02:34:51.963,2026-07-23 04:05:05.743,2026-07-23 04:06:09.997,4500.0,Maize,100,100.0,2688.75,2684.751,Production Recipes,4,
Server2,374A9F06-5118-48D9-9957-0B04BD698183,9EB5AAF9-4EC2-4BC1-B78F-A2C697BCE705,4,BROILER STARTER604 1,BROILER STARTER,2026-07-23 02:34:51.963,2026-07-23 04:05:05.743,2026-07-23 04:06:09.997,4500.0,Methionine,12,100.0,13.95,14.03356,Production Recipes,1,
Server2,374A9F06-5118-48D9-9957-0B04BD698183,9EB5AAF9-4EC2-4BC1-B78F-A2C697BCE705,4,BROILER STARTER604 1,BROILER STARTER,2026-07-23 02:34:51.963,2026-07-23 04:05:05.743,2026-07-23 04:06:09.997,4500.0,Monocalcium Phos,204,100.0,42.03,42.24537,Production Recipes,1,
Server2,374A9F06-5118-48D9-9957-0B04BD698183,9EB5AAF9-4EC2-4BC1-B78F-A2C697BCE705,4,BROILER STARTER604 1,BROILER STARTER,2026-07-23 02:34:51.963,2026-07-23 04:05:05.743,2026-07-23 04:06:09.997,4500.0,NOVELA ECL,6,100.0,0.45,0.4586227,Production Recipes,1,
Server2,374A9F06-5118-48D9-9957-0B04BD698183,9EB5AAF9-4EC2-4BC1-B78F-A2C697BCE705,4,BROILER STARTER604 1,BROILER STARTER,2026-07-23 02:34:51.963,2026-07-23 04:05:05.743,2026-07-23 04:06:09.997,4500.0,Provi Oxi Stop,21,100.0,0.45,0.5888312,Production Recipes,1,
Server2,374A9F06-5118-48D9-9957-0B04BD698183,9EB5AAF9-4EC2-4BC1-B78F-A2C697BCE705,4,BROILER STARTER604 1,BROILER STARTER,2026-07-23 02:34:51.963,2026-07-23 04:05:05.743,2026-07-23 04:06:09.997,4500.0,Rovabio P10,176,100.0,2.25,3.055555,Production Recipes,1,
Server2,374A9F06-5118-48D9-9957-0B04BD698183,9EB5AAF9-4EC2-4BC1-B78F-A2C697BCE705,4,BROILER STARTER604 1,BROILER STARTER,2026-07-23 02:34:51.963,2026-07-23 04:05:05.743,2026-07-23 04:06:09.997,4500.0,Sacox (500g),91,100.0,2.25,4.050926,Production Recipes,1,
Server2,374A9F06-5118-48D9-9957-0B04BD698183,9EB5AAF9-4EC2-4BC1-B78F-A2C697BCE705,4,BROILER STARTER604 1,BROILER STARTER,2026-07-23 02:34:51.963,2026-07-23 04:05:05.743,2026-07-23 04:06:09.997,4500.0,Salt,202,100.0,12.105,12.0081,Production Recipes,1,
Server2,374A9F06-5118-48D9-9957-0B04BD698183,9EB5AAF9-4EC2-4BC1-B78F-A2C697BCE705,4,BROILER STARTER604 1,BROILER STARTER,2026-07-23 02:34:51.963,2026-07-23 04:05:05.743,2026-07-23 04:06:09.997,4500.0,SOLIS,124,100.0,6.75,7.407408,Production Recipes,1,
Server2,374A9F06-5118-48D9-9957-0B04BD698183,9EB5AAF9-4EC2-4BC1-B78F-A2C697BCE705,4,BROILER STARTER604 1,BROILER STARTER,2026-07-23 02:34:51.963,2026-07-23 04:05:05.743,2026-07-23 04:06:09.997,4500.0,SOUDIOM Bicarbon,35,100.0,9.81,10.99537,Production Recipes,1,
Server2,374A9F06-5118-48D9-9957-0B04BD698183,9EB5AAF9-4EC2-4BC1-B78F-A2C697BCE705,4,BROILER STARTER604 1,BROILER STARTER,2026-07-23 02:34:51.963,2026-07-23 04:05:05.743,2026-07-23 04:06:09.997,4500.0,SOYA-,105,100.0,1755.0,1754.861,Production Recipes,1,
Server2,374A9F06-5118-48D9-9957-0B04BD698183,9EB5AAF9-4EC2-4BC1-B78F-A2C697BCE705,4,BROILER STARTER604 1,BROILER STARTER,2026-07-23 02:34:51.963,2026-07-23 04:05:05.743,2026-07-23 04:06:09.997,4500.0,Soya Oil,210,100.0,14.58,15.0,Production Recipes,10,
Server2,374A9F06-5118-48D9-9957-0B04BD698183,9EB5AAF9-4EC2-4BC1-B78F-A2C697BCE705,4,BROILER STARTER604 1,BROILER STARTER,2026-07-23 02:34:51.963,2026-07-23 04:05:05.743,2026-07-23 04:06:09.997,4500.0,TermiN-8,33,100.0,6.75,0.0,Production Recipes,6,
Server2,42849C0F-88F3-4229-B702-3C18C1CBA562,9EB5AAF9-4EC2-4BC1-B78F-A2C697BCE705,4,BROILER STARTER604 2,BROILER STARTER,2026-07-23 02:34:53.987,2026-07-23 04:09:14.577,2026-07-23 04:10:17.907,4500.0,BETAIN HCL,142,100.0,2.25,2.962963,Production Recipes,1,
Server2,42849C0F-88F3-4229-B702-3C18C1CBA562,9EB5AAF9-4EC2-4BC1-B78F-A2C697BCE705,4,BROILER STARTER604 2,BROILER STARTER,2026-07-23 02:34:53.987,2026-07-23 04:09:14.577,2026-07-23 04:10:17.907,4500.0,BIOSTRONG 510,140,100.0,0.675,0.7609955,Production Recipes,1,
Server2,42849C0F-88F3-4229-B702-3C18C1CBA562,9EB5AAF9-4EC2-4BC1-B78F-A2C697BCE705,4,BROILER STARTER604 2,BROILER STARTER,2026-07-23 02:34:53.987,2026-07-23 04:09:14.577,2026-07-23 04:10:17.907,4500.0,Broiler Mineral Mix,31,100.0,4.5,6.163194,Production Recipes,1,
Server2,42849C0F-88F3-4229-B702-3C18C1CBA562,9EB5AAF9-4EC2-4BC1-B78F-A2C697BCE705,4,BROILER STARTER604 2,BROILER STARTER,2026-07-23 02:34:53.987,2026-07-23 04:09:14.577,2026-07-23 04:10:17.907,4500.0,KENZYME PRO,77,100.0,2.7,3.240741,Production Recipes,1,
Server2,42849C0F-88F3-4229-B702-3C18C1CBA562,9EB5AAF9-4EC2-4BC1-B78F-A2C697BCE705,4,BROILER STARTER604 2,BROILER STARTER,2026-07-23 02:34:53.987,2026-07-23 04:09:14.577,2026-07-23 04:10:17.907,4500.0,Limestone,113,100.0,65.07,72.56946,Production Recipes,1,
Server2,42849C0F-88F3-4229-B702-3C18C1CBA562,9EB5AAF9-4EC2-4BC1-B78F-A2C697BCE705,4,BROILER STARTER604 2,BROILER STARTER,2026-07-23 02:34:53.987,2026-07-23 04:09:14.577,2026-07-23 04:10:17.907,4500.0,LYSOFORTE DRY,30,100.0,0.9,0.8506944,Production Recipes,1,
Server2,42849C0F-88F3-4229-B702-3C18C1CBA562,9EB5AAF9-4EC2-4BC1-B78F-A2C697BCE705,4,BROILER STARTER604 2,BROILER STARTER,2026-07-23 02:34:53.987,2026-07-23 04:09:14.577,2026-07-23 04:10:17.907,4500.0,Maize,100,100.0,2688.75,2691.117,Production Recipes,4,
Server2,42849C0F-88F3-4229-B702-3C18C1CBA562,9EB5AAF9-4EC2-4BC1-B78F-A2C697BCE705,4,BROILER STARTER604 2,BROILER STARTER,2026-07-23 02:34:53.987,2026-07-23 04:09:14.577,2026-07-23 04:10:17.907,4500.0,Methionine,12,100.0,13.95,14.03356,Production Recipes,1,
Server2,42849C0F-88F3-4229-B702-3C18C1CBA562,9EB5AAF9-4EC2-4BC1-B78F-A2C697BCE705,4,BROILER STARTER604 2,BROILER STARTER,2026-07-23 02:34:53.987,2026-07-23 04:09:14.577,2026-07-23 04:10:17.907,4500.0,Monocalcium Phos,204,100.0,42.03,42.24537,Production Recipes,1,
Server2,42849C0F-88F3-4229-B702-3C18C1CBA562,9EB5AAF9-4EC2-4BC1-B78F-A2C697BCE705,4,BROILER STARTER604 2,BROILER STARTER,2026-07-23 02:34:53.987,2026-07-23 04:09:14.577,2026-07-23 04:10:17.907,4500.0,NOVELA ECL,6,100.0,0.45,1.08941,Production Recipes,1,
Server2,42849C0F-88F3-4229-B702-3C18C1CBA562,9EB5AAF9-4EC2-4BC1-B78F-A2C697BCE705,4,BROILER STARTER604 2,BROILER STARTER,2026-07-23 02:34:53.987,2026-07-23 04:09:14.577,2026-07-23 04:10:17.907,4500.0,Provi Oxi Stop,21,100.0,0.45,1.231192,Production Recipes,1,
Server2,42849C0F-88F3-4229-B702-3C18C1CBA562,9EB5AAF9-4EC2-4BC1-B78F-A2C697BCE705,4,BROILER STARTER604 2,BROILER STARTER,2026-07-23 02:34:53.987,2026-07-23 04:09:14.577,2026-07-23 04:10:17.907,4500.0,Rovabio P10,176,100.0,2.25,3.645834,Production Recipes,1,
Server2,42849C0F-88F3-4229-B702-3C18C1CBA562,9EB5AAF9-4EC2-4BC1-B78F-A2C697BCE705,4,BROILER STARTER604 2,BROILER STARTER,2026-07-23 02:34:53.987,2026-07-23 04:09:14.577,2026-07-23 04:10:17.907,4500.0,Sacox (500g),91,100.0,2.25,3.298611,Production Recipes,1,
Server2,42849C0F-88F3-4229-B702-3C18C1CBA562,9EB5AAF9-4EC2-4BC1-B78F-A2C697BCE705,4,BROILER STARTER604 2,BROILER STARTER,2026-07-23 02:34:53.987,2026-07-23 04:09:14.577,2026-07-23 04:10:17.907,4500.0,Salt,202,100.0,12.105,13.02083,Production Recipes,1,
Server2,42849C0F-88F3-4229-B702-3C18C1CBA562,9EB5AAF9-4EC2-4BC1-B78F-A2C697BCE705,4,BROILER STARTER604 2,BROILER STARTER,2026-07-23 02:34:53.987,2026-07-23 04:09:14.577,2026-07-23 04:10:17.907,4500.0,SOLIS,124,100.0,6.75,7.161458,Production Recipes,1,
Server2,42849C0F-88F3-4229-B702-3C18C1CBA562,9EB5AAF9-4EC2-4BC1-B78F-A2C697BCE705,4,BROILER STARTER604 2,BROILER STARTER,2026-07-23 02:34:53.987,2026-07-23 04:09:14.577,2026-07-23 04:10:17.907,4500.0,SOUDIOM Bicarbon,35,100.0,9.81,9.982635,Production Recipes,1,
Server2,42849C0F-88F3-4229-B702-3C18C1CBA562,9EB5AAF9-4EC2-4BC1-B78F-A2C697BCE705,4,BROILER STARTER604 2,BROILER STARTER,2026-07-23 02:34:53.987,2026-07-23 04:09:14.577,2026-07-23 04:10:17.907,4500.0,SOYA-,105,100.0,1755.0,1754.861,Production Recipes,1,
Server2,42849C0F-88F3-4229-B702-3C18C1CBA562,9EB5AAF9-4EC2-4BC1-B78F-A2C697BCE705,4,BROILER STARTER604 2,BROILER STARTER,2026-07-23 02:34:53.987,2026-07-23 04:09:14.577,2026-07-23 04:10:17.907,4500.0,Soya Oil,210,100.0,14.58,15.0,Production Recipes,10,
Server2,42849C0F-88F3-4229-B702-3C18C1CBA562,9EB5AAF9-4EC2-4BC1-B78F-A2C697BCE705,4,BROILER STARTER604 2,BROILER STARTER,2026-07-23 02:34:53.987,2026-07-23 04:09:14.577,2026-07-23 04:10:17.907,4500.0,TermiN-8,33,100.0,6.75,0.0,Production Recipes,6,
Server2,A10B3201-59EA-4429-A85C-C1B94A2955DB,9EB5AAF9-4EC2-4BC1-B78F-A2C697BCE705,4,BROILER GROWER605 1,BROILER GROWER,2026-07-23 02:39:10.147,2026-07-23 04:15:37.723,2026-07-23 04:16:41.317,4500.0,BETAIN HCL,142,100.0,2.25,2.349537,Production Recipes,1,
Server2,A10B3201-59EA-4429-A85C-C1B94A2955DB,9EB5AAF9-4EC2-4BC1-B78F-A2C697BCE705,4,BROILER GROWER605 1,BROILER GROWER,2026-07-23 02:39:10.147,2026-07-23 04:15:37.723,2026-07-23 04:16:41.317,4500.0,BIOSTRONG 510,140,100.0,0.675,0.7711227,Production Recipes,1,
Server2,A10B3201-59EA-4429-A85C-C1B94A2955DB,9EB5AAF9-4EC2-4BC1-B78F-A2C697BCE705,4,BROILER GROWER605 1,BROILER GROWER,2026-07-23 02:39:10.147,2026-07-23 04:15:37.723,2026-07-23 04:16:41.317,4500.0,Broiler Mineral Mix,31,100.0,4.05,5.729167,Production Recipes,1,
Server2,A10B3201-59EA-4429-A85C-C1B94A2955DB,9EB5AAF9-4EC2-4BC1-B78F-A2C697BCE705,4,BROILER GROWER605 1,BROILER GROWER,2026-07-23 02:39:10.147,2026-07-23 04:15:37.723,2026-07-23 04:16:41.317,4500.0,Broiler Starter PX,69,100.0,4.05,5.202546,Production Recipes,1,
Server2,A10B3201-59EA-4429-A85C-C1B94A2955DB,9EB5AAF9-4EC2-4BC1-B78F-A2C697BCE705,4,BROILER GROWER605 1,BROILER GROWER,2026-07-23 02:39:10.147,2026-07-23 04:15:37.723,2026-07-23 04:16:41.317,4500.0,Choline Chloride 60%,26,100.0,2.7,2.633102,Production Recipes,1,
Server2,A10B3201-59EA-4429-A85C-C1B94A2955DB,9EB5AAF9-4EC2-4BC1-B78F-A2C697BCE705,4,BROILER GROWER605 1,BROILER GROWER,2026-07-23 02:39:10.147,2026-07-23 04:15:37.723,2026-07-23 04:16:41.317,4500.0,KENZYME PRO,77,100.0,2.7,3.226274,Production Recipes,1,
Server2,A10B3201-59EA-4429-A85C-C1B94A2955DB,9EB5AAF9-4EC2-4BC1-B78F-A2C697BCE705,4,BROILER GROWER605 1,BROILER GROWER,2026-07-23 02:39:10.147,2026-07-23 04:15:37.723,2026-07-23 04:16:41.317,4500.0,Limestone,113,100.0,55.485,67.62158,Production Recipes,1,
Server2,A10B3201-59EA-4429-A85C-C1B94A2955DB,9EB5AAF9-4EC2-4BC1-B78F-A2C697BCE705,4,BROILER GROWER605 1,BROILER GROWER,2026-07-23 02:39:10.147,2026-07-23 04:15:37.723,2026-07-23 04:16:41.317,4500.0,LYSOFORTE DRY,30,100.0,0.9,0.8695023,Production Recipes,1,
Server2,A10B3201-59EA-4429-A85C-C1B94A2955DB,9EB5AAF9-4EC2-4BC1-B78F-A2C697BCE705,4,BROILER GROWER605 1,BROILER GROWER,2026-07-23 02:39:10.147,2026-07-23 04:15:37.723,2026-07-23 04:16:41.317,4500.0,Maize,100,100.0,2679.705,2675.202,Production Recipes,4,
Server2,A10B3201-59EA-4429-A85C-C1B94A2955DB,9EB5AAF9-4EC2-4BC1-B78F-A2C697BCE705,4,BROILER GROWER605 1,BROILER GROWER,2026-07-23 02:39:10.147,2026-07-23 04:15:37.723,2026-07-23 04:16:41.317,4500.0,Methionine,12,100.0,10.62,10.99537,Production Recipes,1,
Server2,A10B3201-59EA-4429-A85C-C1B94A2955DB,9EB5AAF9-4EC2-4BC1-B78F-A2C697BCE705,4,BROILER GROWER605 1,BROILER GROWER,2026-07-23 02:39:10.147,2026-07-23 04:15:37.723,2026-07-23 04:16:41.317,4500.0,Monocalcium Phos,204,100.0,38.745,39.0625,Production Recipes,1,
Server2,A10B3201-59EA-4429-A85C-C1B94A2955DB,9EB5AAF9-4EC2-4BC1-B78F-A2C697BCE705,4,BROILER GROWER605 1,BROILER GROWER,2026-07-23 02:39:10.147,2026-07-23 04:15:37.723,2026-07-23 04:16:41.317,4500.0,NOVELA ECL,6,100.0,0.45,0.5396413,Production Recipes,1,
Server2,A10B3201-59EA-4429-A85C-C1B94A2955DB,9EB5AAF9-4EC2-4BC1-B78F-A2C697BCE705,4,BROILER GROWER605 1,BROILER GROWER,2026-07-23 02:39:10.147,2026-07-23 04:15:37.723,2026-07-23 04:16:41.317,4500.0,Provi Oxi Stop,21,100.0,0.45,1.011285,Production Recipes,1,
Server2,A10B3201-59EA-4429-A85C-C1B94A2955DB,9EB5AAF9-4EC2-4BC1-B78F-A2C697BCE705,4,BROILER GROWER605 1,BROILER GROWER,2026-07-23 02:39:10.147,2026-07-23 04:15:37.723,2026-07-23 04:16:41.317,4500.0,Rovabio P10,176,100.0,2.25,2.777779,Production Recipes,1,
Server2,A10B3201-59EA-4429-A85C-C1B94A2955DB,9EB5AAF9-4EC2-4BC1-B78F-A2C697BCE705,4,BROILER GROWER605 1,BROILER GROWER,2026-07-23 02:39:10.147,2026-07-23 04:15:37.723,2026-07-23 04:16:41.317,4500.0,Sacox (500g),91,100.0,2.25,3.200232,Production Recipes,1,
Server2,A10B3201-59EA-4429-A85C-C1B94A2955DB,9EB5AAF9-4EC2-4BC1-B78F-A2C697BCE705,4,BROILER GROWER605 1,BROILER GROWER,2026-07-23 02:39:10.147,2026-07-23 04:15:37.723,2026-07-23 04:16:41.317,4500.0,Salt,202,100.0,12.96,13.16551,Production Recipes,1,
Server2,A10B3201-59EA-4429-A85C-C1B94A2955DB,9EB5AAF9-4EC2-4BC1-B78F-A2C697BCE705,4,BROILER GROWER605 1,BROILER GROWER,2026-07-23 02:39:10.147,2026-07-23 04:15:37.723,2026-07-23 04:16:41.317,4500.0,SOLIS,124,100.0,6.75,7.016783,Production Recipes,1,
Server2,A10B3201-59EA-4429-A85C-C1B94A2955DB,9EB5AAF9-4EC2-4BC1-B78F-A2C697BCE705,4,BROILER GROWER605 1,BROILER GROWER,2026-07-23 02:39:10.147,2026-07-23 04:15:37.723,2026-07-23 04:16:41.317,4500.0,SOUDIOM Bicarbon,35,100.0,8.955,9.114586,Production Recipes,1,
Server2,A10B3201-59EA-4429-A85C-C1B94A2955DB,9EB5AAF9-4EC2-4BC1-B78F-A2C697BCE705,4,BROILER GROWER605 1,BROILER GROWER,2026-07-23 02:39:10.147,2026-07-23 04:15:37.723,2026-07-23 04:16:41.317,4500.0,SOYA-,105,100.0,1619.145,1626.215,Production Recipes,1,
Server2,A10B3201-59EA-4429-A85C-C1B94A2955DB,9EB5AAF9-4EC2-4BC1-B78F-A2C697BCE705,4,BROILER GROWER605 1,BROILER GROWER,2026-07-23 02:39:10.147,2026-07-23 04:15:37.723,2026-07-23 04:16:41.317,4500.0,Soya Oil,210,100.0,37.35,37.75,Production Recipes,10,
Server2,A10B3201-59EA-4429-A85C-C1B94A2955DB,9EB5AAF9-4EC2-4BC1-B78F-A2C697BCE705,4,BROILER GROWER605 1,BROILER GROWER,2026-07-23 02:39:10.147,2026-07-23 04:15:37.723,2026-07-23 04:16:41.317,4500.0,TermiN-8,33,100.0,6.75,0.0,Production Recipes,6,
Server2,D8C577DF-4D28-4216-952B-249BC2AA3D8F,9EB5AAF9-4EC2-4BC1-B78F-A2C697BCE705,4,BROILER GROWER605 2,BROILER GROWER,2026-07-23 02:39:12.147,2026-07-23 04:24:52.847,2026-07-23 04:25:57.277,4500.0,BETAIN HCL,142,100.0,2.25,2.592593,Production Recipes,1,
Server2,D8C577DF-4D28-4216-952B-249BC2AA3D8F,9EB5AAF9-4EC2-4BC1-B78F-A2C697BCE705,4,BROILER GROWER605 2,BROILER GROWER,2026-07-23 02:39:12.147,2026-07-23 04:24:52.847,2026-07-23 04:25:57.277,4500.0,BIOSTRONG 510,140,100.0,0.675,0.8000579,Production Recipes,1,
Server2,D8C577DF-4D28-4216-952B-249BC2AA3D8F,9EB5AAF9-4EC2-4BC1-B78F-A2C697BCE705,4,BROILER GROWER605 2,BROILER GROWER,2026-07-23 02:39:12.147,2026-07-23 04:24:52.847,2026-07-23 04:25:57.277,4500.0,Broiler Mineral Mix,31,100.0,4.05,7.33507,Production Recipes,1,
Server2,D8C577DF-4D28-4216-952B-249BC2AA3D8F,9EB5AAF9-4EC2-4BC1-B78F-A2C697BCE705,4,BROILER GROWER605 2,BROILER GROWER,2026-07-23 02:39:12.147,2026-07-23 04:24:52.847,2026-07-23 04:25:57.277,4500.0,Broiler Starter PX,69,100.0,4.05,4.855325,Production Recipes,1,
Server2,D8C577DF-4D28-4216-952B-249BC2AA3D8F,9EB5AAF9-4EC2-4BC1-B78F-A2C697BCE705,4,BROILER GROWER605 2,BROILER GROWER,2026-07-23 02:39:12.147,2026-07-23 04:24:52.847,2026-07-23 04:25:57.277,4500.0,Choline Chloride 60%,26,100.0,2.7,3.06713,Production Recipes,1,
Server2,D8C577DF-4D28-4216-952B-249BC2AA3D8F,9EB5AAF9-4EC2-4BC1-B78F-A2C697BCE705,4,BROILER GROWER605 2,BROILER GROWER,2026-07-23 02:39:12.147,2026-07-23 04:24:52.847,2026-07-23 04:25:57.277,4500.0,KENZYME PRO,77,100.0,2.7,3.110532,Production Recipes,1,
Server2,D8C577DF-4D28-4216-952B-249BC2AA3D8F,9EB5AAF9-4EC2-4BC1-B78F-A2C697BCE705,4,BROILER GROWER605 2,BROILER GROWER,2026-07-23 02:39:12.147,2026-07-23 04:24:52.847,2026-07-23 04:25:57.277,4500.0,Limestone,113,100.0,55.485,69.82056,Production Recipes,1,
Server2,D8C577DF-4D28-4216-952B-249BC2AA3D8F,9EB5AAF9-4EC2-4BC1-B78F-A2C697BCE705,4,BROILER GROWER605 2,BROILER GROWER,2026-07-23 02:39:12.147,2026-07-23 04:24:52.847,2026-07-23 04:25:57.277,4500.0,LYSOFORTE DRY,30,100.0,0.9,0.9302663,Production Recipes,1,
Server2,D8C577DF-4D28-4216-952B-249BC2AA3D8F,9EB5AAF9-4EC2-4BC1-B78F-A2C697BCE705,4,BROILER GROWER605 2,BROILER GROWER,2026-07-23 02:39:12.147,2026-07-23 04:24:52.847,2026-07-23 04:25:57.277,4500.0,Maize,100,100.0,2679.705,2678.385,Production Recipes,4,
Server2,D8C577DF-4D28-4216-952B-249BC2AA3D8F,9EB5AAF9-4EC2-4BC1-B78F-A2C697BCE705,4,BROILER GROWER605 2,BROILER GROWER,2026-07-23 02:39:12.147,2026-07-23 04:24:52.847,2026-07-23 04:25:57.277,4500.0,Methionine,12,100.0,10.62,11.14005,Production Recipes,1,
Server2,D8C577DF-4D28-4216-952B-249BC2AA3D8F,9EB5AAF9-4EC2-4BC1-B78F-A2C697BCE705,4,BROILER GROWER605 2,BROILER GROWER,2026-07-23 02:39:12.147,2026-07-23 04:24:52.847,2026-07-23 04:25:57.277,4500.0,Monocalcium Phos,204,100.0,38.745,39.0625,Production Recipes,1,
Server2,D8C577DF-4D28-4216-952B-249BC2AA3D8F,9EB5AAF9-4EC2-4BC1-B78F-A2C697BCE705,4,BROILER GROWER605 2,BROILER GROWER,2026-07-23 02:39:12.147,2026-07-23 04:24:52.847,2026-07-23 04:25:57.277,4500.0,NOVELA ECL,6,100.0,0.45,0.5801504,Production Recipes,1,
Server2,D8C577DF-4D28-4216-952B-249BC2AA3D8F,9EB5AAF9-4EC2-4BC1-B78F-A2C697BCE705,4,BROILER GROWER605 2,BROILER GROWER,2026-07-23 02:39:12.147,2026-07-23 04:24:52.847,2026-07-23 04:25:57.277,4500.0,Provi Oxi Stop,21,100.0,0.45,0.9418404,Production Recipes,1,
Server2,D8C577DF-4D28-4216-952B-249BC2AA3D8F,9EB5AAF9-4EC2-4BC1-B78F-A2C697BCE705,4,BROILER GROWER605 2,BROILER GROWER,2026-07-23 02:39:12.147,2026-07-23 04:24:52.847,2026-07-23 04:25:57.277,4500.0,Rovabio P10,176,100.0,2.25,3.310184,Production Recipes,1,
Server2,D8C577DF-4D28-4216-952B-249BC2AA3D8F,9EB5AAF9-4EC2-4BC1-B78F-A2C697BCE705,4,BROILER GROWER605 2,BROILER GROWER,2026-07-23 02:39:12.147,2026-07-23 04:24:52.847,2026-07-23 04:25:57.277,4500.0,Sacox (500g),91,100.0,2.25,3.252315,Production Recipes,1,
Server2,D8C577DF-4D28-4216-952B-249BC2AA3D8F,9EB5AAF9-4EC2-4BC1-B78F-A2C697BCE705,4,BROILER GROWER605 2,BROILER GROWER,2026-07-23 02:39:12.147,2026-07-23 04:24:52.847,2026-07-23 04:25:57.277,4500.0,Salt,202,100.0,12.96,13.16551,Production Recipes,1,
Server2,D8C577DF-4D28-4216-952B-249BC2AA3D8F,9EB5AAF9-4EC2-4BC1-B78F-A2C697BCE705,4,BROILER GROWER605 2,BROILER GROWER,2026-07-23 02:39:12.147,2026-07-23 04:24:52.847,2026-07-23 04:25:57.277,4500.0,SOLIS,124,100.0,6.75,7.392941,Production Recipes,1,
Server2,D8C577DF-4D28-4216-952B-249BC2AA3D8F,9EB5AAF9-4EC2-4BC1-B78F-A2C697BCE705,4,BROILER GROWER605 2,BROILER GROWER,2026-07-23 02:39:12.147,2026-07-23 04:24:52.847,2026-07-23 04:25:57.277,4500.0,SOUDIOM Bicarbon,35,100.0,8.955,9.114586,Production Recipes,1,
Server2,D8C577DF-4D28-4216-952B-249BC2AA3D8F,9EB5AAF9-4EC2-4BC1-B78F-A2C697BCE705,4,BROILER GROWER605 2,BROILER GROWER,2026-07-23 02:39:12.147,2026-07-23 04:24:52.847,2026-07-23 04:25:57.277,4500.0,SOYA-,105,100.0,1619.145,1619.618,Production Recipes,1,
Server2,D8C577DF-4D28-4216-952B-249BC2AA3D8F,9EB5AAF9-4EC2-4BC1-B78F-A2C697BCE705,4,BROILER GROWER605 2,BROILER GROWER,2026-07-23 02:39:12.147,2026-07-23 04:24:52.847,2026-07-23 04:25:57.277,4500.0,Soya Oil,210,100.0,37.35,37.75,Production Recipes,10,
Server2,D8C577DF-4D28-4216-952B-249BC2AA3D8F,9EB5AAF9-4EC2-4BC1-B78F-A2C697BCE705,4,BROILER GROWER605 2,BROILER GROWER,2026-07-23 02:39:12.147,2026-07-23 04:24:52.847,2026-07-23 04:25:57.277,4500.0,TermiN-8,33,100.0,6.75,0.0,Production Recipes,6,
Server2,2B0E1E05-B789-4DC6-A118-20378940A8F5,9EB5AAF9-4EC2-4BC1-B78F-A2C697BCE705,4,BROILER GROWER605 3,BROILER GROWER,2026-07-23 02:39:18.227,2026-07-23 04:29:42.097,2026-07-23 04:30:46.363,4500.0,BETAIN HCL,142,100.0,2.25,2.505787,Production Recipes,1,
Server2,2B0E1E05-B789-4DC6-A118-20378940A8F5,9EB5AAF9-4EC2-4BC1-B78F-A2C697BCE705,4,BROILER GROWER605 3,BROILER GROWER,2026-07-23 02:39:18.227,2026-07-23 04:29:42.097,2026-07-23 04:30:46.363,4500.0,BIOSTRONG 510,140,100.0,0.675,0.7899306,Production Recipes,1,
Server2,2B0E1E05-B789-4DC6-A118-20378940A8F5,9EB5AAF9-4EC2-4BC1-B78F-A2C697BCE705,4,BROILER GROWER605 3,BROILER GROWER,2026-07-23 02:39:18.227,2026-07-23 04:29:42.097,2026-07-23 04:30:46.363,4500.0,Broiler Mineral Mix,31,100.0,4.05,5.598958,Production Recipes,1,
Server2,2B0E1E05-B789-4DC6-A118-20378940A8F5,9EB5AAF9-4EC2-4BC1-B78F-A2C697BCE705,4,BROILER GROWER605 3,BROILER GROWER,2026-07-23 02:39:18.227,2026-07-23 04:29:42.097,2026-07-23 04:30:46.363,4500.0,Broiler Starter PX,69,100.0,4.05,5.943287,Production Recipes,1,
Server2,2B0E1E05-B789-4DC6-A118-20378940A8F5,9EB5AAF9-4EC2-4BC1-B78F-A2C697BCE705,4,BROILER GROWER605 3,BROILER GROWER,2026-07-23 02:39:18.227,2026-07-23 04:29:42.097,2026-07-23 04:30:46.363,4500.0,Choline Chloride 60%,26,100.0,2.7,2.957176,Production Recipes,1,
Server2,2B0E1E05-B789-4DC6-A118-20378940A8F5,9EB5AAF9-4EC2-4BC1-B78F-A2C697BCE705,4,BROILER GROWER605 3,BROILER GROWER,2026-07-23 02:39:18.227,2026-07-23 04:29:42.097,2026-07-23 04:30:46.363,4500.0,KENZYME PRO,77,100.0,2.7,3.298611,Production Recipes,1,
Server2,2B0E1E05-B789-4DC6-A118-20378940A8F5,9EB5AAF9-4EC2-4BC1-B78F-A2C697BCE705,4,BROILER GROWER605 3,BROILER GROWER,2026-07-23 02:39:18.227,2026-07-23 04:29:42.097,2026-07-23 04:30:46.363,4500.0,Limestone,113,100.0,55.485,56.62622,Production Recipes,1,
Server2,2B0E1E05-B789-4DC6-A118-20378940A8F5,9EB5AAF9-4EC2-4BC1-B78F-A2C697BCE705,4,BROILER GROWER605 3,BROILER GROWER,2026-07-23 02:39:18.227,2026-07-23 04:29:42.097,2026-07-23 04:30:46.363,4500.0,LYSOFORTE DRY,30,100.0,0.9,0.8506945,Production Recipes,1,
Server2,2B0E1E05-B789-4DC6-A118-20378940A8F5,9EB5AAF9-4EC2-4BC1-B78F-A2C697BCE705,4,BROILER GROWER605 3,BROILER GROWER,2026-07-23 02:39:18.227,2026-07-23 04:29:42.097,2026-07-23 04:30:46.363,4500.0,Maize,100,100.0,2679.705,2681.568,Production Recipes,4,
Server2,2B0E1E05-B789-4DC6-A118-20378940A8F5,9EB5AAF9-4EC2-4BC1-B78F-A2C697BCE705,4,BROILER GROWER605 3,BROILER GROWER,2026-07-23 02:39:18.227,2026-07-23 04:29:42.097,2026-07-23 04:30:46.363,4500.0,Methionine,12,100.0,10.62,10.99537,Production Recipes,1,
Server2,2B0E1E05-B789-4DC6-A118-20378940A8F5,9EB5AAF9-4EC2-4BC1-B78F-A2C697BCE705,4,BROILER GROWER605 3,BROILER GROWER,2026-07-23 02:39:18.227,2026-07-23 04:29:42.097,2026-07-23 04:30:46.363,4500.0,Monocalcium Phos,204,100.0,38.745,39.0625,Production Recipes,1,
Server2,2B0E1E05-B789-4DC6-A118-20378940A8F5,9EB5AAF9-4EC2-4BC1-B78F-A2C697BCE705,4,BROILER GROWER605 3,BROILER GROWER,2026-07-23 02:39:18.227,2026-07-23 04:29:42.097,2026-07-23 04:30:46.363,4500.0,NOVELA ECL,6,100.0,0.45,0.5208334,Production Recipes,1,
Server2,2B0E1E05-B789-4DC6-A118-20378940A8F5,9EB5AAF9-4EC2-4BC1-B78F-A2C697BCE705,4,BROILER GROWER605 3,BROILER GROWER,2026-07-23 02:39:18.227,2026-07-23 04:29:42.097,2026-07-23 04:30:46.363,4500.0,Provi Oxi Stop,21,100.0,0.45,0.8405671,Production Recipes,1,
Server2,2B0E1E05-B789-4DC6-A118-20378940A8F5,9EB5AAF9-4EC2-4BC1-B78F-A2C697BCE705,4,BROILER GROWER605 3,BROILER GROWER,2026-07-23 02:39:18.227,2026-07-23 04:29:42.097,2026-07-23 04:30:46.363,4500.0,Rovabio P10,176,100.0,2.25,2.893518,Production Recipes,1,
Server2,2B0E1E05-B789-4DC6-A118-20378940A8F5,9EB5AAF9-4EC2-4BC1-B78F-A2C697BCE705,4,BROILER GROWER605 3,BROILER GROWER,2026-07-23 02:39:18.227,2026-07-23 04:29:42.097,2026-07-23 04:30:46.363,4500.0,Sacox (500g),91,100.0,2.25,3.304399,Production Recipes,1,
Server2,2B0E1E05-B789-4DC6-A118-20378940A8F5,9EB5AAF9-4EC2-4BC1-B78F-A2C697BCE705,4,BROILER GROWER605 3,BROILER GROWER,2026-07-23 02:39:18.227,2026-07-23 04:29:42.097,2026-07-23 04:30:46.363,4500.0,Salt,202,100.0,12.96,14.03356,Production Recipes,1,
Server2,2B0E1E05-B789-4DC6-A118-20378940A8F5,9EB5AAF9-4EC2-4BC1-B78F-A2C697BCE705,4,BROILER GROWER605 3,BROILER GROWER,2026-07-23 02:39:18.227,2026-07-23 04:29:42.097,2026-07-23 04:30:46.363,4500.0,SOLIS,124,100.0,6.75,7.306134,Production Recipes,1,
Server2,2B0E1E05-B789-4DC6-A118-20378940A8F5,9EB5AAF9-4EC2-4BC1-B78F-A2C697BCE705,4,BROILER GROWER605 3,BROILER GROWER,2026-07-23 02:39:18.227,2026-07-23 04:29:42.097,2026-07-23 04:30:46.363,4500.0,SOUDIOM Bicarbon,35,100.0,8.955,10.12732,Production Recipes,1,
Server2,2B0E1E05-B789-4DC6-A118-20378940A8F5,9EB5AAF9-4EC2-4BC1-B78F-A2C697BCE705,4,BROILER GROWER605 3,BROILER GROWER,2026-07-23 02:39:18.227,2026-07-23 04:29:42.097,2026-07-23 04:30:46.363,4500.0,SOYA-,105,100.0,1619.145,1617.969,Production Recipes,1,
Server2,2B0E1E05-B789-4DC6-A118-20378940A8F5,9EB5AAF9-4EC2-4BC1-B78F-A2C697BCE705,4,BROILER GROWER605 3,BROILER GROWER,2026-07-23 02:39:18.227,2026-07-23 04:29:42.097,2026-07-23 04:30:46.363,4500.0,Soya Oil,210,100.0,37.35,37.75,Production Recipes,10,
Server2,2B0E1E05-B789-4DC6-A118-20378940A8F5,9EB5AAF9-4EC2-4BC1-B78F-A2C697BCE705,4,BROILER GROWER605 3,BROILER GROWER,2026-07-23 02:39:18.227,2026-07-23 04:29:42.097,2026-07-23 04:30:46.363,4500.0,TermiN-8,33,100.0,6.75,0.0,Production Recipes,6,
