ID,Source Server,Batch GUID,ROOTGUID,OrderId,Batch Name,Product Name,Batch Act Start,Batch Act End,Batch Transfer Time,Quantity,Material Name,Material Code,SetPoint Float,Actual Value Float,FormulaCategoryName,sp_prot
1,Server1,583EF9EE-8583-4310-870A-008B1C6E5BCC,B2F676B8-EA69-4F9D-ADD4-086CB73D5056,918,FM LOT-867FM Ruminant 13% 08,FM Ruminant 13%,2025-03-28 07:23:34.330,2025-03-28 09:46:07.967,2025-03-28 09:47:11.823,6000,Availa Cr1000 Zinpro USA,100607,0.9,0.8600001,FeedMill_Hammer,203
2,Server1,583EF9EE-8583-4310-870A-008B1C6E5BCC,B2F676B8-EA69-4F9D-ADD4-086CB73D5056,918,FM LOT-867FM Ruminant 13% 08,FM Ruminant 13%,2025-03-28 07:23:34.330,2025-03-28 09:46:07.967,2025-03-28 09:47:11.823,6000,BARLEY,100334,225,219.7,FeedMill_Hammer,202
3,Server1,583EF9EE-8583-4310-870A-008B1C6E5BCC,B2F676B8-EA69-4F9D-ADD4-086CB73D5056,918,FM LOT-867FM Ruminant 13% 08,FM Ruminant 13%,2025-03-28 07:23:34.330,2025-03-28 09:46:07.967,2025-03-28 09:47:11.823,12000,Bran Pellets,200321,700,702.9,FeedMill_Hammer,202
4,Server1,583EF9EE-8583-4310-870A-008B1C6E5BCC,B2F676B8-EA69-4F9D-ADD4-086CB73D5056,918,FM LOT-867FM Ruminant 13% 08,FM Ruminant 13%,2025-03-28 07:23:34.330,2025-03-28 09:46:07.967,2025-03-28 09:47:11.823,6000,corn screening,100583,210,216.5,FeedMill_Hammer,202
5,Server1,583EF9EE-8583-4310-870A-008B1C6E5BCC,B2F676B8-EA69-4F9D-ADD4-086CB73D5056,918,FM LOT-867FM Ruminant 13% 08,FM Ruminant 13%,2025-03-28 07:23:34.330,2025-03-28 09:46:07.967,2025-03-28 09:47:11.823,6000,DDGS,100427,195,193.3,FeedMill_Hammer,202
6,Server1,583EF9EE-8583-4310-870A-008B1C6E5BCC,B2F676B8-EA69-4F9D-ADD4-086CB73D5056,918,FM LOT-867FM Ruminant 13% 08,FM Ruminant 13%,2025-03-28 07:23:34.330,2025-03-28 09:46:07.967,2025-03-28 09:47:11.823,6000,Limestone,100048,63.9,65.39999,FeedMill_Hammer,202
7,Server1,583EF9EE-8583-4310-870A-008B1C6E5BCC,B2F676B8-EA69-4F9D-ADD4-086CB73D5056,918,FM LOT-867FM Ruminant 13% 08,FM Ruminant 13%,2025-03-28 07:23:34.330,2025-03-28 09:46:07.967,2025-03-28 09:47:11.823,12000,Molasses,100085,120,120.2914,FeedMill_Hammer,NULL
8,Server1,583EF9EE-8583-4310-870A-008B1C6E5BCC,B2F676B8-EA69-4F9D-ADD4-086CB73D5056,918,FM LOT-867FM Ruminant 13% 08,FM Ruminant 13%,2025-03-28 07:23:34.330,2025-03-28 09:46:07.967,2025-03-28 09:47:11.823,6000,PMX 100331 Ruminant,100331,9,8.98,FeedMill_Hammer,204
9,Server1,583EF9EE-8583-4310-870A-008B1C6E5BCC,B2F676B8-EA69-4F9D-ADD4-086CB73D5056,918,FM LOT-867FM Ruminant 13% 08,FM Ruminant 13%,2025-03-28 07:23:34.330,2025-03-28 09:46:07.967,2025-03-28 09:47:11.823,6000,RAPSEED,100081,209.4,211.1,FeedMill_Hammer,202
10,Server1,583EF9EE-8583-4310-870A-008B1C6E5BCC,B2F676B8-EA69-4F9D-ADD4-086CB73D5056,918,FM LOT-867FM Ruminant 13% 08,FM Ruminant 13%,2025-03-28 07:23:34.330,2025-03-28 09:46:07.967,2025-03-28 09:47:11.823,6000,RICE HUSK,100317,600,594.8,FeedMill_Hammer,201
11,Server1,583EF9EE-8583-4310-870A-008B1C6E5BCC,B2F676B8-EA69-4F9D-ADD4-086CB73D5056,918,FM LOT-867FM Ruminant 13% 08,FM Ruminant 13%,2025-03-28 07:23:34.330,2025-03-28 09:46:07.967,2025-03-28 09:47:11.823,12000,SALT.,100051,28.8,28.61,FeedMill_Hammer,204
12,Server1,583EF9EE-8583-4310-870A-008B1C6E5BCC,B2F676B8-EA69-4F9D-ADD4-086CB73D5056,918,FM LOT-867FM Ruminant 13% 08,FM Ruminant 13%,2025-03-28 07:23:34.330,2025-03-28 09:46:07.967,2025-03-28 09:47:11.823,6000,Sodium Bicarbonate,100052,6,5.989999,FeedMill_Hammer,203
13,Server1,583EF9EE-8583-4310-870A-008B1C6E5BCC,B2F676B8-EA69-4F9D-ADD4-086CB73D5056,918,FM LOT-867FM Ruminant 13% 08,FM Ruminant 13%,2025-03-28 07:23:34.330,2025-03-28 09:46:07.967,2025-03-28 09:47:11.823,12000,Water,1001,45,39.43297,FeedMill_Hammer,100
14,Server1,583EF9EE-8583-4310-870A-008B1C6E5BCC,B2F676B8-EA69-4F9D-ADD4-086CB73D5056,918,FM LOT-867FM Ruminant 13% 08,FM Ruminant 13%,2025-03-28 07:23:34.330,2025-03-28 09:46:07.967,2025-03-28 09:47:11.823,6000,Wheat Bran,200223,632.9,619.9,FeedMill_Hammer,201
15,Server1,BCDEF3C7-D408-40C3-B689-02B00656FC8D,B064B490-901F-4B24-89FB-1FF5E6D64743,936,PMX lot0125PMX Layer Mash 24 2 4,PMX 100366 Layer Mash,2025-03-29 06:37:05.607,2025-03-29 10:02:25.797,2025-03-29 19:03:10.090,1000,AMA-Poultry,100517,8.35,8.370003,Premix,305
16,Server1,BCDEF3C7-D408-40C3-B689-02B00656FC8D,B064B490-901F-4B24-89FB-1FF5E6D64743,936,PMX lot0125PMX Layer Mash 24 2 4,PMX 100366 Layer Mash,2025-03-29 06:37:05.607,2025-03-29 10:02:25.797,2025-03-29 19:03:10.090,1000,Bacillus Blend,100559,1.5,1.600002,Premix,307
17,Server1,BCDEF3C7-D408-40C3-B689-02B00656FC8D,B064B490-901F-4B24-89FB-1FF5E6D64743,936,PMX lot0125PMX Layer Mash 24 2 4,PMX 100366 Layer Mash,2025-03-29 06:37:05.607,2025-03-29 10:02:25.797,2025-03-29 19:03:10.090,1000,Beta Mannanese,100511,9.25,9.260002,Premix,304
18,Server1,BCDEF3C7-D408-40C3-B689-02B00656FC8D,B064B490-901F-4B24-89FB-1FF5E6D64743,936,PMX lot0125PMX Layer Mash 24 2 4,PMX 100366 Layer Mash,2025-03-29 06:37:05.607,2025-03-29 10:02:25.797,2025-03-29 19:03:10.090,1000,Betafin S6,100107,5,5.119999,Premix,304
19,Server1,BCDEF3C7-D408-40C3-B689-02B00656FC8D,B064B490-901F-4B24-89FB-1FF5E6D64743,936,PMX lot0125PMX Layer Mash 24 2 4,PMX 100366 Layer Mash,2025-03-29 06:37:05.607,2025-03-29 10:02:25.797,2025-03-29 19:03:10.090,1000,Carrophyl Red 10%,100078,2.85,2.839,Premix,302
20,Server1,BCDEF3C7-D408-40C3-B689-02B00656FC8D,B064B490-901F-4B24-89FB-1FF5E6D64743,936,PMX lot0125PMX Layer Mash 24 2 4,PMX 100366 Layer Mash,2025-03-29 06:37:05.607,2025-03-29 10:02:25.797,2025-03-29 19:03:10.090,1000,Carrophyl Yellow,100079,0.25,0.2600021,Premix,307
21,Server1,BCDEF3C7-D408-40C3-B689-02B00656FC8D,B064B490-901F-4B24-89FB-1FF5E6D64743,936,PMX lot0125PMX Layer Mash 24 2 4,PMX 100366 Layer Mash,2025-03-29 06:37:05.607,2025-03-29 10:02:25.797,2025-03-29 19:03:10.090,1000,Choline Chloride,100108,47.5,47.5,Premix,307
22,Server1,BCDEF3C7-D408-40C3-B689-02B00656FC8D,B064B490-901F-4B24-89FB-1FF5E6D64743,936,PMX lot0125PMX Layer Mash 24 2 4,PMX 100366 Layer Mash,2025-03-29 06:37:05.607,2025-03-29 10:02:25.797,2025-03-29 19:03:10.090,1000,Copper Oxychloride,100075,0.5,0.5199966,Premix,307
23,Server1,BCDEF3C7-D408-40C3-B689-02B00656FC8D,B064B490-901F-4B24-89FB-1FF5E6D64743,936,PMX lot0125PMX Layer Mash 24 2 4,PMX 100366 Layer Mash,2025-03-29 06:37:05.607,2025-03-29 10:02:25.797,2025-03-29 19:03:10.090,1000,D Biotin 2%,100102,0.33,0.309,Premix,302
24,Server1,BCDEF3C7-D408-40C3-B689-02B00656FC8D,B064B490-901F-4B24-89FB-1FF5E6D64743,936,PMX lot0125PMX Layer Mash 24 2 4,PMX 100366 Layer Mash,2025-03-29 06:37:05.607,2025-03-29 10:02:25.797,2025-03-29 19:03:10.090,1000,D Pantothenic Acid [B5],100105,0.36,0.3600006,Premix,307
25,Server1,BCDEF3C7-D408-40C3-B689-02B00656FC8D,B064B490-901F-4B24-89FB-1FF5E6D64743,936,PMX lot0125PMX Layer Mash 24 2 4,PMX 100366 Layer Mash,2025-03-29 06:37:05.607,2025-03-29 10:02:25.797,2025-03-29 19:03:10.090,1000,EDDI,100361,0.04,0.04000092,Premix,307
26,Server1,BCDEF3C7-D408-40C3-B689-02B00656FC8D,B064B490-901F-4B24-89FB-1FF5E6D64743,936,PMX lot0125PMX Layer Mash 24 2 4,PMX 100366 Layer Mash,2025-03-29 06:37:05.607,2025-03-29 10:02:25.797,2025-03-29 19:03:10.090,1000,Ethoxyquine 66.6%,100012,3.35,3.41,Premix,307
27,Server1,BCDEF3C7-D408-40C3-B689-02B00656FC8D,B064B490-901F-4B24-89FB-1FF5E6D64743,936,PMX lot0125PMX Layer Mash 24 2 4,PMX 100366 Layer Mash,2025-03-29 06:37:05.607,2025-03-29 10:02:25.797,2025-03-29 19:03:10.090,1000,Feed Enzyme,100021,2,2.08,Premix,304
28,Server1,BCDEF3C7-D408-40C3-B689-02B00656FC8D,B064B490-901F-4B24-89FB-1FF5E6D64743,936,PMX lot0125PMX Layer Mash 24 2 4,PMX 100366 Layer Mash,2025-03-29 06:37:05.607,2025-03-29 10:02:25.797,2025-03-29 19:03:10.090,1000,ferrous carbonate,100056,3.5,3.43,Premix,304
29,Server1,BCDEF3C7-D408-40C3-B689-02B00656FC8D,B064B490-901F-4B24-89FB-1FF5E6D64743,936,PMX lot0125PMX Layer Mash 24 2 4,PMX 100366 Layer Mash,2025-03-29 06:37:05.607,2025-03-29 10:02:25.797,2025-03-29 19:03:10.090,1000,Folic Acid B9 80%,100103,0.04,0.09000015,Premix,307
30,Server1,BCDEF3C7-D408-40C3-B689-02B00656FC8D,B064B490-901F-4B24-89FB-1FF5E6D64743,936,PMX lot0125PMX Layer Mash 24 2 4,PMX 100366 Layer Mash,2025-03-29 06:37:05.607,2025-03-29 10:02:25.797,2025-03-29 19:03:10.090,2000,Limestone,100048,120,120.1,Premix,301
31,Server1,BCDEF3C7-D408-40C3-B689-02B00656FC8D,B064B490-901F-4B24-89FB-1FF5E6D64743,936,PMX lot0125PMX Layer Mash 24 2 4,PMX 100366 Layer Mash,2025-03-29 06:37:05.607,2025-03-29 10:02:25.797,2025-03-29 19:03:10.090,1000,Manganese Oxide 60%,100055,4.31,4.700001,Premix,304
32,Server1,BCDEF3C7-D408-40C3-B689-02B00656FC8D,B064B490-901F-4B24-89FB-1FF5E6D64743,936,PMX lot0125PMX Layer Mash 24 2 4,PMX 100366 Layer Mash,2025-03-29 06:37:05.607,2025-03-29 10:02:25.797,2025-03-29 19:03:10.090,1000,Manganese Proteinate 15%[CMC],100067,5,5.059999,Premix,304
33,Server1,BCDEF3C7-D408-40C3-B689-02B00656FC8D,B064B490-901F-4B24-89FB-1FF5E6D64743,936,PMX lot0125PMX Layer Mash 24 2 4,PMX 100366 Layer Mash,2025-03-29 06:37:05.607,2025-03-29 10:02:25.797,2025-03-29 19:03:10.090,1000,Nicotinic Acid Vitamin [B3],100104,1.35,1.43,Premix,307
34,Server1,BCDEF3C7-D408-40C3-B689-02B00656FC8D,B064B490-901F-4B24-89FB-1FF5E6D64743,936,PMX lot0125PMX Layer Mash 24 2 4,PMX 100366 Layer Mash,2025-03-29 06:37:05.607,2025-03-29 10:02:25.797,2025-03-29 19:03:10.090,2000,Phytase,100353,2,2,Premix,304
35,Server1,BCDEF3C7-D408-40C3-B689-02B00656FC8D,B064B490-901F-4B24-89FB-1FF5E6D64743,936,PMX lot0125PMX Layer Mash 24 2 4,PMX 100366 Layer Mash,2025-03-29 06:37:05.607,2025-03-29 10:02:25.797,2025-03-29 19:03:10.090,1000,Potassium Carbonate Buffer,100518,12.5,12.53,Premix,307
36,Server1,BCDEF3C7-D408-40C3-B689-02B00656FC8D,B064B490-901F-4B24-89FB-1FF5E6D64743,936,PMX lot0125PMX Layer Mash 24 2 4,PMX 100366 Layer Mash,2025-03-29 06:37:05.607,2025-03-29 10:02:25.797,2025-03-29 19:03:10.090,1000,Prophorce 130 fatty acid,10046500,16.5,16.52,Premix,304
37,Server1,BCDEF3C7-D408-40C3-B689-02B00656FC8D,B064B490-901F-4B24-89FB-1FF5E6D64743,936,PMX lot0125PMX Layer Mash 24 2 4,PMX 100366 Layer Mash,2025-03-29 06:37:05.607,2025-03-29 10:02:25.797,2025-03-29 19:03:10.090,3000,SALT.,100051,85,85.04999,Premix,305
38,Server1,BCDEF3C7-D408-40C3-B689-02B00656FC8D,B064B490-901F-4B24-89FB-1FF5E6D64743,936,PMX lot0125PMX Layer Mash 24 2 4,PMX 100366 Layer Mash,2025-03-29 06:37:05.607,2025-03-29 10:02:25.797,2025-03-29 19:03:10.090,2000,Selenium Yeast 4000,100623,1.125,1.74,Premix,304
39,Server1,BCDEF3C7-D408-40C3-B689-02B00656FC8D,B064B490-901F-4B24-89FB-1FF5E6D64743,936,PMX lot0125PMX Layer Mash 24 2 4,PMX 100366 Layer Mash,2025-03-29 06:37:05.607,2025-03-29 10:02:25.797,2025-03-29 19:03:10.090,1000,Sodium Bicarbonate,100052,65,65,Premix,301
40,Server1,BCDEF3C7-D408-40C3-B689-02B00656FC8D,B064B490-901F-4B24-89FB-1FF5E6D64743,936,PMX lot0125PMX Layer Mash 24 2 4,PMX 100366 Layer Mash,2025-03-29 06:37:05.607,2025-03-29 10:02:25.797,2025-03-29 19:03:10.090,1000,Sodium Selinite 1% SELEN,100061,0.67,0.6939999,Premix,302
41,Server1,BCDEF3C7-D408-40C3-B689-02B00656FC8D,B064B490-901F-4B24-89FB-1FF5E6D64743,936,PMX lot0125PMX Layer Mash 24 2 4,PMX 100366 Layer Mash,2025-03-29 06:37:05.607,2025-03-29 10:02:25.797,2025-03-29 19:03:10.090,2000,Vitamin A1000,100094,0.4,0.399,Premix,302
42,Server1,BCDEF3C7-D408-40C3-B689-02B00656FC8D,B064B490-901F-4B24-89FB-1FF5E6D64743,936,PMX lot0125PMX Layer Mash 24 2 4,PMX 100366 Layer Mash,2025-03-29 06:37:05.607,2025-03-29 10:02:25.797,2025-03-29 19:03:10.090,1000,Vitamin B1 Thiamine,100098,0.09,0.09999847,Premix,307
43,Server1,BCDEF3C7-D408-40C3-B689-02B00656FC8D,B064B490-901F-4B24-89FB-1FF5E6D64743,936,PMX lot0125PMX Layer Mash 24 2 4,PMX 100366 Layer Mash,2025-03-29 06:37:05.607,2025-03-29 10:02:25.797,2025-03-29 19:03:10.090,1000,Vitamin B12 1%,100101,0.1,0.1399994,Premix,307
44,Server1,BCDEF3C7-D408-40C3-B689-02B00656FC8D,B064B490-901F-4B24-89FB-1FF5E6D64743,936,PMX lot0125PMX Layer Mash 24 2 4,PMX 100366 Layer Mash,2025-03-29 06:37:05.607,2025-03-29 10:02:25.797,2025-03-29 19:03:10.090,1000,Vitamin B2 (Riboflaven),100099,0.27,0.277,Premix,302
45,Server1,BCDEF3C7-D408-40C3-B689-02B00656FC8D,B064B490-901F-4B24-89FB-1FF5E6D64743,936,PMX lot0125PMX Layer Mash 24 2 4,PMX 100366 Layer Mash,2025-03-29 06:37:05.607,2025-03-29 10:02:25.797,2025-03-29 19:03:10.090,1000,Vitamin B6 (Pyridoxine HCI),100100,0.17,0.17,Premix,302
46,Server1,BCDEF3C7-D408-40C3-B689-02B00656FC8D,B064B490-901F-4B24-89FB-1FF5E6D64743,936,PMX lot0125PMX Layer Mash 24 2 4,PMX 100366 Layer Mash,2025-03-29 06:37:05.607,2025-03-29 10:02:25.797,2025-03-29 19:03:10.090,1000,Vitamin D3 500,100095,0.23,0.2399979,Premix,307
47,Server1,BCDEF3C7-D408-40C3-B689-02B00656FC8D,B064B490-901F-4B24-89FB-1FF5E6D64743,936,PMX lot0125PMX Layer Mash 24 2 4,PMX 100366 Layer Mash,2025-03-29 06:37:05.607,2025-03-29 10:02:25.797,2025-03-29 19:03:10.090,1000,Vitamin E50,100096,3.3,3.349998,Premix,305
48,Server1,BCDEF3C7-D408-40C3-B689-02B00656FC8D,B064B490-901F-4B24-89FB-1FF5E6D64743,936,PMX lot0125PMX Layer Mash 24 2 4,PMX 100366 Layer Mash,2025-03-29 06:37:05.607,2025-03-29 10:02:25.797,2025-03-29 19:03:10.090,1000,Vitamin K3 (Menadion),100097,0.23,0.226,Premix,302
49,Server1,BCDEF3C7-D408-40C3-B689-02B00656FC8D,B064B490-901F-4B24-89FB-1FF5E6D64743,936,PMX lot0125PMX Layer Mash 24 2 4,PMX 100366 Layer Mash,2025-03-29 06:37:05.607,2025-03-29 10:02:25.797,2025-03-29 19:03:10.090,2000,Wheat Bran,200223,41.773,41.5,Premix,301
50,Server1,BCDEF3C7-D408-40C3-B689-02B00656FC8D,B064B490-901F-4B24-89FB-1FF5E6D64743,936,PMX lot0125PMX Layer Mash 24 2 4,PMX 100366 Layer Mash,2025-03-29 06:37:05.607,2025-03-29 10:02:25.797,2025-03-29 19:03:10.090,1000,Xcelsio AAPF,GM0000,11.67,11.84,Premix,307
51,Server1,BCDEF3C7-D408-40C3-B689-02B00656FC8D,B064B490-901F-4B24-89FB-1FF5E6D64743,936,PMX lot0125PMX Layer Mash 24 2 4,PMX 100366 Layer Mash,2025-03-29 06:37:05.607,2025-03-29 10:02:25.797,2025-03-29 19:03:10.090,1000,Zinc Oxide 70%,100057,3.5,3.509995,Premix,305
52,Server1,8330D42A-2E9D-4BDC-A1F2-02D4CFA03C6B,F7285BBA-A31F-4110-8917-EFC6B3EA157E,17,Abu DhabiT_NEW_1,Not Selected,2025-03-29 15:21:12.530,2025-03-29 16:25:50.653,2025-03-29 19:08:26.413,96000,FM Layer Gro Mash LM,985-ML,4000,5640.234,OutLoading,100
53,Server1,8330D42A-2E9D-4BDC-A1F2-02D4CFA03C6B,F7285BBA-A31F-4110-8917-EFC6B3EA157E,17,Abu DhabiT_NEW_1,Not Selected,2025-03-29 15:21:12.530,2025-03-29 16:25:50.653,2025-03-29 19:08:26.413,288000,FM Layer Peak Mash,100365-ML,6000,6130.256,OutLoading,100
54,Server1,8330D42A-2E9D-4BDC-A1F2-02D4CFA03C6B,F7285BBA-A31F-4110-8917-EFC6B3EA157E,17,Abu DhabiT_NEW_1,Not Selected,2025-03-29 15:21:12.530,2025-03-29 16:25:50.653,2025-03-29 19:08:26.413,96000,FM Layer Post Peak PL,100487-CR,4000,3960.168,OutLoading,100
55,Server1,8330D42A-2E9D-4BDC-A1F2-02D4CFA03C6B,F7285BBA-A31F-4110-8917-EFC6B3EA157E,17,Abu DhabiT_NEW_1,Not Selected,2025-03-29 15:21:12.530,2025-03-29 16:25:50.653,2025-03-29 19:08:26.413,96000,FM Layer Starter L M CR,100362-CR,4000,4130.172,OutLoading,100
56,Server1,56404467-214C-4F30-9948-03D15AF866C1,848420B7-8A52-4A72-AE70-DED7963EB34D,943,FM LOT-890FM Maker - 3  11-Jan 1,FM Meat Maker3 CR  New,2025-03-29 13:04:09.977,2025-03-29 13:59:22.393,2025-03-29 19:06:52.127,6000,CORN,100038,1860,1864,FeedMill_Hammer,201
57,Server1,56404467-214C-4F30-9948-03D15AF866C1,848420B7-8A52-4A72-AE70-DED7963EB34D,943,FM LOT-890FM Maker - 3  11-Jan 1,FM Meat Maker3 CR  New,2025-03-29 13:04:09.977,2025-03-29 13:59:22.393,2025-03-29 19:06:52.127,6000,MCP,2001445,12.405,12.44,FeedMill_Hammer,204
58,Server1,56404467-214C-4F30-9948-03D15AF866C1,848420B7-8A52-4A72-AE70-DED7963EB34D,943,FM LOT-890FM Maker - 3  11-Jan 1,FM Meat Maker3 CR  New,2025-03-29 13:04:09.977,2025-03-29 13:59:22.393,2025-03-29 19:06:52.127,12000,METH,1004,12,12.00378,FeedMill_Hammer,100
59,Server1,56404467-214C-4F30-9948-03D15AF866C1,848420B7-8A52-4A72-AE70-DED7963EB34D,943,FM LOT-890FM Maker - 3  11-Jan 1,FM Meat Maker3 CR  New,2025-03-29 13:04:09.977,2025-03-29 13:59:22.393,2025-03-29 19:06:52.127,6000,PMX 100392  Broiler Fin HP,100392,60,60.08999,FeedMill_Hammer,204
60,Server1,56404467-214C-4F30-9948-03D15AF866C1,848420B7-8A52-4A72-AE70-DED7963EB34D,943,FM LOT-890FM Maker - 3  11-Jan 1,FM Meat Maker3 CR  New,2025-03-29 13:04:09.977,2025-03-29 13:59:22.393,2025-03-29 19:06:52.127,6000,SALT.,100051,6,5.969999,FeedMill_Hammer,204
61,Server1,56404467-214C-4F30-9948-03D15AF866C1,848420B7-8A52-4A72-AE70-DED7963EB34D,943,FM LOT-890FM Maker - 3  11-Jan 1,FM Meat Maker3 CR  New,2025-03-29 13:04:09.977,2025-03-29 13:59:22.393,2025-03-29 19:06:52.127,6000,Sodium Bicarbonate,100052,6.303,6.339999,FeedMill_Hammer,203
62,Server1,56404467-214C-4F30-9948-03D15AF866C1,848420B7-8A52-4A72-AE70-DED7963EB34D,943,FM LOT-890FM Maker - 3  11-Jan 1,FM Meat Maker3 CR  New,2025-03-29 13:04:09.977,2025-03-29 13:59:22.393,2025-03-29 19:06:52.127,6000,SOYA BEAN 100359,100359,900,899.5001,FeedMill_Hammer,202
63,Server1,56404467-214C-4F30-9948-03D15AF866C1,848420B7-8A52-4A72-AE70-DED7963EB34D,943,FM LOT-890FM Maker - 3  11-Jan 1,FM Meat Maker3 CR  New,2025-03-29 13:04:09.977,2025-03-29 13:59:22.393,2025-03-29 19:06:52.127,12000,Soya Oil,100024,50,55.75844,FeedMill_Hammer,100
64,Server1,56404467-214C-4F30-9948-03D15AF866C1,848420B7-8A52-4A72-AE70-DED7963EB34D,943,FM LOT-890FM Maker - 3  11-Jan 1,FM Meat Maker3 CR  New,2025-03-29 13:04:09.977,2025-03-29 13:59:22.393,2025-03-29 19:06:52.127,12000,Water,1001,30,39.58363,FeedMill_Hammer,100
65,Server1,F2361064-269E-46C4-A3F9-0597CFEA63B7,4F49E7D9-1F69-4B40-AEFE-27B533AEFD56,938,FM LOT-885FM Maker- 3  11-Jan 3,FM Meat Maker3 CR  New,2025-03-29 07:10:48.207,2025-03-29 08:17:42.757,2025-03-29 08:21:49.010,6000,CORN,100038,1860,1855.4,FeedMill_Hammer,201
66,Server1,F2361064-269E-46C4-A3F9-0597CFEA63B7,4F49E7D9-1F69-4B40-AEFE-27B533AEFD56,938,FM LOT-885FM Maker- 3  11-Jan 3,FM Meat Maker3 CR  New,2025-03-29 07:10:48.207,2025-03-29 08:17:42.757,2025-03-29 08:21:49.010,6000,MCP,2001445,12.405,12.3,FeedMill_Hammer,204
67,Server1,F2361064-269E-46C4-A3F9-0597CFEA63B7,4F49E7D9-1F69-4B40-AEFE-27B533AEFD56,938,FM LOT-885FM Maker- 3  11-Jan 3,FM Meat Maker3 CR  New,2025-03-29 07:10:48.207,2025-03-29 08:17:42.757,2025-03-29 08:21:49.010,12000,METH,1004,12,12.02473,FeedMill_Hammer,100
68,Server1,F2361064-269E-46C4-A3F9-0597CFEA63B7,4F49E7D9-1F69-4B40-AEFE-27B533AEFD56,938,FM LOT-885FM Maker- 3  11-Jan 3,FM Meat Maker3 CR  New,2025-03-29 07:10:48.207,2025-03-29 08:17:42.757,2025-03-29 08:21:49.010,6000,PMX 100392  Broiler Fin HP,100392,60,60.06999,FeedMill_Hammer,204
69,Server1,F2361064-269E-46C4-A3F9-0597CFEA63B7,4F49E7D9-1F69-4B40-AEFE-27B533AEFD56,938,FM LOT-885FM Maker- 3  11-Jan 3,FM Meat Maker3 CR  New,2025-03-29 07:10:48.207,2025-03-29 08:17:42.757,2025-03-29 08:21:49.010,12000,Recycle Broiler feed,200000,60,60,FeedMill_Hammer,202
70,Server1,F2361064-269E-46C4-A3F9-0597CFEA63B7,4F49E7D9-1F69-4B40-AEFE-27B533AEFD56,938,FM LOT-885FM Maker- 3  11-Jan 3,FM Meat Maker3 CR  New,2025-03-29 07:10:48.207,2025-03-29 08:17:42.757,2025-03-29 08:21:49.010,6000,SALT.,100051,6,6.149999,FeedMill_Hammer,204
71,Server1,F2361064-269E-46C4-A3F9-0597CFEA63B7,4F49E7D9-1F69-4B40-AEFE-27B533AEFD56,938,FM LOT-885FM Maker- 3  11-Jan 3,FM Meat Maker3 CR  New,2025-03-29 07:10:48.207,2025-03-29 08:17:42.757,2025-03-29 08:21:49.010,6000,Sodium Bicarbonate,100052,6.303,6.499999,FeedMill_Hammer,203
72,Server1,F2361064-269E-46C4-A3F9-0597CFEA63B7,4F49E7D9-1F69-4B40-AEFE-27B533AEFD56,938,FM LOT-885FM Maker- 3  11-Jan 3,FM Meat Maker3 CR  New,2025-03-29 07:10:48.207,2025-03-29 08:17:42.757,2025-03-29 08:21:49.010,6000,SOYA BEAN 100359,100359,900,902.3,FeedMill_Hammer,202
73,Server1,F2361064-269E-46C4-A3F9-0597CFEA63B7,4F49E7D9-1F69-4B40-AEFE-27B533AEFD56,938,FM LOT-885FM Maker- 3  11-Jan 3,FM Meat Maker3 CR  New,2025-03-29 07:10:48.207,2025-03-29 08:17:42.757,2025-03-29 08:21:49.010,12000,Soya Oil,100024,50,50.05137,FeedMill_Hammer,100
74,Server1,F2361064-269E-46C4-A3F9-0597CFEA63B7,4F49E7D9-1F69-4B40-AEFE-27B533AEFD56,938,FM LOT-885FM Maker- 3  11-Jan 3,FM Meat Maker3 CR  New,2025-03-29 07:10:48.207,2025-03-29 08:17:42.757,2025-03-29 08:21:49.010,12000,Water,1001,45,39.29235,FeedMill_Hammer,100
75,Server1,8492F577-6F18-4B49-88EE-06128ABE2FD8,147B40B6-FEC9-4BDE-8ECE-0E01FD2D6B77,923,FM LOT-872FM Layer Grower Mash 1,FM Layer Gro Mash LM,2025-03-28 15:21:55.807,2025-03-28 16:27:20.703,2025-03-28 16:28:28.327,6000,AMA-Poultry,100517,0.9,0.8999999,FeedMill_Roller,203
76,Server1,8492F577-6F18-4B49-88EE-06128ABE2FD8,147B40B6-FEC9-4BDE-8ECE-0E01FD2D6B77,923,FM LOT-872FM Layer Grower Mash 1,FM Layer Gro Mash LM,2025-03-28 15:21:55.807,2025-03-28 16:27:20.703,2025-03-28 16:28:28.327,6000,CORN,100038,1731,1738.8,FeedMill_Roller,201
77,Server1,8492F577-6F18-4B49-88EE-06128ABE2FD8,147B40B6-FEC9-4BDE-8ECE-0E01FD2D6B77,923,FM LOT-872FM Layer Grower Mash 1,FM Layer Gro Mash LM,2025-03-28 15:21:55.807,2025-03-28 16:27:20.703,2025-03-28 16:28:28.327,6000,DL-Methionine Premix,100001,2.85,2.85,FeedMill_Roller,204
78,Server1,8492F577-6F18-4B49-88EE-06128ABE2FD8,147B40B6-FEC9-4BDE-8ECE-0E01FD2D6B77,923,FM LOT-872FM Layer Grower Mash 1,FM Layer Gro Mash LM,2025-03-28 15:21:55.807,2025-03-28 16:27:20.703,2025-03-28 16:28:28.327,6000,Limestone,100048,4.692,14.10001,FeedMill_Roller,202
79,Server1,8492F577-6F18-4B49-88EE-06128ABE2FD8,147B40B6-FEC9-4BDE-8ECE-0E01FD2D6B77,923,FM LOT-872FM Layer Grower Mash 1,FM Layer Gro Mash LM,2025-03-28 15:21:55.807,2025-03-28 16:27:20.703,2025-03-28 16:28:28.327,6000,MCP,2001445,14.256,14.23,FeedMill_Roller,204
80,Server1,8492F577-6F18-4B49-88EE-06128ABE2FD8,147B40B6-FEC9-4BDE-8ECE-0E01FD2D6B77,923,FM LOT-872FM Layer Grower Mash 1,FM Layer Gro Mash LM,2025-03-28 15:21:55.807,2025-03-28 16:27:20.703,2025-03-28 16:28:28.327,12000,Molasses,100085,75,74.93013,FeedMill_Roller,NULL
81,Server1,8492F577-6F18-4B49-88EE-06128ABE2FD8,147B40B6-FEC9-4BDE-8ECE-0E01FD2D6B77,923,FM LOT-872FM Layer Grower Mash 1,FM Layer Gro Mash LM,2025-03-28 15:21:55.807,2025-03-28 16:27:20.703,2025-03-28 16:28:28.327,6000,PMX 100364 Chick Starter Mash,100364,60,60.73999,FeedMill_Roller,203
82,Server1,8492F577-6F18-4B49-88EE-06128ABE2FD8,147B40B6-FEC9-4BDE-8ECE-0E01FD2D6B77,923,FM LOT-872FM Layer Grower Mash 1,FM Layer Gro Mash LM,2025-03-28 15:21:55.807,2025-03-28 16:27:20.703,2025-03-28 16:28:28.327,12000,SALT.,100051,3.501,3.509998,FeedMill_Roller,204
83,Server1,8492F577-6F18-4B49-88EE-06128ABE2FD8,147B40B6-FEC9-4BDE-8ECE-0E01FD2D6B77,923,FM LOT-872FM Layer Grower Mash 1,FM Layer Gro Mash LM,2025-03-28 15:21:55.807,2025-03-28 16:27:20.703,2025-03-28 16:28:28.327,6000,Sodium Bicarbonate,100052,9.318,9.179998,FeedMill_Roller,203
84,Server1,8492F577-6F18-4B49-88EE-06128ABE2FD8,147B40B6-FEC9-4BDE-8ECE-0E01FD2D6B77,923,FM LOT-872FM Layer Grower Mash 1,FM Layer Gro Mash LM,2025-03-28 15:21:55.807,2025-03-28 16:27:20.703,2025-03-28 16:28:28.327,6000,SOYA BEAN 100359,100359,435.117,434.5,FeedMill_Roller,202
85,Server1,8492F577-6F18-4B49-88EE-06128ABE2FD8,147B40B6-FEC9-4BDE-8ECE-0E01FD2D6B77,923,FM LOT-872FM Layer Grower Mash 1,FM Layer Gro Mash LM,2025-03-28 15:21:55.807,2025-03-28 16:27:20.703,2025-03-28 16:28:28.327,6000,Wheat Bran,200223,663.366,675.5001,FeedMill_Roller,201
86,Server1,E8D3BABE-C371-4360-A9B1-0698A7F5B7B0,6476FA1D-9E27-4F2B-A612-90B2FFFB7B7C,930,FM LOT-879Mix Grains Normal 10,mumtaz mix-grain,2025-03-28 21:35:48.657,2025-03-28 23:26:43.697,2025-03-28 23:27:49.050,6000,BARLEY,100334,750,749.8,FeedMill_Roller,202
87,Server1,E8D3BABE-C371-4360-A9B1-0698A7F5B7B0,6476FA1D-9E27-4F2B-A612-90B2FFFB7B7C,930,FM LOT-879Mix Grains Normal 10,mumtaz mix-grain,2025-03-28 21:35:48.657,2025-03-28 23:26:43.697,2025-03-28 23:27:49.050,6000,Bran Pellets,200321,330,318.6,FeedMill_Roller,202
88,Server1,E8D3BABE-C371-4360-A9B1-0698A7F5B7B0,6476FA1D-9E27-4F2B-A612-90B2FFFB7B7C,930,FM LOT-879Mix Grains Normal 10,mumtaz mix-grain,2025-03-28 21:35:48.657,2025-03-28 23:26:43.697,2025-03-28 23:27:49.050,6000,CORN,100038,735,737.7,FeedMill_Roller,201
89,Server1,E8D3BABE-C371-4360-A9B1-0698A7F5B7B0,6476FA1D-9E27-4F2B-A612-90B2FFFB7B7C,930,FM LOT-879Mix Grains Normal 10,mumtaz mix-grain,2025-03-28 21:35:48.657,2025-03-28 23:26:43.697,2025-03-28 23:27:49.050,6000,Limestone,100048,150,149.4,FeedMill_Roller,202
90,Server1,E8D3BABE-C371-4360-A9B1-0698A7F5B7B0,6476FA1D-9E27-4F2B-A612-90B2FFFB7B7C,930,FM LOT-879Mix Grains Normal 10,mumtaz mix-grain,2025-03-28 21:35:48.657,2025-03-28 23:26:43.697,2025-03-28 23:27:49.050,12000,Molasses,100085,90,90.08229,FeedMill_Roller,NULL
91,Server1,E8D3BABE-C371-4360-A9B1-0698A7F5B7B0,6476FA1D-9E27-4F2B-A612-90B2FFFB7B7C,930,FM LOT-879Mix Grains Normal 10,mumtaz mix-grain,2025-03-28 21:35:48.657,2025-03-28 23:26:43.697,2025-03-28 23:27:49.050,6000,RICE HUSK,100317,540,536.0001,FeedMill_Roller,201
92,Server1,E8D3BABE-C371-4360-A9B1-0698A7F5B7B0,6476FA1D-9E27-4F2B-A612-90B2FFFB7B7C,930,FM LOT-879Mix Grains Normal 10,mumtaz mix-grain,2025-03-28 21:35:48.657,2025-03-28 23:26:43.697,2025-03-28 23:27:49.050,12000,Water,1001,25,39.47314,FeedMill_Roller,100
93,Server1,E8D3BABE-C371-4360-A9B1-0698A7F5B7B0,6476FA1D-9E27-4F2B-A612-90B2FFFB7B7C,930,FM LOT-879Mix Grains Normal 10,mumtaz mix-grain,2025-03-28 21:35:48.657,2025-03-28 23:26:43.697,2025-03-28 23:27:49.050,6000,Wheat Bran,200223,330,337.6,FeedMill_Roller,201
94,Server1,E8D3BABE-C371-4360-A9B1-0698A7F5B7B0,6476FA1D-9E27-4F2B-A612-90B2FFFB7B7C,930,FM LOT-879Mix Grains Normal 10,mumtaz mix-grain,2025-03-28 21:35:48.657,2025-03-28 23:26:43.697,2025-03-28 23:27:49.050,12000,Wheat by Product,100330,75,75,FeedMill_Roller,202
95,Server1,1B133D99-682B-4355-B1C4-06C851853A91,CF0D184D-DB36-4DD6-A585-597299527334,940,FM LOT-887FM Maker  1 DDGS 2,FM Maker 1 DDGS,2025-03-29 15:00:57.117,2025-03-29 16:18:00.987,2025-03-29 19:08:22.207,6000,AMA-Poultry,100517,1.2,1.13,FeedMill_Hammer,203
96,Server1,1B133D99-682B-4355-B1C4-06C851853A91,CF0D184D-DB36-4DD6-A585-597299527334,940,FM LOT-887FM Maker  1 DDGS 2,FM Maker 1 DDGS,2025-03-29 15:00:57.117,2025-03-29 16:18:00.987,2025-03-29 19:08:22.207,6000,Beta Mannanese,100511,0.99,0.8399992,FeedMill_Hammer,203
97,Server1,1B133D99-682B-4355-B1C4-06C851853A91,CF0D184D-DB36-4DD6-A585-597299527334,940,FM LOT-887FM Maker  1 DDGS 2,FM Maker 1 DDGS,2025-03-29 15:00:57.117,2025-03-29 16:18:00.987,2025-03-29 19:08:22.207,6000,CORN,100038,1536,1535.9,FeedMill_Hammer,201
98,Server1,1B133D99-682B-4355-B1C4-06C851853A91,CF0D184D-DB36-4DD6-A585-597299527334,940,FM LOT-887FM Maker  1 DDGS 2,FM Maker 1 DDGS,2025-03-29 15:00:57.117,2025-03-29 16:18:00.987,2025-03-29 19:08:22.207,6000,DDGS,100427,147,144.7,FeedMill_Hammer,202
99,Server1,1B133D99-682B-4355-B1C4-06C851853A91,CF0D184D-DB36-4DD6-A585-597299527334,940,FM LOT-887FM Maker  1 DDGS 2,FM Maker 1 DDGS,2025-03-29 15:00:57.117,2025-03-29 16:18:00.987,2025-03-29 19:08:22.207,12000,MCP,2001445,20.865,20.87,FeedMill_Hammer,204
100,Server1,1B133D99-682B-4355-B1C4-06C851853A91,CF0D184D-DB36-4DD6-A585-597299527334,940,FM LOT-887FM Maker  1 DDGS 2,FM Maker 1 DDGS,2025-03-29 15:00:57.117,2025-03-29 16:18:00.987,2025-03-29 19:08:22.207,12000,METH,1004,11.1,11.10297,FeedMill_Hammer,100
101,Server1,1B133D99-682B-4355-B1C4-06C851853A91,CF0D184D-DB36-4DD6-A585-597299527334,940,FM LOT-887FM Maker  1 DDGS 2,FM Maker 1 DDGS,2025-03-29 15:00:57.117,2025-03-29 16:18:00.987,2025-03-29 19:08:22.207,12000,PMX 100314 Broiler Starter,100314,60,60,FeedMill_Hammer,204
102,Server1,1B133D99-682B-4355-B1C4-06C851853A91,CF0D184D-DB36-4DD6-A585-597299527334,940,FM LOT-887FM Maker  1 DDGS 2,FM Maker 1 DDGS,2025-03-29 15:00:57.117,2025-03-29 16:18:00.987,2025-03-29 19:08:22.207,6000,Prebotic(Celmanax dry),100466,3,2.96,FeedMill_Hammer,203
103,Server1,1B133D99-682B-4355-B1C4-06C851853A91,CF0D184D-DB36-4DD6-A585-597299527334,940,FM LOT-887FM Maker  1 DDGS 2,FM Maker 1 DDGS,2025-03-29 15:00:57.117,2025-03-29 16:18:00.987,2025-03-29 19:08:22.207,6000,Protease Enzyme,100389,0.6,0.72,FeedMill_Hammer,203
104,Server1,1B133D99-682B-4355-B1C4-06C851853A91,CF0D184D-DB36-4DD6-A585-597299527334,940,FM LOT-887FM Maker  1 DDGS 2,FM Maker 1 DDGS,2025-03-29 15:00:57.117,2025-03-29 16:18:00.987,2025-03-29 19:08:22.207,6000,Recycle Broiler feed,200000,60,60,FeedMill_Hammer,202
105,Server1,1B133D99-682B-4355-B1C4-06C851853A91,CF0D184D-DB36-4DD6-A585-597299527334,940,FM LOT-887FM Maker  1 DDGS 2,FM Maker 1 DDGS,2025-03-29 15:00:57.117,2025-03-29 16:18:00.987,2025-03-29 19:08:22.207,6000,RM Emulsifier,100560,0.75,0.7799988,FeedMill_Hammer,203
106,Server1,1B133D99-682B-4355-B1C4-06C851853A91,CF0D184D-DB36-4DD6-A585-597299527334,940,FM LOT-887FM Maker  1 DDGS 2,FM Maker 1 DDGS,2025-03-29 15:00:57.117,2025-03-29 16:18:00.987,2025-03-29 19:08:22.207,12000,SALT.,100051,4.5,4.590004,FeedMill_Hammer,204
107,Server1,1B133D99-682B-4355-B1C4-06C851853A91,CF0D184D-DB36-4DD6-A585-597299527334,940,FM LOT-887FM Maker  1 DDGS 2,FM Maker 1 DDGS,2025-03-29 15:00:57.117,2025-03-29 16:18:00.987,2025-03-29 19:08:22.207,6000,SMCFA-Fatty acids,GM100465,0.75,0.710001,FeedMill_Hammer,203
108,Server1,1B133D99-682B-4355-B1C4-06C851853A91,CF0D184D-DB36-4DD6-A585-597299527334,940,FM LOT-887FM Maker  1 DDGS 2,FM Maker 1 DDGS,2025-03-29 15:00:57.117,2025-03-29 16:18:00.987,2025-03-29 19:08:22.207,6000,Sodium Bicarbonate,100052,9.456,9.389999,FeedMill_Hammer,203
109,Server1,1B133D99-682B-4355-B1C4-06C851853A91,CF0D184D-DB36-4DD6-A585-597299527334,940,FM LOT-887FM Maker  1 DDGS 2,FM Maker 1 DDGS,2025-03-29 15:00:57.117,2025-03-29 16:18:00.987,2025-03-29 19:08:22.207,6000,SOYA BEAN 100359,100359,976.35,974.8,FeedMill_Hammer,202
110,Server1,1B133D99-682B-4355-B1C4-06C851853A91,CF0D184D-DB36-4DD6-A585-597299527334,940,FM LOT-887FM Maker  1 DDGS 2,FM Maker 1 DDGS,2025-03-29 15:00:57.117,2025-03-29 16:18:00.987,2025-03-29 19:08:22.207,12000,Soya Oil,100024,48,48.03568,FeedMill_Hammer,100
111,Server1,1B133D99-682B-4355-B1C4-06C851853A91,CF0D184D-DB36-4DD6-A585-597299527334,940,FM LOT-887FM Maker  1 DDGS 2,FM Maker 1 DDGS,2025-03-29 15:00:57.117,2025-03-29 16:18:00.987,2025-03-29 19:08:22.207,12000,Water,1001,45,39.34257,FeedMill_Hammer,100
112,Server1,1B133D99-682B-4355-B1C4-06C851853A91,CF0D184D-DB36-4DD6-A585-597299527334,940,FM LOT-887FM Maker  1 DDGS 2,FM Maker 1 DDGS,2025-03-29 15:00:57.117,2025-03-29 16:18:00.987,2025-03-29 19:08:22.207,6000,WHEAT,150066,165.393,171,FeedMill_Hammer,201
113,Server1,1B133D99-682B-4355-B1C4-06C851853A91,CF0D184D-DB36-4DD6-A585-597299527334,940,FM LOT-887FM Maker  1 DDGS 2,FM Maker 1 DDGS,2025-03-29 15:00:57.117,2025-03-29 16:18:00.987,2025-03-29 19:08:22.207,6000,Wheat Bran,200223,12.546,14.69995,FeedMill_Hammer,201
114,Server1,1B133D99-682B-4355-B1C4-06C851853A91,CF0D184D-DB36-4DD6-A585-597299527334,940,FM LOT-887FM Maker  1 DDGS 2,FM Maker 1 DDGS,2025-03-29 15:00:57.117,2025-03-29 16:18:00.987,2025-03-29 19:08:22.207,6000,Xcelsio AAPF,GM0000,1.5,1.52,FeedMill_Hammer,203
115,Server1,C140A024-9D05-4028-85B0-0A9AF60A2DEF,053CFE57-5292-43BD-8D07-89A77BF83C77,458,FM Maker - 3 New 13-JUNE  - FM 2,FM Meat Maker3 New,2024-11-25 16:42:21.707,2024-11-25 17:45:46.483,2024-11-25 18:45:21.137,3000,BRAN,200223,20.292,20.70007,FeedMill_Hammer,201
116,Server1,C140A024-9D05-4028-85B0-0A9AF60A2DEF,053CFE57-5292-43BD-8D07-89A77BF83C77,458,FM Maker - 3 New 13-JUNE  - FM 2,FM Meat Maker3 New,2024-11-25 16:42:21.707,2024-11-25 17:45:46.483,2024-11-25 18:45:21.137,3000,CORN,100038,1860,1860.9,FeedMill_Hammer,201
117,Server1,C140A024-9D05-4028-85B0-0A9AF60A2DEF,053CFE57-5292-43BD-8D07-89A77BF83C77,458,FM Maker - 3 New 13-JUNE  - FM 2,FM Meat Maker3 New,2024-11-25 16:42:21.707,2024-11-25 17:45:46.483,2024-11-25 18:45:21.137,6000,MCP,2001445,12.405,12.5,FeedMill_Hammer,204
118,Server1,C140A024-9D05-4028-85B0-0A9AF60A2DEF,053CFE57-5292-43BD-8D07-89A77BF83C77,458,FM Maker - 3 New 13-JUNE  - FM 2,FM Meat Maker3 New,2024-11-25 16:42:21.707,2024-11-25 17:45:46.483,2024-11-25 18:45:21.137,6000,METH,1004,12,12.00378,FeedMill_Hammer,100
119,Server1,C140A024-9D05-4028-85B0-0A9AF60A2DEF,053CFE57-5292-43BD-8D07-89A77BF83C77,458,FM Maker - 3 New 13-JUNE  - FM 2,FM Meat Maker3 New,2024-11-25 16:42:21.707,2024-11-25 17:45:46.483,2024-11-25 18:45:21.137,3000,PMX 100392  Broiler Fin HP,100392,60,60.07999,FeedMill_Hammer,204
120,Server1,C140A024-9D05-4028-85B0-0A9AF60A2DEF,053CFE57-5292-43BD-8D07-89A77BF83C77,458,FM Maker - 3 New 13-JUNE  - FM 2,FM Meat Maker3 New,2024-11-25 16:42:21.707,2024-11-25 17:45:46.483,2024-11-25 18:45:21.137,3000,SALT.,100051,6,6.089999,FeedMill_Hammer,204
121,Server1,C140A024-9D05-4028-85B0-0A9AF60A2DEF,053CFE57-5292-43BD-8D07-89A77BF83C77,458,FM Maker - 3 New 13-JUNE  - FM 2,FM Meat Maker3 New,2024-11-25 16:42:21.707,2024-11-25 17:45:46.483,2024-11-25 18:45:21.137,3000,Sodium Bicarbonate,100052,6.303,6.369999,FeedMill_Hammer,203
122,Server1,C140A024-9D05-4028-85B0-0A9AF60A2DEF,053CFE57-5292-43BD-8D07-89A77BF83C77,458,FM Maker - 3 New 13-JUNE  - FM 2,FM Meat Maker3 New,2024-11-25 16:42:21.707,2024-11-25 17:45:46.483,2024-11-25 18:45:21.137,3000,SOYA BEAN 100359,100359,900,898.6,FeedMill_Hammer,202
123,Server1,C140A024-9D05-4028-85B0-0A9AF60A2DEF,053CFE57-5292-43BD-8D07-89A77BF83C77,458,FM Maker - 3 New 13-JUNE  - FM 2,FM Meat Maker3 New,2024-11-25 16:42:21.707,2024-11-25 17:45:46.483,2024-11-25 18:45:21.137,6000,Soya Oil,100024,30,30.06647,FeedMill_Hammer,100
124,Server1,C140A024-9D05-4028-85B0-0A9AF60A2DEF,053CFE57-5292-43BD-8D07-89A77BF83C77,458,FM Maker - 3 New 13-JUNE  - FM 2,FM Meat Maker3 New,2024-11-25 16:42:21.707,2024-11-25 17:45:46.483,2024-11-25 18:45:21.137,6000,Water,1001,30,43.55705,FeedMill_Hammer,100
125,Server1,A97595B7-A87E-4028-9E63-0AF7C9C1E0FD,96DDCE82-CE13-4FB4-9E81-102926078DBD,942,FM LOT-889FM Layer Peak Mash 4,FM Layer Peak Mash,2025-03-29 12:23:02.877,2025-03-29 13:43:52.017,2025-03-29 19:06:31.317,12000,CORN,100038,1671.6,1670,FeedMill_Roller,201
126,Server1,A97595B7-A87E-4028-9E63-0AF7C9C1E0FD,96DDCE82-CE13-4FB4-9E81-102926078DBD,942,FM LOT-889FM Layer Peak Mash 4,FM Layer Peak Mash,2025-03-29 12:23:02.877,2025-03-29 13:43:52.017,2025-03-29 19:06:31.317,6000,Limestone,100048,91.689,95.79999,FeedMill_Roller,202
127,Server1,A97595B7-A87E-4028-9E63-0AF7C9C1E0FD,96DDCE82-CE13-4FB4-9E81-102926078DBD,942,FM LOT-889FM Layer Peak Mash 4,FM Layer Peak Mash,2025-03-29 12:23:02.877,2025-03-29 13:43:52.017,2025-03-29 19:06:31.317,6000,MARBLE Chips,100341,170.28,169.4,FeedMill_Roller,201
128,Server1,A97595B7-A87E-4028-9E63-0AF7C9C1E0FD,96DDCE82-CE13-4FB4-9E81-102926078DBD,942,FM LOT-889FM Layer Peak Mash 4,FM Layer Peak Mash,2025-03-29 12:23:02.877,2025-03-29 13:43:52.017,2025-03-29 19:06:31.317,12000,MCP,2001445,19.032,18.99,FeedMill_Roller,204
129,Server1,A97595B7-A87E-4028-9E63-0AF7C9C1E0FD,96DDCE82-CE13-4FB4-9E81-102926078DBD,942,FM LOT-889FM Layer Peak Mash 4,FM Layer Peak Mash,2025-03-29 12:23:02.877,2025-03-29 13:43:52.017,2025-03-29 19:06:31.317,12000,METH,1004,5.2164,5.216301,FeedMill_Roller,100
130,Server1,A97595B7-A87E-4028-9E63-0AF7C9C1E0FD,96DDCE82-CE13-4FB4-9E81-102926078DBD,942,FM LOT-889FM Layer Peak Mash 4,FM Layer Peak Mash,2025-03-29 12:23:02.877,2025-03-29 13:43:52.017,2025-03-29 19:06:31.317,12000,Molasses,100085,30,30.0496,FeedMill_Roller,NULL
131,Server1,A97595B7-A87E-4028-9E63-0AF7C9C1E0FD,96DDCE82-CE13-4FB4-9E81-102926078DBD,942,FM LOT-889FM Layer Peak Mash 4,FM Layer Peak Mash,2025-03-29 12:23:02.877,2025-03-29 13:43:52.017,2025-03-29 19:06:31.317,12000,Palm Oil,100284,34.2,34.31629,FeedMill_Roller,100
132,Server1,A97595B7-A87E-4028-9E63-0AF7C9C1E0FD,96DDCE82-CE13-4FB4-9E81-102926078DBD,942,FM LOT-889FM Layer Peak Mash 4,FM Layer Peak Mash,2025-03-29 12:23:02.877,2025-03-29 13:43:52.017,2025-03-29 19:06:31.317,6000,PMX 100366 Layer Mash,100366,45,45.45,FeedMill_Roller,204
133,Server1,A97595B7-A87E-4028-9E63-0AF7C9C1E0FD,96DDCE82-CE13-4FB4-9E81-102926078DBD,942,FM LOT-889FM Layer Peak Mash 4,FM Layer Peak Mash,2025-03-29 12:23:02.877,2025-03-29 13:43:52.017,2025-03-29 19:06:31.317,6000,Prebotic(Celmanax dry),100466,1.2,0.8999999,FeedMill_Roller,203
134,Server1,A97595B7-A87E-4028-9E63-0AF7C9C1E0FD,96DDCE82-CE13-4FB4-9E81-102926078DBD,942,FM LOT-889FM Layer Peak Mash 4,FM Layer Peak Mash,2025-03-29 12:23:02.877,2025-03-29 13:43:52.017,2025-03-29 19:06:31.317,6000,SOYA BEAN 100359,100359,840.6,842.3,FeedMill_Roller,202
135,Server1,A97595B7-A87E-4028-9E63-0AF7C9C1E0FD,96DDCE82-CE13-4FB4-9E81-102926078DBD,942,FM LOT-889FM Layer Peak Mash 4,FM Layer Peak Mash,2025-03-29 12:23:02.877,2025-03-29 13:43:52.017,2025-03-29 19:06:31.317,12000,Soya Oil,100024,55.71,55.75844,FeedMill_Roller,100
136,Server1,A97595B7-A87E-4028-9E63-0AF7C9C1E0FD,96DDCE82-CE13-4FB4-9E81-102926078DBD,942,FM LOT-889FM Layer Peak Mash 4,FM Layer Peak Mash,2025-03-29 12:23:02.877,2025-03-29 13:43:52.017,2025-03-29 19:06:31.317,6000,Wheat Bran,200223,35.472,35.90002,FeedMill_Roller,201
137,Server1,CF699C9D-379C-46BD-A65F-0B21B7B23F81,777B6A66-046B-467C-9E30-443F60F0B15B,919,FM LOT-868FM Maker - 3  11-Ja 03,FM Meat Maker3 CR  New,2025-03-28 09:54:22.440,2025-03-28 10:56:13.307,2025-03-28 10:57:16.783,6000,CORN,100038,1860,1864.5,FeedMill_Hammer,201
138,Server1,CF699C9D-379C-46BD-A65F-0B21B7B23F81,777B6A66-046B-467C-9E30-443F60F0B15B,919,FM LOT-868FM Maker - 3  11-Ja 03,FM Meat Maker3 CR  New,2025-03-28 09:54:22.440,2025-03-28 10:56:13.307,2025-03-28 10:57:16.783,6000,MCP,2001445,12.405,12.38,FeedMill_Hammer,204
139,Server1,CF699C9D-379C-46BD-A65F-0B21B7B23F81,777B6A66-046B-467C-9E30-443F60F0B15B,919,FM LOT-868FM Maker - 3  11-Ja 03,FM Meat Maker3 CR  New,2025-03-28 09:54:22.440,2025-03-28 10:56:13.307,2025-03-28 10:57:16.783,12000,METH,1004,12,12.00378,FeedMill_Hammer,100
140,Server1,CF699C9D-379C-46BD-A65F-0B21B7B23F81,777B6A66-046B-467C-9E30-443F60F0B15B,919,FM LOT-868FM Maker - 3  11-Ja 03,FM Meat Maker3 CR  New,2025-03-28 09:54:22.440,2025-03-28 10:56:13.307,2025-03-28 10:57:16.783,6000,PMX 100392  Broiler Fin HP,100392,60,60.10999,FeedMill_Hammer,204
141,Server1,CF699C9D-379C-46BD-A65F-0B21B7B23F81,777B6A66-046B-467C-9E30-443F60F0B15B,919,FM LOT-868FM Maker - 3  11-Ja 03,FM Meat Maker3 CR  New,2025-03-28 09:54:22.440,2025-03-28 10:56:13.307,2025-03-28 10:57:16.783,6000,SALT.,100051,6,5.969999,FeedMill_Hammer,204
142,Server1,CF699C9D-379C-46BD-A65F-0B21B7B23F81,777B6A66-046B-467C-9E30-443F60F0B15B,919,FM LOT-868FM Maker - 3  11-Ja 03,FM Meat Maker3 CR  New,2025-03-28 09:54:22.440,2025-03-28 10:56:13.307,2025-03-28 10:57:16.783,6000,Sodium Bicarbonate,100052,6.303,6.569999,FeedMill_Hammer,203
143,Server1,CF699C9D-379C-46BD-A65F-0B21B7B23F81,777B6A66-046B-467C-9E30-443F60F0B15B,919,FM LOT-868FM Maker - 3  11-Ja 03,FM Meat Maker3 CR  New,2025-03-28 09:54:22.440,2025-03-28 10:56:13.307,2025-03-28 10:57:16.783,6000,SOYA BEAN 100359,100359,900,895.3,FeedMill_Hammer,202
144,Server1,CF699C9D-379C-46BD-A65F-0B21B7B23F81,777B6A66-046B-467C-9E30-443F60F0B15B,919,FM LOT-868FM Maker - 3  11-Ja 03,FM Meat Maker3 CR  New,2025-03-28 09:54:22.440,2025-03-28 10:56:13.307,2025-03-28 10:57:16.783,12000,Soya Oil,100024,50,50.08731,FeedMill_Hammer,100
145,Server1,CF699C9D-379C-46BD-A65F-0B21B7B23F81,777B6A66-046B-467C-9E30-443F60F0B15B,919,FM LOT-868FM Maker - 3  11-Ja 03,FM Meat Maker3 CR  New,2025-03-28 09:54:22.440,2025-03-28 10:56:13.307,2025-03-28 10:57:16.783,12000,Water,1001,30,39.40284,FeedMill_Hammer,100
146,Server1,C295D576-4383-4FB7-A3D7-0B3B42202735,6A94EE48-FB74-472B-8102-66708985FB7E,925,FM LOT-874FM Layer Breeder Pro 3,FM B Breeder Productio,2025-03-28 16:19:07.317,2025-03-28 17:26:10.717,2025-03-28 17:28:54.210,5714.285714,CORN,100038,1540.389,1542.3,FeedMill_Roller,201
147,Server1,C295D576-4383-4FB7-A3D7-0B3B42202735,6A94EE48-FB74-472B-8102-66708985FB7E,925,FM LOT-874FM Layer Breeder Pro 3,FM B Breeder Productio,2025-03-28 16:19:07.317,2025-03-28 17:26:10.717,2025-03-28 17:28:54.210,5714.285714,DL-Methionine Premix,100001,4.582857,4.559999,FeedMill_Roller,204
148,Server1,C295D576-4383-4FB7-A3D7-0B3B42202735,6A94EE48-FB74-472B-8102-66708985FB7E,925,FM LOT-874FM Layer Breeder Pro 3,FM B Breeder Productio,2025-03-28 16:19:07.317,2025-03-28 17:26:10.717,2025-03-28 17:28:54.210,11428.571428,Limestone,100048,69.37143,68.5,FeedMill_Roller,202
149,Server1,C295D576-4383-4FB7-A3D7-0B3B42202735,6A94EE48-FB74-472B-8102-66708985FB7E,925,FM LOT-874FM Layer Breeder Pro 3,FM B Breeder Productio,2025-03-28 16:19:07.317,2025-03-28 17:26:10.717,2025-03-28 17:28:54.210,5714.285714,MARBLE Chips,100341,166.0571,173.2,FeedMill_Roller,201
150,Server1,C295D576-4383-4FB7-A3D7-0B3B42202735,6A94EE48-FB74-472B-8102-66708985FB7E,925,FM LOT-874FM Layer Breeder Pro 3,FM B Breeder Productio,2025-03-28 16:19:07.317,2025-03-28 17:26:10.717,2025-03-28 17:28:54.210,5714.285714,MCP,2001445,20.70286,20.69,FeedMill_Roller,204
151,Server1,C295D576-4383-4FB7-A3D7-0B3B42202735,6A94EE48-FB74-472B-8102-66708985FB7E,925,FM LOT-874FM Layer Breeder Pro 3,FM B Breeder Productio,2025-03-28 16:19:07.317,2025-03-28 17:26:10.717,2025-03-28 17:28:54.210,11428.571428,Molasses,100085,22.857142856,22.9654,FeedMill_Roller,NULL
152,Server1,C295D576-4383-4FB7-A3D7-0B3B42202735,6A94EE48-FB74-472B-8102-66708985FB7E,925,FM LOT-874FM Layer Breeder Pro 3,FM B Breeder Productio,2025-03-28 16:19:07.317,2025-03-28 17:26:10.717,2025-03-28 17:28:54.210,11428.571428,Palm Oil,100284,30.482857141333,30.75434,FeedMill_Roller,100
153,Server1,C295D576-4383-4FB7-A3D7-0B3B42202735,6A94EE48-FB74-472B-8102-66708985FB7E,925,FM LOT-874FM Layer Breeder Pro 3,FM B Breeder Productio,2025-03-28 16:19:07.317,2025-03-28 17:26:10.717,2025-03-28 17:28:54.210,5714.285714,PMX 100552 Layer Breeder Production,100552,42.85714,42.59,FeedMill_Roller,203
154,Server1,C295D576-4383-4FB7-A3D7-0B3B42202735,6A94EE48-FB74-472B-8102-66708985FB7E,925,FM LOT-874FM Layer Breeder Pro 3,FM B Breeder Productio,2025-03-28 16:19:07.317,2025-03-28 17:26:10.717,2025-03-28 17:28:54.210,5714.285714,SOYA BEAN 100359,100359,727.1486,726.4,FeedMill_Roller,202
155,Server1,C295D576-4383-4FB7-A3D7-0B3B42202735,6A94EE48-FB74-472B-8102-66708985FB7E,925,FM LOT-874FM Layer Breeder Pro 3,FM B Breeder Productio,2025-03-28 16:19:07.317,2025-03-28 17:26:10.717,2025-03-28 17:28:54.210,11428.571428,Soya Oil,100024,24.385714284495,24.42715,FeedMill_Roller,100
156,Server1,C295D576-4383-4FB7-A3D7-0B3B42202735,6A94EE48-FB74-472B-8102-66708985FB7E,925,FM LOT-874FM Layer Breeder Pro 3,FM B Breeder Productio,2025-03-28 16:19:07.317,2025-03-28 17:26:10.717,2025-03-28 17:28:54.210,5714.285714,Wheat Bran,200223,208.3086,204.8,FeedMill_Roller,201
157,Server1,E8B87D3D-56FB-4EF7-BBD7-0DCD559480C0,30C7FE02-5F47-42C5-B99E-03C1C8269964,929,FM LOT-878HM Baladi Meat Maker 2,FM Baladi Maker 2,2025-03-28 20:34:47.403,2025-03-28 21:42:10.607,2025-03-28 21:43:14.240,6000,AMA-Poultry,100517,1.2,1.21,FeedMill_Hammer,203
158,Server1,E8B87D3D-56FB-4EF7-BBD7-0DCD559480C0,30C7FE02-5F47-42C5-B99E-03C1C8269964,929,FM LOT-878HM Baladi Meat Maker 2,FM Baladi Maker 2,2025-03-28 20:34:47.403,2025-03-28 21:42:10.607,2025-03-28 21:43:14.240,6000,CORN,100038,502.245,503.5,FeedMill_Hammer,202
159,Server1,E8B87D3D-56FB-4EF7-BBD7-0DCD559480C0,30C7FE02-5F47-42C5-B99E-03C1C8269964,929,FM LOT-878HM Baladi Meat Maker 2,FM Baladi Maker 2,2025-03-28 20:34:47.403,2025-03-28 21:42:10.607,2025-03-28 21:43:14.240,6000,Feed Enzyme,100021,0.21,0.21,FeedMill_Hammer,203
160,Server1,E8B87D3D-56FB-4EF7-BBD7-0DCD559480C0,30C7FE02-5F47-42C5-B99E-03C1C8269964,929,FM LOT-878HM Baladi Meat Maker 2,FM Baladi Maker 2,2025-03-28 20:34:47.403,2025-03-28 21:42:10.607,2025-03-28 21:43:14.240,6000,MCP,2001445,11.499,11.37,FeedMill_Hammer,204
161,Server1,E8B87D3D-56FB-4EF7-BBD7-0DCD559480C0,30C7FE02-5F47-42C5-B99E-03C1C8269964,929,FM LOT-878HM Baladi Meat Maker 2,FM Baladi Maker 2,2025-03-28 20:34:47.403,2025-03-28 21:42:10.607,2025-03-28 21:43:14.240,12000,METH,1004,3.681,3.687024,FeedMill_Hammer,100
162,Server1,E8B87D3D-56FB-4EF7-BBD7-0DCD559480C0,30C7FE02-5F47-42C5-B99E-03C1C8269964,929,FM LOT-878HM Baladi Meat Maker 2,FM Baladi Maker 2,2025-03-28 20:34:47.403,2025-03-28 21:42:10.607,2025-03-28 21:43:14.240,12000,Palm Oil,100284,21,21.07869,FeedMill_Hammer,100
163,Server1,E8B87D3D-56FB-4EF7-BBD7-0DCD559480C0,30C7FE02-5F47-42C5-B99E-03C1C8269964,929,FM LOT-878HM Baladi Meat Maker 2,FM Baladi Maker 2,2025-03-28 20:34:47.403,2025-03-28 21:42:10.607,2025-03-28 21:43:14.240,6000,Pmx 100412  Baladi MM2,100412,60,60.07999,FeedMill_Hammer,204
164,Server1,E8B87D3D-56FB-4EF7-BBD7-0DCD559480C0,30C7FE02-5F47-42C5-B99E-03C1C8269964,929,FM LOT-878HM Baladi Meat Maker 2,FM Baladi Maker 2,2025-03-28 20:34:47.403,2025-03-28 21:42:10.607,2025-03-28 21:43:14.240,6000,Protease Enzyme,100389,0.6,0.55,FeedMill_Hammer,203
165,Server1,E8B87D3D-56FB-4EF7-BBD7-0DCD559480C0,30C7FE02-5F47-42C5-B99E-03C1C8269964,929,FM LOT-878HM Baladi Meat Maker 2,FM Baladi Maker 2,2025-03-28 20:34:47.403,2025-03-28 21:42:10.607,2025-03-28 21:43:14.240,12000,Recycle Broiler feed,200000,60,61.30002,FeedMill_Hammer,202
166,Server1,E8B87D3D-56FB-4EF7-BBD7-0DCD559480C0,30C7FE02-5F47-42C5-B99E-03C1C8269964,929,FM LOT-878HM Baladi Meat Maker 2,FM Baladi Maker 2,2025-03-28 20:34:47.403,2025-03-28 21:42:10.607,2025-03-28 21:43:14.240,6000,SALT.,100051,7.5,7.469999,FeedMill_Hammer,204
167,Server1,E8B87D3D-56FB-4EF7-BBD7-0DCD559480C0,30C7FE02-5F47-42C5-B99E-03C1C8269964,929,FM LOT-878HM Baladi Meat Maker 2,FM Baladi Maker 2,2025-03-28 20:34:47.403,2025-03-28 21:42:10.607,2025-03-28 21:43:14.240,6000,Sodium Bicarbonate,100052,3,2.96,FeedMill_Hammer,203
168,Server1,E8B87D3D-56FB-4EF7-BBD7-0DCD559480C0,30C7FE02-5F47-42C5-B99E-03C1C8269964,929,FM LOT-878HM Baladi Meat Maker 2,FM Baladi Maker 2,2025-03-28 20:34:47.403,2025-03-28 21:42:10.607,2025-03-28 21:43:14.240,6000,SOYA BEAN 100359,100359,384.48,378.7,FeedMill_Hammer,202
169,Server1,E8B87D3D-56FB-4EF7-BBD7-0DCD559480C0,30C7FE02-5F47-42C5-B99E-03C1C8269964,929,FM LOT-878HM Baladi Meat Maker 2,FM Baladi Maker 2,2025-03-28 20:34:47.403,2025-03-28 21:42:10.607,2025-03-28 21:43:14.240,12000,Water,1001,45,39.69411,FeedMill_Hammer,100
170,Server1,E8B87D3D-56FB-4EF7-BBD7-0DCD559480C0,30C7FE02-5F47-42C5-B99E-03C1C8269964,929,FM LOT-878HM Baladi Meat Maker 2,FM Baladi Maker 2,2025-03-28 20:34:47.403,2025-03-28 21:42:10.607,2025-03-28 21:43:14.240,6000,WHEAT,150066,1652.943,1646.1,FeedMill_Hammer,201
171,Server1,E8B87D3D-56FB-4EF7-BBD7-0DCD559480C0,30C7FE02-5F47-42C5-B99E-03C1C8269964,929,FM LOT-878HM Baladi Meat Maker 2,FM Baladi Maker 2,2025-03-28 20:34:47.403,2025-03-28 21:42:10.607,2025-03-28 21:43:14.240,6000,Wheat Bran,200223,348.642,343.6,FeedMill_Hammer,201
172,Server1,3B7FBD9E-E4C2-4BB5-862D-0E38749F5DC7,2469E6F1-73D3-432F-B3B3-A4DDCCF93C08,917,PMX lot0124PMX Ruminant 202503 2,PMX 100331 Ruminant,2025-03-28 06:52:20.057,2025-03-28 08:05:21.053,2025-03-28 08:06:25.910,1000,Cobalt Proteinate 15%,100069,2.61,2.929999,Premix,307
173,Server1,3B7FBD9E-E4C2-4BB5-862D-0E38749F5DC7,2469E6F1-73D3-432F-B3B3-A4DDCCF93C08,917,PMX lot0124PMX Ruminant 202503 2,PMX 100331 Ruminant,2025-03-28 06:52:20.057,2025-03-28 08:05:21.053,2025-03-28 08:06:25.910,1000,Copper Oxychloride,100075,2.87,2.83,Premix,307
174,Server1,3B7FBD9E-E4C2-4BB5-862D-0E38749F5DC7,2469E6F1-73D3-432F-B3B3-A4DDCCF93C08,917,PMX lot0124PMX Ruminant 202503 2,PMX 100331 Ruminant,2025-03-28 06:52:20.057,2025-03-28 08:05:21.053,2025-03-28 08:06:25.910,1000,EDDI,100361,0.42,0.3899999,Premix,307
175,Server1,3B7FBD9E-E4C2-4BB5-862D-0E38749F5DC7,2469E6F1-73D3-432F-B3B3-A4DDCCF93C08,917,PMX lot0124PMX Ruminant 202503 2,PMX 100331 Ruminant,2025-03-28 06:52:20.057,2025-03-28 08:05:21.053,2025-03-28 08:06:25.910,1000,ferrous carbonate,100056,8.33,8.309999,Premix,304
176,Server1,3B7FBD9E-E4C2-4BB5-862D-0E38749F5DC7,2469E6F1-73D3-432F-B3B3-A4DDCCF93C08,917,PMX lot0124PMX Ruminant 202503 2,PMX 100331 Ruminant,2025-03-28 06:52:20.057,2025-03-28 08:05:21.053,2025-03-28 08:06:25.910,2000,Limestone,100048,260.93,260.6,Premix,301
177,Server1,3B7FBD9E-E4C2-4BB5-862D-0E38749F5DC7,2469E6F1-73D3-432F-B3B3-A4DDCCF93C08,917,PMX lot0124PMX Ruminant 202503 2,PMX 100331 Ruminant,2025-03-28 06:52:20.057,2025-03-28 08:05:21.053,2025-03-28 08:06:25.910,1000,Magnesium Sulphate,100062,134.61,134.7,Premix,301
178,Server1,3B7FBD9E-E4C2-4BB5-862D-0E38749F5DC7,2469E6F1-73D3-432F-B3B3-A4DDCCF93C08,917,PMX lot0124PMX Ruminant 202503 2,PMX 100331 Ruminant,2025-03-28 06:52:20.057,2025-03-28 08:05:21.053,2025-03-28 08:06:25.910,1000,Manganese Oxide 60%,100055,19.45,20.09,Premix,304
179,Server1,3B7FBD9E-E4C2-4BB5-862D-0E38749F5DC7,2469E6F1-73D3-432F-B3B3-A4DDCCF93C08,917,PMX lot0124PMX Ruminant 202503 2,PMX 100331 Ruminant,2025-03-28 06:52:20.057,2025-03-28 08:05:21.053,2025-03-28 08:06:25.910,1000,Sodium Selinite 1% SELEN,100061,3.8,3.804,Premix,302
180,Server1,3B7FBD9E-E4C2-4BB5-862D-0E38749F5DC7,2469E6F1-73D3-432F-B3B3-A4DDCCF93C08,917,PMX lot0124PMX Ruminant 202503 2,PMX 100331 Ruminant,2025-03-28 06:52:20.057,2025-03-28 08:05:21.053,2025-03-28 08:06:25.910,1000,Vitamin A1000,100094,1.33,1.339,Premix,302
181,Server1,3B7FBD9E-E4C2-4BB5-862D-0E38749F5DC7,2469E6F1-73D3-432F-B3B3-A4DDCCF93C08,917,PMX lot0124PMX Ruminant 202503 2,PMX 100331 Ruminant,2025-03-28 06:52:20.057,2025-03-28 08:05:21.053,2025-03-28 08:06:25.910,1000,Vitamin D3 500,100095,0.167,0.1399999,Premix,307
182,Server1,3B7FBD9E-E4C2-4BB5-862D-0E38749F5DC7,2469E6F1-73D3-432F-B3B3-A4DDCCF93C08,917,PMX lot0124PMX Ruminant 202503 2,PMX 100331 Ruminant,2025-03-28 06:52:20.057,2025-03-28 08:05:21.053,2025-03-28 08:06:25.910,1000,Vitamin E50,100096,10,9.999998,Premix,305
183,Server1,3B7FBD9E-E4C2-4BB5-862D-0E38749F5DC7,2469E6F1-73D3-432F-B3B3-A4DDCCF93C08,917,PMX lot0124PMX Ruminant 202503 2,PMX 100331 Ruminant,2025-03-28 06:52:20.057,2025-03-28 08:05:21.053,2025-03-28 08:06:25.910,1000,Zinc Oxide 70%,100057,15.48,15.12,Premix,305
184,Server1,6C4E43CD-C440-4333-AFFC-10699E107BFA,33779993-093C-4049-9E98-6E73C2C62C4A,922,FM LOT-871FM Layer Post Peak M 2,FM Layer Post Peak Mash,2025-03-28 15:01:59.647,2025-03-28 16:07:02.323,2025-03-28 16:08:07.297,6000,CORN,100038,1725,1724.5,FeedMill_Roller,201
185,Server1,6C4E43CD-C440-4333-AFFC-10699E107BFA,33779993-093C-4049-9E98-6E73C2C62C4A,922,FM LOT-871FM Layer Post Peak M 2,FM Layer Post Peak Mash,2025-03-28 15:01:59.647,2025-03-28 16:07:02.323,2025-03-28 16:08:07.297,6000,Limestone,100048,63.36,70,FeedMill_Roller,202
186,Server1,6C4E43CD-C440-4333-AFFC-10699E107BFA,33779993-093C-4049-9E98-6E73C2C62C4A,922,FM LOT-871FM Layer Post Peak M 2,FM Layer Post Peak Mash,2025-03-28 15:01:59.647,2025-03-28 16:07:02.323,2025-03-28 16:08:07.297,6000,MARBLE Chips,100341,242.826,241.1001,FeedMill_Roller,201
187,Server1,6C4E43CD-C440-4333-AFFC-10699E107BFA,33779993-093C-4049-9E98-6E73C2C62C4A,922,FM LOT-871FM Layer Post Peak M 2,FM Layer Post Peak Mash,2025-03-28 15:01:59.647,2025-03-28 16:07:02.323,2025-03-28 16:08:07.297,6000,MCP,2001445,14.904,14.93,FeedMill_Roller,204
188,Server1,6C4E43CD-C440-4333-AFFC-10699E107BFA,33779993-093C-4049-9E98-6E73C2C62C4A,922,FM LOT-871FM Layer Post Peak M 2,FM Layer Post Peak Mash,2025-03-28 15:01:59.647,2025-03-28 16:07:02.323,2025-03-28 16:08:07.297,12000,METH,1004,5.652,5.65623,FeedMill_Roller,100
189,Server1,6C4E43CD-C440-4333-AFFC-10699E107BFA,33779993-093C-4049-9E98-6E73C2C62C4A,922,FM LOT-871FM Layer Post Peak M 2,FM Layer Post Peak Mash,2025-03-28 15:01:59.647,2025-03-28 16:07:02.323,2025-03-28 16:08:07.297,12000,Molasses,100085,57,56.98832,FeedMill_Roller,NULL
190,Server1,6C4E43CD-C440-4333-AFFC-10699E107BFA,33779993-093C-4049-9E98-6E73C2C62C4A,922,FM LOT-871FM Layer Post Peak M 2,FM Layer Post Peak Mash,2025-03-28 15:01:59.647,2025-03-28 16:07:02.323,2025-03-28 16:08:07.297,12000,Palm Oil,100284,36,36.32432,FeedMill_Roller,100
191,Server1,6C4E43CD-C440-4333-AFFC-10699E107BFA,33779993-093C-4049-9E98-6E73C2C62C4A,922,FM LOT-871FM Layer Post Peak M 2,FM Layer Post Peak Mash,2025-03-28 15:01:59.647,2025-03-28 16:07:02.323,2025-03-28 16:08:07.297,12000,PMX 100366 Layer Mash,100366,45,44.99999,FeedMill_Roller,204
192,Server1,6C4E43CD-C440-4333-AFFC-10699E107BFA,33779993-093C-4049-9E98-6E73C2C62C4A,922,FM LOT-871FM Layer Post Peak M 2,FM Layer Post Peak Mash,2025-03-28 15:01:59.647,2025-03-28 16:07:02.323,2025-03-28 16:08:07.297,6000,SOYA BEAN 100359,100359,724.5,728.9,FeedMill_Roller,202
193,Server1,6C4E43CD-C440-4333-AFFC-10699E107BFA,33779993-093C-4049-9E98-6E73C2C62C4A,922,FM LOT-871FM Layer Post Peak M 2,FM Layer Post Peak Mash,2025-03-28 15:01:59.647,2025-03-28 16:07:02.323,2025-03-28 16:08:07.297,12000,Soya Oil,100024,22.2,22.24712,FeedMill_Roller,100
194,Server1,6C4E43CD-C440-4333-AFFC-10699E107BFA,33779993-093C-4049-9E98-6E73C2C62C4A,922,FM LOT-871FM Layer Post Peak M 2,FM Layer Post Peak Mash,2025-03-28 15:01:59.647,2025-03-28 16:07:02.323,2025-03-28 16:08:07.297,12000,Wheat Bran,200223,63.558,63,FeedMill_Roller,201
195,Server1,8EA44CD9-48D3-4874-A485-11FF4687AF6E,AC12F076-BA62-42E4-AC17-480E80007A2C,935,FM LOT-883HM Baladi Pigeon fee 1,FM Baladi Pigeon Feed Pellet,2025-03-29 03:56:45.050,2025-03-29 04:39:20.690,2025-03-29 04:43:31.250,6000,AMA-Poultry,100517,0.9,0.9100003,FeedMill_Hammer,203
196,Server1,8EA44CD9-48D3-4874-A485-11FF4687AF6E,AC12F076-BA62-42E4-AC17-480E80007A2C,935,FM LOT-883HM Baladi Pigeon fee 1,FM Baladi Pigeon Feed Pellet,2025-03-29 03:56:45.050,2025-03-29 04:39:20.690,2025-03-29 04:43:31.250,12000,CORN,100038,450,438.7,FeedMill_Hammer,202
197,Server1,8EA44CD9-48D3-4874-A485-11FF4687AF6E,AC12F076-BA62-42E4-AC17-480E80007A2C,935,FM LOT-883HM Baladi Pigeon fee 1,FM Baladi Pigeon Feed Pellet,2025-03-29 03:56:45.050,2025-03-29 04:39:20.690,2025-03-29 04:43:31.250,6000,Feed Enzyme,100021,0.21,0.2000003,FeedMill_Hammer,203
198,Server1,8EA44CD9-48D3-4874-A485-11FF4687AF6E,AC12F076-BA62-42E4-AC17-480E80007A2C,935,FM LOT-883HM Baladi Pigeon fee 1,FM Baladi Pigeon Feed Pellet,2025-03-29 03:56:45.050,2025-03-29 04:39:20.690,2025-03-29 04:43:31.250,6000,Limestone,100048,63.567,63.29999,FeedMill_Hammer,202
199,Server1,8EA44CD9-48D3-4874-A485-11FF4687AF6E,AC12F076-BA62-42E4-AC17-480E80007A2C,935,FM LOT-883HM Baladi Pigeon fee 1,FM Baladi Pigeon Feed Pellet,2025-03-29 03:56:45.050,2025-03-29 04:39:20.690,2025-03-29 04:43:31.250,6000,MCP,2001445,34.2,34.26,FeedMill_Hammer,204
200,Server1,8EA44CD9-48D3-4874-A485-11FF4687AF6E,AC12F076-BA62-42E4-AC17-480E80007A2C,935,FM LOT-883HM Baladi Pigeon fee 1,FM Baladi Pigeon Feed Pellet,2025-03-29 03:56:45.050,2025-03-29 04:39:20.690,2025-03-29 04:43:31.250,12000,METH,1004,2.037,2.471982,FeedMill_Hammer,100
201,Server1,8EA44CD9-48D3-4874-A485-11FF4687AF6E,AC12F076-BA62-42E4-AC17-480E80007A2C,935,FM LOT-883HM Baladi Pigeon fee 1,FM Baladi Pigeon Feed Pellet,2025-03-29 03:56:45.050,2025-03-29 04:39:20.690,2025-03-29 04:43:31.250,6000,Palm Oil,100284,10.74,10.8979,FeedMill_Hammer,100
202,Server1,8EA44CD9-48D3-4874-A485-11FF4687AF6E,AC12F076-BA62-42E4-AC17-480E80007A2C,935,FM LOT-883HM Baladi Pigeon fee 1,FM Baladi Pigeon Feed Pellet,2025-03-29 03:56:45.050,2025-03-29 04:39:20.690,2025-03-29 04:43:31.250,12000,Pmx 100412  Baladi MM2,100412,30,30,FeedMill_Hammer,204
203,Server1,8EA44CD9-48D3-4874-A485-11FF4687AF6E,AC12F076-BA62-42E4-AC17-480E80007A2C,935,FM LOT-883HM Baladi Pigeon fee 1,FM Baladi Pigeon Feed Pellet,2025-03-29 03:56:45.050,2025-03-29 04:39:20.690,2025-03-29 04:43:31.250,6000,Protease Enzyme,100389,0.6,0.5999999,FeedMill_Hammer,203
204,Server1,8EA44CD9-48D3-4874-A485-11FF4687AF6E,AC12F076-BA62-42E4-AC17-480E80007A2C,935,FM LOT-883HM Baladi Pigeon fee 1,FM Baladi Pigeon Feed Pellet,2025-03-29 03:56:45.050,2025-03-29 04:39:20.690,2025-03-29 04:43:31.250,12000,Recycle Broiler feed,200000,60,60,FeedMill_Hammer,202
205,Server1,8EA44CD9-48D3-4874-A485-11FF4687AF6E,AC12F076-BA62-42E4-AC17-480E80007A2C,935,FM LOT-883HM Baladi Pigeon fee 1,FM Baladi Pigeon Feed Pellet,2025-03-29 03:56:45.050,2025-03-29 04:39:20.690,2025-03-29 04:43:31.250,12000,SALT.,100051,7.5,34.64,FeedMill_Hammer,204
206,Server1,8EA44CD9-48D3-4874-A485-11FF4687AF6E,AC12F076-BA62-42E4-AC17-480E80007A2C,935,FM LOT-883HM Baladi Pigeon fee 1,FM Baladi Pigeon Feed Pellet,2025-03-29 03:56:45.050,2025-03-29 04:39:20.690,2025-03-29 04:43:31.250,6000,Sodium Sulphate,100461,4.344,4.279999,FeedMill_Hammer,203
207,Server1,8EA44CD9-48D3-4874-A485-11FF4687AF6E,AC12F076-BA62-42E4-AC17-480E80007A2C,935,FM LOT-883HM Baladi Pigeon fee 1,FM Baladi Pigeon Feed Pellet,2025-03-29 03:56:45.050,2025-03-29 04:39:20.690,2025-03-29 04:43:31.250,6000,Soya Been Low Pro,GM100446,412.818,412.5,FeedMill_Hammer,202
208,Server1,8EA44CD9-48D3-4874-A485-11FF4687AF6E,AC12F076-BA62-42E4-AC17-480E80007A2C,935,FM LOT-883HM Baladi Pigeon fee 1,FM Baladi Pigeon Feed Pellet,2025-03-29 03:56:45.050,2025-03-29 04:39:20.690,2025-03-29 04:43:31.250,12000,Water,1001,25,39.43297,FeedMill_Hammer,100
209,Server1,8EA44CD9-48D3-4874-A485-11FF4687AF6E,AC12F076-BA62-42E4-AC17-480E80007A2C,935,FM LOT-883HM Baladi Pigeon fee 1,FM Baladi Pigeon Feed Pellet,2025-03-29 03:56:45.050,2025-03-29 04:39:20.690,2025-03-29 04:43:31.250,6000,WHEAT,150066,1806.972,1805.2,FeedMill_Hammer,201
210,Server1,8EA44CD9-48D3-4874-A485-11FF4687AF6E,AC12F076-BA62-42E4-AC17-480E80007A2C,935,FM LOT-883HM Baladi Pigeon fee 1,FM Baladi Pigeon Feed Pellet,2025-03-29 03:56:45.050,2025-03-29 04:39:20.690,2025-03-29 04:43:31.250,6000,Wheat Bran,200223,176.112,171.9,FeedMill_Hammer,201
211,Server1,DE299CEE-1015-4CCC-B52D-120575A0793D,4F49E7D9-1F69-4B40-AEFE-27B533AEFD56,938,FM LOT-885FM Maker- 3  11-Jan 4,FM Meat Maker3 CR  New,2025-03-29 07:10:50.290,2025-03-29 08:29:27.460,2025-03-29 08:33:47.877,6000,CORN,100038,1860,1853.8,FeedMill_Hammer,201
212,Server1,DE299CEE-1015-4CCC-B52D-120575A0793D,4F49E7D9-1F69-4B40-AEFE-27B533AEFD56,938,FM LOT-885FM Maker- 3  11-Jan 4,FM Meat Maker3 CR  New,2025-03-29 07:10:50.290,2025-03-29 08:29:27.460,2025-03-29 08:33:47.877,6000,MCP,2001445,12.405,12.25,FeedMill_Hammer,204
213,Server1,DE299CEE-1015-4CCC-B52D-120575A0793D,4F49E7D9-1F69-4B40-AEFE-27B533AEFD56,938,FM LOT-885FM Maker- 3  11-Jan 4,FM Meat Maker3 CR  New,2025-03-29 07:10:50.290,2025-03-29 08:29:27.460,2025-03-29 08:33:47.877,12000,METH,1004,12,12.00378,FeedMill_Hammer,100
214,Server1,DE299CEE-1015-4CCC-B52D-120575A0793D,4F49E7D9-1F69-4B40-AEFE-27B533AEFD56,938,FM LOT-885FM Maker- 3  11-Jan 4,FM Meat Maker3 CR  New,2025-03-29 07:10:50.290,2025-03-29 08:29:27.460,2025-03-29 08:33:47.877,12000,PMX 100392  Broiler Fin HP,100392,60,59.91999,FeedMill_Hammer,204
215,Server1,DE299CEE-1015-4CCC-B52D-120575A0793D,4F49E7D9-1F69-4B40-AEFE-27B533AEFD56,938,FM LOT-885FM Maker- 3  11-Jan 4,FM Meat Maker3 CR  New,2025-03-29 07:10:50.290,2025-03-29 08:29:27.460,2025-03-29 08:33:47.877,6000,Recycle Broiler feed,200000,60,60,FeedMill_Hammer,202
216,Server1,DE299CEE-1015-4CCC-B52D-120575A0793D,4F49E7D9-1F69-4B40-AEFE-27B533AEFD56,938,FM LOT-885FM Maker- 3  11-Jan 4,FM Meat Maker3 CR  New,2025-03-29 07:10:50.290,2025-03-29 08:29:27.460,2025-03-29 08:33:47.877,12000,SALT.,100051,6,5.94,FeedMill_Hammer,204
217,Server1,DE299CEE-1015-4CCC-B52D-120575A0793D,4F49E7D9-1F69-4B40-AEFE-27B533AEFD56,938,FM LOT-885FM Maker- 3  11-Jan 4,FM Meat Maker3 CR  New,2025-03-29 07:10:50.290,2025-03-29 08:29:27.460,2025-03-29 08:33:47.877,6000,Sodium Bicarbonate,100052,6.303,6.009999,FeedMill_Hammer,203
218,Server1,DE299CEE-1015-4CCC-B52D-120575A0793D,4F49E7D9-1F69-4B40-AEFE-27B533AEFD56,938,FM LOT-885FM Maker- 3  11-Jan 4,FM Meat Maker3 CR  New,2025-03-29 07:10:50.290,2025-03-29 08:29:27.460,2025-03-29 08:33:47.877,6000,SOYA BEAN 100359,100359,900,897.8,FeedMill_Hammer,202
219,Server1,DE299CEE-1015-4CCC-B52D-120575A0793D,4F49E7D9-1F69-4B40-AEFE-27B533AEFD56,938,FM LOT-885FM Maker- 3  11-Jan 4,FM Meat Maker3 CR  New,2025-03-29 07:10:50.290,2025-03-29 08:29:27.460,2025-03-29 08:33:47.877,12000,Soya Oil,100024,50,50.05137,FeedMill_Hammer,100
220,Server1,DE299CEE-1015-4CCC-B52D-120575A0793D,4F49E7D9-1F69-4B40-AEFE-27B533AEFD56,938,FM LOT-885FM Maker- 3  11-Jan 4,FM Meat Maker3 CR  New,2025-03-29 07:10:50.290,2025-03-29 08:29:27.460,2025-03-29 08:33:47.877,12000,Water,1001,45,39.29235,FeedMill_Hammer,100
221,Server1,F1929057-B3EA-447A-BFA7-134A9DB33604,CF0D184D-DB36-4DD6-A585-597299527334,940,FM LOT-887FM Maker - 1 DDGS 4,FM Maker 1 DDGS,2025-03-29 11:04:43.107,2025-03-29 12:11:39.530,2025-03-29 19:05:16.377,6000,AMA-Poultry,100517,1.2,1.45,FeedMill_Hammer,203
222,Server1,F1929057-B3EA-447A-BFA7-134A9DB33604,CF0D184D-DB36-4DD6-A585-597299527334,940,FM LOT-887FM Maker - 1 DDGS 4,FM Maker 1 DDGS,2025-03-29 11:04:43.107,2025-03-29 12:11:39.530,2025-03-29 19:05:16.377,6000,Beta Mannanese,100511,0.99,1.139999,FeedMill_Hammer,203
223,Server1,F1929057-B3EA-447A-BFA7-134A9DB33604,CF0D184D-DB36-4DD6-A585-597299527334,940,FM LOT-887FM Maker - 1 DDGS 4,FM Maker 1 DDGS,2025-03-29 11:04:43.107,2025-03-29 12:11:39.530,2025-03-29 19:05:16.377,12000,CORN,100038,1536,1539.5,FeedMill_Hammer,201
224,Server1,F1929057-B3EA-447A-BFA7-134A9DB33604,CF0D184D-DB36-4DD6-A585-597299527334,940,FM LOT-887FM Maker - 1 DDGS 4,FM Maker 1 DDGS,2025-03-29 11:04:43.107,2025-03-29 12:11:39.530,2025-03-29 19:05:16.377,6000,DDGS,100427,147,146.6,FeedMill_Hammer,202
225,Server1,F1929057-B3EA-447A-BFA7-134A9DB33604,CF0D184D-DB36-4DD6-A585-597299527334,940,FM LOT-887FM Maker - 1 DDGS 4,FM Maker 1 DDGS,2025-03-29 11:04:43.107,2025-03-29 12:11:39.530,2025-03-29 19:05:16.377,12000,MCP,2001445,20.865,20.84,FeedMill_Hammer,204
226,Server1,F1929057-B3EA-447A-BFA7-134A9DB33604,CF0D184D-DB36-4DD6-A585-597299527334,940,FM LOT-887FM Maker - 1 DDGS 4,FM Maker 1 DDGS,2025-03-29 11:04:43.107,2025-03-29 12:11:39.530,2025-03-29 19:05:16.377,12000,METH,1004,11.1,11.10297,FeedMill_Hammer,100
227,Server1,F1929057-B3EA-447A-BFA7-134A9DB33604,CF0D184D-DB36-4DD6-A585-597299527334,940,FM LOT-887FM Maker - 1 DDGS 4,FM Maker 1 DDGS,2025-03-29 11:04:43.107,2025-03-29 12:11:39.530,2025-03-29 19:05:16.377,12000,PMX 100314 Broiler Starter,100314,60,59.96999,FeedMill_Hammer,204
228,Server1,F1929057-B3EA-447A-BFA7-134A9DB33604,CF0D184D-DB36-4DD6-A585-597299527334,940,FM LOT-887FM Maker - 1 DDGS 4,FM Maker 1 DDGS,2025-03-29 11:04:43.107,2025-03-29 12:11:39.530,2025-03-29 19:05:16.377,12000,Prebotic(Celmanax dry),100466,3,2.709999,FeedMill_Hammer,203
229,Server1,F1929057-B3EA-447A-BFA7-134A9DB33604,CF0D184D-DB36-4DD6-A585-597299527334,940,FM LOT-887FM Maker - 1 DDGS 4,FM Maker 1 DDGS,2025-03-29 11:04:43.107,2025-03-29 12:11:39.530,2025-03-29 19:05:16.377,6000,Protease Enzyme,100389,0.6,0.6599999,FeedMill_Hammer,203
230,Server1,F1929057-B3EA-447A-BFA7-134A9DB33604,CF0D184D-DB36-4DD6-A585-597299527334,940,FM LOT-887FM Maker - 1 DDGS 4,FM Maker 1 DDGS,2025-03-29 11:04:43.107,2025-03-29 12:11:39.530,2025-03-29 19:05:16.377,6000,Recycle Broiler feed,200000,60,60,FeedMill_Hammer,202
231,Server1,F1929057-B3EA-447A-BFA7-134A9DB33604,CF0D184D-DB36-4DD6-A585-597299527334,940,FM LOT-887FM Maker - 1 DDGS 4,FM Maker 1 DDGS,2025-03-29 11:04:43.107,2025-03-29 12:11:39.530,2025-03-29 19:05:16.377,6000,RM Emulsifier,100560,0.75,0.8499985,FeedMill_Hammer,203
232,Server1,F1929057-B3EA-447A-BFA7-134A9DB33604,CF0D184D-DB36-4DD6-A585-597299527334,940,FM LOT-887FM Maker - 1 DDGS 4,FM Maker 1 DDGS,2025-03-29 11:04:43.107,2025-03-29 12:11:39.530,2025-03-29 19:05:16.377,12000,SALT.,100051,4.5,4.459999,FeedMill_Hammer,204
233,Server1,F1929057-B3EA-447A-BFA7-134A9DB33604,CF0D184D-DB36-4DD6-A585-597299527334,940,FM LOT-887FM Maker - 1 DDGS 4,FM Maker 1 DDGS,2025-03-29 11:04:43.107,2025-03-29 12:11:39.530,2025-03-29 19:05:16.377,6000,SMCFA-Fatty acids,GM100465,0.75,0.710001,FeedMill_Hammer,203
234,Server1,F1929057-B3EA-447A-BFA7-134A9DB33604,CF0D184D-DB36-4DD6-A585-597299527334,940,FM LOT-887FM Maker - 1 DDGS 4,FM Maker 1 DDGS,2025-03-29 11:04:43.107,2025-03-29 12:11:39.530,2025-03-29 19:05:16.377,6000,Sodium Bicarbonate,100052,9.456,9.489999,FeedMill_Hammer,203
235,Server1,F1929057-B3EA-447A-BFA7-134A9DB33604,CF0D184D-DB36-4DD6-A585-597299527334,940,FM LOT-887FM Maker - 1 DDGS 4,FM Maker 1 DDGS,2025-03-29 11:04:43.107,2025-03-29 12:11:39.530,2025-03-29 19:05:16.377,6000,SOYA BEAN 100359,100359,976.35,972.9,FeedMill_Hammer,202
236,Server1,F1929057-B3EA-447A-BFA7-134A9DB33604,CF0D184D-DB36-4DD6-A585-597299527334,940,FM LOT-887FM Maker - 1 DDGS 4,FM Maker 1 DDGS,2025-03-29 11:04:43.107,2025-03-29 12:11:39.530,2025-03-29 19:05:16.377,12000,Soya Oil,100024,48,48.04717,FeedMill_Hammer,100
237,Server1,F1929057-B3EA-447A-BFA7-134A9DB33604,CF0D184D-DB36-4DD6-A585-597299527334,940,FM LOT-887FM Maker - 1 DDGS 4,FM Maker 1 DDGS,2025-03-29 11:04:43.107,2025-03-29 12:11:39.530,2025-03-29 19:05:16.377,12000,Water,1001,45,39.50328,FeedMill_Hammer,100
238,Server1,F1929057-B3EA-447A-BFA7-134A9DB33604,CF0D184D-DB36-4DD6-A585-597299527334,940,FM LOT-887FM Maker - 1 DDGS 4,FM Maker 1 DDGS,2025-03-29 11:04:43.107,2025-03-29 12:11:39.530,2025-03-29 19:05:16.377,6000,WHEAT,150066,165.393,169.2,FeedMill_Hammer,201
239,Server1,F1929057-B3EA-447A-BFA7-134A9DB33604,CF0D184D-DB36-4DD6-A585-597299527334,940,FM LOT-887FM Maker - 1 DDGS 4,FM Maker 1 DDGS,2025-03-29 11:04:43.107,2025-03-29 12:11:39.530,2025-03-29 19:05:16.377,6000,Wheat Bran,200223,12.546,14.1001,FeedMill_Hammer,201
240,Server1,F1929057-B3EA-447A-BFA7-134A9DB33604,CF0D184D-DB36-4DD6-A585-597299527334,940,FM LOT-887FM Maker - 1 DDGS 4,FM Maker 1 DDGS,2025-03-29 11:04:43.107,2025-03-29 12:11:39.530,2025-03-29 19:05:16.377,6000,Xcelsio AAPF,GM0000,1.5,1.360001,FeedMill_Hammer,203
241,Server1,CF3BE026-A27A-40F0-BCA3-144FC983BA76,ACCE71FE-23E2-4992-960A-4237953CD1BD,941,FM LOT-888FM Maker - 1 DDGS Al 1,FM Maker 1 DDGS,2025-03-29 11:45:33.813,2025-03-29 12:42:02.220,2025-03-29 19:05:43.857,6000,AMA-Poultry,100517,1.2,1.3,FeedMill_Hammer,203
242,Server1,CF3BE026-A27A-40F0-BCA3-144FC983BA76,ACCE71FE-23E2-4992-960A-4237953CD1BD,941,FM LOT-888FM Maker - 1 DDGS Al 1,FM Maker 1 DDGS,2025-03-29 11:45:33.813,2025-03-29 12:42:02.220,2025-03-29 19:05:43.857,6000,Beta Mannanese,100511,0.99,0.7799997,FeedMill_Hammer,203
243,Server1,CF3BE026-A27A-40F0-BCA3-144FC983BA76,ACCE71FE-23E2-4992-960A-4237953CD1BD,941,FM LOT-888FM Maker - 1 DDGS Al 1,FM Maker 1 DDGS,2025-03-29 11:45:33.813,2025-03-29 12:42:02.220,2025-03-29 19:05:43.857,6000,Copper proteinate 15%,100068,0.3,0.3199997,FeedMill_Hammer,203
244,Server1,CF3BE026-A27A-40F0-BCA3-144FC983BA76,ACCE71FE-23E2-4992-960A-4237953CD1BD,941,FM LOT-888FM Maker - 1 DDGS Al 1,FM Maker 1 DDGS,2025-03-29 11:45:33.813,2025-03-29 12:42:02.220,2025-03-29 19:05:43.857,6000,CORN,100038,1536,1542.1,FeedMill_Hammer,201
245,Server1,CF3BE026-A27A-40F0-BCA3-144FC983BA76,ACCE71FE-23E2-4992-960A-4237953CD1BD,941,FM LOT-888FM Maker - 1 DDGS Al 1,FM Maker 1 DDGS,2025-03-29 11:45:33.813,2025-03-29 12:42:02.220,2025-03-29 19:05:43.857,6000,DDGS,100427,147,148.0001,FeedMill_Hammer,202
246,Server1,CF3BE026-A27A-40F0-BCA3-144FC983BA76,ACCE71FE-23E2-4992-960A-4237953CD1BD,941,FM LOT-888FM Maker - 1 DDGS Al 1,FM Maker 1 DDGS,2025-03-29 11:45:33.813,2025-03-29 12:42:02.220,2025-03-29 19:05:43.857,6000,MCP,2001445,21,20.98,FeedMill_Hammer,204
247,Server1,CF3BE026-A27A-40F0-BCA3-144FC983BA76,ACCE71FE-23E2-4992-960A-4237953CD1BD,941,FM LOT-888FM Maker - 1 DDGS Al 1,FM Maker 1 DDGS,2025-03-29 11:45:33.813,2025-03-29 12:42:02.220,2025-03-29 19:05:43.857,12000,METH,1004,11.1,11.12392,FeedMill_Hammer,100
248,Server1,CF3BE026-A27A-40F0-BCA3-144FC983BA76,ACCE71FE-23E2-4992-960A-4237953CD1BD,941,FM LOT-888FM Maker - 1 DDGS Al 1,FM Maker 1 DDGS,2025-03-29 11:45:33.813,2025-03-29 12:42:02.220,2025-03-29 19:05:43.857,6000,PMX 100314 Broiler Starter,100314,60,60.00999,FeedMill_Hammer,204
249,Server1,CF3BE026-A27A-40F0-BCA3-144FC983BA76,ACCE71FE-23E2-4992-960A-4237953CD1BD,941,FM LOT-888FM Maker - 1 DDGS Al 1,FM Maker 1 DDGS,2025-03-29 11:45:33.813,2025-03-29 12:42:02.220,2025-03-29 19:05:43.857,6000,Prebotic(Celmanax dry),100466,3,2.74,FeedMill_Hammer,203
250,Server1,CF3BE026-A27A-40F0-BCA3-144FC983BA76,ACCE71FE-23E2-4992-960A-4237953CD1BD,941,FM LOT-888FM Maker - 1 DDGS Al 1,FM Maker 1 DDGS,2025-03-29 11:45:33.813,2025-03-29 12:42:02.220,2025-03-29 19:05:43.857,6000,Protease Enzyme,100389,0.6,0.63,FeedMill_Hammer,203
251,Server1,CF3BE026-A27A-40F0-BCA3-144FC983BA76,ACCE71FE-23E2-4992-960A-4237953CD1BD,941,FM LOT-888FM Maker - 1 DDGS Al 1,FM Maker 1 DDGS,2025-03-29 11:45:33.813,2025-03-29 12:42:02.220,2025-03-29 19:05:43.857,6000,RM Emulsifier,100560,0.75,0.7699986,FeedMill_Hammer,203
252,Server1,CF3BE026-A27A-40F0-BCA3-144FC983BA76,ACCE71FE-23E2-4992-960A-4237953CD1BD,941,FM LOT-888FM Maker - 1 DDGS Al 1,FM Maker 1 DDGS,2025-03-29 11:45:33.813,2025-03-29 12:42:02.220,2025-03-29 19:05:43.857,6000,SALT.,100051,3.3,3.329994,FeedMill_Hammer,204
253,Server1,CF3BE026-A27A-40F0-BCA3-144FC983BA76,ACCE71FE-23E2-4992-960A-4237953CD1BD,941,FM LOT-888FM Maker - 1 DDGS Al 1,FM Maker 1 DDGS,2025-03-29 11:45:33.813,2025-03-29 12:42:02.220,2025-03-29 19:05:43.857,6000,SMCFA-Fatty acids,GM100465,0.75,0.7199993,FeedMill_Hammer,203
254,Server1,CF3BE026-A27A-40F0-BCA3-144FC983BA76,ACCE71FE-23E2-4992-960A-4237953CD1BD,941,FM LOT-888FM Maker - 1 DDGS Al 1,FM Maker 1 DDGS,2025-03-29 11:45:33.813,2025-03-29 12:42:02.220,2025-03-29 19:05:43.857,6000,Sodium Formate,100590,9,8.829999,FeedMill_Hammer,203
255,Server1,CF3BE026-A27A-40F0-BCA3-144FC983BA76,ACCE71FE-23E2-4992-960A-4237953CD1BD,941,FM LOT-888FM Maker - 1 DDGS Al 1,FM Maker 1 DDGS,2025-03-29 11:45:33.813,2025-03-29 12:42:02.220,2025-03-29 19:05:43.857,6000,SOYA BEAN 100359,100359,976.35,975,FeedMill_Hammer,202
256,Server1,CF3BE026-A27A-40F0-BCA3-144FC983BA76,ACCE71FE-23E2-4992-960A-4237953CD1BD,941,FM LOT-888FM Maker - 1 DDGS Al 1,FM Maker 1 DDGS,2025-03-29 11:45:33.813,2025-03-29 12:42:02.220,2025-03-29 19:05:43.857,12000,Soya Oil,100024,48,48.0456,FeedMill_Hammer,100
257,Server1,CF3BE026-A27A-40F0-BCA3-144FC983BA76,ACCE71FE-23E2-4992-960A-4237953CD1BD,941,FM LOT-888FM Maker - 1 DDGS Al 1,FM Maker 1 DDGS,2025-03-29 11:45:33.813,2025-03-29 12:42:02.220,2025-03-29 19:05:43.857,12000,Water,1001,25,39.42292,FeedMill_Hammer,100
258,Server1,CF3BE026-A27A-40F0-BCA3-144FC983BA76,ACCE71FE-23E2-4992-960A-4237953CD1BD,941,FM LOT-888FM Maker - 1 DDGS Al 1,FM Maker 1 DDGS,2025-03-29 11:45:33.813,2025-03-29 12:42:02.220,2025-03-29 19:05:43.857,6000,WHEAT,150066,165,162.6,FeedMill_Hammer,201
259,Server1,CF3BE026-A27A-40F0-BCA3-144FC983BA76,ACCE71FE-23E2-4992-960A-4237953CD1BD,941,FM LOT-888FM Maker - 1 DDGS Al 1,FM Maker 1 DDGS,2025-03-29 11:45:33.813,2025-03-29 12:42:02.220,2025-03-29 19:05:43.857,6000,Wheat Bran,200223,14.16,14.20007,FeedMill_Hammer,201
260,Server1,CF3BE026-A27A-40F0-BCA3-144FC983BA76,ACCE71FE-23E2-4992-960A-4237953CD1BD,941,FM LOT-888FM Maker - 1 DDGS Al 1,FM Maker 1 DDGS,2025-03-29 11:45:33.813,2025-03-29 12:42:02.220,2025-03-29 19:05:43.857,6000,Xcelsio AAPF,GM0000,1.5,1.509999,FeedMill_Hammer,203
261,Server1,E05B8B83-9C97-4EF6-AAA1-150EB96C32B6,30C7FE02-5F47-42C5-B99E-03C1C8269964,929,FM LOT-878HM Baladi Meat Maker 1,FM Baladi Maker 2,2025-03-28 20:34:45.043,2025-03-28 21:26:59.583,2025-03-28 21:28:04.873,6000,AMA-Poultry,100517,1.2,1.25,FeedMill_Hammer,203
262,Server1,E05B8B83-9C97-4EF6-AAA1-150EB96C32B6,30C7FE02-5F47-42C5-B99E-03C1C8269964,929,FM LOT-878HM Baladi Meat Maker 1,FM Baladi Maker 2,2025-03-28 20:34:45.043,2025-03-28 21:26:59.583,2025-03-28 21:28:04.873,6000,CORN,100038,502.245,502.7,FeedMill_Hammer,202
263,Server1,E05B8B83-9C97-4EF6-AAA1-150EB96C32B6,30C7FE02-5F47-42C5-B99E-03C1C8269964,929,FM LOT-878HM Baladi Meat Maker 1,FM Baladi Maker 2,2025-03-28 20:34:45.043,2025-03-28 21:26:59.583,2025-03-28 21:28:04.873,6000,Feed Enzyme,100021,0.21,0.3599997,FeedMill_Hammer,203
264,Server1,E05B8B83-9C97-4EF6-AAA1-150EB96C32B6,30C7FE02-5F47-42C5-B99E-03C1C8269964,929,FM LOT-878HM Baladi Meat Maker 1,FM Baladi Maker 2,2025-03-28 20:34:45.043,2025-03-28 21:26:59.583,2025-03-28 21:28:04.873,12000,MCP,2001445,11.499,11.39,FeedMill_Hammer,204
265,Server1,E05B8B83-9C97-4EF6-AAA1-150EB96C32B6,30C7FE02-5F47-42C5-B99E-03C1C8269964,929,FM LOT-878HM Baladi Meat Maker 1,FM Baladi Maker 2,2025-03-28 20:34:45.043,2025-03-28 21:26:59.583,2025-03-28 21:28:04.873,12000,METH,1004,3.681,3.687024,FeedMill_Hammer,100
266,Server1,E05B8B83-9C97-4EF6-AAA1-150EB96C32B6,30C7FE02-5F47-42C5-B99E-03C1C8269964,929,FM LOT-878HM Baladi Meat Maker 1,FM Baladi Maker 2,2025-03-28 20:34:45.043,2025-03-28 21:26:59.583,2025-03-28 21:28:04.873,6000,Palm Oil,100284,21,21.07869,FeedMill_Hammer,100
267,Server1,E05B8B83-9C97-4EF6-AAA1-150EB96C32B6,30C7FE02-5F47-42C5-B99E-03C1C8269964,929,FM LOT-878HM Baladi Meat Maker 1,FM Baladi Maker 2,2025-03-28 20:34:45.043,2025-03-28 21:26:59.583,2025-03-28 21:28:04.873,12000,Pmx 100412  Baladi MM2,100412,60,60.12,FeedMill_Hammer,204
268,Server1,E05B8B83-9C97-4EF6-AAA1-150EB96C32B6,30C7FE02-5F47-42C5-B99E-03C1C8269964,929,FM LOT-878HM Baladi Meat Maker 1,FM Baladi Maker 2,2025-03-28 20:34:45.043,2025-03-28 21:26:59.583,2025-03-28 21:28:04.873,6000,Protease Enzyme,100389,0.6,0.6299999,FeedMill_Hammer,203
269,Server1,E05B8B83-9C97-4EF6-AAA1-150EB96C32B6,30C7FE02-5F47-42C5-B99E-03C1C8269964,929,FM LOT-878HM Baladi Meat Maker 1,FM Baladi Maker 2,2025-03-28 20:34:45.043,2025-03-28 21:26:59.583,2025-03-28 21:28:04.873,12000,Recycle Broiler feed,200000,60,64.29999,FeedMill_Hammer,202
270,Server1,E05B8B83-9C97-4EF6-AAA1-150EB96C32B6,30C7FE02-5F47-42C5-B99E-03C1C8269964,929,FM LOT-878HM Baladi Meat Maker 1,FM Baladi Maker 2,2025-03-28 20:34:45.043,2025-03-28 21:26:59.583,2025-03-28 21:28:04.873,6000,SALT.,100051,7.5,7.519999,FeedMill_Hammer,204
271,Server1,E05B8B83-9C97-4EF6-AAA1-150EB96C32B6,30C7FE02-5F47-42C5-B99E-03C1C8269964,929,FM LOT-878HM Baladi Meat Maker 1,FM Baladi Maker 2,2025-03-28 20:34:45.043,2025-03-28 21:26:59.583,2025-03-28 21:28:04.873,6000,Sodium Bicarbonate,100052,3,3.039999,FeedMill_Hammer,203
272,Server1,E05B8B83-9C97-4EF6-AAA1-150EB96C32B6,30C7FE02-5F47-42C5-B99E-03C1C8269964,929,FM LOT-878HM Baladi Meat Maker 1,FM Baladi Maker 2,2025-03-28 20:34:45.043,2025-03-28 21:26:59.583,2025-03-28 21:28:04.873,6000,SOYA BEAN 100359,100359,384.48,380.9,FeedMill_Hammer,202
273,Server1,E05B8B83-9C97-4EF6-AAA1-150EB96C32B6,30C7FE02-5F47-42C5-B99E-03C1C8269964,929,FM LOT-878HM Baladi Meat Maker 1,FM Baladi Maker 2,2025-03-28 20:34:45.043,2025-03-28 21:26:59.583,2025-03-28 21:28:04.873,12000,Water,1001,45,39.69411,FeedMill_Hammer,100
274,Server1,E05B8B83-9C97-4EF6-AAA1-150EB96C32B6,30C7FE02-5F47-42C5-B99E-03C1C8269964,929,FM LOT-878HM Baladi Meat Maker 1,FM Baladi Maker 2,2025-03-28 20:34:45.043,2025-03-28 21:26:59.583,2025-03-28 21:28:04.873,6000,WHEAT,150066,1652.943,1645.9,FeedMill_Hammer,201
275,Server1,E05B8B83-9C97-4EF6-AAA1-150EB96C32B6,30C7FE02-5F47-42C5-B99E-03C1C8269964,929,FM LOT-878HM Baladi Meat Maker 1,FM Baladi Maker 2,2025-03-28 20:34:45.043,2025-03-28 21:26:59.583,2025-03-28 21:28:04.873,12000,Wheat Bran,200223,348.642,358.9,FeedMill_Hammer,201
276,Server1,75BC859F-DF1C-4EED-8FBB-1625BD8449E8,01F02A12-4C28-4829-B27F-80D49BE37416,920,FM LOT-869FM Ruminant 13% 3,FM Ruminant 13%,2025-03-28 12:01:10.713,2025-03-28 12:57:54.657,2025-03-28 12:59:00.593,6000,Availa Cr1000 Zinpro USA,100607,0.9,0.5499998,FeedMill_Hammer,203
277,Server1,75BC859F-DF1C-4EED-8FBB-1625BD8449E8,01F02A12-4C28-4829-B27F-80D49BE37416,920,FM LOT-869FM Ruminant 13% 3,FM Ruminant 13%,2025-03-28 12:01:10.713,2025-03-28 12:57:54.657,2025-03-28 12:59:00.593,6000,BARLEY,100334,225,220.7,FeedMill_Hammer,202
278,Server1,75BC859F-DF1C-4EED-8FBB-1625BD8449E8,01F02A12-4C28-4829-B27F-80D49BE37416,920,FM LOT-869FM Ruminant 13% 3,FM Ruminant 13%,2025-03-28 12:01:10.713,2025-03-28 12:57:54.657,2025-03-28 12:59:00.593,6000,Bran Pellets,200321,700,700.2,FeedMill_Hammer,202
279,Server1,75BC859F-DF1C-4EED-8FBB-1625BD8449E8,01F02A12-4C28-4829-B27F-80D49BE37416,920,FM LOT-869FM Ruminant 13% 3,FM Ruminant 13%,2025-03-28 12:01:10.713,2025-03-28 12:57:54.657,2025-03-28 12:59:00.593,6000,corn screening,100583,210,214.3,FeedMill_Hammer,202
280,Server1,75BC859F-DF1C-4EED-8FBB-1625BD8449E8,01F02A12-4C28-4829-B27F-80D49BE37416,920,FM LOT-869FM Ruminant 13% 3,FM Ruminant 13%,2025-03-28 12:01:10.713,2025-03-28 12:57:54.657,2025-03-28 12:59:00.593,6000,DDGS,100427,195,192.6,FeedMill_Hammer,202
281,Server1,75BC859F-DF1C-4EED-8FBB-1625BD8449E8,01F02A12-4C28-4829-B27F-80D49BE37416,920,FM LOT-869FM Ruminant 13% 3,FM Ruminant 13%,2025-03-28 12:01:10.713,2025-03-28 12:57:54.657,2025-03-28 12:59:00.593,6000,Limestone,100048,63.9,66.99997,FeedMill_Hammer,202
282,Server1,75BC859F-DF1C-4EED-8FBB-1625BD8449E8,01F02A12-4C28-4829-B27F-80D49BE37416,920,FM LOT-869FM Ruminant 13% 3,FM Ruminant 13%,2025-03-28 12:01:10.713,2025-03-28 12:57:54.657,2025-03-28 12:59:00.593,12000,Molasses,100085,120,120.2339,FeedMill_Hammer,NULL
283,Server1,75BC859F-DF1C-4EED-8FBB-1625BD8449E8,01F02A12-4C28-4829-B27F-80D49BE37416,920,FM LOT-869FM Ruminant 13% 3,FM Ruminant 13%,2025-03-28 12:01:10.713,2025-03-28 12:57:54.657,2025-03-28 12:59:00.593,12000,PMX 100331 Ruminant,100331,9,9.109999,FeedMill_Hammer,204
284,Server1,75BC859F-DF1C-4EED-8FBB-1625BD8449E8,01F02A12-4C28-4829-B27F-80D49BE37416,920,FM LOT-869FM Ruminant 13% 3,FM Ruminant 13%,2025-03-28 12:01:10.713,2025-03-28 12:57:54.657,2025-03-28 12:59:00.593,6000,RAPSEED,100081,209.4,209.4,FeedMill_Hammer,202
285,Server1,75BC859F-DF1C-4EED-8FBB-1625BD8449E8,01F02A12-4C28-4829-B27F-80D49BE37416,920,FM LOT-869FM Ruminant 13% 3,FM Ruminant 13%,2025-03-28 12:01:10.713,2025-03-28 12:57:54.657,2025-03-28 12:59:00.593,6000,RICE HUSK,100317,600,599,FeedMill_Hammer,201
286,Server1,75BC859F-DF1C-4EED-8FBB-1625BD8449E8,01F02A12-4C28-4829-B27F-80D49BE37416,920,FM LOT-869FM Ruminant 13% 3,FM Ruminant 13%,2025-03-28 12:01:10.713,2025-03-28 12:57:54.657,2025-03-28 12:59:00.593,12000,SALT.,100051,28.8,28.41,FeedMill_Hammer,204
287,Server1,75BC859F-DF1C-4EED-8FBB-1625BD8449E8,01F02A12-4C28-4829-B27F-80D49BE37416,920,FM LOT-869FM Ruminant 13% 3,FM Ruminant 13%,2025-03-28 12:01:10.713,2025-03-28 12:57:54.657,2025-03-28 12:59:00.593,6000,Sodium Bicarbonate,100052,6,5.34,FeedMill_Hammer,203
288,Server1,75BC859F-DF1C-4EED-8FBB-1625BD8449E8,01F02A12-4C28-4829-B27F-80D49BE37416,920,FM LOT-869FM Ruminant 13% 3,FM Ruminant 13%,2025-03-28 12:01:10.713,2025-03-28 12:57:54.657,2025-03-28 12:59:00.593,12000,Water,1001,45,39.61376,FeedMill_Hammer,100
289,Server1,75BC859F-DF1C-4EED-8FBB-1625BD8449E8,01F02A12-4C28-4829-B27F-80D49BE37416,920,FM LOT-869FM Ruminant 13% 3,FM Ruminant 13%,2025-03-28 12:01:10.713,2025-03-28 12:57:54.657,2025-03-28 12:59:00.593,6000,Wheat Bran,200223,632.9,647.4,FeedMill_Hammer,201
290,Server1,20CA87DA-AAE2-4184-B665-16A5E99C159D,B2F676B8-EA69-4F9D-ADD4-086CB73D5056,918,FM LOT-867FM Ruminant 13% 01,FM Ruminant 13%,2025-03-28 07:23:09.170,2025-03-28 08:36:25.720,2025-03-28 08:37:30.870,6000,Availa Cr1000 Zinpro USA,100607,0.9,0.7999997,FeedMill_Hammer,203
291,Server1,20CA87DA-AAE2-4184-B665-16A5E99C159D,B2F676B8-EA69-4F9D-ADD4-086CB73D5056,918,FM LOT-867FM Ruminant 13% 01,FM Ruminant 13%,2025-03-28 07:23:09.170,2025-03-28 08:36:25.720,2025-03-28 08:37:30.870,6000,BARLEY,100334,225,223.2,FeedMill_Hammer,202
292,Server1,20CA87DA-AAE2-4184-B665-16A5E99C159D,B2F676B8-EA69-4F9D-ADD4-086CB73D5056,918,FM LOT-867FM Ruminant 13% 01,FM Ruminant 13%,2025-03-28 07:23:09.170,2025-03-28 08:36:25.720,2025-03-28 08:37:30.870,6000,Bran Pellets,200321,700,692.7,FeedMill_Hammer,202
293,Server1,20CA87DA-AAE2-4184-B665-16A5E99C159D,B2F676B8-EA69-4F9D-ADD4-086CB73D5056,918,FM LOT-867FM Ruminant 13% 01,FM Ruminant 13%,2025-03-28 07:23:09.170,2025-03-28 08:36:25.720,2025-03-28 08:37:30.870,6000,corn screening,100583,210,204.7,FeedMill_Hammer,202
294,Server1,20CA87DA-AAE2-4184-B665-16A5E99C159D,B2F676B8-EA69-4F9D-ADD4-086CB73D5056,918,FM LOT-867FM Ruminant 13% 01,FM Ruminant 13%,2025-03-28 07:23:09.170,2025-03-28 08:36:25.720,2025-03-28 08:37:30.870,6000,DDGS,100427,195,192.6,FeedMill_Hammer,202
295,Server1,20CA87DA-AAE2-4184-B665-16A5E99C159D,B2F676B8-EA69-4F9D-ADD4-086CB73D5056,918,FM LOT-867FM Ruminant 13% 01,FM Ruminant 13%,2025-03-28 07:23:09.170,2025-03-28 08:36:25.720,2025-03-28 08:37:30.870,6000,Limestone,100048,63.9,64.89999,FeedMill_Hammer,202
296,Server1,20CA87DA-AAE2-4184-B665-16A5E99C159D,B2F676B8-EA69-4F9D-ADD4-086CB73D5056,918,FM LOT-867FM Ruminant 13% 01,FM Ruminant 13%,2025-03-28 07:23:09.170,2025-03-28 08:36:25.720,2025-03-28 08:37:30.870,6000,Molasses,100085,120,104.801,FeedMill_Hammer,NULL
297,Server1,20CA87DA-AAE2-4184-B665-16A5E99C159D,B2F676B8-EA69-4F9D-ADD4-086CB73D5056,918,FM LOT-867FM Ruminant 13% 01,FM Ruminant 13%,2025-03-28 07:23:09.170,2025-03-28 08:36:25.720,2025-03-28 08:37:30.870,12000,PMX 100331 Ruminant,100331,9,8.769997,FeedMill_Hammer,204
298,Server1,20CA87DA-AAE2-4184-B665-16A5E99C159D,B2F676B8-EA69-4F9D-ADD4-086CB73D5056,918,FM LOT-867FM Ruminant 13% 01,FM Ruminant 13%,2025-03-28 07:23:09.170,2025-03-28 08:36:25.720,2025-03-28 08:37:30.870,12000,RAPSEED,100081,209.4,207,FeedMill_Hammer,202
299,Server1,20CA87DA-AAE2-4184-B665-16A5E99C159D,B2F676B8-EA69-4F9D-ADD4-086CB73D5056,918,FM LOT-867FM Ruminant 13% 01,FM Ruminant 13%,2025-03-28 07:23:09.170,2025-03-28 08:36:25.720,2025-03-28 08:37:30.870,6000,RICE HUSK,100317,600,594.6,FeedMill_Hammer,201
300,Server1,20CA87DA-AAE2-4184-B665-16A5E99C159D,B2F676B8-EA69-4F9D-ADD4-086CB73D5056,918,FM LOT-867FM Ruminant 13% 01,FM Ruminant 13%,2025-03-28 07:23:09.170,2025-03-28 08:36:25.720,2025-03-28 08:37:30.870,6000,SALT.,100051,28.8,28.89,FeedMill_Hammer,204
301,Server1,20CA87DA-AAE2-4184-B665-16A5E99C159D,B2F676B8-EA69-4F9D-ADD4-086CB73D5056,918,FM LOT-867FM Ruminant 13% 01,FM Ruminant 13%,2025-03-28 07:23:09.170,2025-03-28 08:36:25.720,2025-03-28 08:37:30.870,6000,Sodium Bicarbonate,100052,6,5.979999,FeedMill_Hammer,203
302,Server1,20CA87DA-AAE2-4184-B665-16A5E99C159D,B2F676B8-EA69-4F9D-ADD4-086CB73D5056,918,FM LOT-867FM Ruminant 13% 01,FM Ruminant 13%,2025-03-28 07:23:09.170,2025-03-28 08:36:25.720,2025-03-28 08:37:30.870,6000,Wheat Bran,200223,632.9,635.9,FeedMill_Hammer,201
303,Server1,387C583E-1F60-486E-AF01-181F8356E0AC,60F14A52-E286-489C-8893-A66E155E15D2,934,FM LOT-882HM Baladi Egg Maker 2,FM Baladi Egg Maker,2025-03-29 03:15:34.197,2025-03-29 03:56:41.320,2025-03-29 03:59:27.847,6000,AMA-Poultry,100517,0.9,0.71,FeedMill_Hammer,203
304,Server1,387C583E-1F60-486E-AF01-181F8356E0AC,60F14A52-E286-489C-8893-A66E155E15D2,934,FM LOT-882HM Baladi Egg Maker 2,FM Baladi Egg Maker,2025-03-29 03:15:34.197,2025-03-29 03:56:41.320,2025-03-29 03:59:27.847,6000,CORN,100038,450,455.5001,FeedMill_Hammer,201
305,Server1,387C583E-1F60-486E-AF01-181F8356E0AC,60F14A52-E286-489C-8893-A66E155E15D2,934,FM LOT-882HM Baladi Egg Maker 2,FM Baladi Egg Maker,2025-03-29 03:15:34.197,2025-03-29 03:56:41.320,2025-03-29 03:59:27.847,6000,Feed Enzyme,100021,0.21,0.21,FeedMill_Hammer,203
306,Server1,387C583E-1F60-486E-AF01-181F8356E0AC,60F14A52-E286-489C-8893-A66E155E15D2,934,FM LOT-882HM Baladi Egg Maker 2,FM Baladi Egg Maker,2025-03-29 03:15:34.197,2025-03-29 03:56:41.320,2025-03-29 03:59:27.847,6000,layer  Recycle,200001,60,60.19995,FeedMill_Hammer,202
307,Server1,387C583E-1F60-486E-AF01-181F8356E0AC,60F14A52-E286-489C-8893-A66E155E15D2,934,FM LOT-882HM Baladi Egg Maker 2,FM Baladi Egg Maker,2025-03-29 03:15:34.197,2025-03-29 03:56:41.320,2025-03-29 03:59:27.847,6000,Limestone,100048,282,290.2,FeedMill_Hammer,202
308,Server1,387C583E-1F60-486E-AF01-181F8356E0AC,60F14A52-E286-489C-8893-A66E155E15D2,934,FM LOT-882HM Baladi Egg Maker 2,FM Baladi Egg Maker,2025-03-29 03:15:34.197,2025-03-29 03:56:41.320,2025-03-29 03:59:27.847,6000,Lysine,100000,2.619,2.55,FeedMill_Hammer,203
309,Server1,387C583E-1F60-486E-AF01-181F8356E0AC,60F14A52-E286-489C-8893-A66E155E15D2,934,FM LOT-882HM Baladi Egg Maker 2,FM Baladi Egg Maker,2025-03-29 03:15:34.197,2025-03-29 03:56:41.320,2025-03-29 03:59:27.847,12000,MCP,2001445,8.796,8.82,FeedMill_Hammer,204
310,Server1,387C583E-1F60-486E-AF01-181F8356E0AC,60F14A52-E286-489C-8893-A66E155E15D2,934,FM LOT-882HM Baladi Egg Maker 2,FM Baladi Egg Maker,2025-03-29 03:15:34.197,2025-03-29 03:56:41.320,2025-03-29 03:59:27.847,12000,METH,1004,2.475,2.492931,FeedMill_Hammer,100
311,Server1,387C583E-1F60-486E-AF01-181F8356E0AC,60F14A52-E286-489C-8893-A66E155E15D2,934,FM LOT-882HM Baladi Egg Maker 2,FM Baladi Egg Maker,2025-03-29 03:15:34.197,2025-03-29 03:56:41.320,2025-03-29 03:59:27.847,12000,PMX 100414 Baladi Egg Maker,100414,45,45.02,FeedMill_Hammer,204
312,Server1,387C583E-1F60-486E-AF01-181F8356E0AC,60F14A52-E286-489C-8893-A66E155E15D2,934,FM LOT-882HM Baladi Egg Maker 2,FM Baladi Egg Maker,2025-03-29 03:15:34.197,2025-03-29 03:56:41.320,2025-03-29 03:59:27.847,6000,Protease Enzyme,100389,0.6,0.5799999,FeedMill_Hammer,203
313,Server1,387C583E-1F60-486E-AF01-181F8356E0AC,60F14A52-E286-489C-8893-A66E155E15D2,934,FM LOT-882HM Baladi Egg Maker 2,FM Baladi Egg Maker,2025-03-29 03:15:34.197,2025-03-29 03:56:41.320,2025-03-29 03:59:27.847,6000,SOYA BEAN 100359,100359,354.114,355.1,FeedMill_Hammer,202
314,Server1,387C583E-1F60-486E-AF01-181F8356E0AC,60F14A52-E286-489C-8893-A66E155E15D2,934,FM LOT-882HM Baladi Egg Maker 2,FM Baladi Egg Maker,2025-03-29 03:15:34.197,2025-03-29 03:56:41.320,2025-03-29 03:59:27.847,12000,Soya Oil,100024,30,30.03512,FeedMill_Hammer,100
315,Server1,387C583E-1F60-486E-AF01-181F8356E0AC,60F14A52-E286-489C-8893-A66E155E15D2,934,FM LOT-882HM Baladi Egg Maker 2,FM Baladi Egg Maker,2025-03-29 03:15:34.197,2025-03-29 03:56:41.320,2025-03-29 03:59:27.847,12000,Water,1001,45,39.3928,FeedMill_Hammer,100
316,Server1,387C583E-1F60-486E-AF01-181F8356E0AC,60F14A52-E286-489C-8893-A66E155E15D2,934,FM LOT-882HM Baladi Egg Maker 2,FM Baladi Egg Maker,2025-03-29 03:15:34.197,2025-03-29 03:56:41.320,2025-03-29 03:59:27.847,6000,WHEAT,150066,1005.477,1007.1,FeedMill_Hammer,201
317,Server1,387C583E-1F60-486E-AF01-181F8356E0AC,60F14A52-E286-489C-8893-A66E155E15D2,934,FM LOT-882HM Baladi Egg Maker 2,FM Baladi Egg Maker,2025-03-29 03:15:34.197,2025-03-29 03:56:41.320,2025-03-29 03:59:27.847,6000,Wheat Bran,200223,217.749,214.2,FeedMill_Hammer,201
318,Server1,387C583E-1F60-486E-AF01-181F8356E0AC,60F14A52-E286-489C-8893-A66E155E15D2,934,FM LOT-882HM Baladi Egg Maker 2,FM Baladi Egg Maker,2025-03-29 03:15:34.197,2025-03-29 03:56:41.320,2025-03-29 03:59:27.847,12000,Wheat Flour,100306,600,600,FeedMill_Hammer,202
319,Server1,600B6722-CBEA-417F-A801-192D4B825990,848420B7-8A52-4A72-AE70-DED7963EB34D,943,FM LOT-890FM Maker- 3  11-Jan 02,FM Meat Maker3 CR  New,2025-03-29 15:30:45.920,2025-03-29 16:38:25.437,2025-03-29 19:08:43.590,6000,CORN,100038,1860,1862.1,FeedMill_Hammer,201
320,Server1,600B6722-CBEA-417F-A801-192D4B825990,848420B7-8A52-4A72-AE70-DED7963EB34D,943,FM LOT-890FM Maker- 3  11-Jan 02,FM Meat Maker3 CR  New,2025-03-29 15:30:45.920,2025-03-29 16:38:25.437,2025-03-29 19:08:43.590,6000,MCP,2001445,12.405,12.35,FeedMill_Hammer,204
321,Server1,600B6722-CBEA-417F-A801-192D4B825990,848420B7-8A52-4A72-AE70-DED7963EB34D,943,FM LOT-890FM Maker- 3  11-Jan 02,FM Meat Maker3 CR  New,2025-03-29 15:30:45.920,2025-03-29 16:38:25.437,2025-03-29 19:08:43.590,12000,METH,1004,12,11.98283,FeedMill_Hammer,100
322,Server1,600B6722-CBEA-417F-A801-192D4B825990,848420B7-8A52-4A72-AE70-DED7963EB34D,943,FM LOT-890FM Maker- 3  11-Jan 02,FM Meat Maker3 CR  New,2025-03-29 15:30:45.920,2025-03-29 16:38:25.437,2025-03-29 19:08:43.590,6000,PMX 100392  Broiler Fin HP,100392,60,60.07999,FeedMill_Hammer,204
323,Server1,600B6722-CBEA-417F-A801-192D4B825990,848420B7-8A52-4A72-AE70-DED7963EB34D,943,FM LOT-890FM Maker- 3  11-Jan 02,FM Meat Maker3 CR  New,2025-03-29 15:30:45.920,2025-03-29 16:38:25.437,2025-03-29 19:08:43.590,6000,SALT.,100051,6,6.19,FeedMill_Hammer,204
324,Server1,600B6722-CBEA-417F-A801-192D4B825990,848420B7-8A52-4A72-AE70-DED7963EB34D,943,FM LOT-890FM Maker- 3  11-Jan 02,FM Meat Maker3 CR  New,2025-03-29 15:30:45.920,2025-03-29 16:38:25.437,2025-03-29 19:08:43.590,6000,Sodium Bicarbonate,100052,6.303,6.399999,FeedMill_Hammer,203
325,Server1,600B6722-CBEA-417F-A801-192D4B825990,848420B7-8A52-4A72-AE70-DED7963EB34D,943,FM LOT-890FM Maker- 3  11-Jan 02,FM Meat Maker3 CR  New,2025-03-29 15:30:45.920,2025-03-29 16:38:25.437,2025-03-29 19:08:43.590,6000,SOYA BEAN 100359,100359,900,900.1,FeedMill_Hammer,202
326,Server1,600B6722-CBEA-417F-A801-192D4B825990,848420B7-8A52-4A72-AE70-DED7963EB34D,943,FM LOT-890FM Maker- 3  11-Jan 02,FM Meat Maker3 CR  New,2025-03-29 15:30:45.920,2025-03-29 16:38:25.437,2025-03-29 19:08:43.590,12000,Soya Oil,100024,50,50.04373,FeedMill_Hammer,100
327,Server1,600B6722-CBEA-417F-A801-192D4B825990,848420B7-8A52-4A72-AE70-DED7963EB34D,943,FM LOT-890FM Maker- 3  11-Jan 02,FM Meat Maker3 CR  New,2025-03-29 15:30:45.920,2025-03-29 16:38:25.437,2025-03-29 19:08:43.590,12000,Water,1001,30,39.37271,FeedMill_Hammer,100
328,Server1,262CF3DB-A108-44D0-9391-1A4CDCFF2438,777B6A66-046B-467C-9E30-443F60F0B15B,919,FM LOT-868FM Maker - 3  11-Ja 02,FM Meat Maker3 CR  New,2025-03-28 09:54:16.713,2025-03-28 10:45:23.577,2025-03-28 10:46:28.950,6000,CORN,100038,1860,1860.4,FeedMill_Hammer,201
329,Server1,262CF3DB-A108-44D0-9391-1A4CDCFF2438,777B6A66-046B-467C-9E30-443F60F0B15B,919,FM LOT-868FM Maker - 3  11-Ja 02,FM Meat Maker3 CR  New,2025-03-28 09:54:16.713,2025-03-28 10:45:23.577,2025-03-28 10:46:28.950,6000,MCP,2001445,12.405,12.44,FeedMill_Hammer,204
330,Server1,262CF3DB-A108-44D0-9391-1A4CDCFF2438,777B6A66-046B-467C-9E30-443F60F0B15B,919,FM LOT-868FM Maker - 3  11-Ja 02,FM Meat Maker3 CR  New,2025-03-28 09:54:16.713,2025-03-28 10:45:23.577,2025-03-28 10:46:28.950,12000,METH,1004,12,12.00378,FeedMill_Hammer,100
331,Server1,262CF3DB-A108-44D0-9391-1A4CDCFF2438,777B6A66-046B-467C-9E30-443F60F0B15B,919,FM LOT-868FM Maker - 3  11-Ja 02,FM Meat Maker3 CR  New,2025-03-28 09:54:16.713,2025-03-28 10:45:23.577,2025-03-28 10:46:28.950,6000,PMX 100392  Broiler Fin HP,100392,60,60.09999,FeedMill_Hammer,204
332,Server1,262CF3DB-A108-44D0-9391-1A4CDCFF2438,777B6A66-046B-467C-9E30-443F60F0B15B,919,FM LOT-868FM Maker - 3  11-Ja 02,FM Meat Maker3 CR  New,2025-03-28 09:54:16.713,2025-03-28 10:45:23.577,2025-03-28 10:46:28.950,6000,SALT.,100051,6,6.059999,FeedMill_Hammer,204
333,Server1,262CF3DB-A108-44D0-9391-1A4CDCFF2438,777B6A66-046B-467C-9E30-443F60F0B15B,919,FM LOT-868FM Maker - 3  11-Ja 02,FM Meat Maker3 CR  New,2025-03-28 09:54:16.713,2025-03-28 10:45:23.577,2025-03-28 10:46:28.950,6000,Sodium Bicarbonate,100052,6.303,6.179999,FeedMill_Hammer,203
334,Server1,262CF3DB-A108-44D0-9391-1A4CDCFF2438,777B6A66-046B-467C-9E30-443F60F0B15B,919,FM LOT-868FM Maker - 3  11-Ja 02,FM Meat Maker3 CR  New,2025-03-28 09:54:16.713,2025-03-28 10:45:23.577,2025-03-28 10:46:28.950,6000,SOYA BEAN 100359,100359,900,895.6,FeedMill_Hammer,202
335,Server1,262CF3DB-A108-44D0-9391-1A4CDCFF2438,777B6A66-046B-467C-9E30-443F60F0B15B,919,FM LOT-868FM Maker - 3  11-Ja 02,FM Meat Maker3 CR  New,2025-03-28 09:54:16.713,2025-03-28 10:45:23.577,2025-03-28 10:46:28.950,12000,Soya Oil,100024,50,50.09342,FeedMill_Hammer,100
336,Server1,262CF3DB-A108-44D0-9391-1A4CDCFF2438,777B6A66-046B-467C-9E30-443F60F0B15B,919,FM LOT-868FM Maker - 3  11-Ja 02,FM Meat Maker3 CR  New,2025-03-28 09:54:16.713,2025-03-28 10:45:23.577,2025-03-28 10:46:28.950,12000,Water,1001,30,39.29235,FeedMill_Hammer,100
337,Server1,71B8425B-C7D5-4FF4-9C26-1BFA89C0174E,147B40B6-FEC9-4BDE-8ECE-0E01FD2D6B77,923,FM LOT-872FM Layer Grower Mash 2,FM Layer Gro Mash LM,2025-03-28 15:21:57.767,2025-03-28 16:37:34.383,2025-03-28 16:38:40.823,6000,AMA-Poultry,100517,0.9,0.8999999,FeedMill_Roller,203
338,Server1,71B8425B-C7D5-4FF4-9C26-1BFA89C0174E,147B40B6-FEC9-4BDE-8ECE-0E01FD2D6B77,923,FM LOT-872FM Layer Grower Mash 2,FM Layer Gro Mash LM,2025-03-28 15:21:57.767,2025-03-28 16:37:34.383,2025-03-28 16:38:40.823,6000,CORN,100038,1731,1734.4,FeedMill_Roller,201
339,Server1,71B8425B-C7D5-4FF4-9C26-1BFA89C0174E,147B40B6-FEC9-4BDE-8ECE-0E01FD2D6B77,923,FM LOT-872FM Layer Grower Mash 2,FM Layer Gro Mash LM,2025-03-28 15:21:57.767,2025-03-28 16:37:34.383,2025-03-28 16:38:40.823,6000,DL-Methionine Premix,100001,2.85,2.78,FeedMill_Roller,204
340,Server1,71B8425B-C7D5-4FF4-9C26-1BFA89C0174E,147B40B6-FEC9-4BDE-8ECE-0E01FD2D6B77,923,FM LOT-872FM Layer Grower Mash 2,FM Layer Gro Mash LM,2025-03-28 15:21:57.767,2025-03-28 16:37:34.383,2025-03-28 16:38:40.823,6000,Limestone,100048,4.692,11.79999,FeedMill_Roller,202
341,Server1,71B8425B-C7D5-4FF4-9C26-1BFA89C0174E,147B40B6-FEC9-4BDE-8ECE-0E01FD2D6B77,923,FM LOT-872FM Layer Grower Mash 2,FM Layer Gro Mash LM,2025-03-28 15:21:57.767,2025-03-28 16:37:34.383,2025-03-28 16:38:40.823,6000,MCP,2001445,14.256,14.32,FeedMill_Roller,204
342,Server1,71B8425B-C7D5-4FF4-9C26-1BFA89C0174E,147B40B6-FEC9-4BDE-8ECE-0E01FD2D6B77,923,FM LOT-872FM Layer Grower Mash 2,FM Layer Gro Mash LM,2025-03-28 15:21:57.767,2025-03-28 16:37:34.383,2025-03-28 16:38:40.823,12000,Molasses,100085,75,75.18923,FeedMill_Roller,NULL
343,Server1,71B8425B-C7D5-4FF4-9C26-1BFA89C0174E,147B40B6-FEC9-4BDE-8ECE-0E01FD2D6B77,923,FM LOT-872FM Layer Grower Mash 2,FM Layer Gro Mash LM,2025-03-28 15:21:57.767,2025-03-28 16:37:34.383,2025-03-28 16:38:40.823,6000,PMX 100364 Chick Starter Mash,100364,60,59.20999,FeedMill_Roller,203
344,Server1,71B8425B-C7D5-4FF4-9C26-1BFA89C0174E,147B40B6-FEC9-4BDE-8ECE-0E01FD2D6B77,923,FM LOT-872FM Layer Grower Mash 2,FM Layer Gro Mash LM,2025-03-28 15:21:57.767,2025-03-28 16:37:34.383,2025-03-28 16:38:40.823,6000,SALT.,100051,3.501,3.529999,FeedMill_Roller,204
345,Server1,71B8425B-C7D5-4FF4-9C26-1BFA89C0174E,147B40B6-FEC9-4BDE-8ECE-0E01FD2D6B77,923,FM LOT-872FM Layer Grower Mash 2,FM Layer Gro Mash LM,2025-03-28 15:21:57.767,2025-03-28 16:37:34.383,2025-03-28 16:38:40.823,6000,Sodium Bicarbonate,100052,9.318,9.219999,FeedMill_Roller,203
346,Server1,71B8425B-C7D5-4FF4-9C26-1BFA89C0174E,147B40B6-FEC9-4BDE-8ECE-0E01FD2D6B77,923,FM LOT-872FM Layer Grower Mash 2,FM Layer Gro Mash LM,2025-03-28 15:21:57.767,2025-03-28 16:37:34.383,2025-03-28 16:38:40.823,6000,SOYA BEAN 100359,100359,435.117,448.4,FeedMill_Roller,202
347,Server1,71B8425B-C7D5-4FF4-9C26-1BFA89C0174E,147B40B6-FEC9-4BDE-8ECE-0E01FD2D6B77,923,FM LOT-872FM Layer Grower Mash 2,FM Layer Gro Mash LM,2025-03-28 15:21:57.767,2025-03-28 16:37:34.383,2025-03-28 16:38:40.823,12000,Wheat Bran,200223,663.366,671.9001,FeedMill_Roller,201
348,Server1,7C69AA72-4940-4273-BAFA-1CD4656AAA72,C06FFAA8-68EE-404D-8578-DF3D303160C4,926,FM LOT-875FM Layer Peak Mash 1,FM Layer Peak Mash,2025-03-28 17:13:25.643,2025-03-28 18:02:55.850,2025-03-28 18:04:00.587,6000,CORN,100038,1671.6,1668.8,FeedMill_Roller,201
349,Server1,7C69AA72-4940-4273-BAFA-1CD4656AAA72,C06FFAA8-68EE-404D-8578-DF3D303160C4,926,FM LOT-875FM Layer Peak Mash 1,FM Layer Peak Mash,2025-03-28 17:13:25.643,2025-03-28 18:02:55.850,2025-03-28 18:04:00.587,6000,Limestone,100048,91.689,92.20001,FeedMill_Roller,202
350,Server1,7C69AA72-4940-4273-BAFA-1CD4656AAA72,C06FFAA8-68EE-404D-8578-DF3D303160C4,926,FM LOT-875FM Layer Peak Mash 1,FM Layer Peak Mash,2025-03-28 17:13:25.643,2025-03-28 18:02:55.850,2025-03-28 18:04:00.587,6000,MARBLE Chips,100341,170.28,169.6,FeedMill_Roller,201
351,Server1,7C69AA72-4940-4273-BAFA-1CD4656AAA72,C06FFAA8-68EE-404D-8578-DF3D303160C4,926,FM LOT-875FM Layer Peak Mash 1,FM Layer Peak Mash,2025-03-28 17:13:25.643,2025-03-28 18:02:55.850,2025-03-28 18:04:00.587,12000,MCP,2001445,19.032,44.69999,FeedMill_Roller,204
352,Server1,7C69AA72-4940-4273-BAFA-1CD4656AAA72,C06FFAA8-68EE-404D-8578-DF3D303160C4,926,FM LOT-875FM Layer Peak Mash 1,FM Layer Peak Mash,2025-03-28 17:13:25.643,2025-03-28 18:02:55.850,2025-03-28 18:04:00.587,12000,METH,1004,5.2164,6.473241,FeedMill_Roller,100
353,Server1,7C69AA72-4940-4273-BAFA-1CD4656AAA72,C06FFAA8-68EE-404D-8578-DF3D303160C4,926,FM LOT-875FM Layer Peak Mash 1,FM Layer Peak Mash,2025-03-28 17:13:25.643,2025-03-28 18:02:55.850,2025-03-28 18:04:00.587,12000,Molasses,100085,30,30.01337,FeedMill_Roller,NULL
354,Server1,7C69AA72-4940-4273-BAFA-1CD4656AAA72,C06FFAA8-68EE-404D-8578-DF3D303160C4,926,FM LOT-875FM Layer Peak Mash 1,FM Layer Peak Mash,2025-03-28 17:13:25.643,2025-03-28 18:02:55.850,2025-03-28 18:04:00.587,12000,Palm Oil,100284,34.2,34.31175,FeedMill_Roller,100
355,Server1,7C69AA72-4940-4273-BAFA-1CD4656AAA72,C06FFAA8-68EE-404D-8578-DF3D303160C4,926,FM LOT-875FM Layer Peak Mash 1,FM Layer Peak Mash,2025-03-28 17:13:25.643,2025-03-28 18:02:55.850,2025-03-28 18:04:00.587,6000,PMX 100366 Layer Mash,100366,45,45.21,FeedMill_Roller,204
356,Server1,7C69AA72-4940-4273-BAFA-1CD4656AAA72,C06FFAA8-68EE-404D-8578-DF3D303160C4,926,FM LOT-875FM Layer Peak Mash 1,FM Layer Peak Mash,2025-03-28 17:13:25.643,2025-03-28 18:02:55.850,2025-03-28 18:04:00.587,6000,Prebotic(Celmanax dry),100466,1.2,1.12,FeedMill_Roller,203
357,Server1,7C69AA72-4940-4273-BAFA-1CD4656AAA72,C06FFAA8-68EE-404D-8578-DF3D303160C4,926,FM LOT-875FM Layer Peak Mash 1,FM Layer Peak Mash,2025-03-28 17:13:25.643,2025-03-28 18:02:55.850,2025-03-28 18:04:00.587,6000,SOYA BEAN 100359,100359,840.6,841.6,FeedMill_Roller,202
358,Server1,7C69AA72-4940-4273-BAFA-1CD4656AAA72,C06FFAA8-68EE-404D-8578-DF3D303160C4,926,FM LOT-875FM Layer Peak Mash 1,FM Layer Peak Mash,2025-03-28 17:13:25.643,2025-03-28 18:02:55.850,2025-03-28 18:04:00.587,12000,Soya Oil,100024,55.71,55.7429,FeedMill_Roller,100
359,Server1,7C69AA72-4940-4273-BAFA-1CD4656AAA72,C06FFAA8-68EE-404D-8578-DF3D303160C4,926,FM LOT-875FM Layer Peak Mash 1,FM Layer Peak Mash,2025-03-28 17:13:25.643,2025-03-28 18:02:55.850,2025-03-28 18:04:00.587,6000,Wheat Bran,200223,35.472,35.90002,FeedMill_Roller,201
360,Server1,694C7D6F-541E-4BD6-955E-1CF3189E9153,4F49E7D9-1F69-4B40-AEFE-27B533AEFD56,938,FM LOT-885FM Maker -3  11-Jan 4,FM Meat Maker3 CR  New,2025-03-29 08:34:22.890,2025-03-29 10:01:55.487,2025-03-29 19:03:45.227,6000,CORN,100038,1860,1864.9,FeedMill_Hammer,201
361,Server1,694C7D6F-541E-4BD6-955E-1CF3189E9153,4F49E7D9-1F69-4B40-AEFE-27B533AEFD56,938,FM LOT-885FM Maker -3  11-Jan 4,FM Meat Maker3 CR  New,2025-03-29 08:34:22.890,2025-03-29 10:01:55.487,2025-03-29 19:03:45.227,6000,MCP,2001445,12.405,12.45,FeedMill_Hammer,204
362,Server1,694C7D6F-541E-4BD6-955E-1CF3189E9153,4F49E7D9-1F69-4B40-AEFE-27B533AEFD56,938,FM LOT-885FM Maker -3  11-Jan 4,FM Meat Maker3 CR  New,2025-03-29 08:34:22.890,2025-03-29 10:01:55.487,2025-03-29 19:03:45.227,12000,METH,1004,12,12.02473,FeedMill_Hammer,100
363,Server1,694C7D6F-541E-4BD6-955E-1CF3189E9153,4F49E7D9-1F69-4B40-AEFE-27B533AEFD56,938,FM LOT-885FM Maker -3  11-Jan 4,FM Meat Maker3 CR  New,2025-03-29 08:34:22.890,2025-03-29 10:01:55.487,2025-03-29 19:03:45.227,6000,PMX 100392  Broiler Fin HP,100392,60,60.00999,FeedMill_Hammer,204
364,Server1,694C7D6F-541E-4BD6-955E-1CF3189E9153,4F49E7D9-1F69-4B40-AEFE-27B533AEFD56,938,FM LOT-885FM Maker -3  11-Jan 4,FM Meat Maker3 CR  New,2025-03-29 08:34:22.890,2025-03-29 10:01:55.487,2025-03-29 19:03:45.227,12000,Recycle Broiler feed,200000,60,60,FeedMill_Hammer,202
365,Server1,694C7D6F-541E-4BD6-955E-1CF3189E9153,4F49E7D9-1F69-4B40-AEFE-27B533AEFD56,938,FM LOT-885FM Maker -3  11-Jan 4,FM Meat Maker3 CR  New,2025-03-29 08:34:22.890,2025-03-29 10:01:55.487,2025-03-29 19:03:45.227,12000,SALT.,100051,6,6.029999,FeedMill_Hammer,204
366,Server1,694C7D6F-541E-4BD6-955E-1CF3189E9153,4F49E7D9-1F69-4B40-AEFE-27B533AEFD56,938,FM LOT-885FM Maker -3  11-Jan 4,FM Meat Maker3 CR  New,2025-03-29 08:34:22.890,2025-03-29 10:01:55.487,2025-03-29 19:03:45.227,6000,Sodium Bicarbonate,100052,6.303,6.289999,FeedMill_Hammer,203
367,Server1,694C7D6F-541E-4BD6-955E-1CF3189E9153,4F49E7D9-1F69-4B40-AEFE-27B533AEFD56,938,FM LOT-885FM Maker -3  11-Jan 4,FM Meat Maker3 CR  New,2025-03-29 08:34:22.890,2025-03-29 10:01:55.487,2025-03-29 19:03:45.227,6000,SOYA BEAN 100359,100359,900,899.8,FeedMill_Hammer,202
368,Server1,694C7D6F-541E-4BD6-955E-1CF3189E9153,4F49E7D9-1F69-4B40-AEFE-27B533AEFD56,938,FM LOT-885FM Maker -3  11-Jan 4,FM Meat Maker3 CR  New,2025-03-29 08:34:22.890,2025-03-29 10:01:55.487,2025-03-29 19:03:45.227,12000,Soya Oil,100024,50,50.0459,FeedMill_Hammer,100
369,Server1,694C7D6F-541E-4BD6-955E-1CF3189E9153,4F49E7D9-1F69-4B40-AEFE-27B533AEFD56,938,FM LOT-885FM Maker -3  11-Jan 4,FM Meat Maker3 CR  New,2025-03-29 08:34:22.890,2025-03-29 10:01:55.487,2025-03-29 19:03:45.227,12000,Water,1001,45,39.34257,FeedMill_Hammer,100
370,Server1,B62CFB25-0515-4774-AECF-1DA7B8A6D1B0,5D05C15E-AEB9-4F46-B554-E20DA92DBDCE,887,FM LOT-839Crushed Corn 1,FM Crushed Corn,2025-03-28 09:39:23.100,2025-03-28 10:19:51.953,2025-03-28 10:20:57.317,2000,CORN,100038,666.6667,670.3,FeedMill_Hammer,201
371,Server1,3F5C8AD8-C97F-4C58-8701-1DB811B47B22,777B6A66-046B-467C-9E30-443F60F0B15B,919,FM LOT-868FM Maker - 3  11-Ja 07,FM Meat Maker3 CR  New,2025-03-28 09:54:38.307,2025-03-28 11:49:59.530,2025-03-28 11:51:05.053,6000,CORN,100038,1860,1859.4,FeedMill_Hammer,201
372,Server1,3F5C8AD8-C97F-4C58-8701-1DB811B47B22,777B6A66-046B-467C-9E30-443F60F0B15B,919,FM LOT-868FM Maker - 3  11-Ja 07,FM Meat Maker3 CR  New,2025-03-28 09:54:38.307,2025-03-28 11:49:59.530,2025-03-28 11:51:05.053,6000,MCP,2001445,12.405,12.42,FeedMill_Hammer,204
373,Server1,3F5C8AD8-C97F-4C58-8701-1DB811B47B22,777B6A66-046B-467C-9E30-443F60F0B15B,919,FM LOT-868FM Maker - 3  11-Ja 07,FM Meat Maker3 CR  New,2025-03-28 09:54:38.307,2025-03-28 11:49:59.530,2025-03-28 11:51:05.053,12000,METH,1004,12,12.02473,FeedMill_Hammer,100
374,Server1,3F5C8AD8-C97F-4C58-8701-1DB811B47B22,777B6A66-046B-467C-9E30-443F60F0B15B,919,FM LOT-868FM Maker - 3  11-Ja 07,FM Meat Maker3 CR  New,2025-03-28 09:54:38.307,2025-03-28 11:49:59.530,2025-03-28 11:51:05.053,6000,PMX 100392  Broiler Fin HP,100392,60,60.09,FeedMill_Hammer,204
375,Server1,3F5C8AD8-C97F-4C58-8701-1DB811B47B22,777B6A66-046B-467C-9E30-443F60F0B15B,919,FM LOT-868FM Maker - 3  11-Ja 07,FM Meat Maker3 CR  New,2025-03-28 09:54:38.307,2025-03-28 11:49:59.530,2025-03-28 11:51:05.053,6000,SALT.,100051,6,5.939999,FeedMill_Hammer,204
376,Server1,3F5C8AD8-C97F-4C58-8701-1DB811B47B22,777B6A66-046B-467C-9E30-443F60F0B15B,919,FM LOT-868FM Maker - 3  11-Ja 07,FM Meat Maker3 CR  New,2025-03-28 09:54:38.307,2025-03-28 11:49:59.530,2025-03-28 11:51:05.053,6000,Sodium Bicarbonate,100052,6.303,5.94,FeedMill_Hammer,203
377,Server1,3F5C8AD8-C97F-4C58-8701-1DB811B47B22,777B6A66-046B-467C-9E30-443F60F0B15B,919,FM LOT-868FM Maker - 3  11-Ja 07,FM Meat Maker3 CR  New,2025-03-28 09:54:38.307,2025-03-28 11:49:59.530,2025-03-28 11:51:05.053,6000,SOYA BEAN 100359,100359,900,896.7,FeedMill_Hammer,202
378,Server1,3F5C8AD8-C97F-4C58-8701-1DB811B47B22,777B6A66-046B-467C-9E30-443F60F0B15B,919,FM LOT-868FM Maker - 3  11-Ja 07,FM Meat Maker3 CR  New,2025-03-28 09:54:38.307,2025-03-28 11:49:59.530,2025-03-28 11:51:05.053,12000,Soya Oil,100024,50,50.07735,FeedMill_Hammer,100
379,Server1,3F5C8AD8-C97F-4C58-8701-1DB811B47B22,777B6A66-046B-467C-9E30-443F60F0B15B,919,FM LOT-868FM Maker - 3  11-Ja 07,FM Meat Maker3 CR  New,2025-03-28 09:54:38.307,2025-03-28 11:49:59.530,2025-03-28 11:51:05.053,12000,Water,1001,30,39.45306,FeedMill_Hammer,100
380,Server1,A830FBC8-C1D5-4817-8926-1E16C6908857,FF6DA3D0-D713-4ADA-AB88-6EC4E42120F9,457,HM Layer_StarterLM  - FM LOT-0 3,FM Layer Starter L M,2024-11-25 16:01:36.633,2024-11-25 17:27:39.383,2024-11-25 18:44:57.807,3000,BRAN,200223,179.022,175.9,FeedMill_Hammer,201
381,Server1,A830FBC8-C1D5-4817-8926-1E16C6908857,FF6DA3D0-D713-4ADA-AB88-6EC4E42120F9,457,HM Layer_StarterLM  - FM LOT-0 3,FM Layer Starter L M,2024-11-25 16:01:36.633,2024-11-25 17:27:39.383,2024-11-25 18:44:57.807,3000,CORN,100038,1589.061,1590.4,FeedMill_Hammer,201
382,Server1,A830FBC8-C1D5-4817-8926-1E16C6908857,FF6DA3D0-D713-4ADA-AB88-6EC4E42120F9,457,HM Layer_StarterLM  - FM LOT-0 3,FM Layer Starter L M,2024-11-25 16:01:36.633,2024-11-25 17:27:39.383,2024-11-25 18:44:57.807,3000,DL-Methionine Premix,100001,4.29,4.379997,FeedMill_Hammer,204
383,Server1,A830FBC8-C1D5-4817-8926-1E16C6908857,FF6DA3D0-D713-4ADA-AB88-6EC4E42120F9,457,HM Layer_StarterLM  - FM LOT-0 3,FM Layer Starter L M,2024-11-25 16:01:36.633,2024-11-25 17:27:39.383,2024-11-25 18:44:57.807,3000,Limestone,100048,5.607,6.399963,FeedMill_Hammer,202
384,Server1,A830FBC8-C1D5-4817-8926-1E16C6908857,FF6DA3D0-D713-4ADA-AB88-6EC4E42120F9,457,HM Layer_StarterLM  - FM LOT-0 3,FM Layer Starter L M,2024-11-25 16:01:36.633,2024-11-25 17:27:39.383,2024-11-25 18:44:57.807,3000,MasterCube/Pellet Binder,100077,6,6.029999,FeedMill_Hammer,203
385,Server1,A830FBC8-C1D5-4817-8926-1E16C6908857,FF6DA3D0-D713-4ADA-AB88-6EC4E42120F9,457,HM Layer_StarterLM  - FM LOT-0 3,FM Layer Starter L M,2024-11-25 16:01:36.633,2024-11-25 17:27:39.383,2024-11-25 18:44:57.807,6000,MCP,2001445,25.821,25.7,FeedMill_Hammer,204
386,Server1,A830FBC8-C1D5-4817-8926-1E16C6908857,FF6DA3D0-D713-4ADA-AB88-6EC4E42120F9,457,HM Layer_StarterLM  - FM LOT-0 3,FM Layer Starter L M,2024-11-25 16:01:36.633,2024-11-25 17:27:39.383,2024-11-25 18:44:57.807,12000,Molasses,100085,15,14.89631,FeedMill_Hammer,NULL
387,Server1,A830FBC8-C1D5-4817-8926-1E16C6908857,FF6DA3D0-D713-4ADA-AB88-6EC4E42120F9,457,HM Layer_StarterLM  - FM LOT-0 3,FM Layer Starter L M,2024-11-25 16:01:36.633,2024-11-25 17:27:39.383,2024-11-25 18:44:57.807,9000,PMX 100364 Chick Starter Mash,100364,60,59.96999,FeedMill_Hammer,204
388,Server1,A830FBC8-C1D5-4817-8926-1E16C6908857,FF6DA3D0-D713-4ADA-AB88-6EC4E42120F9,457,HM Layer_StarterLM  - FM LOT-0 3,FM Layer Starter L M,2024-11-25 16:01:36.633,2024-11-25 17:27:39.383,2024-11-25 18:44:57.807,3000,SALT.,100051,5.058,5.279999,FeedMill_Hammer,204
389,Server1,A830FBC8-C1D5-4817-8926-1E16C6908857,FF6DA3D0-D713-4ADA-AB88-6EC4E42120F9,457,HM Layer_StarterLM  - FM LOT-0 3,FM Layer Starter L M,2024-11-25 16:01:36.633,2024-11-25 17:27:39.383,2024-11-25 18:44:57.807,6000,Sodium Bicarbonate,100052,9.741,9.839998,FeedMill_Hammer,203
390,Server1,A830FBC8-C1D5-4817-8926-1E16C6908857,FF6DA3D0-D713-4ADA-AB88-6EC4E42120F9,457,HM Layer_StarterLM  - FM LOT-0 3,FM Layer Starter L M,2024-11-25 16:01:36.633,2024-11-25 17:27:39.383,2024-11-25 18:44:57.807,3000,SOYA BEAN 100359,100359,768,770.1,FeedMill_Hammer,202
391,Server1,A830FBC8-C1D5-4817-8926-1E16C6908857,FF6DA3D0-D713-4ADA-AB88-6EC4E42120F9,457,HM Layer_StarterLM  - FM LOT-0 3,FM Layer Starter L M,2024-11-25 16:01:36.633,2024-11-25 17:27:39.383,2024-11-25 18:44:57.807,6000,Soya Oil,100024,32.4,32.46794,FeedMill_Hammer,100
392,Server1,A830FBC8-C1D5-4817-8926-1E16C6908857,FF6DA3D0-D713-4ADA-AB88-6EC4E42120F9,457,HM Layer_StarterLM  - FM LOT-0 3,FM Layer Starter L M,2024-11-25 16:01:36.633,2024-11-25 17:27:39.383,2024-11-25 18:44:57.807,6000,Water,1001,25,43.82691,FeedMill_Hammer,100
393,Server1,A830FBC8-C1D5-4817-8926-1E16C6908857,FF6DA3D0-D713-4ADA-AB88-6EC4E42120F9,457,HM Layer_StarterLM  - FM LOT-0 3,FM Layer Starter L M,2024-11-25 16:01:36.633,2024-11-25 17:27:39.383,2024-11-25 18:44:57.807,6000,WHEAT,150066,300,301.7,FeedMill_Hammer,201
394,Server1,EDB2959E-EDCB-4676-BF67-1E46F11AF0A4,B064B490-901F-4B24-89FB-1FF5E6D64743,936,PMX lot0125PMX Ruminant 202504 1,PMX 100331 Ruminant,2025-03-29 04:29:55.907,2025-03-29 05:46:20.570,2025-03-29 05:47:38.867,1000,Cobalt Proteinate 15%,100069,2.61,2.59,Premix,307
395,Server1,EDB2959E-EDCB-4676-BF67-1E46F11AF0A4,B064B490-901F-4B24-89FB-1FF5E6D64743,936,PMX lot0125PMX Ruminant 202504 1,PMX 100331 Ruminant,2025-03-29 04:29:55.907,2025-03-29 05:46:20.570,2025-03-29 05:47:38.867,1000,Copper Oxychloride,100075,2.87,2.82,Premix,307
396,Server1,EDB2959E-EDCB-4676-BF67-1E46F11AF0A4,B064B490-901F-4B24-89FB-1FF5E6D64743,936,PMX lot0125PMX Ruminant 202504 1,PMX 100331 Ruminant,2025-03-29 04:29:55.907,2025-03-29 05:46:20.570,2025-03-29 05:47:38.867,1000,EDDI,100361,0.42,0.26,Premix,307
397,Server1,EDB2959E-EDCB-4676-BF67-1E46F11AF0A4,B064B490-901F-4B24-89FB-1FF5E6D64743,936,PMX lot0125PMX Ruminant 202504 1,PMX 100331 Ruminant,2025-03-29 04:29:55.907,2025-03-29 05:46:20.570,2025-03-29 05:47:38.867,2000,ferrous carbonate,100056,8.33,8.4,Premix,304
398,Server1,EDB2959E-EDCB-4676-BF67-1E46F11AF0A4,B064B490-901F-4B24-89FB-1FF5E6D64743,936,PMX lot0125PMX Ruminant 202504 1,PMX 100331 Ruminant,2025-03-29 04:29:55.907,2025-03-29 05:46:20.570,2025-03-29 05:47:38.867,2000,Limestone,100048,287.49,287.3,Premix,301
399,Server1,EDB2959E-EDCB-4676-BF67-1E46F11AF0A4,B064B490-901F-4B24-89FB-1FF5E6D64743,936,PMX lot0125PMX Ruminant 202504 1,PMX 100331 Ruminant,2025-03-29 04:29:55.907,2025-03-29 05:46:20.570,2025-03-29 05:47:38.867,2000,Magnesium Oxide 52%,100236,82.84,212.7,Premix,301
400,Server1,EDB2959E-EDCB-4676-BF67-1E46F11AF0A4,B064B490-901F-4B24-89FB-1FF5E6D64743,936,PMX lot0125PMX Ruminant 202504 1,PMX 100331 Ruminant,2025-03-29 04:29:55.907,2025-03-29 05:46:20.570,2025-03-29 05:47:38.867,1000,Manganese Oxide 60%,100055,19.45,20.06,Premix,304
401,Server1,EDB2959E-EDCB-4676-BF67-1E46F11AF0A4,B064B490-901F-4B24-89FB-1FF5E6D64743,936,PMX lot0125PMX Ruminant 202504 1,PMX 100331 Ruminant,2025-03-29 04:29:55.907,2025-03-29 05:46:20.570,2025-03-29 05:47:38.867,1000,Selplex 3000 (Alltech USA),100598,7,6.919999,Premix,307
402,Server1,EDB2959E-EDCB-4676-BF67-1E46F11AF0A4,B064B490-901F-4B24-89FB-1FF5E6D64743,936,PMX lot0125PMX Ruminant 202504 1,PMX 100331 Ruminant,2025-03-29 04:29:55.907,2025-03-29 05:46:20.570,2025-03-29 05:47:38.867,2000,Sodium Selinite 1% SELEN,100061,3.8,3.782,Premix,302
403,Server1,EDB2959E-EDCB-4676-BF67-1E46F11AF0A4,B064B490-901F-4B24-89FB-1FF5E6D64743,936,PMX lot0125PMX Ruminant 202504 1,PMX 100331 Ruminant,2025-03-29 04:29:55.907,2025-03-29 05:46:20.570,2025-03-29 05:47:38.867,1000,Vitamin A1000,100094,1.33,1.309,Premix,302
404,Server1,EDB2959E-EDCB-4676-BF67-1E46F11AF0A4,B064B490-901F-4B24-89FB-1FF5E6D64743,936,PMX lot0125PMX Ruminant 202504 1,PMX 100331 Ruminant,2025-03-29 04:29:55.907,2025-03-29 05:46:20.570,2025-03-29 05:47:38.867,1000,Vitamin D3 500,100095,0.167,0.1500001,Premix,307
405,Server1,EDB2959E-EDCB-4676-BF67-1E46F11AF0A4,B064B490-901F-4B24-89FB-1FF5E6D64743,936,PMX lot0125PMX Ruminant 202504 1,PMX 100331 Ruminant,2025-03-29 04:29:55.907,2025-03-29 05:46:20.570,2025-03-29 05:47:38.867,2000,Vitamin E50,100096,10,10.01,Premix,305
406,Server1,EDB2959E-EDCB-4676-BF67-1E46F11AF0A4,B064B490-901F-4B24-89FB-1FF5E6D64743,936,PMX lot0125PMX Ruminant 202504 1,PMX 100331 Ruminant,2025-03-29 04:29:55.907,2025-03-29 05:46:20.570,2025-03-29 05:47:38.867,2000,Wheat Bran,200223,22.72,22.5,Premix,301
407,Server1,EDB2959E-EDCB-4676-BF67-1E46F11AF0A4,B064B490-901F-4B24-89FB-1FF5E6D64743,936,PMX lot0125PMX Ruminant 202504 1,PMX 100331 Ruminant,2025-03-29 04:29:55.907,2025-03-29 05:46:20.570,2025-03-29 05:47:38.867,1000,Zinc Oxide 70%,100057,15.48,15.33,Premix,305
408,Server1,A0642A12-A8B2-44D1-ABB6-262E5B08E992,A59DAA74-9EE0-4348-8BB0-B6BACE8E1257,937,FM LOT-884HM AlWasmi MM- 3 2,FM Al Wasmi MM-3 PL,2025-03-29 07:50:08.763,2025-03-29 08:46:14.997,2025-03-29 08:47:20.990,6000,AMA-Poultry,100517,1.2,1.38,FeedMill_Hammer,203
409,Server1,A0642A12-A8B2-44D1-ABB6-262E5B08E992,A59DAA74-9EE0-4348-8BB0-B6BACE8E1257,937,FM LOT-884HM AlWasmi MM- 3 2,FM Al Wasmi MM-3 PL,2025-03-29 07:50:08.763,2025-03-29 08:46:14.997,2025-03-29 08:47:20.990,12000,CORN,100038,300,297.1,FeedMill_Hammer,202
410,Server1,A0642A12-A8B2-44D1-ABB6-262E5B08E992,A59DAA74-9EE0-4348-8BB0-B6BACE8E1257,937,FM LOT-884HM AlWasmi MM- 3 2,FM Al Wasmi MM-3 PL,2025-03-29 07:50:08.763,2025-03-29 08:46:14.997,2025-03-29 08:47:20.990,12000,DL-Methionine Premix,100001,4.296,4.27,FeedMill_Hammer,204
411,Server1,A0642A12-A8B2-44D1-ABB6-262E5B08E992,A59DAA74-9EE0-4348-8BB0-B6BACE8E1257,937,FM LOT-884HM AlWasmi MM- 3 2,FM Al Wasmi MM-3 PL,2025-03-29 07:50:08.763,2025-03-29 08:46:14.997,2025-03-29 08:47:20.990,6000,Feed Enzyme,100021,0.21,0.3099999,FeedMill_Hammer,203
412,Server1,A0642A12-A8B2-44D1-ABB6-262E5B08E992,A59DAA74-9EE0-4348-8BB0-B6BACE8E1257,937,FM LOT-884HM AlWasmi MM- 3 2,FM Al Wasmi MM-3 PL,2025-03-29 07:50:08.763,2025-03-29 08:46:14.997,2025-03-29 08:47:20.990,12000,MCP,2001445,11.967,12.08,FeedMill_Hammer,204
413,Server1,A0642A12-A8B2-44D1-ABB6-262E5B08E992,A59DAA74-9EE0-4348-8BB0-B6BACE8E1257,937,FM LOT-884HM AlWasmi MM- 3 2,FM Al Wasmi MM-3 PL,2025-03-29 07:50:08.763,2025-03-29 08:46:14.997,2025-03-29 08:47:20.990,12000,Palm Oil,100284,24,24.09996,FeedMill_Hammer,100
414,Server1,A0642A12-A8B2-44D1-ABB6-262E5B08E992,A59DAA74-9EE0-4348-8BB0-B6BACE8E1257,937,FM LOT-884HM AlWasmi MM- 3 2,FM Al Wasmi MM-3 PL,2025-03-29 07:50:08.763,2025-03-29 08:46:14.997,2025-03-29 08:47:20.990,12000,Pmx 100412  Baladi MM2,100412,60,60.04999,FeedMill_Hammer,204
415,Server1,A0642A12-A8B2-44D1-ABB6-262E5B08E992,A59DAA74-9EE0-4348-8BB0-B6BACE8E1257,937,FM LOT-884HM AlWasmi MM- 3 2,FM Al Wasmi MM-3 PL,2025-03-29 07:50:08.763,2025-03-29 08:46:14.997,2025-03-29 08:47:20.990,6000,Protease Enzyme,100389,0.6,0.6900001,FeedMill_Hammer,203
416,Server1,A0642A12-A8B2-44D1-ABB6-262E5B08E992,A59DAA74-9EE0-4348-8BB0-B6BACE8E1257,937,FM LOT-884HM AlWasmi MM- 3 2,FM Al Wasmi MM-3 PL,2025-03-29 07:50:08.763,2025-03-29 08:46:14.997,2025-03-29 08:47:20.990,12000,Recycle Broiler feed,200000,60,60,FeedMill_Hammer,202
417,Server1,A0642A12-A8B2-44D1-ABB6-262E5B08E992,A59DAA74-9EE0-4348-8BB0-B6BACE8E1257,937,FM LOT-884HM AlWasmi MM- 3 2,FM Al Wasmi MM-3 PL,2025-03-29 07:50:08.763,2025-03-29 08:46:14.997,2025-03-29 08:47:20.990,12000,SALT.,100051,8.679,8.869999,FeedMill_Hammer,204
418,Server1,A0642A12-A8B2-44D1-ABB6-262E5B08E992,A59DAA74-9EE0-4348-8BB0-B6BACE8E1257,937,FM LOT-884HM AlWasmi MM- 3 2,FM Al Wasmi MM-3 PL,2025-03-29 07:50:08.763,2025-03-29 08:46:14.997,2025-03-29 08:47:20.990,6000,Sodium Bicarbonate,100052,2.4,2.31,FeedMill_Hammer,203
419,Server1,A0642A12-A8B2-44D1-ABB6-262E5B08E992,A59DAA74-9EE0-4348-8BB0-B6BACE8E1257,937,FM LOT-884HM AlWasmi MM- 3 2,FM Al Wasmi MM-3 PL,2025-03-29 07:50:08.763,2025-03-29 08:46:14.997,2025-03-29 08:47:20.990,6000,SOYA BEAN 100359,100359,660,656.1,FeedMill_Hammer,202
420,Server1,A0642A12-A8B2-44D1-ABB6-262E5B08E992,A59DAA74-9EE0-4348-8BB0-B6BACE8E1257,937,FM LOT-884HM AlWasmi MM- 3 2,FM Al Wasmi MM-3 PL,2025-03-29 07:50:08.763,2025-03-29 08:46:14.997,2025-03-29 08:47:20.990,12000,Soya Oil,100024,27,27.04608,FeedMill_Hammer,100
421,Server1,A0642A12-A8B2-44D1-ABB6-262E5B08E992,A59DAA74-9EE0-4348-8BB0-B6BACE8E1257,937,FM LOT-884HM AlWasmi MM- 3 2,FM Al Wasmi MM-3 PL,2025-03-29 07:50:08.763,2025-03-29 08:46:14.997,2025-03-29 08:47:20.990,12000,Water,1001,45,39.57359,FeedMill_Hammer,100
422,Server1,A0642A12-A8B2-44D1-ABB6-262E5B08E992,A59DAA74-9EE0-4348-8BB0-B6BACE8E1257,937,FM LOT-884HM AlWasmi MM- 3 2,FM Al Wasmi MM-3 PL,2025-03-29 07:50:08.763,2025-03-29 08:46:14.997,2025-03-29 08:47:20.990,6000,WHEAT,150066,1800,1799.8,FeedMill_Hammer,201
423,Server1,A0642A12-A8B2-44D1-ABB6-262E5B08E992,A59DAA74-9EE0-4348-8BB0-B6BACE8E1257,937,FM LOT-884HM AlWasmi MM- 3 2,FM Al Wasmi MM-3 PL,2025-03-29 07:50:08.763,2025-03-29 08:46:14.997,2025-03-29 08:47:20.990,6000,Wheat Bran,200223,99.648,100.2,FeedMill_Hammer,201
424,Server1,998BB340-F162-477F-8B0B-2719AD985CC1,30C7FE02-5F47-42C5-B99E-03C1C8269964,929,FM LOT-878HM Baladi Meat Maker 5,FM Baladi Maker 2,2025-03-29 00:59:27.607,2025-03-29 03:06:59.813,2025-03-29 03:08:05.137,6000,AMA-Poultry,100517,1.2,1.2,FeedMill_Hammer,203
425,Server1,998BB340-F162-477F-8B0B-2719AD985CC1,30C7FE02-5F47-42C5-B99E-03C1C8269964,929,FM LOT-878HM Baladi Meat Maker 5,FM Baladi Maker 2,2025-03-29 00:59:27.607,2025-03-29 03:06:59.813,2025-03-29 03:08:05.137,6000,CORN,100038,502.245,499.5,FeedMill_Hammer,202
426,Server1,998BB340-F162-477F-8B0B-2719AD985CC1,30C7FE02-5F47-42C5-B99E-03C1C8269964,929,FM LOT-878HM Baladi Meat Maker 5,FM Baladi Maker 2,2025-03-29 00:59:27.607,2025-03-29 03:06:59.813,2025-03-29 03:08:05.137,6000,Feed Enzyme,100021,0.21,0.24,FeedMill_Hammer,203
427,Server1,998BB340-F162-477F-8B0B-2719AD985CC1,30C7FE02-5F47-42C5-B99E-03C1C8269964,929,FM LOT-878HM Baladi Meat Maker 5,FM Baladi Maker 2,2025-03-29 00:59:27.607,2025-03-29 03:06:59.813,2025-03-29 03:08:05.137,12000,MCP,2001445,11.499,11.4,FeedMill_Hammer,204
428,Server1,998BB340-F162-477F-8B0B-2719AD985CC1,30C7FE02-5F47-42C5-B99E-03C1C8269964,929,FM LOT-878HM Baladi Meat Maker 5,FM Baladi Maker 2,2025-03-29 00:59:27.607,2025-03-29 03:06:59.813,2025-03-29 03:08:05.137,12000,METH,1004,3.681,3.687024,FeedMill_Hammer,100
429,Server1,998BB340-F162-477F-8B0B-2719AD985CC1,30C7FE02-5F47-42C5-B99E-03C1C8269964,929,FM LOT-878HM Baladi Meat Maker 5,FM Baladi Maker 2,2025-03-29 00:59:27.607,2025-03-29 03:06:59.813,2025-03-29 03:08:05.137,12000,Palm Oil,100284,21,21.09558,FeedMill_Hammer,100
430,Server1,998BB340-F162-477F-8B0B-2719AD985CC1,30C7FE02-5F47-42C5-B99E-03C1C8269964,929,FM LOT-878HM Baladi Meat Maker 5,FM Baladi Maker 2,2025-03-29 00:59:27.607,2025-03-29 03:06:59.813,2025-03-29 03:08:05.137,12000,Pmx 100412  Baladi MM2,100412,60,60.02999,FeedMill_Hammer,204
431,Server1,998BB340-F162-477F-8B0B-2719AD985CC1,30C7FE02-5F47-42C5-B99E-03C1C8269964,929,FM LOT-878HM Baladi Meat Maker 5,FM Baladi Maker 2,2025-03-29 00:59:27.607,2025-03-29 03:06:59.813,2025-03-29 03:08:05.137,6000,Protease Enzyme,100389,0.6,0.5899999,FeedMill_Hammer,203
432,Server1,998BB340-F162-477F-8B0B-2719AD985CC1,30C7FE02-5F47-42C5-B99E-03C1C8269964,929,FM LOT-878HM Baladi Meat Maker 5,FM Baladi Maker 2,2025-03-29 00:59:27.607,2025-03-29 03:06:59.813,2025-03-29 03:08:05.137,6000,Recycle Broiler feed,200000,60,60,FeedMill_Hammer,202
433,Server1,998BB340-F162-477F-8B0B-2719AD985CC1,30C7FE02-5F47-42C5-B99E-03C1C8269964,929,FM LOT-878HM Baladi Meat Maker 5,FM Baladi Maker 2,2025-03-29 00:59:27.607,2025-03-29 03:06:59.813,2025-03-29 03:08:05.137,12000,SALT.,100051,7.5,7.52,FeedMill_Hammer,204
434,Server1,998BB340-F162-477F-8B0B-2719AD985CC1,30C7FE02-5F47-42C5-B99E-03C1C8269964,929,FM LOT-878HM Baladi Meat Maker 5,FM Baladi Maker 2,2025-03-29 00:59:27.607,2025-03-29 03:06:59.813,2025-03-29 03:08:05.137,6000,Sodium Bicarbonate,100052,3,3.029999,FeedMill_Hammer,203
435,Server1,998BB340-F162-477F-8B0B-2719AD985CC1,30C7FE02-5F47-42C5-B99E-03C1C8269964,929,FM LOT-878HM Baladi Meat Maker 5,FM Baladi Maker 2,2025-03-29 00:59:27.607,2025-03-29 03:06:59.813,2025-03-29 03:08:05.137,6000,SOYA BEAN 100359,100359,384.48,385.9,FeedMill_Hammer,202
436,Server1,998BB340-F162-477F-8B0B-2719AD985CC1,30C7FE02-5F47-42C5-B99E-03C1C8269964,929,FM LOT-878HM Baladi Meat Maker 5,FM Baladi Maker 2,2025-03-29 00:59:27.607,2025-03-29 03:06:59.813,2025-03-29 03:08:05.137,12000,Water,1001,45,39.38275,FeedMill_Hammer,100
437,Server1,998BB340-F162-477F-8B0B-2719AD985CC1,30C7FE02-5F47-42C5-B99E-03C1C8269964,929,FM LOT-878HM Baladi Meat Maker 5,FM Baladi Maker 2,2025-03-29 00:59:27.607,2025-03-29 03:06:59.813,2025-03-29 03:08:05.137,6000,WHEAT,150066,1652.943,1652.5,FeedMill_Hammer,201
438,Server1,998BB340-F162-477F-8B0B-2719AD985CC1,30C7FE02-5F47-42C5-B99E-03C1C8269964,929,FM LOT-878HM Baladi Meat Maker 5,FM Baladi Maker 2,2025-03-29 00:59:27.607,2025-03-29 03:06:59.813,2025-03-29 03:08:05.137,6000,Wheat Bran,200223,348.642,358.5,FeedMill_Hammer,201
439,Server1,1A6D185B-812D-476F-9218-2A0A13AF5A23,23FB67D8-9E51-444F-854D-709F9B7928D4,931,FM LOT-880FM Maker - 1 DDGS Al 4,FM Maker 1 DDGS,2025-03-28 22:52:50.827,2025-03-29 00:15:23.487,2025-03-29 00:17:18.250,6000,AMA-Poultry,100517,1.2,1.5,FeedMill_Hammer,203
440,Server1,1A6D185B-812D-476F-9218-2A0A13AF5A23,23FB67D8-9E51-444F-854D-709F9B7928D4,931,FM LOT-880FM Maker - 1 DDGS Al 4,FM Maker 1 DDGS,2025-03-28 22:52:50.827,2025-03-29 00:15:23.487,2025-03-29 00:17:18.250,6000,Beta Mannanese,100511,0.99,1.01,FeedMill_Hammer,203
441,Server1,1A6D185B-812D-476F-9218-2A0A13AF5A23,23FB67D8-9E51-444F-854D-709F9B7928D4,931,FM LOT-880FM Maker - 1 DDGS Al 4,FM Maker 1 DDGS,2025-03-28 22:52:50.827,2025-03-29 00:15:23.487,2025-03-29 00:17:18.250,12000,Copper proteinate 15%,100068,0.3,1.48,FeedMill_Hammer,203
442,Server1,1A6D185B-812D-476F-9218-2A0A13AF5A23,23FB67D8-9E51-444F-854D-709F9B7928D4,931,FM LOT-880FM Maker - 1 DDGS Al 4,FM Maker 1 DDGS,2025-03-28 22:52:50.827,2025-03-29 00:15:23.487,2025-03-29 00:17:18.250,6000,CORN,100038,1536,1546.5,FeedMill_Hammer,201
443,Server1,1A6D185B-812D-476F-9218-2A0A13AF5A23,23FB67D8-9E51-444F-854D-709F9B7928D4,931,FM LOT-880FM Maker - 1 DDGS Al 4,FM Maker 1 DDGS,2025-03-28 22:52:50.827,2025-03-29 00:15:23.487,2025-03-29 00:17:18.250,12000,DDGS,100427,147,144.5001,FeedMill_Hammer,202
444,Server1,1A6D185B-812D-476F-9218-2A0A13AF5A23,23FB67D8-9E51-444F-854D-709F9B7928D4,931,FM LOT-880FM Maker - 1 DDGS Al 4,FM Maker 1 DDGS,2025-03-28 22:52:50.827,2025-03-29 00:15:23.487,2025-03-29 00:17:18.250,6000,MCP,2001445,21,21.03,FeedMill_Hammer,204
445,Server1,1A6D185B-812D-476F-9218-2A0A13AF5A23,23FB67D8-9E51-444F-854D-709F9B7928D4,931,FM LOT-880FM Maker - 1 DDGS Al 4,FM Maker 1 DDGS,2025-03-28 22:52:50.827,2025-03-29 00:15:23.487,2025-03-29 00:17:18.250,12000,METH,1004,11.1,11.10297,FeedMill_Hammer,100
446,Server1,1A6D185B-812D-476F-9218-2A0A13AF5A23,23FB67D8-9E51-444F-854D-709F9B7928D4,931,FM LOT-880FM Maker - 1 DDGS Al 4,FM Maker 1 DDGS,2025-03-28 22:52:50.827,2025-03-29 00:15:23.487,2025-03-29 00:17:18.250,12000,PMX 100314 Broiler Starter,100314,60,59.92999,FeedMill_Hammer,204
447,Server1,1A6D185B-812D-476F-9218-2A0A13AF5A23,23FB67D8-9E51-444F-854D-709F9B7928D4,931,FM LOT-880FM Maker - 1 DDGS Al 4,FM Maker 1 DDGS,2025-03-28 22:52:50.827,2025-03-29 00:15:23.487,2025-03-29 00:17:18.250,6000,Prebotic(Celmanax dry),100466,3,3.009999,FeedMill_Hammer,203
448,Server1,1A6D185B-812D-476F-9218-2A0A13AF5A23,23FB67D8-9E51-444F-854D-709F9B7928D4,931,FM LOT-880FM Maker - 1 DDGS Al 4,FM Maker 1 DDGS,2025-03-28 22:52:50.827,2025-03-29 00:15:23.487,2025-03-29 00:17:18.250,6000,Protease Enzyme,100389,0.6,0.7499999,FeedMill_Hammer,203
449,Server1,1A6D185B-812D-476F-9218-2A0A13AF5A23,23FB67D8-9E51-444F-854D-709F9B7928D4,931,FM LOT-880FM Maker - 1 DDGS Al 4,FM Maker 1 DDGS,2025-03-28 22:52:50.827,2025-03-29 00:15:23.487,2025-03-29 00:17:18.250,6000,RM Emulsifier,100560,0.75,0.5,FeedMill_Hammer,203
450,Server1,1A6D185B-812D-476F-9218-2A0A13AF5A23,23FB67D8-9E51-444F-854D-709F9B7928D4,931,FM LOT-880FM Maker - 1 DDGS Al 4,FM Maker 1 DDGS,2025-03-28 22:52:50.827,2025-03-29 00:15:23.487,2025-03-29 00:17:18.250,6000,SALT.,100051,3.3,3.259995,FeedMill_Hammer,204
451,Server1,1A6D185B-812D-476F-9218-2A0A13AF5A23,23FB67D8-9E51-444F-854D-709F9B7928D4,931,FM LOT-880FM Maker - 1 DDGS Al 4,FM Maker 1 DDGS,2025-03-28 22:52:50.827,2025-03-29 00:15:23.487,2025-03-29 00:17:18.250,6000,SMCFA-Fatty acids,GM100465,0.75,1.039999,FeedMill_Hammer,203
452,Server1,1A6D185B-812D-476F-9218-2A0A13AF5A23,23FB67D8-9E51-444F-854D-709F9B7928D4,931,FM LOT-880FM Maker - 1 DDGS Al 4,FM Maker 1 DDGS,2025-03-28 22:52:50.827,2025-03-29 00:15:23.487,2025-03-29 00:17:18.250,6000,Sodium Formate,100590,9,8.959999,FeedMill_Hammer,203
453,Server1,1A6D185B-812D-476F-9218-2A0A13AF5A23,23FB67D8-9E51-444F-854D-709F9B7928D4,931,FM LOT-880FM Maker - 1 DDGS Al 4,FM Maker 1 DDGS,2025-03-28 22:52:50.827,2025-03-29 00:15:23.487,2025-03-29 00:17:18.250,6000,SOYA BEAN 100359,100359,976.35,971.3,FeedMill_Hammer,202
454,Server1,1A6D185B-812D-476F-9218-2A0A13AF5A23,23FB67D8-9E51-444F-854D-709F9B7928D4,931,FM LOT-880FM Maker - 1 DDGS Al 4,FM Maker 1 DDGS,2025-03-28 22:52:50.827,2025-03-29 00:15:23.487,2025-03-29 00:17:18.250,12000,Soya Oil,100024,48,48.04228,FeedMill_Hammer,100
455,Server1,1A6D185B-812D-476F-9218-2A0A13AF5A23,23FB67D8-9E51-444F-854D-709F9B7928D4,931,FM LOT-880FM Maker - 1 DDGS Al 4,FM Maker 1 DDGS,2025-03-28 22:52:50.827,2025-03-29 00:15:23.487,2025-03-29 00:17:18.250,12000,Water,1001,25,39.50328,FeedMill_Hammer,100
456,Server1,1A6D185B-812D-476F-9218-2A0A13AF5A23,23FB67D8-9E51-444F-854D-709F9B7928D4,931,FM LOT-880FM Maker - 1 DDGS Al 4,FM Maker 1 DDGS,2025-03-28 22:52:50.827,2025-03-29 00:15:23.487,2025-03-29 00:17:18.250,6000,WHEAT,150066,165,162.3999,FeedMill_Hammer,201
457,Server1,1A6D185B-812D-476F-9218-2A0A13AF5A23,23FB67D8-9E51-444F-854D-709F9B7928D4,931,FM LOT-880FM Maker - 1 DDGS Al 4,FM Maker 1 DDGS,2025-03-28 22:52:50.827,2025-03-29 00:15:23.487,2025-03-29 00:17:18.250,6000,Wheat Bran,200223,14.16,14.20007,FeedMill_Hammer,201
458,Server1,1A6D185B-812D-476F-9218-2A0A13AF5A23,23FB67D8-9E51-444F-854D-709F9B7928D4,931,FM LOT-880FM Maker - 1 DDGS Al 4,FM Maker 1 DDGS,2025-03-28 22:52:50.827,2025-03-29 00:15:23.487,2025-03-29 00:17:18.250,12000,Xcelsio AAPF,GM0000,1.5,1.710001,FeedMill_Hammer,203
459,Server1,49C6A7D6-B962-41A6-8B49-2A66FAD28858,23FB67D8-9E51-444F-854D-709F9B7928D4,931,FM LOT-880FM Maker - 1 DDGS Al 2,FM Maker 1 DDGS,2025-03-28 22:52:42.527,2025-03-28 23:54:02.443,2025-03-28 23:55:13.610,6000,AMA-Poultry,100517,1.2,1.379999,FeedMill_Hammer,203
460,Server1,49C6A7D6-B962-41A6-8B49-2A66FAD28858,23FB67D8-9E51-444F-854D-709F9B7928D4,931,FM LOT-880FM Maker - 1 DDGS Al 2,FM Maker 1 DDGS,2025-03-28 22:52:42.527,2025-03-28 23:54:02.443,2025-03-28 23:55:13.610,6000,Beta Mannanese,100511,0.99,1.219999,FeedMill_Hammer,203
461,Server1,49C6A7D6-B962-41A6-8B49-2A66FAD28858,23FB67D8-9E51-444F-854D-709F9B7928D4,931,FM LOT-880FM Maker - 1 DDGS Al 2,FM Maker 1 DDGS,2025-03-28 22:52:42.527,2025-03-28 23:54:02.443,2025-03-28 23:55:13.610,6000,Copper proteinate 15%,100068,0.3,0.4300003,FeedMill_Hammer,203
462,Server1,49C6A7D6-B962-41A6-8B49-2A66FAD28858,23FB67D8-9E51-444F-854D-709F9B7928D4,931,FM LOT-880FM Maker - 1 DDGS Al 2,FM Maker 1 DDGS,2025-03-28 22:52:42.527,2025-03-28 23:54:02.443,2025-03-28 23:55:13.610,6000,CORN,100038,1536,1530.8,FeedMill_Hammer,201
463,Server1,49C6A7D6-B962-41A6-8B49-2A66FAD28858,23FB67D8-9E51-444F-854D-709F9B7928D4,931,FM LOT-880FM Maker - 1 DDGS Al 2,FM Maker 1 DDGS,2025-03-28 22:52:42.527,2025-03-28 23:54:02.443,2025-03-28 23:55:13.610,12000,DDGS,100427,147,157.4,FeedMill_Hammer,202
464,Server1,49C6A7D6-B962-41A6-8B49-2A66FAD28858,23FB67D8-9E51-444F-854D-709F9B7928D4,931,FM LOT-880FM Maker - 1 DDGS Al 2,FM Maker 1 DDGS,2025-03-28 22:52:42.527,2025-03-28 23:54:02.443,2025-03-28 23:55:13.610,12000,MCP,2001445,21,21.12,FeedMill_Hammer,204
465,Server1,49C6A7D6-B962-41A6-8B49-2A66FAD28858,23FB67D8-9E51-444F-854D-709F9B7928D4,931,FM LOT-880FM Maker - 1 DDGS Al 2,FM Maker 1 DDGS,2025-03-28 22:52:42.527,2025-03-28 23:54:02.443,2025-03-28 23:55:13.610,12000,METH,1004,11.1,11.12392,FeedMill_Hammer,100
466,Server1,49C6A7D6-B962-41A6-8B49-2A66FAD28858,23FB67D8-9E51-444F-854D-709F9B7928D4,931,FM LOT-880FM Maker - 1 DDGS Al 2,FM Maker 1 DDGS,2025-03-28 22:52:42.527,2025-03-28 23:54:02.443,2025-03-28 23:55:13.610,12000,PMX 100314 Broiler Starter,100314,60,59.87999,FeedMill_Hammer,204
467,Server1,49C6A7D6-B962-41A6-8B49-2A66FAD28858,23FB67D8-9E51-444F-854D-709F9B7928D4,931,FM LOT-880FM Maker - 1 DDGS Al 2,FM Maker 1 DDGS,2025-03-28 22:52:42.527,2025-03-28 23:54:02.443,2025-03-28 23:55:13.610,6000,Prebotic(Celmanax dry),100466,3,2.99,FeedMill_Hammer,203
468,Server1,49C6A7D6-B962-41A6-8B49-2A66FAD28858,23FB67D8-9E51-444F-854D-709F9B7928D4,931,FM LOT-880FM Maker - 1 DDGS Al 2,FM Maker 1 DDGS,2025-03-28 22:52:42.527,2025-03-28 23:54:02.443,2025-03-28 23:55:13.610,6000,Protease Enzyme,100389,0.6,0.7299998,FeedMill_Hammer,203
469,Server1,49C6A7D6-B962-41A6-8B49-2A66FAD28858,23FB67D8-9E51-444F-854D-709F9B7928D4,931,FM LOT-880FM Maker - 1 DDGS Al 2,FM Maker 1 DDGS,2025-03-28 22:52:42.527,2025-03-28 23:54:02.443,2025-03-28 23:55:13.610,6000,RM Emulsifier,100560,0.75,0.8799992,FeedMill_Hammer,203
470,Server1,49C6A7D6-B962-41A6-8B49-2A66FAD28858,23FB67D8-9E51-444F-854D-709F9B7928D4,931,FM LOT-880FM Maker - 1 DDGS Al 2,FM Maker 1 DDGS,2025-03-28 22:52:42.527,2025-03-28 23:54:02.443,2025-03-28 23:55:13.610,12000,SALT.,100051,3.3,3.309998,FeedMill_Hammer,204
471,Server1,49C6A7D6-B962-41A6-8B49-2A66FAD28858,23FB67D8-9E51-444F-854D-709F9B7928D4,931,FM LOT-880FM Maker - 1 DDGS Al 2,FM Maker 1 DDGS,2025-03-28 22:52:42.527,2025-03-28 23:54:02.443,2025-03-28 23:55:13.610,6000,SMCFA-Fatty acids,GM100465,0.75,0.9300003,FeedMill_Hammer,203
472,Server1,49C6A7D6-B962-41A6-8B49-2A66FAD28858,23FB67D8-9E51-444F-854D-709F9B7928D4,931,FM LOT-880FM Maker - 1 DDGS Al 2,FM Maker 1 DDGS,2025-03-28 22:52:42.527,2025-03-28 23:54:02.443,2025-03-28 23:55:13.610,6000,Sodium Formate,100590,9,8.98,FeedMill_Hammer,203
473,Server1,49C6A7D6-B962-41A6-8B49-2A66FAD28858,23FB67D8-9E51-444F-854D-709F9B7928D4,931,FM LOT-880FM Maker - 1 DDGS Al 2,FM Maker 1 DDGS,2025-03-28 22:52:42.527,2025-03-28 23:54:02.443,2025-03-28 23:55:13.610,6000,SOYA BEAN 100359,100359,976.35,976.3,FeedMill_Hammer,202
474,Server1,49C6A7D6-B962-41A6-8B49-2A66FAD28858,23FB67D8-9E51-444F-854D-709F9B7928D4,931,FM LOT-880FM Maker - 1 DDGS Al 2,FM Maker 1 DDGS,2025-03-28 22:52:42.527,2025-03-28 23:54:02.443,2025-03-28 23:55:13.610,12000,Soya Oil,100024,48,48.03984,FeedMill_Hammer,100
475,Server1,49C6A7D6-B962-41A6-8B49-2A66FAD28858,23FB67D8-9E51-444F-854D-709F9B7928D4,931,FM LOT-880FM Maker - 1 DDGS Al 2,FM Maker 1 DDGS,2025-03-28 22:52:42.527,2025-03-28 23:54:02.443,2025-03-28 23:55:13.610,12000,Water,1001,25,39.37271,FeedMill_Hammer,100
476,Server1,49C6A7D6-B962-41A6-8B49-2A66FAD28858,23FB67D8-9E51-444F-854D-709F9B7928D4,931,FM LOT-880FM Maker - 1 DDGS Al 2,FM Maker 1 DDGS,2025-03-28 22:52:42.527,2025-03-28 23:54:02.443,2025-03-28 23:55:13.610,6000,WHEAT,150066,165,177.6,FeedMill_Hammer,201
477,Server1,49C6A7D6-B962-41A6-8B49-2A66FAD28858,23FB67D8-9E51-444F-854D-709F9B7928D4,931,FM LOT-880FM Maker - 1 DDGS Al 2,FM Maker 1 DDGS,2025-03-28 22:52:42.527,2025-03-28 23:54:02.443,2025-03-28 23:55:13.610,6000,Wheat Bran,200223,14.16,15.30005,FeedMill_Hammer,201
478,Server1,49C6A7D6-B962-41A6-8B49-2A66FAD28858,23FB67D8-9E51-444F-854D-709F9B7928D4,931,FM LOT-880FM Maker - 1 DDGS Al 2,FM Maker 1 DDGS,2025-03-28 22:52:42.527,2025-03-28 23:54:02.443,2025-03-28 23:55:13.610,6000,Xcelsio AAPF,GM0000,1.5,1.269999,FeedMill_Hammer,203
479,Server1,CE381B57-DDC9-46DC-B737-2A6AFB31E4A8,848420B7-8A52-4A72-AE70-DED7963EB34D,943,FM LOT-890FM Maker- 3  11-Jan 01,FM Meat Maker3 CR  New,2025-03-29 15:30:43.963,2025-03-29 16:28:20.373,2025-03-29 19:08:35.997,6000,CORN,100038,1860,1866.5,FeedMill_Hammer,201
480,Server1,CE381B57-DDC9-46DC-B737-2A6AFB31E4A8,848420B7-8A52-4A72-AE70-DED7963EB34D,943,FM LOT-890FM Maker- 3  11-Jan 01,FM Meat Maker3 CR  New,2025-03-29 15:30:43.963,2025-03-29 16:28:20.373,2025-03-29 19:08:35.997,6000,MCP,2001445,12.405,12.46,FeedMill_Hammer,204
481,Server1,CE381B57-DDC9-46DC-B737-2A6AFB31E4A8,848420B7-8A52-4A72-AE70-DED7963EB34D,943,FM LOT-890FM Maker- 3  11-Jan 01,FM Meat Maker3 CR  New,2025-03-29 15:30:43.963,2025-03-29 16:28:20.373,2025-03-29 19:08:35.997,12000,METH,1004,12,11.98283,FeedMill_Hammer,100
482,Server1,CE381B57-DDC9-46DC-B737-2A6AFB31E4A8,848420B7-8A52-4A72-AE70-DED7963EB34D,943,FM LOT-890FM Maker- 3  11-Jan 01,FM Meat Maker3 CR  New,2025-03-29 15:30:43.963,2025-03-29 16:28:20.373,2025-03-29 19:08:35.997,12000,PMX 100392  Broiler Fin HP,100392,60,60.02,FeedMill_Hammer,204
483,Server1,CE381B57-DDC9-46DC-B737-2A6AFB31E4A8,848420B7-8A52-4A72-AE70-DED7963EB34D,943,FM LOT-890FM Maker- 3  11-Jan 01,FM Meat Maker3 CR  New,2025-03-29 15:30:43.963,2025-03-29 16:28:20.373,2025-03-29 19:08:35.997,6000,SALT.,100051,6,6.029999,FeedMill_Hammer,204
484,Server1,CE381B57-DDC9-46DC-B737-2A6AFB31E4A8,848420B7-8A52-4A72-AE70-DED7963EB34D,943,FM LOT-890FM Maker- 3  11-Jan 01,FM Meat Maker3 CR  New,2025-03-29 15:30:43.963,2025-03-29 16:28:20.373,2025-03-29 19:08:35.997,6000,Sodium Bicarbonate,100052,6.303,6.299999,FeedMill_Hammer,203
485,Server1,CE381B57-DDC9-46DC-B737-2A6AFB31E4A8,848420B7-8A52-4A72-AE70-DED7963EB34D,943,FM LOT-890FM Maker- 3  11-Jan 01,FM Meat Maker3 CR  New,2025-03-29 15:30:43.963,2025-03-29 16:28:20.373,2025-03-29 19:08:35.997,6000,SOYA BEAN 100359,100359,900,896.2,FeedMill_Hammer,202
486,Server1,CE381B57-DDC9-46DC-B737-2A6AFB31E4A8,848420B7-8A52-4A72-AE70-DED7963EB34D,943,FM LOT-890FM Maker- 3  11-Jan 01,FM Meat Maker3 CR  New,2025-03-29 15:30:43.963,2025-03-29 16:28:20.373,2025-03-29 19:08:35.997,12000,Soya Oil,100024,50,50.03801,FeedMill_Hammer,100
487,Server1,CE381B57-DDC9-46DC-B737-2A6AFB31E4A8,848420B7-8A52-4A72-AE70-DED7963EB34D,943,FM LOT-890FM Maker- 3  11-Jan 01,FM Meat Maker3 CR  New,2025-03-29 15:30:43.963,2025-03-29 16:28:20.373,2025-03-29 19:08:35.997,12000,Water,1001,30,39.27226,FeedMill_Hammer,100
488,Server1,4A3AD55B-E2CE-45DD-9097-2BA25A795847,6476FA1D-9E27-4F2B-A612-90B2FFFB7B7C,930,FM LOT-879Mix Grains Normal 1,mumtaz mix-grain,2025-03-28 21:11:58.767,2025-03-28 22:02:50.460,2025-03-28 22:03:56.767,12000,BARLEY,100334,750,737.6,FeedMill_Roller,202
489,Server1,4A3AD55B-E2CE-45DD-9097-2BA25A795847,6476FA1D-9E27-4F2B-A612-90B2FFFB7B7C,930,FM LOT-879Mix Grains Normal 1,mumtaz mix-grain,2025-03-28 21:11:58.767,2025-03-28 22:02:50.460,2025-03-28 22:03:56.767,12000,Bran Pellets,200321,330,331.6,FeedMill_Roller,202
490,Server1,4A3AD55B-E2CE-45DD-9097-2BA25A795847,6476FA1D-9E27-4F2B-A612-90B2FFFB7B7C,930,FM LOT-879Mix Grains Normal 1,mumtaz mix-grain,2025-03-28 21:11:58.767,2025-03-28 22:02:50.460,2025-03-28 22:03:56.767,6000,CORN,100038,735,734.9,FeedMill_Roller,201
491,Server1,4A3AD55B-E2CE-45DD-9097-2BA25A795847,6476FA1D-9E27-4F2B-A612-90B2FFFB7B7C,930,FM LOT-879Mix Grains Normal 1,mumtaz mix-grain,2025-03-28 21:11:58.767,2025-03-28 22:02:50.460,2025-03-28 22:03:56.767,6000,Limestone,100048,150,159.4,FeedMill_Roller,202
492,Server1,4A3AD55B-E2CE-45DD-9097-2BA25A795847,6476FA1D-9E27-4F2B-A612-90B2FFFB7B7C,930,FM LOT-879Mix Grains Normal 1,mumtaz mix-grain,2025-03-28 21:11:58.767,2025-03-28 22:02:50.460,2025-03-28 22:03:56.767,6000,Molasses,100085,90,90.05019,FeedMill_Roller,NULL
493,Server1,4A3AD55B-E2CE-45DD-9097-2BA25A795847,6476FA1D-9E27-4F2B-A612-90B2FFFB7B7C,930,FM LOT-879Mix Grains Normal 1,mumtaz mix-grain,2025-03-28 21:11:58.767,2025-03-28 22:02:50.460,2025-03-28 22:03:56.767,6000,RICE HUSK,100317,540,541.6,FeedMill_Roller,201
494,Server1,4A3AD55B-E2CE-45DD-9097-2BA25A795847,6476FA1D-9E27-4F2B-A612-90B2FFFB7B7C,930,FM LOT-879Mix Grains Normal 1,mumtaz mix-grain,2025-03-28 21:11:58.767,2025-03-28 22:02:50.460,2025-03-28 22:03:56.767,12000,Water,1001,25,39.38275,FeedMill_Roller,100
495,Server1,4A3AD55B-E2CE-45DD-9097-2BA25A795847,6476FA1D-9E27-4F2B-A612-90B2FFFB7B7C,930,FM LOT-879Mix Grains Normal 1,mumtaz mix-grain,2025-03-28 21:11:58.767,2025-03-28 22:02:50.460,2025-03-28 22:03:56.767,6000,Wheat Bran,200223,330,345.3,FeedMill_Roller,201
496,Server1,4A3AD55B-E2CE-45DD-9097-2BA25A795847,6476FA1D-9E27-4F2B-A612-90B2FFFB7B7C,930,FM LOT-879Mix Grains Normal 1,mumtaz mix-grain,2025-03-28 21:11:58.767,2025-03-28 22:02:50.460,2025-03-28 22:03:56.767,12000,Wheat by Product,100330,75,75,FeedMill_Roller,202
497,Server1,8F2CB327-6BE5-4905-9C1B-2BD957A24FBF,A4C827A3-CD27-4D18-956F-FA42BC0A1F98,57,AL QaryaT_NEW_1,Not Selected,2025-03-28 15:05:27.510,2025-03-28 16:42:26.303,2025-03-28 16:43:27.267,384000,FM Layer Peak Mash,100365-ML,4000,4090.176,OutLoading,100
498,Server1,8F2CB327-6BE5-4905-9C1B-2BD957A24FBF,A4C827A3-CD27-4D18-956F-FA42BC0A1F98,57,AL QaryaT_NEW_1,Not Selected,2025-03-28 15:05:27.510,2025-03-28 16:42:26.303,2025-03-28 16:43:27.267,192000,FM Layer Post Peak Mash,100372-ML,6000,5970.248,OutLoading,100
499,Server1,A6720F00-B682-4296-8294-2C3496C1F98F,6476FA1D-9E27-4F2B-A612-90B2FFFB7B7C,930,FM LOT-879Mix Grains Normal 2,mumtaz mix-grain,2025-03-28 21:12:00.787,2025-03-28 22:11:05.540,2025-03-28 22:11:51.823,6000,BARLEY,100334,750,738.6,FeedMill_Roller,202
500,Server1,A6720F00-B682-4296-8294-2C3496C1F98F,6476FA1D-9E27-4F2B-A612-90B2FFFB7B7C,930,FM LOT-879Mix Grains Normal 2,mumtaz mix-grain,2025-03-28 21:12:00.787,2025-03-28 22:11:05.540,2025-03-28 22:11:51.823,6000,Bran Pellets,200321,330,326.4,FeedMill_Roller,202
501,Server1,A6720F00-B682-4296-8294-2C3496C1F98F,6476FA1D-9E27-4F2B-A612-90B2FFFB7B7C,930,FM LOT-879Mix Grains Normal 2,mumtaz mix-grain,2025-03-28 21:12:00.787,2025-03-28 22:11:05.540,2025-03-28 22:11:51.823,6000,CORN,100038,735,739.5,FeedMill_Roller,201
502,Server1,A6720F00-B682-4296-8294-2C3496C1F98F,6476FA1D-9E27-4F2B-A612-90B2FFFB7B7C,930,FM LOT-879Mix Grains Normal 2,mumtaz mix-grain,2025-03-28 21:12:00.787,2025-03-28 22:11:05.540,2025-03-28 22:11:51.823,6000,Limestone,100048,150,149.5,FeedMill_Roller,202
503,Server1,A6720F00-B682-4296-8294-2C3496C1F98F,6476FA1D-9E27-4F2B-A612-90B2FFFB7B7C,930,FM LOT-879Mix Grains Normal 2,mumtaz mix-grain,2025-03-28 21:12:00.787,2025-03-28 22:11:05.540,2025-03-28 22:11:51.823,12000,Molasses,100085,90,90.10156,FeedMill_Roller,NULL
504,Server1,A6720F00-B682-4296-8294-2C3496C1F98F,6476FA1D-9E27-4F2B-A612-90B2FFFB7B7C,930,FM LOT-879Mix Grains Normal 2,mumtaz mix-grain,2025-03-28 21:12:00.787,2025-03-28 22:11:05.540,2025-03-28 22:11:51.823,6000,RICE HUSK,100317,540,539.2,FeedMill_Roller,201
505,Server1,A6720F00-B682-4296-8294-2C3496C1F98F,6476FA1D-9E27-4F2B-A612-90B2FFFB7B7C,930,FM LOT-879Mix Grains Normal 2,mumtaz mix-grain,2025-03-28 21:12:00.787,2025-03-28 22:11:05.540,2025-03-28 22:11:51.823,12000,Water,1001,25,39.4631,FeedMill_Roller,100
506,Server1,A6720F00-B682-4296-8294-2C3496C1F98F,6476FA1D-9E27-4F2B-A612-90B2FFFB7B7C,930,FM LOT-879Mix Grains Normal 2,mumtaz mix-grain,2025-03-28 21:12:00.787,2025-03-28 22:11:05.540,2025-03-28 22:11:51.823,6000,Wheat Bran,200223,330,316.2,FeedMill_Roller,201
507,Server1,A6720F00-B682-4296-8294-2C3496C1F98F,6476FA1D-9E27-4F2B-A612-90B2FFFB7B7C,930,FM LOT-879Mix Grains Normal 2,mumtaz mix-grain,2025-03-28 21:12:00.787,2025-03-28 22:11:05.540,2025-03-28 22:11:51.823,12000,Wheat by Product,100330,75,75,FeedMill_Roller,202
508,Server1,BD80BB04-72ED-4B2B-97B3-2D58F644A846,96DDCE82-CE13-4FB4-9E81-102926078DBD,942,FM LOT-889FM Layer Peak Mash 1,FM Layer Peak Mash,2025-03-29 12:22:53.000,2025-03-29 13:22:17.797,2025-03-29 19:06:10.763,12000,CORN,100038,1671.6,1671,FeedMill_Roller,201
509,Server1,BD80BB04-72ED-4B2B-97B3-2D58F644A846,96DDCE82-CE13-4FB4-9E81-102926078DBD,942,FM LOT-889FM Layer Peak Mash 1,FM Layer Peak Mash,2025-03-29 12:22:53.000,2025-03-29 13:22:17.797,2025-03-29 19:06:10.763,6000,Limestone,100048,91.689,105.3,FeedMill_Roller,202
510,Server1,BD80BB04-72ED-4B2B-97B3-2D58F644A846,96DDCE82-CE13-4FB4-9E81-102926078DBD,942,FM LOT-889FM Layer Peak Mash 1,FM Layer Peak Mash,2025-03-29 12:22:53.000,2025-03-29 13:22:17.797,2025-03-29 19:06:10.763,6000,MARBLE Chips,100341,170.28,180.2999,FeedMill_Roller,201
511,Server1,BD80BB04-72ED-4B2B-97B3-2D58F644A846,96DDCE82-CE13-4FB4-9E81-102926078DBD,942,FM LOT-889FM Layer Peak Mash 1,FM Layer Peak Mash,2025-03-29 12:22:53.000,2025-03-29 13:22:17.797,2025-03-29 19:06:10.763,6000,MCP,2001445,19.032,19.04,FeedMill_Roller,204
512,Server1,BD80BB04-72ED-4B2B-97B3-2D58F644A846,96DDCE82-CE13-4FB4-9E81-102926078DBD,942,FM LOT-889FM Layer Peak Mash 1,FM Layer Peak Mash,2025-03-29 12:22:53.000,2025-03-29 13:22:17.797,2025-03-29 19:06:10.763,12000,METH,1004,5.2164,11.10297,FeedMill_Roller,100
513,Server1,BD80BB04-72ED-4B2B-97B3-2D58F644A846,96DDCE82-CE13-4FB4-9E81-102926078DBD,942,FM LOT-889FM Layer Peak Mash 1,FM Layer Peak Mash,2025-03-29 12:22:53.000,2025-03-29 13:22:17.797,2025-03-29 19:06:10.763,6000,Molasses,100085,30,30.00771,FeedMill_Roller,NULL
514,Server1,BD80BB04-72ED-4B2B-97B3-2D58F644A846,96DDCE82-CE13-4FB4-9E81-102926078DBD,942,FM LOT-889FM Layer Peak Mash 1,FM Layer Peak Mash,2025-03-29 12:22:53.000,2025-03-29 13:22:17.797,2025-03-29 19:06:10.763,6000,Palm Oil,100284,34.2,34.25071,FeedMill_Roller,100
515,Server1,BD80BB04-72ED-4B2B-97B3-2D58F644A846,96DDCE82-CE13-4FB4-9E81-102926078DBD,942,FM LOT-889FM Layer Peak Mash 1,FM Layer Peak Mash,2025-03-29 12:22:53.000,2025-03-29 13:22:17.797,2025-03-29 19:06:10.763,12000,PMX 100366 Layer Mash,100366,45,45.27,FeedMill_Roller,204
516,Server1,BD80BB04-72ED-4B2B-97B3-2D58F644A846,96DDCE82-CE13-4FB4-9E81-102926078DBD,942,FM LOT-889FM Layer Peak Mash 1,FM Layer Peak Mash,2025-03-29 12:22:53.000,2025-03-29 13:22:17.797,2025-03-29 19:06:10.763,6000,Prebotic(Celmanax dry),100466,1.2,1.26,FeedMill_Roller,203
517,Server1,BD80BB04-72ED-4B2B-97B3-2D58F644A846,96DDCE82-CE13-4FB4-9E81-102926078DBD,942,FM LOT-889FM Layer Peak Mash 1,FM Layer Peak Mash,2025-03-29 12:22:53.000,2025-03-29 13:22:17.797,2025-03-29 19:06:10.763,6000,SOYA BEAN 100359,100359,840.6,844.2,FeedMill_Roller,202
518,Server1,BD80BB04-72ED-4B2B-97B3-2D58F644A846,96DDCE82-CE13-4FB4-9E81-102926078DBD,942,FM LOT-889FM Layer Peak Mash 1,FM Layer Peak Mash,2025-03-29 12:22:53.000,2025-03-29 13:22:17.797,2025-03-29 19:06:10.763,12000,Soya Oil,100024,55.71,55.75916,FeedMill_Roller,100
519,Server1,BD80BB04-72ED-4B2B-97B3-2D58F644A846,96DDCE82-CE13-4FB4-9E81-102926078DBD,942,FM LOT-889FM Layer Peak Mash 1,FM Layer Peak Mash,2025-03-29 12:22:53.000,2025-03-29 13:22:17.797,2025-03-29 19:06:10.763,6000,Wheat Bran,200223,35.472,37.70007,FeedMill_Roller,201
520,Server1,1631C1E9-2722-4B07-87BF-2DEEAF07F40A,01F02A12-4C28-4829-B27F-80D49BE37416,920,FM LOT-869FM Ruminant 13% 7,FM Ruminant 13%,2025-03-28 12:01:26.857,2025-03-28 14:01:02.980,2025-03-28 14:02:07.957,6000,Availa Cr1000 Zinpro USA,100607,0.9,1.05,FeedMill_Hammer,203
521,Server1,1631C1E9-2722-4B07-87BF-2DEEAF07F40A,01F02A12-4C28-4829-B27F-80D49BE37416,920,FM LOT-869FM Ruminant 13% 7,FM Ruminant 13%,2025-03-28 12:01:26.857,2025-03-28 14:01:02.980,2025-03-28 14:02:07.957,6000,BARLEY,100334,225,220,FeedMill_Hammer,202
522,Server1,1631C1E9-2722-4B07-87BF-2DEEAF07F40A,01F02A12-4C28-4829-B27F-80D49BE37416,920,FM LOT-869FM Ruminant 13% 7,FM Ruminant 13%,2025-03-28 12:01:26.857,2025-03-28 14:01:02.980,2025-03-28 14:02:07.957,12000,Bran Pellets,200321,700,699.3,FeedMill_Hammer,202
523,Server1,1631C1E9-2722-4B07-87BF-2DEEAF07F40A,01F02A12-4C28-4829-B27F-80D49BE37416,920,FM LOT-869FM Ruminant 13% 7,FM Ruminant 13%,2025-03-28 12:01:26.857,2025-03-28 14:01:02.980,2025-03-28 14:02:07.957,6000,corn screening,100583,210,208.3,FeedMill_Hammer,202
524,Server1,1631C1E9-2722-4B07-87BF-2DEEAF07F40A,01F02A12-4C28-4829-B27F-80D49BE37416,920,FM LOT-869FM Ruminant 13% 7,FM Ruminant 13%,2025-03-28 12:01:26.857,2025-03-28 14:01:02.980,2025-03-28 14:02:07.957,6000,DDGS,100427,195,193.9,FeedMill_Hammer,202
525,Server1,1631C1E9-2722-4B07-87BF-2DEEAF07F40A,01F02A12-4C28-4829-B27F-80D49BE37416,920,FM LOT-869FM Ruminant 13% 7,FM Ruminant 13%,2025-03-28 12:01:26.857,2025-03-28 14:01:02.980,2025-03-28 14:02:07.957,6000,Limestone,100048,63.9,64.70004,FeedMill_Hammer,202
526,Server1,1631C1E9-2722-4B07-87BF-2DEEAF07F40A,01F02A12-4C28-4829-B27F-80D49BE37416,920,FM LOT-869FM Ruminant 13% 7,FM Ruminant 13%,2025-03-28 12:01:26.857,2025-03-28 14:01:02.980,2025-03-28 14:02:07.957,12000,Molasses,100085,120,120.0308,FeedMill_Hammer,NULL
527,Server1,1631C1E9-2722-4B07-87BF-2DEEAF07F40A,01F02A12-4C28-4829-B27F-80D49BE37416,920,FM LOT-869FM Ruminant 13% 7,FM Ruminant 13%,2025-03-28 12:01:26.857,2025-03-28 14:01:02.980,2025-03-28 14:02:07.957,6000,PMX 100331 Ruminant,100331,9,8.849998,FeedMill_Hammer,204
528,Server1,1631C1E9-2722-4B07-87BF-2DEEAF07F40A,01F02A12-4C28-4829-B27F-80D49BE37416,920,FM LOT-869FM Ruminant 13% 7,FM Ruminant 13%,2025-03-28 12:01:26.857,2025-03-28 14:01:02.980,2025-03-28 14:02:07.957,6000,RAPSEED,100081,209.4,207.2,FeedMill_Hammer,202
529,Server1,1631C1E9-2722-4B07-87BF-2DEEAF07F40A,01F02A12-4C28-4829-B27F-80D49BE37416,920,FM LOT-869FM Ruminant 13% 7,FM Ruminant 13%,2025-03-28 12:01:26.857,2025-03-28 14:01:02.980,2025-03-28 14:02:07.957,6000,RICE HUSK,100317,600,598.2,FeedMill_Hammer,201
530,Server1,1631C1E9-2722-4B07-87BF-2DEEAF07F40A,01F02A12-4C28-4829-B27F-80D49BE37416,920,FM LOT-869FM Ruminant 13% 7,FM Ruminant 13%,2025-03-28 12:01:26.857,2025-03-28 14:01:02.980,2025-03-28 14:02:07.957,6000,SALT.,100051,28.8,28.89,FeedMill_Hammer,204
531,Server1,1631C1E9-2722-4B07-87BF-2DEEAF07F40A,01F02A12-4C28-4829-B27F-80D49BE37416,920,FM LOT-869FM Ruminant 13% 7,FM Ruminant 13%,2025-03-28 12:01:26.857,2025-03-28 14:01:02.980,2025-03-28 14:02:07.957,6000,Sodium Bicarbonate,100052,6,5.869999,FeedMill_Hammer,203
532,Server1,1631C1E9-2722-4B07-87BF-2DEEAF07F40A,01F02A12-4C28-4829-B27F-80D49BE37416,920,FM LOT-869FM Ruminant 13% 7,FM Ruminant 13%,2025-03-28 12:01:26.857,2025-03-28 14:01:02.980,2025-03-28 14:02:07.957,12000,Water,1001,45,39.75438,FeedMill_Hammer,100
533,Server1,1631C1E9-2722-4B07-87BF-2DEEAF07F40A,01F02A12-4C28-4829-B27F-80D49BE37416,920,FM LOT-869FM Ruminant 13% 7,FM Ruminant 13%,2025-03-28 12:01:26.857,2025-03-28 14:01:02.980,2025-03-28 14:02:07.957,6000,Wheat Bran,200223,632.9,641.2,FeedMill_Hammer,201
534,Server1,E5515652-6AC0-4170-8C9A-2E42266A85F1,4F49E7D9-1F69-4B40-AEFE-27B533AEFD56,938,FM LOT-885FM Maker - 3  11-Jan 4,FM Meat Maker3 CR  New,2025-03-29 06:17:38.653,2025-03-29 07:44:24.457,2025-03-29 07:45:23.257,6000,CORN,100038,1860,1860.9,FeedMill_Hammer,201
535,Server1,E5515652-6AC0-4170-8C9A-2E42266A85F1,4F49E7D9-1F69-4B40-AEFE-27B533AEFD56,938,FM LOT-885FM Maker - 3  11-Jan 4,FM Meat Maker3 CR  New,2025-03-29 06:17:38.653,2025-03-29 07:44:24.457,2025-03-29 07:45:23.257,12000,MCP,2001445,12.405,12.3,FeedMill_Hammer,204
536,Server1,E5515652-6AC0-4170-8C9A-2E42266A85F1,4F49E7D9-1F69-4B40-AEFE-27B533AEFD56,938,FM LOT-885FM Maker - 3  11-Jan 4,FM Meat Maker3 CR  New,2025-03-29 06:17:38.653,2025-03-29 07:44:24.457,2025-03-29 07:45:23.257,12000,METH,1004,12,12.00378,FeedMill_Hammer,100
537,Server1,E5515652-6AC0-4170-8C9A-2E42266A85F1,4F49E7D9-1F69-4B40-AEFE-27B533AEFD56,938,FM LOT-885FM Maker - 3  11-Jan 4,FM Meat Maker3 CR  New,2025-03-29 06:17:38.653,2025-03-29 07:44:24.457,2025-03-29 07:45:23.257,6000,PMX 100392  Broiler Fin HP,100392,60,60.07999,FeedMill_Hammer,204
538,Server1,E5515652-6AC0-4170-8C9A-2E42266A85F1,4F49E7D9-1F69-4B40-AEFE-27B533AEFD56,938,FM LOT-885FM Maker - 3  11-Jan 4,FM Meat Maker3 CR  New,2025-03-29 06:17:38.653,2025-03-29 07:44:24.457,2025-03-29 07:45:23.257,12000,Recycle Broiler feed,200000,60,60,FeedMill_Hammer,202
539,Server1,E5515652-6AC0-4170-8C9A-2E42266A85F1,4F49E7D9-1F69-4B40-AEFE-27B533AEFD56,938,FM LOT-885FM Maker - 3  11-Jan 4,FM Meat Maker3 CR  New,2025-03-29 06:17:38.653,2025-03-29 07:44:24.457,2025-03-29 07:45:23.257,12000,SALT.,100051,6,6.039999,FeedMill_Hammer,204
540,Server1,E5515652-6AC0-4170-8C9A-2E42266A85F1,4F49E7D9-1F69-4B40-AEFE-27B533AEFD56,938,FM LOT-885FM Maker - 3  11-Jan 4,FM Meat Maker3 CR  New,2025-03-29 06:17:38.653,2025-03-29 07:44:24.457,2025-03-29 07:45:23.257,6000,Sodium Bicarbonate,100052,6.303,6.259999,FeedMill_Hammer,203
541,Server1,E5515652-6AC0-4170-8C9A-2E42266A85F1,4F49E7D9-1F69-4B40-AEFE-27B533AEFD56,938,FM LOT-885FM Maker - 3  11-Jan 4,FM Meat Maker3 CR  New,2025-03-29 06:17:38.653,2025-03-29 07:44:24.457,2025-03-29 07:45:23.257,6000,SOYA BEAN 100359,100359,900,901.6,FeedMill_Hammer,202
542,Server1,E5515652-6AC0-4170-8C9A-2E42266A85F1,4F49E7D9-1F69-4B40-AEFE-27B533AEFD56,938,FM LOT-885FM Maker - 3  11-Jan 4,FM Meat Maker3 CR  New,2025-03-29 06:17:38.653,2025-03-29 07:44:24.457,2025-03-29 07:45:23.257,12000,Soya Oil,100024,50,50.04362,FeedMill_Hammer,100
543,Server1,E5515652-6AC0-4170-8C9A-2E42266A85F1,4F49E7D9-1F69-4B40-AEFE-27B533AEFD56,938,FM LOT-885FM Maker - 3  11-Jan 4,FM Meat Maker3 CR  New,2025-03-29 06:17:38.653,2025-03-29 07:44:24.457,2025-03-29 07:45:23.257,12000,Water,1001,45,39.20195,FeedMill_Hammer,100
544,Server1,05380E30-7073-433C-B09E-2F005DECED37,C06FFAA8-68EE-404D-8578-DF3D303160C4,926,FM LOT-875FM Layer Peak Mash 2,FM Layer Peak Mash,2025-03-28 17:13:27.243,2025-03-28 18:09:22.350,2025-03-28 18:10:13.210,6000,CORN,100038,1671.6,1677.6,FeedMill_Roller,201
545,Server1,05380E30-7073-433C-B09E-2F005DECED37,C06FFAA8-68EE-404D-8578-DF3D303160C4,926,FM LOT-875FM Layer Peak Mash 2,FM Layer Peak Mash,2025-03-28 17:13:27.243,2025-03-28 18:09:22.350,2025-03-28 18:10:13.210,12000,Limestone,100048,91.689,92.5,FeedMill_Roller,202
546,Server1,05380E30-7073-433C-B09E-2F005DECED37,C06FFAA8-68EE-404D-8578-DF3D303160C4,926,FM LOT-875FM Layer Peak Mash 2,FM Layer Peak Mash,2025-03-28 17:13:27.243,2025-03-28 18:09:22.350,2025-03-28 18:10:13.210,6000,MARBLE Chips,100341,170.28,169.7,FeedMill_Roller,201
547,Server1,05380E30-7073-433C-B09E-2F005DECED37,C06FFAA8-68EE-404D-8578-DF3D303160C4,926,FM LOT-875FM Layer Peak Mash 2,FM Layer Peak Mash,2025-03-28 17:13:27.243,2025-03-28 18:09:22.350,2025-03-28 18:10:13.210,12000,MCP,2001445,19.032,19.07,FeedMill_Roller,204
548,Server1,05380E30-7073-433C-B09E-2F005DECED37,C06FFAA8-68EE-404D-8578-DF3D303160C4,926,FM LOT-875FM Layer Peak Mash 2,FM Layer Peak Mash,2025-03-28 17:13:27.243,2025-03-28 18:09:22.350,2025-03-28 18:10:13.210,12000,METH,1004,5.2164,5.216301,FeedMill_Roller,100
549,Server1,05380E30-7073-433C-B09E-2F005DECED37,C06FFAA8-68EE-404D-8578-DF3D303160C4,926,FM LOT-875FM Layer Peak Mash 2,FM Layer Peak Mash,2025-03-28 17:13:27.243,2025-03-28 18:09:22.350,2025-03-28 18:10:13.210,12000,Molasses,100085,30,30.01337,FeedMill_Roller,NULL
550,Server1,05380E30-7073-433C-B09E-2F005DECED37,C06FFAA8-68EE-404D-8578-DF3D303160C4,926,FM LOT-875FM Layer Peak Mash 2,FM Layer Peak Mash,2025-03-28 17:13:27.243,2025-03-28 18:09:22.350,2025-03-28 18:10:13.210,12000,Palm Oil,100284,34.2,34.365,FeedMill_Roller,100
551,Server1,05380E30-7073-433C-B09E-2F005DECED37,C06FFAA8-68EE-404D-8578-DF3D303160C4,926,FM LOT-875FM Layer Peak Mash 2,FM Layer Peak Mash,2025-03-28 17:13:27.243,2025-03-28 18:09:22.350,2025-03-28 18:10:13.210,12000,PMX 100366 Layer Mash,100366,45,45.05,FeedMill_Roller,204
552,Server1,05380E30-7073-433C-B09E-2F005DECED37,C06FFAA8-68EE-404D-8578-DF3D303160C4,926,FM LOT-875FM Layer Peak Mash 2,FM Layer Peak Mash,2025-03-28 17:13:27.243,2025-03-28 18:09:22.350,2025-03-28 18:10:13.210,6000,Prebotic(Celmanax dry),100466,1.2,1.15,FeedMill_Roller,203
553,Server1,05380E30-7073-433C-B09E-2F005DECED37,C06FFAA8-68EE-404D-8578-DF3D303160C4,926,FM LOT-875FM Layer Peak Mash 2,FM Layer Peak Mash,2025-03-28 17:13:27.243,2025-03-28 18:09:22.350,2025-03-28 18:10:13.210,6000,SOYA BEAN 100359,100359,840.6,839.2,FeedMill_Roller,202
554,Server1,05380E30-7073-433C-B09E-2F005DECED37,C06FFAA8-68EE-404D-8578-DF3D303160C4,926,FM LOT-875FM Layer Peak Mash 2,FM Layer Peak Mash,2025-03-28 17:13:27.243,2025-03-28 18:09:22.350,2025-03-28 18:10:13.210,12000,Soya Oil,100024,55.71,55.7603,FeedMill_Roller,100
555,Server1,05380E30-7073-433C-B09E-2F005DECED37,C06FFAA8-68EE-404D-8578-DF3D303160C4,926,FM LOT-875FM Layer Peak Mash 2,FM Layer Peak Mash,2025-03-28 17:13:27.243,2025-03-28 18:09:22.350,2025-03-28 18:10:13.210,6000,Wheat Bran,200223,35.472,35.90002,FeedMill_Roller,201
556,Server1,BA8AB8E4-3356-493D-A75D-2FA2E4EEE7D0,4F49E7D9-1F69-4B40-AEFE-27B533AEFD56,938,FM LOT-885FM Maker -3  11-Jan 2,FM Meat Maker3 CR  New,2025-03-29 08:34:14.610,2025-03-29 09:41:01.920,2025-03-29 19:03:28.683,6000,CORN,100038,1860,1859.7,FeedMill_Hammer,201
557,Server1,BA8AB8E4-3356-493D-A75D-2FA2E4EEE7D0,4F49E7D9-1F69-4B40-AEFE-27B533AEFD56,938,FM LOT-885FM Maker -3  11-Jan 2,FM Meat Maker3 CR  New,2025-03-29 08:34:14.610,2025-03-29 09:41:01.920,2025-03-29 19:03:28.683,6000,MCP,2001445,12.405,12.4,FeedMill_Hammer,204
558,Server1,BA8AB8E4-3356-493D-A75D-2FA2E4EEE7D0,4F49E7D9-1F69-4B40-AEFE-27B533AEFD56,938,FM LOT-885FM Maker -3  11-Jan 2,FM Meat Maker3 CR  New,2025-03-29 08:34:14.610,2025-03-29 09:41:01.920,2025-03-29 19:03:28.683,12000,METH,1004,12,12.02473,FeedMill_Hammer,100
559,Server1,BA8AB8E4-3356-493D-A75D-2FA2E4EEE7D0,4F49E7D9-1F69-4B40-AEFE-27B533AEFD56,938,FM LOT-885FM Maker -3  11-Jan 2,FM Meat Maker3 CR  New,2025-03-29 08:34:14.610,2025-03-29 09:41:01.920,2025-03-29 19:03:28.683,6000,PMX 100392  Broiler Fin HP,100392,60,59.98,FeedMill_Hammer,204
560,Server1,BA8AB8E4-3356-493D-A75D-2FA2E4EEE7D0,4F49E7D9-1F69-4B40-AEFE-27B533AEFD56,938,FM LOT-885FM Maker -3  11-Jan 2,FM Meat Maker3 CR  New,2025-03-29 08:34:14.610,2025-03-29 09:41:01.920,2025-03-29 19:03:28.683,6000,Recycle Broiler feed,200000,60,60,FeedMill_Hammer,202
561,Server1,BA8AB8E4-3356-493D-A75D-2FA2E4EEE7D0,4F49E7D9-1F69-4B40-AEFE-27B533AEFD56,938,FM LOT-885FM Maker -3  11-Jan 2,FM Meat Maker3 CR  New,2025-03-29 08:34:14.610,2025-03-29 09:41:01.920,2025-03-29 19:03:28.683,6000,SALT.,100051,6,6.079999,FeedMill_Hammer,204
562,Server1,BA8AB8E4-3356-493D-A75D-2FA2E4EEE7D0,4F49E7D9-1F69-4B40-AEFE-27B533AEFD56,938,FM LOT-885FM Maker -3  11-Jan 2,FM Meat Maker3 CR  New,2025-03-29 08:34:14.610,2025-03-29 09:41:01.920,2025-03-29 19:03:28.683,6000,Sodium Bicarbonate,100052,6.303,6.229999,FeedMill_Hammer,203
563,Server1,BA8AB8E4-3356-493D-A75D-2FA2E4EEE7D0,4F49E7D9-1F69-4B40-AEFE-27B533AEFD56,938,FM LOT-885FM Maker -3  11-Jan 2,FM Meat Maker3 CR  New,2025-03-29 08:34:14.610,2025-03-29 09:41:01.920,2025-03-29 19:03:28.683,6000,SOYA BEAN 100359,100359,900,902.2,FeedMill_Hammer,202
564,Server1,BA8AB8E4-3356-493D-A75D-2FA2E4EEE7D0,4F49E7D9-1F69-4B40-AEFE-27B533AEFD56,938,FM LOT-885FM Maker -3  11-Jan 2,FM Meat Maker3 CR  New,2025-03-29 08:34:14.610,2025-03-29 09:41:01.920,2025-03-29 19:03:28.683,12000,Soya Oil,100024,50,50.0457,FeedMill_Hammer,100
565,Server1,BA8AB8E4-3356-493D-A75D-2FA2E4EEE7D0,4F49E7D9-1F69-4B40-AEFE-27B533AEFD56,938,FM LOT-885FM Maker -3  11-Jan 2,FM Meat Maker3 CR  New,2025-03-29 08:34:14.610,2025-03-29 09:41:01.920,2025-03-29 19:03:28.683,12000,Water,1001,45,39.15173,FeedMill_Hammer,100
566,Server1,45BC78ED-1529-45D3-B470-2FA5F1E80E7D,053CFE57-5292-43BD-8D07-89A77BF83C77,458,FM Maker - 3 New 13-JUNE  - FM 1,FM Meat Maker3 New,2024-11-25 16:42:20.503,2024-11-25 17:35:37.027,2024-11-25 18:45:12.527,3000,BRAN,200223,20.292,20.90002,FeedMill_Hammer,201
567,Server1,45BC78ED-1529-45D3-B470-2FA5F1E80E7D,053CFE57-5292-43BD-8D07-89A77BF83C77,458,FM Maker - 3 New 13-JUNE  - FM 1,FM Meat Maker3 New,2024-11-25 16:42:20.503,2024-11-25 17:35:37.027,2024-11-25 18:45:12.527,3000,CORN,100038,1860,1862.8,FeedMill_Hammer,201
568,Server1,45BC78ED-1529-45D3-B470-2FA5F1E80E7D,053CFE57-5292-43BD-8D07-89A77BF83C77,458,FM Maker - 3 New 13-JUNE  - FM 1,FM Meat Maker3 New,2024-11-25 16:42:20.503,2024-11-25 17:35:37.027,2024-11-25 18:45:12.527,3000,MCP,2001445,12.405,12.46,FeedMill_Hammer,204
569,Server1,45BC78ED-1529-45D3-B470-2FA5F1E80E7D,053CFE57-5292-43BD-8D07-89A77BF83C77,458,FM Maker - 3 New 13-JUNE  - FM 1,FM Meat Maker3 New,2024-11-25 16:42:20.503,2024-11-25 17:35:37.027,2024-11-25 18:45:12.527,6000,METH,1004,12,12.00378,FeedMill_Hammer,100
570,Server1,45BC78ED-1529-45D3-B470-2FA5F1E80E7D,053CFE57-5292-43BD-8D07-89A77BF83C77,458,FM Maker - 3 New 13-JUNE  - FM 1,FM Meat Maker3 New,2024-11-25 16:42:20.503,2024-11-25 17:35:37.027,2024-11-25 18:45:12.527,3000,PMX 100392  Broiler Fin HP,100392,60,60.11,FeedMill_Hammer,204
571,Server1,45BC78ED-1529-45D3-B470-2FA5F1E80E7D,053CFE57-5292-43BD-8D07-89A77BF83C77,458,FM Maker - 3 New 13-JUNE  - FM 1,FM Meat Maker3 New,2024-11-25 16:42:20.503,2024-11-25 17:35:37.027,2024-11-25 18:45:12.527,3000,SALT.,100051,6,6.029999,FeedMill_Hammer,204
572,Server1,45BC78ED-1529-45D3-B470-2FA5F1E80E7D,053CFE57-5292-43BD-8D07-89A77BF83C77,458,FM Maker - 3 New 13-JUNE  - FM 1,FM Meat Maker3 New,2024-11-25 16:42:20.503,2024-11-25 17:35:37.027,2024-11-25 18:45:12.527,3000,Sodium Bicarbonate,100052,6.303,6.309999,FeedMill_Hammer,203
573,Server1,45BC78ED-1529-45D3-B470-2FA5F1E80E7D,053CFE57-5292-43BD-8D07-89A77BF83C77,458,FM Maker - 3 New 13-JUNE  - FM 1,FM Meat Maker3 New,2024-11-25 16:42:20.503,2024-11-25 17:35:37.027,2024-11-25 18:45:12.527,3000,SOYA BEAN 100359,100359,900,900.5001,FeedMill_Hammer,202
574,Server1,45BC78ED-1529-45D3-B470-2FA5F1E80E7D,053CFE57-5292-43BD-8D07-89A77BF83C77,458,FM Maker - 3 New 13-JUNE  - FM 1,FM Meat Maker3 New,2024-11-25 16:42:20.503,2024-11-25 17:35:37.027,2024-11-25 18:45:12.527,6000,Soya Oil,100024,30,32.46794,FeedMill_Hammer,100
575,Server1,45BC78ED-1529-45D3-B470-2FA5F1E80E7D,053CFE57-5292-43BD-8D07-89A77BF83C77,458,FM Maker - 3 New 13-JUNE  - FM 1,FM Meat Maker3 New,2024-11-25 16:42:20.503,2024-11-25 17:35:37.027,2024-11-25 18:45:12.527,9000,Water,1001,30,43.75694,FeedMill_Hammer,100
576,Server1,D30CE52C-30A7-4F24-8E4A-342028D1EF91,C06FFAA8-68EE-404D-8578-DF3D303160C4,926,FM LOT-875FM Layer Peak Mash 5,FM Layer Peak Mash,2025-03-28 17:13:39.813,2025-03-28 18:31:37.020,2025-03-28 18:34:56.073,6000,CORN,100038,1671.6,1671,FeedMill_Roller,201
577,Server1,D30CE52C-30A7-4F24-8E4A-342028D1EF91,C06FFAA8-68EE-404D-8578-DF3D303160C4,926,FM LOT-875FM Layer Peak Mash 5,FM Layer Peak Mash,2025-03-28 17:13:39.813,2025-03-28 18:31:37.020,2025-03-28 18:34:56.073,6000,Limestone,100048,91.689,100.3,FeedMill_Roller,202
578,Server1,D30CE52C-30A7-4F24-8E4A-342028D1EF91,C06FFAA8-68EE-404D-8578-DF3D303160C4,926,FM LOT-875FM Layer Peak Mash 5,FM Layer Peak Mash,2025-03-28 17:13:39.813,2025-03-28 18:31:37.020,2025-03-28 18:34:56.073,6000,MARBLE Chips,100341,170.28,167.2,FeedMill_Roller,201
579,Server1,D30CE52C-30A7-4F24-8E4A-342028D1EF91,C06FFAA8-68EE-404D-8578-DF3D303160C4,926,FM LOT-875FM Layer Peak Mash 5,FM Layer Peak Mash,2025-03-28 17:13:39.813,2025-03-28 18:31:37.020,2025-03-28 18:34:56.073,6000,MCP,2001445,19.032,19.06,FeedMill_Roller,204
580,Server1,D30CE52C-30A7-4F24-8E4A-342028D1EF91,C06FFAA8-68EE-404D-8578-DF3D303160C4,926,FM LOT-875FM Layer Peak Mash 5,FM Layer Peak Mash,2025-03-28 17:13:39.813,2025-03-28 18:31:37.020,2025-03-28 18:34:56.073,12000,METH,1004,5.2164,5.216301,FeedMill_Roller,100
581,Server1,D30CE52C-30A7-4F24-8E4A-342028D1EF91,C06FFAA8-68EE-404D-8578-DF3D303160C4,926,FM LOT-875FM Layer Peak Mash 5,FM Layer Peak Mash,2025-03-28 17:13:39.813,2025-03-28 18:31:37.020,2025-03-28 18:34:56.073,12000,Molasses,100085,30,30.1703,FeedMill_Roller,NULL
582,Server1,D30CE52C-30A7-4F24-8E4A-342028D1EF91,C06FFAA8-68EE-404D-8578-DF3D303160C4,926,FM LOT-875FM Layer Peak Mash 5,FM Layer Peak Mash,2025-03-28 17:13:39.813,2025-03-28 18:31:37.020,2025-03-28 18:34:56.073,12000,Palm Oil,100284,34.2,34.4112,FeedMill_Roller,100
583,Server1,D30CE52C-30A7-4F24-8E4A-342028D1EF91,C06FFAA8-68EE-404D-8578-DF3D303160C4,926,FM LOT-875FM Layer Peak Mash 5,FM Layer Peak Mash,2025-03-28 17:13:39.813,2025-03-28 18:31:37.020,2025-03-28 18:34:56.073,12000,PMX 100366 Layer Mash,100366,45,44.87999,FeedMill_Roller,204
584,Server1,D30CE52C-30A7-4F24-8E4A-342028D1EF91,C06FFAA8-68EE-404D-8578-DF3D303160C4,926,FM LOT-875FM Layer Peak Mash 5,FM Layer Peak Mash,2025-03-28 17:13:39.813,2025-03-28 18:31:37.020,2025-03-28 18:34:56.073,6000,Prebotic(Celmanax dry),100466,1.2,1.1,FeedMill_Roller,203
585,Server1,D30CE52C-30A7-4F24-8E4A-342028D1EF91,C06FFAA8-68EE-404D-8578-DF3D303160C4,926,FM LOT-875FM Layer Peak Mash 5,FM Layer Peak Mash,2025-03-28 17:13:39.813,2025-03-28 18:31:37.020,2025-03-28 18:34:56.073,6000,SOYA BEAN 100359,100359,840.6,840.4,FeedMill_Roller,202
586,Server1,D30CE52C-30A7-4F24-8E4A-342028D1EF91,C06FFAA8-68EE-404D-8578-DF3D303160C4,926,FM LOT-875FM Layer Peak Mash 5,FM Layer Peak Mash,2025-03-28 17:13:39.813,2025-03-28 18:31:37.020,2025-03-28 18:34:56.073,12000,Soya Oil,100024,55.71,55.75726,FeedMill_Roller,100
587,Server1,D30CE52C-30A7-4F24-8E4A-342028D1EF91,C06FFAA8-68EE-404D-8578-DF3D303160C4,926,FM LOT-875FM Layer Peak Mash 5,FM Layer Peak Mash,2025-03-28 17:13:39.813,2025-03-28 18:31:37.020,2025-03-28 18:34:56.073,6000,Wheat Bran,200223,35.472,35.5,FeedMill_Roller,201
588,Server1,5FEC850F-DCBE-4CF4-8F0F-348A4F0A2530,777B6A66-046B-467C-9E30-443F60F0B15B,919,FM LOT-868FM Maker - 3  11-Ja 01,FM Meat Maker3 CR  New,2025-03-28 09:54:15.460,2025-03-28 10:35:13.943,2025-03-28 10:36:29.943,6000,CORN,100038,1860,1856.8,FeedMill_Hammer,201
589,Server1,5FEC850F-DCBE-4CF4-8F0F-348A4F0A2530,777B6A66-046B-467C-9E30-443F60F0B15B,919,FM LOT-868FM Maker - 3  11-Ja 01,FM Meat Maker3 CR  New,2025-03-28 09:54:15.460,2025-03-28 10:35:13.943,2025-03-28 10:36:29.943,6000,MCP,2001445,12.405,12.4,FeedMill_Hammer,204
590,Server1,5FEC850F-DCBE-4CF4-8F0F-348A4F0A2530,777B6A66-046B-467C-9E30-443F60F0B15B,919,FM LOT-868FM Maker - 3  11-Ja 01,FM Meat Maker3 CR  New,2025-03-28 09:54:15.460,2025-03-28 10:35:13.943,2025-03-28 10:36:29.943,12000,METH,1004,12,12.00378,FeedMill_Hammer,100
591,Server1,5FEC850F-DCBE-4CF4-8F0F-348A4F0A2530,777B6A66-046B-467C-9E30-443F60F0B15B,919,FM LOT-868FM Maker - 3  11-Ja 01,FM Meat Maker3 CR  New,2025-03-28 09:54:15.460,2025-03-28 10:35:13.943,2025-03-28 10:36:29.943,12000,PMX 100392  Broiler Fin HP,100392,60,60.12,FeedMill_Hammer,204
592,Server1,5FEC850F-DCBE-4CF4-8F0F-348A4F0A2530,777B6A66-046B-467C-9E30-443F60F0B15B,919,FM LOT-868FM Maker - 3  11-Ja 01,FM Meat Maker3 CR  New,2025-03-28 09:54:15.460,2025-03-28 10:35:13.943,2025-03-28 10:36:29.943,6000,SALT.,100051,6,6.329999,FeedMill_Hammer,204
593,Server1,5FEC850F-DCBE-4CF4-8F0F-348A4F0A2530,777B6A66-046B-467C-9E30-443F60F0B15B,919,FM LOT-868FM Maker - 3  11-Ja 01,FM Meat Maker3 CR  New,2025-03-28 09:54:15.460,2025-03-28 10:35:13.943,2025-03-28 10:36:29.943,6000,Sodium Bicarbonate,100052,6.303,6.389999,FeedMill_Hammer,203
594,Server1,5FEC850F-DCBE-4CF4-8F0F-348A4F0A2530,777B6A66-046B-467C-9E30-443F60F0B15B,919,FM LOT-868FM Maker - 3  11-Ja 01,FM Meat Maker3 CR  New,2025-03-28 09:54:15.460,2025-03-28 10:35:13.943,2025-03-28 10:36:29.943,6000,SOYA BEAN 100359,100359,900,901.1,FeedMill_Hammer,202
595,Server1,5FEC850F-DCBE-4CF4-8F0F-348A4F0A2530,777B6A66-046B-467C-9E30-443F60F0B15B,919,FM LOT-868FM Maker - 3  11-Ja 01,FM Meat Maker3 CR  New,2025-03-28 09:54:15.460,2025-03-28 10:35:13.943,2025-03-28 10:36:29.943,6000,Soya Oil,100024,50,50.09342,FeedMill_Hammer,100
596,Server1,5FEC850F-DCBE-4CF4-8F0F-348A4F0A2530,777B6A66-046B-467C-9E30-443F60F0B15B,919,FM LOT-868FM Maker - 3  11-Ja 01,FM Meat Maker3 CR  New,2025-03-28 09:54:15.460,2025-03-28 10:35:13.943,2025-03-28 10:36:29.943,12000,Water,1001,30,39.26222,FeedMill_Hammer,100
597,Server1,22E1ECF4-46B7-4356-9D89-362B1D3B0605,F964933A-7773-4167-AB69-1DB4F8BE4319,927,FM LOT-876HM Baladi Egg Maker 2,FM Baladi Egg Maker,2025-03-28 18:08:01.787,2025-03-28 19:27:58.033,2025-03-28 19:30:59.573,6000,AMA-Poultry,100517,0.9,0.96,FeedMill_Hammer,203
598,Server1,22E1ECF4-46B7-4356-9D89-362B1D3B0605,F964933A-7773-4167-AB69-1DB4F8BE4319,927,FM LOT-876HM Baladi Egg Maker 2,FM Baladi Egg Maker,2025-03-28 18:08:01.787,2025-03-28 19:27:58.033,2025-03-28 19:30:59.573,6000,Carrophyl Yellow,100079,0.06,0.04999995,FeedMill_Hammer,203
599,Server1,22E1ECF4-46B7-4356-9D89-362B1D3B0605,F964933A-7773-4167-AB69-1DB4F8BE4319,927,FM LOT-876HM Baladi Egg Maker 2,FM Baladi Egg Maker,2025-03-28 18:08:01.787,2025-03-28 19:27:58.033,2025-03-28 19:30:59.573,6000,CORN,100038,450,449.3,FeedMill_Hammer,201
600,Server1,22E1ECF4-46B7-4356-9D89-362B1D3B0605,F964933A-7773-4167-AB69-1DB4F8BE4319,927,FM LOT-876HM Baladi Egg Maker 2,FM Baladi Egg Maker,2025-03-28 18:08:01.787,2025-03-28 19:27:58.033,2025-03-28 19:30:59.573,12000,Feed Enzyme,100021,0.21,0.2699997,FeedMill_Hammer,203
601,Server1,22E1ECF4-46B7-4356-9D89-362B1D3B0605,F964933A-7773-4167-AB69-1DB4F8BE4319,927,FM LOT-876HM Baladi Egg Maker 2,FM Baladi Egg Maker,2025-03-28 18:08:01.787,2025-03-28 19:27:58.033,2025-03-28 19:30:59.573,6000,layer  Recycle,200001,60,64.70001,FeedMill_Hammer,202
602,Server1,22E1ECF4-46B7-4356-9D89-362B1D3B0605,F964933A-7773-4167-AB69-1DB4F8BE4319,927,FM LOT-876HM Baladi Egg Maker 2,FM Baladi Egg Maker,2025-03-28 18:08:01.787,2025-03-28 19:27:58.033,2025-03-28 19:30:59.573,6000,Limestone,100048,282,294.9,FeedMill_Hammer,202
603,Server1,22E1ECF4-46B7-4356-9D89-362B1D3B0605,F964933A-7773-4167-AB69-1DB4F8BE4319,927,FM LOT-876HM Baladi Egg Maker 2,FM Baladi Egg Maker,2025-03-28 18:08:01.787,2025-03-28 19:27:58.033,2025-03-28 19:30:59.573,6000,Lysine,100000,2.619,2.61,FeedMill_Hammer,203
604,Server1,22E1ECF4-46B7-4356-9D89-362B1D3B0605,F964933A-7773-4167-AB69-1DB4F8BE4319,927,FM LOT-876HM Baladi Egg Maker 2,FM Baladi Egg Maker,2025-03-28 18:08:01.787,2025-03-28 19:27:58.033,2025-03-28 19:30:59.573,12000,MCP,2001445,8.796,8.810001,FeedMill_Hammer,204
605,Server1,22E1ECF4-46B7-4356-9D89-362B1D3B0605,F964933A-7773-4167-AB69-1DB4F8BE4319,927,FM LOT-876HM Baladi Egg Maker 2,FM Baladi Egg Maker,2025-03-28 18:08:01.787,2025-03-28 19:27:58.033,2025-03-28 19:30:59.573,12000,METH,1004,2.475,2.471982,FeedMill_Hammer,100
606,Server1,22E1ECF4-46B7-4356-9D89-362B1D3B0605,F964933A-7773-4167-AB69-1DB4F8BE4319,927,FM LOT-876HM Baladi Egg Maker 2,FM Baladi Egg Maker,2025-03-28 18:08:01.787,2025-03-28 19:27:58.033,2025-03-28 19:30:59.573,12000,PMX 100414 Baladi Egg Maker,100414,45,44.97,FeedMill_Hammer,204
607,Server1,22E1ECF4-46B7-4356-9D89-362B1D3B0605,F964933A-7773-4167-AB69-1DB4F8BE4319,927,FM LOT-876HM Baladi Egg Maker 2,FM Baladi Egg Maker,2025-03-28 18:08:01.787,2025-03-28 19:27:58.033,2025-03-28 19:30:59.573,6000,Protease Enzyme,100389,0.6,0.6799998,FeedMill_Hammer,203
608,Server1,22E1ECF4-46B7-4356-9D89-362B1D3B0605,F964933A-7773-4167-AB69-1DB4F8BE4319,927,FM LOT-876HM Baladi Egg Maker 2,FM Baladi Egg Maker,2025-03-28 18:08:01.787,2025-03-28 19:27:58.033,2025-03-28 19:30:59.573,6000,SOYA BEAN 100359,100359,354.114,356.3,FeedMill_Hammer,202
609,Server1,22E1ECF4-46B7-4356-9D89-362B1D3B0605,F964933A-7773-4167-AB69-1DB4F8BE4319,927,FM LOT-876HM Baladi Egg Maker 2,FM Baladi Egg Maker,2025-03-28 18:08:01.787,2025-03-28 19:27:58.033,2025-03-28 19:30:59.573,12000,Soya Oil,100024,30,30.04157,FeedMill_Hammer,100
610,Server1,22E1ECF4-46B7-4356-9D89-362B1D3B0605,F964933A-7773-4167-AB69-1DB4F8BE4319,927,FM LOT-876HM Baladi Egg Maker 2,FM Baladi Egg Maker,2025-03-28 18:08:01.787,2025-03-28 19:27:58.033,2025-03-28 19:30:59.573,12000,Water,1001,45,39.53341,FeedMill_Hammer,100
611,Server1,22E1ECF4-46B7-4356-9D89-362B1D3B0605,F964933A-7773-4167-AB69-1DB4F8BE4319,927,FM LOT-876HM Baladi Egg Maker 2,FM Baladi Egg Maker,2025-03-28 18:08:01.787,2025-03-28 19:27:58.033,2025-03-28 19:30:59.573,12000,WHEAT,150066,1605.477,1602.7,FeedMill_Hammer,201
612,Server1,22E1ECF4-46B7-4356-9D89-362B1D3B0605,F964933A-7773-4167-AB69-1DB4F8BE4319,927,FM LOT-876HM Baladi Egg Maker 2,FM Baladi Egg Maker,2025-03-28 18:08:01.787,2025-03-28 19:27:58.033,2025-03-28 19:30:59.573,6000,Wheat Bran,200223,217.749,226.2,FeedMill_Hammer,201
613,Server1,2CE99953-E0CA-486E-8325-38C10549B62D,6476FA1D-9E27-4F2B-A612-90B2FFFB7B7C,930,FM LOT-879Mix Grains Normal 4,mumtaz mix-grain,2025-03-28 21:12:08.490,2025-03-28 22:26:49.173,2025-03-28 22:27:54.943,6000,BARLEY,100334,750,748.8,FeedMill_Roller,202
614,Server1,2CE99953-E0CA-486E-8325-38C10549B62D,6476FA1D-9E27-4F2B-A612-90B2FFFB7B7C,930,FM LOT-879Mix Grains Normal 4,mumtaz mix-grain,2025-03-28 21:12:08.490,2025-03-28 22:26:49.173,2025-03-28 22:27:54.943,12000,Bran Pellets,200321,330,336.2,FeedMill_Roller,202
615,Server1,2CE99953-E0CA-486E-8325-38C10549B62D,6476FA1D-9E27-4F2B-A612-90B2FFFB7B7C,930,FM LOT-879Mix Grains Normal 4,mumtaz mix-grain,2025-03-28 21:12:08.490,2025-03-28 22:26:49.173,2025-03-28 22:27:54.943,12000,CORN,100038,735,737.3,FeedMill_Roller,201
616,Server1,2CE99953-E0CA-486E-8325-38C10549B62D,6476FA1D-9E27-4F2B-A612-90B2FFFB7B7C,930,FM LOT-879Mix Grains Normal 4,mumtaz mix-grain,2025-03-28 21:12:08.490,2025-03-28 22:26:49.173,2025-03-28 22:27:54.943,6000,Limestone,100048,150,152.6,FeedMill_Roller,202
617,Server1,2CE99953-E0CA-486E-8325-38C10549B62D,6476FA1D-9E27-4F2B-A612-90B2FFFB7B7C,930,FM LOT-879Mix Grains Normal 4,mumtaz mix-grain,2025-03-28 21:12:08.490,2025-03-28 22:26:49.173,2025-03-28 22:27:54.943,12000,Molasses,100085,90,90.22811,FeedMill_Roller,NULL
618,Server1,2CE99953-E0CA-486E-8325-38C10549B62D,6476FA1D-9E27-4F2B-A612-90B2FFFB7B7C,930,FM LOT-879Mix Grains Normal 4,mumtaz mix-grain,2025-03-28 21:12:08.490,2025-03-28 22:26:49.173,2025-03-28 22:27:54.943,6000,RICE HUSK,100317,540,538.8,FeedMill_Roller,201
619,Server1,2CE99953-E0CA-486E-8325-38C10549B62D,6476FA1D-9E27-4F2B-A612-90B2FFFB7B7C,930,FM LOT-879Mix Grains Normal 4,mumtaz mix-grain,2025-03-28 21:12:08.490,2025-03-28 22:26:49.173,2025-03-28 22:27:54.943,12000,Water,1001,25,39.51332,FeedMill_Roller,100
620,Server1,2CE99953-E0CA-486E-8325-38C10549B62D,6476FA1D-9E27-4F2B-A612-90B2FFFB7B7C,930,FM LOT-879Mix Grains Normal 4,mumtaz mix-grain,2025-03-28 21:12:08.490,2025-03-28 22:26:49.173,2025-03-28 22:27:54.943,6000,Wheat Bran,200223,330,318.4,FeedMill_Roller,201
621,Server1,2CE99953-E0CA-486E-8325-38C10549B62D,6476FA1D-9E27-4F2B-A612-90B2FFFB7B7C,930,FM LOT-879Mix Grains Normal 4,mumtaz mix-grain,2025-03-28 21:12:08.490,2025-03-28 22:26:49.173,2025-03-28 22:27:54.943,6000,Wheat by Product,100330,75,75,FeedMill_Roller,202
622,Server1,3E3D6191-C0D0-4DC6-9558-39085EE069F5,60F14A52-E286-489C-8893-A66E155E15D2,934,FM LOT-882HM Baladi Egg Maker 3,FM Baladi Egg Maker,2025-03-29 03:15:39.540,2025-03-29 04:05:34.957,2025-03-29 04:06:41.777,6000,AMA-Poultry,100517,0.9,1.09,FeedMill_Hammer,203
623,Server1,3E3D6191-C0D0-4DC6-9558-39085EE069F5,60F14A52-E286-489C-8893-A66E155E15D2,934,FM LOT-882HM Baladi Egg Maker 3,FM Baladi Egg Maker,2025-03-29 03:15:39.540,2025-03-29 04:05:34.957,2025-03-29 04:06:41.777,6000,Carrophyl Yellow,100079,0.06,0.01999998,FeedMill_Hammer,203
624,Server1,3E3D6191-C0D0-4DC6-9558-39085EE069F5,60F14A52-E286-489C-8893-A66E155E15D2,934,FM LOT-882HM Baladi Egg Maker 3,FM Baladi Egg Maker,2025-03-29 03:15:39.540,2025-03-29 04:05:34.957,2025-03-29 04:06:41.777,6000,CORN,100038,450,453.7,FeedMill_Hammer,201
625,Server1,3E3D6191-C0D0-4DC6-9558-39085EE069F5,60F14A52-E286-489C-8893-A66E155E15D2,934,FM LOT-882HM Baladi Egg Maker 3,FM Baladi Egg Maker,2025-03-29 03:15:39.540,2025-03-29 04:05:34.957,2025-03-29 04:06:41.777,6000,Feed Enzyme,100021,0.21,0.1299999,FeedMill_Hammer,203
626,Server1,3E3D6191-C0D0-4DC6-9558-39085EE069F5,60F14A52-E286-489C-8893-A66E155E15D2,934,FM LOT-882HM Baladi Egg Maker 3,FM Baladi Egg Maker,2025-03-29 03:15:39.540,2025-03-29 04:05:34.957,2025-03-29 04:06:41.777,6000,layer  Recycle,200001,60,75.20001,FeedMill_Hammer,202
627,Server1,3E3D6191-C0D0-4DC6-9558-39085EE069F5,60F14A52-E286-489C-8893-A66E155E15D2,934,FM LOT-882HM Baladi Egg Maker 3,FM Baladi Egg Maker,2025-03-29 03:15:39.540,2025-03-29 04:05:34.957,2025-03-29 04:06:41.777,6000,Limestone,100048,282,290.7,FeedMill_Hammer,202
628,Server1,3E3D6191-C0D0-4DC6-9558-39085EE069F5,60F14A52-E286-489C-8893-A66E155E15D2,934,FM LOT-882HM Baladi Egg Maker 3,FM Baladi Egg Maker,2025-03-29 03:15:39.540,2025-03-29 04:05:34.957,2025-03-29 04:06:41.777,6000,Lysine,100000,2.619,2.41,FeedMill_Hammer,203
629,Server1,3E3D6191-C0D0-4DC6-9558-39085EE069F5,60F14A52-E286-489C-8893-A66E155E15D2,934,FM LOT-882HM Baladi Egg Maker 3,FM Baladi Egg Maker,2025-03-29 03:15:39.540,2025-03-29 04:05:34.957,2025-03-29 04:06:41.777,12000,MCP,2001445,8.796,8.77,FeedMill_Hammer,204
630,Server1,3E3D6191-C0D0-4DC6-9558-39085EE069F5,60F14A52-E286-489C-8893-A66E155E15D2,934,FM LOT-882HM Baladi Egg Maker 3,FM Baladi Egg Maker,2025-03-29 03:15:39.540,2025-03-29 04:05:34.957,2025-03-29 04:06:41.777,12000,METH,1004,2.475,2.492931,FeedMill_Hammer,100
631,Server1,3E3D6191-C0D0-4DC6-9558-39085EE069F5,60F14A52-E286-489C-8893-A66E155E15D2,934,FM LOT-882HM Baladi Egg Maker 3,FM Baladi Egg Maker,2025-03-29 03:15:39.540,2025-03-29 04:05:34.957,2025-03-29 04:06:41.777,12000,PMX 100414 Baladi Egg Maker,100414,45,45.12,FeedMill_Hammer,204
632,Server1,3E3D6191-C0D0-4DC6-9558-39085EE069F5,60F14A52-E286-489C-8893-A66E155E15D2,934,FM LOT-882HM Baladi Egg Maker 3,FM Baladi Egg Maker,2025-03-29 03:15:39.540,2025-03-29 04:05:34.957,2025-03-29 04:06:41.777,6000,Protease Enzyme,100389,0.6,0.6099997,FeedMill_Hammer,203
633,Server1,3E3D6191-C0D0-4DC6-9558-39085EE069F5,60F14A52-E286-489C-8893-A66E155E15D2,934,FM LOT-882HM Baladi Egg Maker 3,FM Baladi Egg Maker,2025-03-29 03:15:39.540,2025-03-29 04:05:34.957,2025-03-29 04:06:41.777,6000,SOYA BEAN 100359,100359,354.114,351.9,FeedMill_Hammer,202
634,Server1,3E3D6191-C0D0-4DC6-9558-39085EE069F5,60F14A52-E286-489C-8893-A66E155E15D2,934,FM LOT-882HM Baladi Egg Maker 3,FM Baladi Egg Maker,2025-03-29 03:15:39.540,2025-03-29 04:05:34.957,2025-03-29 04:06:41.777,12000,Soya Oil,100024,30,30.03512,FeedMill_Hammer,100
635,Server1,3E3D6191-C0D0-4DC6-9558-39085EE069F5,60F14A52-E286-489C-8893-A66E155E15D2,934,FM LOT-882HM Baladi Egg Maker 3,FM Baladi Egg Maker,2025-03-29 03:15:39.540,2025-03-29 04:05:34.957,2025-03-29 04:06:41.777,12000,Water,1001,45,39.3928,FeedMill_Hammer,100
636,Server1,3E3D6191-C0D0-4DC6-9558-39085EE069F5,60F14A52-E286-489C-8893-A66E155E15D2,934,FM LOT-882HM Baladi Egg Maker 3,FM Baladi Egg Maker,2025-03-29 03:15:39.540,2025-03-29 04:05:34.957,2025-03-29 04:06:41.777,6000,WHEAT,150066,1005.477,1003.5,FeedMill_Hammer,201
637,Server1,3E3D6191-C0D0-4DC6-9558-39085EE069F5,60F14A52-E286-489C-8893-A66E155E15D2,934,FM LOT-882HM Baladi Egg Maker 3,FM Baladi Egg Maker,2025-03-29 03:15:39.540,2025-03-29 04:05:34.957,2025-03-29 04:06:41.777,6000,Wheat Bran,200223,217.749,231,FeedMill_Hammer,201
638,Server1,3E3D6191-C0D0-4DC6-9558-39085EE069F5,60F14A52-E286-489C-8893-A66E155E15D2,934,FM LOT-882HM Baladi Egg Maker 3,FM Baladi Egg Maker,2025-03-29 03:15:39.540,2025-03-29 04:05:34.957,2025-03-29 04:06:41.777,12000,Wheat Flour,100306,600,600,FeedMill_Hammer,202
639,Server1,D871A3F1-DFEE-4359-97F2-3B433E1D9F0A,777B6A66-046B-467C-9E30-443F60F0B15B,919,FM LOT-868FM Maker - 3  11-Ja 11,FM Meat Maker3 CR  New,2025-03-28 09:54:52.713,2025-03-28 12:29:39.630,2025-03-28 12:32:33.057,6000,CORN,100038,1860,1860.6,FeedMill_Hammer,201
640,Server1,D871A3F1-DFEE-4359-97F2-3B433E1D9F0A,777B6A66-046B-467C-9E30-443F60F0B15B,919,FM LOT-868FM Maker - 3  11-Ja 11,FM Meat Maker3 CR  New,2025-03-28 09:54:52.713,2025-03-28 12:29:39.630,2025-03-28 12:32:33.057,12000,MCP,2001445,12.405,12.44,FeedMill_Hammer,204
641,Server1,D871A3F1-DFEE-4359-97F2-3B433E1D9F0A,777B6A66-046B-467C-9E30-443F60F0B15B,919,FM LOT-868FM Maker - 3  11-Ja 11,FM Meat Maker3 CR  New,2025-03-28 09:54:52.713,2025-03-28 12:29:39.630,2025-03-28 12:32:33.057,12000,METH,1004,12,12.02473,FeedMill_Hammer,100
642,Server1,D871A3F1-DFEE-4359-97F2-3B433E1D9F0A,777B6A66-046B-467C-9E30-443F60F0B15B,919,FM LOT-868FM Maker - 3  11-Ja 11,FM Meat Maker3 CR  New,2025-03-28 09:54:52.713,2025-03-28 12:29:39.630,2025-03-28 12:32:33.057,12000,PMX 100392  Broiler Fin HP,100392,60,59.94999,FeedMill_Hammer,204
643,Server1,D871A3F1-DFEE-4359-97F2-3B433E1D9F0A,777B6A66-046B-467C-9E30-443F60F0B15B,919,FM LOT-868FM Maker - 3  11-Ja 11,FM Meat Maker3 CR  New,2025-03-28 09:54:52.713,2025-03-28 12:29:39.630,2025-03-28 12:32:33.057,6000,SALT.,100051,6,6.079999,FeedMill_Hammer,204
644,Server1,D871A3F1-DFEE-4359-97F2-3B433E1D9F0A,777B6A66-046B-467C-9E30-443F60F0B15B,919,FM LOT-868FM Maker - 3  11-Ja 11,FM Meat Maker3 CR  New,2025-03-28 09:54:52.713,2025-03-28 12:29:39.630,2025-03-28 12:32:33.057,6000,Sodium Bicarbonate,100052,6.303,6.109999,FeedMill_Hammer,203
645,Server1,D871A3F1-DFEE-4359-97F2-3B433E1D9F0A,777B6A66-046B-467C-9E30-443F60F0B15B,919,FM LOT-868FM Maker - 3  11-Ja 11,FM Meat Maker3 CR  New,2025-03-28 09:54:52.713,2025-03-28 12:29:39.630,2025-03-28 12:32:33.057,6000,SOYA BEAN 100359,100359,900,896.9,FeedMill_Hammer,202
646,Server1,D871A3F1-DFEE-4359-97F2-3B433E1D9F0A,777B6A66-046B-467C-9E30-443F60F0B15B,919,FM LOT-868FM Maker - 3  11-Ja 11,FM Meat Maker3 CR  New,2025-03-28 09:54:52.713,2025-03-28 12:29:39.630,2025-03-28 12:32:33.057,12000,Soya Oil,100024,50,50.05985,FeedMill_Hammer,100
647,Server1,D871A3F1-DFEE-4359-97F2-3B433E1D9F0A,777B6A66-046B-467C-9E30-443F60F0B15B,919,FM LOT-868FM Maker - 3  11-Ja 11,FM Meat Maker3 CR  New,2025-03-28 09:54:52.713,2025-03-28 12:29:39.630,2025-03-28 12:32:33.057,12000,Water,1001,30,39.51332,FeedMill_Hammer,100
648,Server1,77AC2475-5897-414B-A56E-3CBC3AA6F2A0,50629DD9-4014-4A48-A719-BAE0DF1B0E67,459,HM Baladi Egg Maker  - FM LOT- 4,FM Baladi Egg Maker,2024-11-25 17:01:02.133,2024-11-25 19:08:34.480,2024-11-25 19:09:48.807,3000,AMA-Poultry,100517,0.9,0.8499999,FeedMill_Hammer,203
649,Server1,77AC2475-5897-414B-A56E-3CBC3AA6F2A0,50629DD9-4014-4A48-A719-BAE0DF1B0E67,459,HM Baladi Egg Maker  - FM LOT- 4,FM Baladi Egg Maker,2024-11-25 17:01:02.133,2024-11-25 19:08:34.480,2024-11-25 19:09:48.807,3000,BRAN,200223,217.749,232.5,FeedMill_Hammer,201
650,Server1,77AC2475-5897-414B-A56E-3CBC3AA6F2A0,50629DD9-4014-4A48-A719-BAE0DF1B0E67,459,HM Baladi Egg Maker  - FM LOT- 4,FM Baladi Egg Maker,2024-11-25 17:01:02.133,2024-11-25 19:08:34.480,2024-11-25 19:09:48.807,3000,CORN,100038,450,447.8,FeedMill_Hammer,201
651,Server1,77AC2475-5897-414B-A56E-3CBC3AA6F2A0,50629DD9-4014-4A48-A719-BAE0DF1B0E67,459,HM Baladi Egg Maker  - FM LOT- 4,FM Baladi Egg Maker,2024-11-25 17:01:02.133,2024-11-25 19:08:34.480,2024-11-25 19:09:48.807,3000,Feed Enzyme,100021,0.21,0.1900001,FeedMill_Hammer,203
652,Server1,77AC2475-5897-414B-A56E-3CBC3AA6F2A0,50629DD9-4014-4A48-A719-BAE0DF1B0E67,459,HM Baladi Egg Maker  - FM LOT- 4,FM Baladi Egg Maker,2024-11-25 17:01:02.133,2024-11-25 19:08:34.480,2024-11-25 19:09:48.807,3000,layer  Recycle,200001,60,63.69995,FeedMill_Hammer,202
653,Server1,77AC2475-5897-414B-A56E-3CBC3AA6F2A0,50629DD9-4014-4A48-A719-BAE0DF1B0E67,459,HM Baladi Egg Maker  - FM LOT- 4,FM Baladi Egg Maker,2024-11-25 17:01:02.133,2024-11-25 19:08:34.480,2024-11-25 19:09:48.807,6000,Limestone,100048,282,281.2,FeedMill_Hammer,202
654,Server1,77AC2475-5897-414B-A56E-3CBC3AA6F2A0,50629DD9-4014-4A48-A719-BAE0DF1B0E67,459,HM Baladi Egg Maker  - FM LOT- 4,FM Baladi Egg Maker,2024-11-25 17:01:02.133,2024-11-25 19:08:34.480,2024-11-25 19:09:48.807,3000,Lysine,100000,2.619,2.63,FeedMill_Hammer,203
655,Server1,77AC2475-5897-414B-A56E-3CBC3AA6F2A0,50629DD9-4014-4A48-A719-BAE0DF1B0E67,459,HM Baladi Egg Maker  - FM LOT- 4,FM Baladi Egg Maker,2024-11-25 17:01:02.133,2024-11-25 19:08:34.480,2024-11-25 19:09:48.807,6000,MCP,2001445,8.796,8.739998,FeedMill_Hammer,204
656,Server1,77AC2475-5897-414B-A56E-3CBC3AA6F2A0,50629DD9-4014-4A48-A719-BAE0DF1B0E67,459,HM Baladi Egg Maker  - FM LOT- 4,FM Baladi Egg Maker,2024-11-25 17:01:02.133,2024-11-25 19:08:34.480,2024-11-25 19:09:48.807,6000,METH,1004,2.475,2.471982,FeedMill_Hammer,100
657,Server1,77AC2475-5897-414B-A56E-3CBC3AA6F2A0,50629DD9-4014-4A48-A719-BAE0DF1B0E67,459,HM Baladi Egg Maker  - FM LOT- 4,FM Baladi Egg Maker,2024-11-25 17:01:02.133,2024-11-25 19:08:34.480,2024-11-25 19:09:48.807,6000,PMX 100414 Baladi Egg Maker,100414,45,44.95999,FeedMill_Hammer,204
658,Server1,77AC2475-5897-414B-A56E-3CBC3AA6F2A0,50629DD9-4014-4A48-A719-BAE0DF1B0E67,459,HM Baladi Egg Maker  - FM LOT- 4,FM Baladi Egg Maker,2024-11-25 17:01:02.133,2024-11-25 19:08:34.480,2024-11-25 19:09:48.807,3000,Protease Enzyme,100389,0.6,0.5699997,FeedMill_Hammer,203
659,Server1,77AC2475-5897-414B-A56E-3CBC3AA6F2A0,50629DD9-4014-4A48-A719-BAE0DF1B0E67,459,HM Baladi Egg Maker  - FM LOT- 4,FM Baladi Egg Maker,2024-11-25 17:01:02.133,2024-11-25 19:08:34.480,2024-11-25 19:09:48.807,3000,Slob-preblend,101510,0.12,0.1099999,FeedMill_Hammer,203
660,Server1,77AC2475-5897-414B-A56E-3CBC3AA6F2A0,50629DD9-4014-4A48-A719-BAE0DF1B0E67,459,HM Baladi Egg Maker  - FM LOT- 4,FM Baladi Egg Maker,2024-11-25 17:01:02.133,2024-11-25 19:08:34.480,2024-11-25 19:09:48.807,3000,SOYA BEAN 100359,100359,354.114,353.4,FeedMill_Hammer,202
661,Server1,77AC2475-5897-414B-A56E-3CBC3AA6F2A0,50629DD9-4014-4A48-A719-BAE0DF1B0E67,459,HM Baladi Egg Maker  - FM LOT- 4,FM Baladi Egg Maker,2024-11-25 17:01:02.133,2024-11-25 19:08:34.480,2024-11-25 19:09:48.807,6000,Soya Oil,100024,30,30.06353,FeedMill_Hammer,100
662,Server1,77AC2475-5897-414B-A56E-3CBC3AA6F2A0,50629DD9-4014-4A48-A719-BAE0DF1B0E67,459,HM Baladi Egg Maker  - FM LOT- 4,FM Baladi Egg Maker,2024-11-25 17:01:02.133,2024-11-25 19:08:34.480,2024-11-25 19:09:48.807,6000,Water,1001,45,43.73695,FeedMill_Hammer,100
663,Server1,77AC2475-5897-414B-A56E-3CBC3AA6F2A0,50629DD9-4014-4A48-A719-BAE0DF1B0E67,459,HM Baladi Egg Maker  - FM LOT- 4,FM Baladi Egg Maker,2024-11-25 17:01:02.133,2024-11-25 19:08:34.480,2024-11-25 19:09:48.807,3000,WHEAT,150066,1205.477,1196.6,FeedMill_Hammer,201
664,Server1,77AC2475-5897-414B-A56E-3CBC3AA6F2A0,50629DD9-4014-4A48-A719-BAE0DF1B0E67,459,HM Baladi Egg Maker  - FM LOT- 4,FM Baladi Egg Maker,2024-11-25 17:01:02.133,2024-11-25 19:08:34.480,2024-11-25 19:09:48.807,3000,Wheat Flour,100306,400,400.8,FeedMill_Hammer,202
665,Server1,372BB533-B8E5-431F-B275-3E7AA0D172BC,777B6A66-046B-467C-9E30-443F60F0B15B,919,FM LOT-868FM Maker - 3  11-Ja 04,FM Meat Maker3 CR  New,2025-03-28 09:54:24.343,2025-03-28 11:17:21.173,2025-03-28 11:18:28.627,6000,CORN,100038,1860,1858.2,FeedMill_Hammer,201
666,Server1,372BB533-B8E5-431F-B275-3E7AA0D172BC,777B6A66-046B-467C-9E30-443F60F0B15B,919,FM LOT-868FM Maker - 3  11-Ja 04,FM Meat Maker3 CR  New,2025-03-28 09:54:24.343,2025-03-28 11:17:21.173,2025-03-28 11:18:28.627,6000,MCP,2001445,12.405,12.39,FeedMill_Hammer,204
667,Server1,372BB533-B8E5-431F-B275-3E7AA0D172BC,777B6A66-046B-467C-9E30-443F60F0B15B,919,FM LOT-868FM Maker - 3  11-Ja 04,FM Meat Maker3 CR  New,2025-03-28 09:54:24.343,2025-03-28 11:17:21.173,2025-03-28 11:18:28.627,12000,METH,1004,12,12.00378,FeedMill_Hammer,100
668,Server1,372BB533-B8E5-431F-B275-3E7AA0D172BC,777B6A66-046B-467C-9E30-443F60F0B15B,919,FM LOT-868FM Maker - 3  11-Ja 04,FM Meat Maker3 CR  New,2025-03-28 09:54:24.343,2025-03-28 11:17:21.173,2025-03-28 11:18:28.627,12000,PMX 100392  Broiler Fin HP,100392,60,60.02,FeedMill_Hammer,204
669,Server1,372BB533-B8E5-431F-B275-3E7AA0D172BC,777B6A66-046B-467C-9E30-443F60F0B15B,919,FM LOT-868FM Maker - 3  11-Ja 04,FM Meat Maker3 CR  New,2025-03-28 09:54:24.343,2025-03-28 11:17:21.173,2025-03-28 11:18:28.627,6000,SALT.,100051,6,6.009999,FeedMill_Hammer,204
670,Server1,372BB533-B8E5-431F-B275-3E7AA0D172BC,777B6A66-046B-467C-9E30-443F60F0B15B,919,FM LOT-868FM Maker - 3  11-Ja 04,FM Meat Maker3 CR  New,2025-03-28 09:54:24.343,2025-03-28 11:17:21.173,2025-03-28 11:18:28.627,6000,Sodium Bicarbonate,100052,6.303,6.299999,FeedMill_Hammer,203
671,Server1,372BB533-B8E5-431F-B275-3E7AA0D172BC,777B6A66-046B-467C-9E30-443F60F0B15B,919,FM LOT-868FM Maker - 3  11-Ja 04,FM Meat Maker3 CR  New,2025-03-28 09:54:24.343,2025-03-28 11:17:21.173,2025-03-28 11:18:28.627,6000,SOYA BEAN 100359,100359,900,903.7,FeedMill_Hammer,202
672,Server1,372BB533-B8E5-431F-B275-3E7AA0D172BC,777B6A66-046B-467C-9E30-443F60F0B15B,919,FM LOT-868FM Maker - 3  11-Ja 04,FM Meat Maker3 CR  New,2025-03-28 09:54:24.343,2025-03-28 11:17:21.173,2025-03-28 11:18:28.627,12000,Soya Oil,100024,50,50.08731,FeedMill_Hammer,100
673,Server1,372BB533-B8E5-431F-B275-3E7AA0D172BC,777B6A66-046B-467C-9E30-443F60F0B15B,919,FM LOT-868FM Maker - 3  11-Ja 04,FM Meat Maker3 CR  New,2025-03-28 09:54:24.343,2025-03-28 11:17:21.173,2025-03-28 11:18:28.627,12000,Water,1001,30,39.40284,FeedMill_Hammer,100
674,Server1,AFDE5929-DA32-45C5-A0F4-3F0A24C7CDE2,848420B7-8A52-4A72-AE70-DED7963EB34D,943,FM LOT-890FM Maker- 3  11-Jan 10,FM Meat Maker3 CR  New,2025-03-29 15:31:17.977,2025-03-29 18:03:05.363,2025-03-29 19:09:36.260,6000,CORN,100038,1860,1848,FeedMill_Hammer,201
675,Server1,AFDE5929-DA32-45C5-A0F4-3F0A24C7CDE2,848420B7-8A52-4A72-AE70-DED7963EB34D,943,FM LOT-890FM Maker- 3  11-Jan 10,FM Meat Maker3 CR  New,2025-03-29 15:31:17.977,2025-03-29 18:03:05.363,2025-03-29 19:09:36.260,6000,MCP,2001445,12.405,12.31,FeedMill_Hammer,204
676,Server1,AFDE5929-DA32-45C5-A0F4-3F0A24C7CDE2,848420B7-8A52-4A72-AE70-DED7963EB34D,943,FM LOT-890FM Maker- 3  11-Jan 10,FM Meat Maker3 CR  New,2025-03-29 15:31:17.977,2025-03-29 18:03:05.363,2025-03-29 19:09:36.260,12000,METH,1004,12,11.98283,FeedMill_Hammer,100
677,Server1,AFDE5929-DA32-45C5-A0F4-3F0A24C7CDE2,848420B7-8A52-4A72-AE70-DED7963EB34D,943,FM LOT-890FM Maker- 3  11-Jan 10,FM Meat Maker3 CR  New,2025-03-29 15:31:17.977,2025-03-29 18:03:05.363,2025-03-29 19:09:36.260,6000,PMX 100392  Broiler Fin HP,100392,60,60.25,FeedMill_Hammer,204
678,Server1,AFDE5929-DA32-45C5-A0F4-3F0A24C7CDE2,848420B7-8A52-4A72-AE70-DED7963EB34D,943,FM LOT-890FM Maker- 3  11-Jan 10,FM Meat Maker3 CR  New,2025-03-29 15:31:17.977,2025-03-29 18:03:05.363,2025-03-29 19:09:36.260,6000,SALT.,100051,6,6.21,FeedMill_Hammer,204
679,Server1,AFDE5929-DA32-45C5-A0F4-3F0A24C7CDE2,848420B7-8A52-4A72-AE70-DED7963EB34D,943,FM LOT-890FM Maker- 3  11-Jan 10,FM Meat Maker3 CR  New,2025-03-29 15:31:17.977,2025-03-29 18:03:05.363,2025-03-29 19:09:36.260,6000,Sodium Bicarbonate,100052,6.303,5.839999,FeedMill_Hammer,203
680,Server1,AFDE5929-DA32-45C5-A0F4-3F0A24C7CDE2,848420B7-8A52-4A72-AE70-DED7963EB34D,943,FM LOT-890FM Maker- 3  11-Jan 10,FM Meat Maker3 CR  New,2025-03-29 15:31:17.977,2025-03-29 18:03:05.363,2025-03-29 19:09:36.260,6000,SOYA BEAN 100359,100359,900,896.4,FeedMill_Hammer,202
681,Server1,AFDE5929-DA32-45C5-A0F4-3F0A24C7CDE2,848420B7-8A52-4A72-AE70-DED7963EB34D,943,FM LOT-890FM Maker- 3  11-Jan 10,FM Meat Maker3 CR  New,2025-03-29 15:31:17.977,2025-03-29 18:03:05.363,2025-03-29 19:09:36.260,12000,Soya Oil,100024,50,50.04383,FeedMill_Hammer,100
682,Server1,AFDE5929-DA32-45C5-A0F4-3F0A24C7CDE2,848420B7-8A52-4A72-AE70-DED7963EB34D,943,FM LOT-890FM Maker- 3  11-Jan 10,FM Meat Maker3 CR  New,2025-03-29 15:31:17.977,2025-03-29 18:03:05.363,2025-03-29 19:09:36.260,12000,Water,1001,30,39.28231,FeedMill_Hammer,100
683,Server1,9E660B34-EAB9-4576-AF1B-41AEBBCBF130,ACCE71FE-23E2-4992-960A-4237953CD1BD,941,FM LOT-888FM Maker - 1 DDGS Al 4,FM Maker 1 DDGS,2025-03-29 11:45:43.800,2025-03-29 13:13:24.490,2025-03-29 19:06:04.087,6000,AMA-Poultry,100517,1.2,1.2,FeedMill_Hammer,203
684,Server1,9E660B34-EAB9-4576-AF1B-41AEBBCBF130,ACCE71FE-23E2-4992-960A-4237953CD1BD,941,FM LOT-888FM Maker - 1 DDGS Al 4,FM Maker 1 DDGS,2025-03-29 11:45:43.800,2025-03-29 13:13:24.490,2025-03-29 19:06:04.087,6000,Beta Mannanese,100511,0.99,0.9800005,FeedMill_Hammer,203
685,Server1,9E660B34-EAB9-4576-AF1B-41AEBBCBF130,ACCE71FE-23E2-4992-960A-4237953CD1BD,941,FM LOT-888FM Maker - 1 DDGS Al 4,FM Maker 1 DDGS,2025-03-29 11:45:43.800,2025-03-29 13:13:24.490,2025-03-29 19:06:04.087,6000,Copper proteinate 15%,100068,0.3,0.3699999,FeedMill_Hammer,203
686,Server1,9E660B34-EAB9-4576-AF1B-41AEBBCBF130,ACCE71FE-23E2-4992-960A-4237953CD1BD,941,FM LOT-888FM Maker - 1 DDGS Al 4,FM Maker 1 DDGS,2025-03-29 11:45:43.800,2025-03-29 13:13:24.490,2025-03-29 19:06:04.087,6000,CORN,100038,1536,1540.5,FeedMill_Hammer,201
687,Server1,9E660B34-EAB9-4576-AF1B-41AEBBCBF130,ACCE71FE-23E2-4992-960A-4237953CD1BD,941,FM LOT-888FM Maker - 1 DDGS Al 4,FM Maker 1 DDGS,2025-03-29 11:45:43.800,2025-03-29 13:13:24.490,2025-03-29 19:06:04.087,6000,DDGS,100427,147,146.6,FeedMill_Hammer,202
688,Server1,9E660B34-EAB9-4576-AF1B-41AEBBCBF130,ACCE71FE-23E2-4992-960A-4237953CD1BD,941,FM LOT-888FM Maker - 1 DDGS Al 4,FM Maker 1 DDGS,2025-03-29 11:45:43.800,2025-03-29 13:13:24.490,2025-03-29 19:06:04.087,12000,MCP,2001445,21,20.95999,FeedMill_Hammer,204
689,Server1,9E660B34-EAB9-4576-AF1B-41AEBBCBF130,ACCE71FE-23E2-4992-960A-4237953CD1BD,941,FM LOT-888FM Maker - 1 DDGS Al 4,FM Maker 1 DDGS,2025-03-29 11:45:43.800,2025-03-29 13:13:24.490,2025-03-29 19:06:04.087,12000,METH,1004,11.1,11.10297,FeedMill_Hammer,100
690,Server1,9E660B34-EAB9-4576-AF1B-41AEBBCBF130,ACCE71FE-23E2-4992-960A-4237953CD1BD,941,FM LOT-888FM Maker - 1 DDGS Al 4,FM Maker 1 DDGS,2025-03-29 11:45:43.800,2025-03-29 13:13:24.490,2025-03-29 19:06:04.087,6000,PMX 100314 Broiler Starter,100314,60,60.05,FeedMill_Hammer,204
691,Server1,9E660B34-EAB9-4576-AF1B-41AEBBCBF130,ACCE71FE-23E2-4992-960A-4237953CD1BD,941,FM LOT-888FM Maker - 1 DDGS Al 4,FM Maker 1 DDGS,2025-03-29 11:45:43.800,2025-03-29 13:13:24.490,2025-03-29 19:06:04.087,6000,Prebotic(Celmanax dry),100466,3,2.12,FeedMill_Hammer,203
692,Server1,9E660B34-EAB9-4576-AF1B-41AEBBCBF130,ACCE71FE-23E2-4992-960A-4237953CD1BD,941,FM LOT-888FM Maker - 1 DDGS Al 4,FM Maker 1 DDGS,2025-03-29 11:45:43.800,2025-03-29 13:13:24.490,2025-03-29 19:06:04.087,6000,Protease Enzyme,100389,0.6,0.5899999,FeedMill_Hammer,203
693,Server1,9E660B34-EAB9-4576-AF1B-41AEBBCBF130,ACCE71FE-23E2-4992-960A-4237953CD1BD,941,FM LOT-888FM Maker - 1 DDGS Al 4,FM Maker 1 DDGS,2025-03-29 11:45:43.800,2025-03-29 13:13:24.490,2025-03-29 19:06:04.087,12000,RM Emulsifier,100560,0.75,0.6599998,FeedMill_Hammer,203
694,Server1,9E660B34-EAB9-4576-AF1B-41AEBBCBF130,ACCE71FE-23E2-4992-960A-4237953CD1BD,941,FM LOT-888FM Maker - 1 DDGS Al 4,FM Maker 1 DDGS,2025-03-29 11:45:43.800,2025-03-29 13:13:24.490,2025-03-29 19:06:04.087,6000,SALT.,100051,3.3,3.269997,FeedMill_Hammer,204
695,Server1,9E660B34-EAB9-4576-AF1B-41AEBBCBF130,ACCE71FE-23E2-4992-960A-4237953CD1BD,941,FM LOT-888FM Maker - 1 DDGS Al 4,FM Maker 1 DDGS,2025-03-29 11:45:43.800,2025-03-29 13:13:24.490,2025-03-29 19:06:04.087,6000,SMCFA-Fatty acids,GM100465,0.75,0.6200008,FeedMill_Hammer,203
696,Server1,9E660B34-EAB9-4576-AF1B-41AEBBCBF130,ACCE71FE-23E2-4992-960A-4237953CD1BD,941,FM LOT-888FM Maker - 1 DDGS Al 4,FM Maker 1 DDGS,2025-03-29 11:45:43.800,2025-03-29 13:13:24.490,2025-03-29 19:06:04.087,6000,Sodium Formate,100590,9,8.779999,FeedMill_Hammer,203
697,Server1,9E660B34-EAB9-4576-AF1B-41AEBBCBF130,ACCE71FE-23E2-4992-960A-4237953CD1BD,941,FM LOT-888FM Maker - 1 DDGS Al 4,FM Maker 1 DDGS,2025-03-29 11:45:43.800,2025-03-29 13:13:24.490,2025-03-29 19:06:04.087,6000,SOYA BEAN 100359,100359,976.35,976.8,FeedMill_Hammer,202
698,Server1,9E660B34-EAB9-4576-AF1B-41AEBBCBF130,ACCE71FE-23E2-4992-960A-4237953CD1BD,941,FM LOT-888FM Maker - 1 DDGS Al 4,FM Maker 1 DDGS,2025-03-29 11:45:43.800,2025-03-29 13:13:24.490,2025-03-29 19:06:04.087,12000,Soya Oil,100024,48,48.04737,FeedMill_Hammer,100
699,Server1,9E660B34-EAB9-4576-AF1B-41AEBBCBF130,ACCE71FE-23E2-4992-960A-4237953CD1BD,941,FM LOT-888FM Maker - 1 DDGS Al 4,FM Maker 1 DDGS,2025-03-29 11:45:43.800,2025-03-29 13:13:24.490,2025-03-29 19:06:04.087,12000,Water,1001,25,39.58363,FeedMill_Hammer,100
700,Server1,9E660B34-EAB9-4576-AF1B-41AEBBCBF130,ACCE71FE-23E2-4992-960A-4237953CD1BD,941,FM LOT-888FM Maker - 1 DDGS Al 4,FM Maker 1 DDGS,2025-03-29 11:45:43.800,2025-03-29 13:13:24.490,2025-03-29 19:06:04.087,6000,WHEAT,150066,165,163.8,FeedMill_Hammer,201
701,Server1,9E660B34-EAB9-4576-AF1B-41AEBBCBF130,ACCE71FE-23E2-4992-960A-4237953CD1BD,941,FM LOT-888FM Maker - 1 DDGS Al 4,FM Maker 1 DDGS,2025-03-29 11:45:43.800,2025-03-29 13:13:24.490,2025-03-29 19:06:04.087,6000,Wheat Bran,200223,14.16,16.20007,FeedMill_Hammer,201
702,Server1,9E660B34-EAB9-4576-AF1B-41AEBBCBF130,ACCE71FE-23E2-4992-960A-4237953CD1BD,941,FM LOT-888FM Maker - 1 DDGS Al 4,FM Maker 1 DDGS,2025-03-29 11:45:43.800,2025-03-29 13:13:24.490,2025-03-29 19:06:04.087,6000,Xcelsio AAPF,GM0000,1.5,0.7700005,FeedMill_Hammer,203
703,Server1,FF133B10-BA17-48D9-8C4B-4226F8F05268,CF0D184D-DB36-4DD6-A585-597299527334,940,FM LOT-887FM Maker - 1 DDGS 2,FM Maker 1 DDGS,2025-03-29 11:04:34.963,2025-03-29 11:52:03.700,2025-03-29 19:05:01.240,6000,AMA-Poultry,100517,1.2,1,FeedMill_Hammer,203
704,Server1,FF133B10-BA17-48D9-8C4B-4226F8F05268,CF0D184D-DB36-4DD6-A585-597299527334,940,FM LOT-887FM Maker - 1 DDGS 2,FM Maker 1 DDGS,2025-03-29 11:04:34.963,2025-03-29 11:52:03.700,2025-03-29 19:05:01.240,6000,Beta Mannanese,100511,0.99,0.9800005,FeedMill_Hammer,203
705,Server1,FF133B10-BA17-48D9-8C4B-4226F8F05268,CF0D184D-DB36-4DD6-A585-597299527334,940,FM LOT-887FM Maker - 1 DDGS 2,FM Maker 1 DDGS,2025-03-29 11:04:34.963,2025-03-29 11:52:03.700,2025-03-29 19:05:01.240,6000,CORN,100038,1536,1543.5,FeedMill_Hammer,201
706,Server1,FF133B10-BA17-48D9-8C4B-4226F8F05268,CF0D184D-DB36-4DD6-A585-597299527334,940,FM LOT-887FM Maker - 1 DDGS 2,FM Maker 1 DDGS,2025-03-29 11:04:34.963,2025-03-29 11:52:03.700,2025-03-29 19:05:01.240,6000,DDGS,100427,147,152.7,FeedMill_Hammer,202
707,Server1,FF133B10-BA17-48D9-8C4B-4226F8F05268,CF0D184D-DB36-4DD6-A585-597299527334,940,FM LOT-887FM Maker - 1 DDGS 2,FM Maker 1 DDGS,2025-03-29 11:04:34.963,2025-03-29 11:52:03.700,2025-03-29 19:05:01.240,6000,MCP,2001445,20.865,20.91999,FeedMill_Hammer,204
708,Server1,FF133B10-BA17-48D9-8C4B-4226F8F05268,CF0D184D-DB36-4DD6-A585-597299527334,940,FM LOT-887FM Maker - 1 DDGS 2,FM Maker 1 DDGS,2025-03-29 11:04:34.963,2025-03-29 11:52:03.700,2025-03-29 19:05:01.240,12000,METH,1004,11.1,11.10297,FeedMill_Hammer,100
709,Server1,FF133B10-BA17-48D9-8C4B-4226F8F05268,CF0D184D-DB36-4DD6-A585-597299527334,940,FM LOT-887FM Maker - 1 DDGS 2,FM Maker 1 DDGS,2025-03-29 11:04:34.963,2025-03-29 11:52:03.700,2025-03-29 19:05:01.240,12000,PMX 100314 Broiler Starter,100314,60,59.71,FeedMill_Hammer,204
710,Server1,FF133B10-BA17-48D9-8C4B-4226F8F05268,CF0D184D-DB36-4DD6-A585-597299527334,940,FM LOT-887FM Maker - 1 DDGS 2,FM Maker 1 DDGS,2025-03-29 11:04:34.963,2025-03-29 11:52:03.700,2025-03-29 19:05:01.240,6000,Prebotic(Celmanax dry),100466,3,2.73,FeedMill_Hammer,203
711,Server1,FF133B10-BA17-48D9-8C4B-4226F8F05268,CF0D184D-DB36-4DD6-A585-597299527334,940,FM LOT-887FM Maker - 1 DDGS 2,FM Maker 1 DDGS,2025-03-29 11:04:34.963,2025-03-29 11:52:03.700,2025-03-29 19:05:01.240,6000,Protease Enzyme,100389,0.6,0.6799999,FeedMill_Hammer,203
712,Server1,FF133B10-BA17-48D9-8C4B-4226F8F05268,CF0D184D-DB36-4DD6-A585-597299527334,940,FM LOT-887FM Maker - 1 DDGS 2,FM Maker 1 DDGS,2025-03-29 11:04:34.963,2025-03-29 11:52:03.700,2025-03-29 19:05:01.240,6000,Recycle Broiler feed,200000,60,60,FeedMill_Hammer,202
713,Server1,FF133B10-BA17-48D9-8C4B-4226F8F05268,CF0D184D-DB36-4DD6-A585-597299527334,940,FM LOT-887FM Maker - 1 DDGS 2,FM Maker 1 DDGS,2025-03-29 11:04:34.963,2025-03-29 11:52:03.700,2025-03-29 19:05:01.240,6000,RM Emulsifier,100560,0.75,0.789999,FeedMill_Hammer,203
714,Server1,FF133B10-BA17-48D9-8C4B-4226F8F05268,CF0D184D-DB36-4DD6-A585-597299527334,940,FM LOT-887FM Maker - 1 DDGS 2,FM Maker 1 DDGS,2025-03-29 11:04:34.963,2025-03-29 11:52:03.700,2025-03-29 19:05:01.240,6000,SALT.,100051,4.5,4.440002,FeedMill_Hammer,204
715,Server1,FF133B10-BA17-48D9-8C4B-4226F8F05268,CF0D184D-DB36-4DD6-A585-597299527334,940,FM LOT-887FM Maker - 1 DDGS 2,FM Maker 1 DDGS,2025-03-29 11:04:34.963,2025-03-29 11:52:03.700,2025-03-29 19:05:01.240,6000,SMCFA-Fatty acids,GM100465,0.75,0.6800003,FeedMill_Hammer,203
716,Server1,FF133B10-BA17-48D9-8C4B-4226F8F05268,CF0D184D-DB36-4DD6-A585-597299527334,940,FM LOT-887FM Maker - 1 DDGS 2,FM Maker 1 DDGS,2025-03-29 11:04:34.963,2025-03-29 11:52:03.700,2025-03-29 19:05:01.240,6000,Sodium Bicarbonate,100052,9.456,9.279999,FeedMill_Hammer,203
717,Server1,FF133B10-BA17-48D9-8C4B-4226F8F05268,CF0D184D-DB36-4DD6-A585-597299527334,940,FM LOT-887FM Maker - 1 DDGS 2,FM Maker 1 DDGS,2025-03-29 11:04:34.963,2025-03-29 11:52:03.700,2025-03-29 19:05:01.240,6000,SOYA BEAN 100359,100359,976.35,972.1,FeedMill_Hammer,202
718,Server1,FF133B10-BA17-48D9-8C4B-4226F8F05268,CF0D184D-DB36-4DD6-A585-597299527334,940,FM LOT-887FM Maker - 1 DDGS 2,FM Maker 1 DDGS,2025-03-29 11:04:34.963,2025-03-29 11:52:03.700,2025-03-29 19:05:01.240,12000,Soya Oil,100024,48,48.04638,FeedMill_Hammer,100
719,Server1,FF133B10-BA17-48D9-8C4B-4226F8F05268,CF0D184D-DB36-4DD6-A585-597299527334,940,FM LOT-887FM Maker - 1 DDGS 2,FM Maker 1 DDGS,2025-03-29 11:04:34.963,2025-03-29 11:52:03.700,2025-03-29 19:05:01.240,12000,Water,1001,45,39.35262,FeedMill_Hammer,100
720,Server1,FF133B10-BA17-48D9-8C4B-4226F8F05268,CF0D184D-DB36-4DD6-A585-597299527334,940,FM LOT-887FM Maker - 1 DDGS 2,FM Maker 1 DDGS,2025-03-29 11:04:34.963,2025-03-29 11:52:03.700,2025-03-29 19:05:01.240,12000,WHEAT,150066,165.393,170,FeedMill_Hammer,201
721,Server1,FF133B10-BA17-48D9-8C4B-4226F8F05268,CF0D184D-DB36-4DD6-A585-597299527334,940,FM LOT-887FM Maker - 1 DDGS 2,FM Maker 1 DDGS,2025-03-29 11:04:34.963,2025-03-29 11:52:03.700,2025-03-29 19:05:01.240,12000,Wheat Bran,200223,12.546,12.8999,FeedMill_Hammer,201
722,Server1,FF133B10-BA17-48D9-8C4B-4226F8F05268,CF0D184D-DB36-4DD6-A585-597299527334,940,FM LOT-887FM Maker - 1 DDGS 2,FM Maker 1 DDGS,2025-03-29 11:04:34.963,2025-03-29 11:52:03.700,2025-03-29 19:05:01.240,6000,Xcelsio AAPF,GM0000,1.5,1.35,FeedMill_Hammer,203
723,Server1,47B6FC27-A4CA-42E8-88B6-426AA63332DA,33779993-093C-4049-9E98-6E73C2C62C4A,922,FM LOT-871FM Layer Post Peak M 3,FM Layer Post Peak Mash,2025-03-28 15:02:03.460,2025-03-28 16:16:14.243,2025-03-28 16:17:46.850,6000,CORN,100038,1725,1729.2,FeedMill_Roller,201
724,Server1,47B6FC27-A4CA-42E8-88B6-426AA63332DA,33779993-093C-4049-9E98-6E73C2C62C4A,922,FM LOT-871FM Layer Post Peak M 3,FM Layer Post Peak Mash,2025-03-28 15:02:03.460,2025-03-28 16:16:14.243,2025-03-28 16:17:46.850,6000,Limestone,100048,63.36,67.29999,FeedMill_Roller,202
725,Server1,47B6FC27-A4CA-42E8-88B6-426AA63332DA,33779993-093C-4049-9E98-6E73C2C62C4A,922,FM LOT-871FM Layer Post Peak M 3,FM Layer Post Peak Mash,2025-03-28 15:02:03.460,2025-03-28 16:16:14.243,2025-03-28 16:17:46.850,6000,MARBLE Chips,100341,242.826,241.8999,FeedMill_Roller,201
726,Server1,47B6FC27-A4CA-42E8-88B6-426AA63332DA,33779993-093C-4049-9E98-6E73C2C62C4A,922,FM LOT-871FM Layer Post Peak M 3,FM Layer Post Peak Mash,2025-03-28 15:02:03.460,2025-03-28 16:16:14.243,2025-03-28 16:17:46.850,12000,MCP,2001445,14.904,14.9,FeedMill_Roller,204
727,Server1,47B6FC27-A4CA-42E8-88B6-426AA63332DA,33779993-093C-4049-9E98-6E73C2C62C4A,922,FM LOT-871FM Layer Post Peak M 3,FM Layer Post Peak Mash,2025-03-28 15:02:03.460,2025-03-28 16:16:14.243,2025-03-28 16:17:46.850,12000,METH,1004,5.652,5.677179,FeedMill_Roller,100
728,Server1,47B6FC27-A4CA-42E8-88B6-426AA63332DA,33779993-093C-4049-9E98-6E73C2C62C4A,922,FM LOT-871FM Layer Post Peak M 3,FM Layer Post Peak Mash,2025-03-28 15:02:03.460,2025-03-28 16:16:14.243,2025-03-28 16:17:46.850,12000,Molasses,100085,57,57.20529,FeedMill_Roller,NULL
729,Server1,47B6FC27-A4CA-42E8-88B6-426AA63332DA,33779993-093C-4049-9E98-6E73C2C62C4A,922,FM LOT-871FM Layer Post Peak M 3,FM Layer Post Peak Mash,2025-03-28 15:02:03.460,2025-03-28 16:16:14.243,2025-03-28 16:17:46.850,12000,Palm Oil,100284,36,36.32432,FeedMill_Roller,100
730,Server1,47B6FC27-A4CA-42E8-88B6-426AA63332DA,33779993-093C-4049-9E98-6E73C2C62C4A,922,FM LOT-871FM Layer Post Peak M 3,FM Layer Post Peak Mash,2025-03-28 15:02:03.460,2025-03-28 16:16:14.243,2025-03-28 16:17:46.850,12000,PMX 100366 Layer Mash,100366,45,45.14999,FeedMill_Roller,204
731,Server1,47B6FC27-A4CA-42E8-88B6-426AA63332DA,33779993-093C-4049-9E98-6E73C2C62C4A,922,FM LOT-871FM Layer Post Peak M 3,FM Layer Post Peak Mash,2025-03-28 15:02:03.460,2025-03-28 16:16:14.243,2025-03-28 16:17:46.850,6000,SOYA BEAN 100359,100359,724.5,727.7,FeedMill_Roller,202
732,Server1,47B6FC27-A4CA-42E8-88B6-426AA63332DA,33779993-093C-4049-9E98-6E73C2C62C4A,922,FM LOT-871FM Layer Post Peak M 3,FM Layer Post Peak Mash,2025-03-28 15:02:03.460,2025-03-28 16:16:14.243,2025-03-28 16:17:46.850,12000,Soya Oil,100024,22.2,22.24712,FeedMill_Roller,100
733,Server1,47B6FC27-A4CA-42E8-88B6-426AA63332DA,33779993-093C-4049-9E98-6E73C2C62C4A,922,FM LOT-871FM Layer Post Peak M 3,FM Layer Post Peak Mash,2025-03-28 15:02:03.460,2025-03-28 16:16:14.243,2025-03-28 16:17:46.850,6000,Wheat Bran,200223,63.558,63.20007,FeedMill_Roller,201
734,Server1,829F2CE7-6C85-4765-AFF9-43333E73CC72,A59DAA74-9EE0-4348-8BB0-B6BACE8E1257,937,FM LOT-884HM AlWasmi MM- 3 01,FM Al Wasmi MM-3 PL,2025-03-29 04:49:17.437,2025-03-29 05:23:17.883,2025-03-29 05:27:36.157,6000,AMA-Poultry,100517,1.2,1.22,FeedMill_Hammer,203
735,Server1,829F2CE7-6C85-4765-AFF9-43333E73CC72,A59DAA74-9EE0-4348-8BB0-B6BACE8E1257,937,FM LOT-884HM AlWasmi MM- 3 01,FM Al Wasmi MM-3 PL,2025-03-29 04:49:17.437,2025-03-29 05:23:17.883,2025-03-29 05:27:36.157,6000,CORN,100038,300,295.4,FeedMill_Hammer,202
736,Server1,829F2CE7-6C85-4765-AFF9-43333E73CC72,A59DAA74-9EE0-4348-8BB0-B6BACE8E1257,937,FM LOT-884HM AlWasmi MM- 3 01,FM Al Wasmi MM-3 PL,2025-03-29 04:49:17.437,2025-03-29 05:23:17.883,2025-03-29 05:27:36.157,6000,DL-Methionine Premix,100001,4.296,4.139999,FeedMill_Hammer,204
737,Server1,829F2CE7-6C85-4765-AFF9-43333E73CC72,A59DAA74-9EE0-4348-8BB0-B6BACE8E1257,937,FM LOT-884HM AlWasmi MM- 3 01,FM Al Wasmi MM-3 PL,2025-03-29 04:49:17.437,2025-03-29 05:23:17.883,2025-03-29 05:27:36.157,6000,Feed Enzyme,100021,0.21,0.21,FeedMill_Hammer,203
738,Server1,829F2CE7-6C85-4765-AFF9-43333E73CC72,A59DAA74-9EE0-4348-8BB0-B6BACE8E1257,937,FM LOT-884HM AlWasmi MM- 3 01,FM Al Wasmi MM-3 PL,2025-03-29 04:49:17.437,2025-03-29 05:23:17.883,2025-03-29 05:27:36.157,12000,MCP,2001445,11.967,72.85999,FeedMill_Hammer,204
739,Server1,829F2CE7-6C85-4765-AFF9-43333E73CC72,A59DAA74-9EE0-4348-8BB0-B6BACE8E1257,937,FM LOT-884HM AlWasmi MM- 3 01,FM Al Wasmi MM-3 PL,2025-03-29 04:49:17.437,2025-03-29 05:23:17.883,2025-03-29 05:27:36.157,12000,Palm Oil,100284,24,24.08194,FeedMill_Hammer,100
740,Server1,829F2CE7-6C85-4765-AFF9-43333E73CC72,A59DAA74-9EE0-4348-8BB0-B6BACE8E1257,937,FM LOT-884HM AlWasmi MM- 3 01,FM Al Wasmi MM-3 PL,2025-03-29 04:49:17.437,2025-03-29 05:23:17.883,2025-03-29 05:27:36.157,6000,Pmx 100412  Baladi MM2,100412,60,60.10999,FeedMill_Hammer,204
741,Server1,829F2CE7-6C85-4765-AFF9-43333E73CC72,A59DAA74-9EE0-4348-8BB0-B6BACE8E1257,937,FM LOT-884HM AlWasmi MM- 3 01,FM Al Wasmi MM-3 PL,2025-03-29 04:49:17.437,2025-03-29 05:23:17.883,2025-03-29 05:27:36.157,6000,Protease Enzyme,100389,0.6,0.55,FeedMill_Hammer,203
742,Server1,829F2CE7-6C85-4765-AFF9-43333E73CC72,A59DAA74-9EE0-4348-8BB0-B6BACE8E1257,937,FM LOT-884HM AlWasmi MM- 3 01,FM Al Wasmi MM-3 PL,2025-03-29 04:49:17.437,2025-03-29 05:23:17.883,2025-03-29 05:27:36.157,6000,Recycle Broiler feed,200000,60,60,FeedMill_Hammer,202
743,Server1,829F2CE7-6C85-4765-AFF9-43333E73CC72,A59DAA74-9EE0-4348-8BB0-B6BACE8E1257,937,FM LOT-884HM AlWasmi MM- 3 01,FM Al Wasmi MM-3 PL,2025-03-29 04:49:17.437,2025-03-29 05:23:17.883,2025-03-29 05:27:36.157,6000,SALT.,100051,8.679,8.639999,FeedMill_Hammer,204
744,Server1,829F2CE7-6C85-4765-AFF9-43333E73CC72,A59DAA74-9EE0-4348-8BB0-B6BACE8E1257,937,FM LOT-884HM AlWasmi MM- 3 01,FM Al Wasmi MM-3 PL,2025-03-29 04:49:17.437,2025-03-29 05:23:17.883,2025-03-29 05:27:36.157,6000,Sodium Bicarbonate,100052,2.4,2.32,FeedMill_Hammer,203
745,Server1,829F2CE7-6C85-4765-AFF9-43333E73CC72,A59DAA74-9EE0-4348-8BB0-B6BACE8E1257,937,FM LOT-884HM AlWasmi MM- 3 01,FM Al Wasmi MM-3 PL,2025-03-29 04:49:17.437,2025-03-29 05:23:17.883,2025-03-29 05:27:36.157,6000,SOYA BEAN 100359,100359,660,658,FeedMill_Hammer,202
746,Server1,829F2CE7-6C85-4765-AFF9-43333E73CC72,A59DAA74-9EE0-4348-8BB0-B6BACE8E1257,937,FM LOT-884HM AlWasmi MM- 3 01,FM Al Wasmi MM-3 PL,2025-03-29 04:49:17.437,2025-03-29 05:23:17.883,2025-03-29 05:27:36.157,6000,Soya Oil,100024,27,27.02463,FeedMill_Hammer,100
747,Server1,829F2CE7-6C85-4765-AFF9-43333E73CC72,A59DAA74-9EE0-4348-8BB0-B6BACE8E1257,937,FM LOT-884HM AlWasmi MM- 3 01,FM Al Wasmi MM-3 PL,2025-03-29 04:49:17.437,2025-03-29 05:23:17.883,2025-03-29 05:27:36.157,12000,Water,1001,45,39.43297,FeedMill_Hammer,100
748,Server1,829F2CE7-6C85-4765-AFF9-43333E73CC72,A59DAA74-9EE0-4348-8BB0-B6BACE8E1257,937,FM LOT-884HM AlWasmi MM- 3 01,FM Al Wasmi MM-3 PL,2025-03-29 04:49:17.437,2025-03-29 05:23:17.883,2025-03-29 05:27:36.157,6000,WHEAT,150066,1800,1797.4,FeedMill_Hammer,201
749,Server1,829F2CE7-6C85-4765-AFF9-43333E73CC72,A59DAA74-9EE0-4348-8BB0-B6BACE8E1257,937,FM LOT-884HM AlWasmi MM- 3 01,FM Al Wasmi MM-3 PL,2025-03-29 04:49:17.437,2025-03-29 05:23:17.883,2025-03-29 05:27:36.157,6000,Wheat Bran,200223,99.648,99,FeedMill_Hammer,201
750,Server1,5CB812CD-7916-4BF3-8212-451EA714BA09,B2F676B8-EA69-4F9D-ADD4-086CB73D5056,918,FM LOT-867FM Ruminant 13% 07,FM Ruminant 13%,2025-03-28 07:23:32.293,2025-03-28 09:38:00.950,2025-03-28 09:39:05.200,6000,Availa Cr1000 Zinpro USA,100607,0.9,1.07,FeedMill_Hammer,203
751,Server1,5CB812CD-7916-4BF3-8212-451EA714BA09,B2F676B8-EA69-4F9D-ADD4-086CB73D5056,918,FM LOT-867FM Ruminant 13% 07,FM Ruminant 13%,2025-03-28 07:23:32.293,2025-03-28 09:38:00.950,2025-03-28 09:39:05.200,6000,BARLEY,100334,225,223.9,FeedMill_Hammer,202
752,Server1,5CB812CD-7916-4BF3-8212-451EA714BA09,B2F676B8-EA69-4F9D-ADD4-086CB73D5056,918,FM LOT-867FM Ruminant 13% 07,FM Ruminant 13%,2025-03-28 07:23:32.293,2025-03-28 09:38:00.950,2025-03-28 09:39:05.200,6000,Bran Pellets,200321,700,692,FeedMill_Hammer,202
753,Server1,5CB812CD-7916-4BF3-8212-451EA714BA09,B2F676B8-EA69-4F9D-ADD4-086CB73D5056,918,FM LOT-867FM Ruminant 13% 07,FM Ruminant 13%,2025-03-28 07:23:32.293,2025-03-28 09:38:00.950,2025-03-28 09:39:05.200,6000,corn screening,100583,210,212.5,FeedMill_Hammer,202
754,Server1,5CB812CD-7916-4BF3-8212-451EA714BA09,B2F676B8-EA69-4F9D-ADD4-086CB73D5056,918,FM LOT-867FM Ruminant 13% 07,FM Ruminant 13%,2025-03-28 07:23:32.293,2025-03-28 09:38:00.950,2025-03-28 09:39:05.200,6000,DDGS,100427,195,191.6,FeedMill_Hammer,202
755,Server1,5CB812CD-7916-4BF3-8212-451EA714BA09,B2F676B8-EA69-4F9D-ADD4-086CB73D5056,918,FM LOT-867FM Ruminant 13% 07,FM Ruminant 13%,2025-03-28 07:23:32.293,2025-03-28 09:38:00.950,2025-03-28 09:39:05.200,6000,Limestone,100048,63.9,64.10004,FeedMill_Hammer,202
756,Server1,5CB812CD-7916-4BF3-8212-451EA714BA09,B2F676B8-EA69-4F9D-ADD4-086CB73D5056,918,FM LOT-867FM Ruminant 13% 07,FM Ruminant 13%,2025-03-28 07:23:32.293,2025-03-28 09:38:00.950,2025-03-28 09:39:05.200,12000,Molasses,100085,120,120.3607,FeedMill_Hammer,NULL
757,Server1,5CB812CD-7916-4BF3-8212-451EA714BA09,B2F676B8-EA69-4F9D-ADD4-086CB73D5056,918,FM LOT-867FM Ruminant 13% 07,FM Ruminant 13%,2025-03-28 07:23:32.293,2025-03-28 09:38:00.950,2025-03-28 09:39:05.200,12000,PMX 100331 Ruminant,100331,9,9.019997,FeedMill_Hammer,204
758,Server1,5CB812CD-7916-4BF3-8212-451EA714BA09,B2F676B8-EA69-4F9D-ADD4-086CB73D5056,918,FM LOT-867FM Ruminant 13% 07,FM Ruminant 13%,2025-03-28 07:23:32.293,2025-03-28 09:38:00.950,2025-03-28 09:39:05.200,12000,RAPSEED,100081,209.4,211,FeedMill_Hammer,202
759,Server1,5CB812CD-7916-4BF3-8212-451EA714BA09,B2F676B8-EA69-4F9D-ADD4-086CB73D5056,918,FM LOT-867FM Ruminant 13% 07,FM Ruminant 13%,2025-03-28 07:23:32.293,2025-03-28 09:38:00.950,2025-03-28 09:39:05.200,6000,RICE HUSK,100317,600,598.4,FeedMill_Hammer,201
760,Server1,5CB812CD-7916-4BF3-8212-451EA714BA09,B2F676B8-EA69-4F9D-ADD4-086CB73D5056,918,FM LOT-867FM Ruminant 13% 07,FM Ruminant 13%,2025-03-28 07:23:32.293,2025-03-28 09:38:00.950,2025-03-28 09:39:05.200,6000,SALT.,100051,28.8,28.79,FeedMill_Hammer,204
761,Server1,5CB812CD-7916-4BF3-8212-451EA714BA09,B2F676B8-EA69-4F9D-ADD4-086CB73D5056,918,FM LOT-867FM Ruminant 13% 07,FM Ruminant 13%,2025-03-28 07:23:32.293,2025-03-28 09:38:00.950,2025-03-28 09:39:05.200,6000,Sodium Bicarbonate,100052,6,6.19,FeedMill_Hammer,203
762,Server1,5CB812CD-7916-4BF3-8212-451EA714BA09,B2F676B8-EA69-4F9D-ADD4-086CB73D5056,918,FM LOT-867FM Ruminant 13% 07,FM Ruminant 13%,2025-03-28 07:23:32.293,2025-03-28 09:38:00.950,2025-03-28 09:39:05.200,12000,Water,1001,45,39.23209,FeedMill_Hammer,100
763,Server1,5CB812CD-7916-4BF3-8212-451EA714BA09,B2F676B8-EA69-4F9D-ADD4-086CB73D5056,918,FM LOT-867FM Ruminant 13% 07,FM Ruminant 13%,2025-03-28 07:23:32.293,2025-03-28 09:38:00.950,2025-03-28 09:39:05.200,6000,Wheat Bran,200223,632.9,619.9001,FeedMill_Hammer,201
764,Server1,2821C314-CFD1-44AA-92EB-46E81551773D,848420B7-8A52-4A72-AE70-DED7963EB34D,943,FM LOT-890FM Maker - 3  11-Jan 3,FM Meat Maker3 CR  New,2025-03-29 13:04:18.113,2025-03-29 14:19:37.973,2025-03-29 19:07:03.473,6000,CORN,100038,1860,1864.5,FeedMill_Hammer,201
765,Server1,2821C314-CFD1-44AA-92EB-46E81551773D,848420B7-8A52-4A72-AE70-DED7963EB34D,943,FM LOT-890FM Maker - 3  11-Jan 3,FM Meat Maker3 CR  New,2025-03-29 13:04:18.113,2025-03-29 14:19:37.973,2025-03-29 19:07:03.473,12000,MCP,2001445,12.405,12.37,FeedMill_Hammer,204
766,Server1,2821C314-CFD1-44AA-92EB-46E81551773D,848420B7-8A52-4A72-AE70-DED7963EB34D,943,FM LOT-890FM Maker - 3  11-Jan 3,FM Meat Maker3 CR  New,2025-03-29 13:04:18.113,2025-03-29 14:19:37.973,2025-03-29 19:07:03.473,12000,METH,1004,12,12.00378,FeedMill_Hammer,100
767,Server1,2821C314-CFD1-44AA-92EB-46E81551773D,848420B7-8A52-4A72-AE70-DED7963EB34D,943,FM LOT-890FM Maker - 3  11-Jan 3,FM Meat Maker3 CR  New,2025-03-29 13:04:18.113,2025-03-29 14:19:37.973,2025-03-29 19:07:03.473,12000,PMX 100392  Broiler Fin HP,100392,60,60.01999,FeedMill_Hammer,204
768,Server1,2821C314-CFD1-44AA-92EB-46E81551773D,848420B7-8A52-4A72-AE70-DED7963EB34D,943,FM LOT-890FM Maker - 3  11-Jan 3,FM Meat Maker3 CR  New,2025-03-29 13:04:18.113,2025-03-29 14:19:37.973,2025-03-29 19:07:03.473,6000,SALT.,100051,6,6.209999,FeedMill_Hammer,204
769,Server1,2821C314-CFD1-44AA-92EB-46E81551773D,848420B7-8A52-4A72-AE70-DED7963EB34D,943,FM LOT-890FM Maker - 3  11-Jan 3,FM Meat Maker3 CR  New,2025-03-29 13:04:18.113,2025-03-29 14:19:37.973,2025-03-29 19:07:03.473,6000,Sodium Bicarbonate,100052,6.303,6.249999,FeedMill_Hammer,203
770,Server1,2821C314-CFD1-44AA-92EB-46E81551773D,848420B7-8A52-4A72-AE70-DED7963EB34D,943,FM LOT-890FM Maker - 3  11-Jan 3,FM Meat Maker3 CR  New,2025-03-29 13:04:18.113,2025-03-29 14:19:37.973,2025-03-29 19:07:03.473,6000,SOYA BEAN 100359,100359,900,902.9,FeedMill_Hammer,202
771,Server1,2821C314-CFD1-44AA-92EB-46E81551773D,848420B7-8A52-4A72-AE70-DED7963EB34D,943,FM LOT-890FM Maker - 3  11-Jan 3,FM Meat Maker3 CR  New,2025-03-29 13:04:18.113,2025-03-29 14:19:37.973,2025-03-29 19:07:03.473,12000,Soya Oil,100024,50,50.04576,FeedMill_Hammer,100
772,Server1,2821C314-CFD1-44AA-92EB-46E81551773D,848420B7-8A52-4A72-AE70-DED7963EB34D,943,FM LOT-890FM Maker - 3  11-Jan 3,FM Meat Maker3 CR  New,2025-03-29 13:04:18.113,2025-03-29 14:19:37.973,2025-03-29 19:07:03.473,12000,Water,1001,30,39.48319,FeedMill_Hammer,100
773,Server1,5ED6C438-3B58-405C-8145-47B824BE03D7,F964933A-7773-4167-AB69-1DB4F8BE4319,927,FM LOT-876HM Baladi Egg Maker 1,FM Baladi Egg Maker,2025-03-28 18:08:00.173,2025-03-28 19:22:23.903,2025-03-28 19:23:29.210,6000,AMA-Poultry,100517,0.9,0.8799996,FeedMill_Hammer,203
774,Server1,5ED6C438-3B58-405C-8145-47B824BE03D7,F964933A-7773-4167-AB69-1DB4F8BE4319,927,FM LOT-876HM Baladi Egg Maker 1,FM Baladi Egg Maker,2025-03-28 18:08:00.173,2025-03-28 19:22:23.903,2025-03-28 19:23:29.210,6000,Carrophyl Yellow,100079,0.06,0.06999969,FeedMill_Hammer,203
775,Server1,5ED6C438-3B58-405C-8145-47B824BE03D7,F964933A-7773-4167-AB69-1DB4F8BE4319,927,FM LOT-876HM Baladi Egg Maker 1,FM Baladi Egg Maker,2025-03-28 18:08:00.173,2025-03-28 19:22:23.903,2025-03-28 19:23:29.210,6000,CORN,100038,450,450.5,FeedMill_Hammer,201
776,Server1,5ED6C438-3B58-405C-8145-47B824BE03D7,F964933A-7773-4167-AB69-1DB4F8BE4319,927,FM LOT-876HM Baladi Egg Maker 1,FM Baladi Egg Maker,2025-03-28 18:08:00.173,2025-03-28 19:22:23.903,2025-03-28 19:23:29.210,6000,Feed Enzyme,100021,0.21,0.2000003,FeedMill_Hammer,203
777,Server1,5ED6C438-3B58-405C-8145-47B824BE03D7,F964933A-7773-4167-AB69-1DB4F8BE4319,927,FM LOT-876HM Baladi Egg Maker 1,FM Baladi Egg Maker,2025-03-28 18:08:00.173,2025-03-28 19:22:23.903,2025-03-28 19:23:29.210,12000,layer  Recycle,200001,60,59.59998,FeedMill_Hammer,202
778,Server1,5ED6C438-3B58-405C-8145-47B824BE03D7,F964933A-7773-4167-AB69-1DB4F8BE4319,927,FM LOT-876HM Baladi Egg Maker 1,FM Baladi Egg Maker,2025-03-28 18:08:00.173,2025-03-28 19:22:23.903,2025-03-28 19:23:29.210,6000,Limestone,100048,282,294.2,FeedMill_Hammer,202
779,Server1,5ED6C438-3B58-405C-8145-47B824BE03D7,F964933A-7773-4167-AB69-1DB4F8BE4319,927,FM LOT-876HM Baladi Egg Maker 1,FM Baladi Egg Maker,2025-03-28 18:08:00.173,2025-03-28 19:22:23.903,2025-03-28 19:23:29.210,6000,Lysine,100000,2.619,2.66,FeedMill_Hammer,203
780,Server1,5ED6C438-3B58-405C-8145-47B824BE03D7,F964933A-7773-4167-AB69-1DB4F8BE4319,927,FM LOT-876HM Baladi Egg Maker 1,FM Baladi Egg Maker,2025-03-28 18:08:00.173,2025-03-28 19:22:23.903,2025-03-28 19:23:29.210,12000,MCP,2001445,8.796,8.809998,FeedMill_Hammer,204
781,Server1,5ED6C438-3B58-405C-8145-47B824BE03D7,F964933A-7773-4167-AB69-1DB4F8BE4319,927,FM LOT-876HM Baladi Egg Maker 1,FM Baladi Egg Maker,2025-03-28 18:08:00.173,2025-03-28 19:22:23.903,2025-03-28 19:23:29.210,12000,METH,1004,2.475,5.216301,FeedMill_Hammer,100
782,Server1,5ED6C438-3B58-405C-8145-47B824BE03D7,F964933A-7773-4167-AB69-1DB4F8BE4319,927,FM LOT-876HM Baladi Egg Maker 1,FM Baladi Egg Maker,2025-03-28 18:08:00.173,2025-03-28 19:22:23.903,2025-03-28 19:23:29.210,6000,PMX 100414 Baladi Egg Maker,100414,45,45.02999,FeedMill_Hammer,204
783,Server1,5ED6C438-3B58-405C-8145-47B824BE03D7,F964933A-7773-4167-AB69-1DB4F8BE4319,927,FM LOT-876HM Baladi Egg Maker 1,FM Baladi Egg Maker,2025-03-28 18:08:00.173,2025-03-28 19:22:23.903,2025-03-28 19:23:29.210,6000,Protease Enzyme,100389,0.6,0.5299997,FeedMill_Hammer,203
784,Server1,5ED6C438-3B58-405C-8145-47B824BE03D7,F964933A-7773-4167-AB69-1DB4F8BE4319,927,FM LOT-876HM Baladi Egg Maker 1,FM Baladi Egg Maker,2025-03-28 18:08:00.173,2025-03-28 19:22:23.903,2025-03-28 19:23:29.210,6000,SOYA BEAN 100359,100359,354.114,352.1,FeedMill_Hammer,202
785,Server1,5ED6C438-3B58-405C-8145-47B824BE03D7,F964933A-7773-4167-AB69-1DB4F8BE4319,927,FM LOT-876HM Baladi Egg Maker 1,FM Baladi Egg Maker,2025-03-28 18:08:00.173,2025-03-28 19:22:23.903,2025-03-28 19:23:29.210,12000,Soya Oil,100024,30,55.75726,FeedMill_Hammer,100
786,Server1,5ED6C438-3B58-405C-8145-47B824BE03D7,F964933A-7773-4167-AB69-1DB4F8BE4319,927,FM LOT-876HM Baladi Egg Maker 1,FM Baladi Egg Maker,2025-03-28 18:08:00.173,2025-03-28 19:22:23.903,2025-03-28 19:23:29.210,12000,Water,1001,45,39.50328,FeedMill_Hammer,100
787,Server1,5ED6C438-3B58-405C-8145-47B824BE03D7,F964933A-7773-4167-AB69-1DB4F8BE4319,927,FM LOT-876HM Baladi Egg Maker 1,FM Baladi Egg Maker,2025-03-28 18:08:00.173,2025-03-28 19:22:23.903,2025-03-28 19:23:29.210,12000,WHEAT,150066,1605.477,1604.3,FeedMill_Hammer,201
788,Server1,5ED6C438-3B58-405C-8145-47B824BE03D7,F964933A-7773-4167-AB69-1DB4F8BE4319,927,FM LOT-876HM Baladi Egg Maker 1,FM Baladi Egg Maker,2025-03-28 18:08:00.173,2025-03-28 19:22:23.903,2025-03-28 19:23:29.210,6000,Wheat Bran,200223,217.749,214.6001,FeedMill_Hammer,201
789,Server1,E0BDE6E5-97C8-481A-9230-48086668C9C9,50629DD9-4014-4A48-A719-BAE0DF1B0E67,459,HM Baladi Egg Maker  - FM LOT- 2,FM Baladi Egg Maker,2024-11-25 17:00:53.810,2024-11-25 18:44:53.303,2024-11-25 18:46:03.467,6000,AMA-Poultry,100517,0.9,1.02,FeedMill_Hammer,203
790,Server1,E0BDE6E5-97C8-481A-9230-48086668C9C9,50629DD9-4014-4A48-A719-BAE0DF1B0E67,459,HM Baladi Egg Maker  - FM LOT- 2,FM Baladi Egg Maker,2024-11-25 17:00:53.810,2024-11-25 18:44:53.303,2024-11-25 18:46:03.467,3000,BRAN,200223,217.749,214,FeedMill_Hammer,201
791,Server1,E0BDE6E5-97C8-481A-9230-48086668C9C9,50629DD9-4014-4A48-A719-BAE0DF1B0E67,459,HM Baladi Egg Maker  - FM LOT- 2,FM Baladi Egg Maker,2024-11-25 17:00:53.810,2024-11-25 18:44:53.303,2024-11-25 18:46:03.467,3000,CORN,100038,450,447.4,FeedMill_Hammer,201
792,Server1,E0BDE6E5-97C8-481A-9230-48086668C9C9,50629DD9-4014-4A48-A719-BAE0DF1B0E67,459,HM Baladi Egg Maker  - FM LOT- 2,FM Baladi Egg Maker,2024-11-25 17:00:53.810,2024-11-25 18:44:53.303,2024-11-25 18:46:03.467,3000,Feed Enzyme,100021,0.21,0.21,FeedMill_Hammer,203
793,Server1,E0BDE6E5-97C8-481A-9230-48086668C9C9,50629DD9-4014-4A48-A719-BAE0DF1B0E67,459,HM Baladi Egg Maker  - FM LOT- 2,FM Baladi Egg Maker,2024-11-25 17:00:53.810,2024-11-25 18:44:53.303,2024-11-25 18:46:03.467,6000,layer  Recycle,200001,60,62.5,FeedMill_Hammer,202
794,Server1,E0BDE6E5-97C8-481A-9230-48086668C9C9,50629DD9-4014-4A48-A719-BAE0DF1B0E67,459,HM Baladi Egg Maker  - FM LOT- 2,FM Baladi Egg Maker,2024-11-25 17:00:53.810,2024-11-25 18:44:53.303,2024-11-25 18:46:03.467,3000,Limestone,100048,282,276.5,FeedMill_Hammer,202
795,Server1,E0BDE6E5-97C8-481A-9230-48086668C9C9,50629DD9-4014-4A48-A719-BAE0DF1B0E67,459,HM Baladi Egg Maker  - FM LOT- 2,FM Baladi Egg Maker,2024-11-25 17:00:53.810,2024-11-25 18:44:53.303,2024-11-25 18:46:03.467,3000,Lysine,100000,2.619,2.6,FeedMill_Hammer,203
796,Server1,E0BDE6E5-97C8-481A-9230-48086668C9C9,50629DD9-4014-4A48-A719-BAE0DF1B0E67,459,HM Baladi Egg Maker  - FM LOT- 2,FM Baladi Egg Maker,2024-11-25 17:00:53.810,2024-11-25 18:44:53.303,2024-11-25 18:46:03.467,6000,MCP,2001445,8.796,8.739998,FeedMill_Hammer,204
797,Server1,E0BDE6E5-97C8-481A-9230-48086668C9C9,50629DD9-4014-4A48-A719-BAE0DF1B0E67,459,HM Baladi Egg Maker  - FM LOT- 2,FM Baladi Egg Maker,2024-11-25 17:00:53.810,2024-11-25 18:44:53.303,2024-11-25 18:46:03.467,6000,METH,1004,2.475,2.492931,FeedMill_Hammer,100
798,Server1,E0BDE6E5-97C8-481A-9230-48086668C9C9,50629DD9-4014-4A48-A719-BAE0DF1B0E67,459,HM Baladi Egg Maker  - FM LOT- 2,FM Baladi Egg Maker,2024-11-25 17:00:53.810,2024-11-25 18:44:53.303,2024-11-25 18:46:03.467,6000,PMX 100414 Baladi Egg Maker,100414,45,44.91,FeedMill_Hammer,204
799,Server1,E0BDE6E5-97C8-481A-9230-48086668C9C9,50629DD9-4014-4A48-A719-BAE0DF1B0E67,459,HM Baladi Egg Maker  - FM LOT- 2,FM Baladi Egg Maker,2024-11-25 17:00:53.810,2024-11-25 18:44:53.303,2024-11-25 18:46:03.467,3000,Protease Enzyme,100389,0.6,0.5700002,FeedMill_Hammer,203
800,Server1,E0BDE6E5-97C8-481A-9230-48086668C9C9,50629DD9-4014-4A48-A719-BAE0DF1B0E67,459,HM Baladi Egg Maker  - FM LOT- 2,FM Baladi Egg Maker,2024-11-25 17:00:53.810,2024-11-25 18:44:53.303,2024-11-25 18:46:03.467,3000,Slob-preblend,101510,0.12,0.08000016,FeedMill_Hammer,203
801,Server1,E0BDE6E5-97C8-481A-9230-48086668C9C9,50629DD9-4014-4A48-A719-BAE0DF1B0E67,459,HM Baladi Egg Maker  - FM LOT- 2,FM Baladi Egg Maker,2024-11-25 17:00:53.810,2024-11-25 18:44:53.303,2024-11-25 18:46:03.467,3000,SOYA BEAN 100359,100359,354.114,355,FeedMill_Hammer,202
802,Server1,E0BDE6E5-97C8-481A-9230-48086668C9C9,50629DD9-4014-4A48-A719-BAE0DF1B0E67,459,HM Baladi Egg Maker  - FM LOT- 2,FM Baladi Egg Maker,2024-11-25 17:00:53.810,2024-11-25 18:44:53.303,2024-11-25 18:46:03.467,6000,Soya Oil,100024,30,30.0658,FeedMill_Hammer,100
803,Server1,E0BDE6E5-97C8-481A-9230-48086668C9C9,50629DD9-4014-4A48-A719-BAE0DF1B0E67,459,HM Baladi Egg Maker  - FM LOT- 2,FM Baladi Egg Maker,2024-11-25 17:00:53.810,2024-11-25 18:44:53.303,2024-11-25 18:46:03.467,6000,Water,1001,45,43.86689,FeedMill_Hammer,100
804,Server1,E0BDE6E5-97C8-481A-9230-48086668C9C9,50629DD9-4014-4A48-A719-BAE0DF1B0E67,459,HM Baladi Egg Maker  - FM LOT- 2,FM Baladi Egg Maker,2024-11-25 17:00:53.810,2024-11-25 18:44:53.303,2024-11-25 18:46:03.467,6000,WHEAT,150066,1205.477,1197.8,FeedMill_Hammer,201
805,Server1,E0BDE6E5-97C8-481A-9230-48086668C9C9,50629DD9-4014-4A48-A719-BAE0DF1B0E67,459,HM Baladi Egg Maker  - FM LOT- 2,FM Baladi Egg Maker,2024-11-25 17:00:53.810,2024-11-25 18:44:53.303,2024-11-25 18:46:03.467,3000,Wheat Flour,100306,400,401.2,FeedMill_Hammer,202
806,Server1,969E3565-E02F-4C79-92DC-4885C0DD9B3A,9C3B01E5-6F24-4A4C-88E3-550945E640DB,921,FM LOT-870HM Baladi Maker 1 D 2,FM Baladi Meat Maker -1,2025-03-28 14:41:47.747,2025-03-28 15:43:51.987,2025-03-28 15:44:57.090,6000,AMA-Poultry,100517,1.2,1.150002,FeedMill_Hammer,203
807,Server1,969E3565-E02F-4C79-92DC-4885C0DD9B3A,9C3B01E5-6F24-4A4C-88E3-550945E640DB,921,FM LOT-870HM Baladi Maker 1 D 2,FM Baladi Meat Maker -1,2025-03-28 14:41:47.747,2025-03-28 15:43:51.987,2025-03-28 15:44:57.090,6000,Feed Enzyme,100021,0.195,0.1900024,FeedMill_Hammer,203
808,Server1,969E3565-E02F-4C79-92DC-4885C0DD9B3A,9C3B01E5-6F24-4A4C-88E3-550945E640DB,921,FM LOT-870HM Baladi Maker 1 D 2,FM Baladi Meat Maker -1,2025-03-28 14:41:47.747,2025-03-28 15:43:51.987,2025-03-28 15:44:57.090,6000,Limestone,100048,8.808,10.90002,FeedMill_Hammer,202
809,Server1,969E3565-E02F-4C79-92DC-4885C0DD9B3A,9C3B01E5-6F24-4A4C-88E3-550945E640DB,921,FM LOT-870HM Baladi Maker 1 D 2,FM Baladi Meat Maker -1,2025-03-28 14:41:47.747,2025-03-28 15:43:51.987,2025-03-28 15:44:57.090,6000,MCP,2001445,13.872,13.96,FeedMill_Hammer,204
810,Server1,969E3565-E02F-4C79-92DC-4885C0DD9B3A,9C3B01E5-6F24-4A4C-88E3-550945E640DB,921,FM LOT-870HM Baladi Maker 1 D 2,FM Baladi Meat Maker -1,2025-03-28 14:41:47.747,2025-03-28 15:43:51.987,2025-03-28 15:44:57.090,12000,METH,1004,6.132,6.138057,FeedMill_Hammer,100
811,Server1,969E3565-E02F-4C79-92DC-4885C0DD9B3A,9C3B01E5-6F24-4A4C-88E3-550945E640DB,921,FM LOT-870HM Baladi Maker 1 D 2,FM Baladi Meat Maker -1,2025-03-28 14:41:47.747,2025-03-28 15:43:51.987,2025-03-28 15:44:57.090,6000,PMX 100410 Baladi MM1,100410,60,60.50999,FeedMill_Hammer,203
812,Server1,969E3565-E02F-4C79-92DC-4885C0DD9B3A,9C3B01E5-6F24-4A4C-88E3-550945E640DB,921,FM LOT-870HM Baladi Maker 1 D 2,FM Baladi Meat Maker -1,2025-03-28 14:41:47.747,2025-03-28 15:43:51.987,2025-03-28 15:44:57.090,6000,Protease Enzyme,100389,0.6,0.5300064,FeedMill_Hammer,203
813,Server1,969E3565-E02F-4C79-92DC-4885C0DD9B3A,9C3B01E5-6F24-4A4C-88E3-550945E640DB,921,FM LOT-870HM Baladi Maker 1 D 2,FM Baladi Meat Maker -1,2025-03-28 14:41:47.747,2025-03-28 15:43:51.987,2025-03-28 15:44:57.090,6000,Recycle Broiler feed,200000,60,63.29999,FeedMill_Hammer,202
814,Server1,969E3565-E02F-4C79-92DC-4885C0DD9B3A,9C3B01E5-6F24-4A4C-88E3-550945E640DB,921,FM LOT-870HM Baladi Maker 1 D 2,FM Baladi Meat Maker -1,2025-03-28 14:41:47.747,2025-03-28 15:43:51.987,2025-03-28 15:44:57.090,6000,SALT.,100051,9,9.059999,FeedMill_Hammer,204
815,Server1,969E3565-E02F-4C79-92DC-4885C0DD9B3A,9C3B01E5-6F24-4A4C-88E3-550945E640DB,921,FM LOT-870HM Baladi Maker 1 D 2,FM Baladi Meat Maker -1,2025-03-28 14:41:47.747,2025-03-28 15:43:51.987,2025-03-28 15:44:57.090,6000,Sodium Sulphate,100461,3,2.87,FeedMill_Hammer,203
816,Server1,969E3565-E02F-4C79-92DC-4885C0DD9B3A,9C3B01E5-6F24-4A4C-88E3-550945E640DB,921,FM LOT-870HM Baladi Maker 1 D 2,FM Baladi Meat Maker -1,2025-03-28 14:41:47.747,2025-03-28 15:43:51.987,2025-03-28 15:44:57.090,12000,SOYA BEAN 100359,100359,489.195,495,FeedMill_Hammer,202
817,Server1,969E3565-E02F-4C79-92DC-4885C0DD9B3A,9C3B01E5-6F24-4A4C-88E3-550945E640DB,921,FM LOT-870HM Baladi Maker 1 D 2,FM Baladi Meat Maker -1,2025-03-28 14:41:47.747,2025-03-28 15:43:51.987,2025-03-28 15:44:57.090,12000,Soya Oil,100024,20.22,20.26408,FeedMill_Hammer,100
818,Server1,969E3565-E02F-4C79-92DC-4885C0DD9B3A,9C3B01E5-6F24-4A4C-88E3-550945E640DB,921,FM LOT-870HM Baladi Maker 1 D 2,FM Baladi Meat Maker -1,2025-03-28 14:41:47.747,2025-03-28 15:43:51.987,2025-03-28 15:44:57.090,12000,Water,1001,45,39.0513,FeedMill_Hammer,100
819,Server1,969E3565-E02F-4C79-92DC-4885C0DD9B3A,9C3B01E5-6F24-4A4C-88E3-550945E640DB,921,FM LOT-870HM Baladi Maker 1 D 2,FM Baladi Meat Maker -1,2025-03-28 14:41:47.747,2025-03-28 15:43:51.987,2025-03-28 15:44:57.090,6000,WHEAT,150066,1603.797,1600.9,FeedMill_Hammer,201
820,Server1,969E3565-E02F-4C79-92DC-4885C0DD9B3A,9C3B01E5-6F24-4A4C-88E3-550945E640DB,921,FM LOT-870HM Baladi Maker 1 D 2,FM Baladi Meat Maker -1,2025-03-28 14:41:47.747,2025-03-28 15:43:51.987,2025-03-28 15:44:57.090,6000,Wheat Bran,200223,330.981,325.7999,FeedMill_Hammer,201
821,Server1,5E7C86F9-AB7B-418B-93AD-4946763E84CB,848420B7-8A52-4A72-AE70-DED7963EB34D,943,FM LOT-890FM Maker - 3  11-Jan 7,FM Meat Maker3 CR  New,2025-03-29 13:04:33.897,2025-03-29 15:02:32.573,2025-03-29 19:07:30.460,12000,CORN,100038,1860,1863.6,FeedMill_Hammer,201
822,Server1,5E7C86F9-AB7B-418B-93AD-4946763E84CB,848420B7-8A52-4A72-AE70-DED7963EB34D,943,FM LOT-890FM Maker - 3  11-Jan 7,FM Meat Maker3 CR  New,2025-03-29 13:04:33.897,2025-03-29 15:02:32.573,2025-03-29 19:07:30.460,12000,MCP,2001445,12.405,12.4,FeedMill_Hammer,204
823,Server1,5E7C86F9-AB7B-418B-93AD-4946763E84CB,848420B7-8A52-4A72-AE70-DED7963EB34D,943,FM LOT-890FM Maker - 3  11-Jan 7,FM Meat Maker3 CR  New,2025-03-29 13:04:33.897,2025-03-29 15:02:32.573,2025-03-29 19:07:30.460,12000,METH,1004,12,12.00378,FeedMill_Hammer,100
824,Server1,5E7C86F9-AB7B-418B-93AD-4946763E84CB,848420B7-8A52-4A72-AE70-DED7963EB34D,943,FM LOT-890FM Maker - 3  11-Jan 7,FM Meat Maker3 CR  New,2025-03-29 13:04:33.897,2025-03-29 15:02:32.573,2025-03-29 19:07:30.460,12000,PMX 100392  Broiler Fin HP,100392,60,60.10999,FeedMill_Hammer,204
825,Server1,5E7C86F9-AB7B-418B-93AD-4946763E84CB,848420B7-8A52-4A72-AE70-DED7963EB34D,943,FM LOT-890FM Maker - 3  11-Jan 7,FM Meat Maker3 CR  New,2025-03-29 13:04:33.897,2025-03-29 15:02:32.573,2025-03-29 19:07:30.460,12000,SALT.,100051,6,6.079999,FeedMill_Hammer,204
826,Server1,5E7C86F9-AB7B-418B-93AD-4946763E84CB,848420B7-8A52-4A72-AE70-DED7963EB34D,943,FM LOT-890FM Maker - 3  11-Jan 7,FM Meat Maker3 CR  New,2025-03-29 13:04:33.897,2025-03-29 15:02:32.573,2025-03-29 19:07:30.460,6000,Sodium Bicarbonate,100052,6.303,6.299999,FeedMill_Hammer,203
827,Server1,5E7C86F9-AB7B-418B-93AD-4946763E84CB,848420B7-8A52-4A72-AE70-DED7963EB34D,943,FM LOT-890FM Maker - 3  11-Jan 7,FM Meat Maker3 CR  New,2025-03-29 13:04:33.897,2025-03-29 15:02:32.573,2025-03-29 19:07:30.460,6000,SOYA BEAN 100359,100359,900,895.6,FeedMill_Hammer,202
828,Server1,5E7C86F9-AB7B-418B-93AD-4946763E84CB,848420B7-8A52-4A72-AE70-DED7963EB34D,943,FM LOT-890FM Maker - 3  11-Jan 7,FM Meat Maker3 CR  New,2025-03-29 13:04:33.897,2025-03-29 15:02:32.573,2025-03-29 19:07:30.460,12000,Soya Oil,100024,50,50.04252,FeedMill_Hammer,100
829,Server1,5E7C86F9-AB7B-418B-93AD-4946763E84CB,848420B7-8A52-4A72-AE70-DED7963EB34D,943,FM LOT-890FM Maker - 3  11-Jan 7,FM Meat Maker3 CR  New,2025-03-29 13:04:33.897,2025-03-29 15:02:32.573,2025-03-29 19:07:30.460,12000,Water,1001,30,39.45306,FeedMill_Hammer,100
830,Server1,40374527-2BB1-4B8C-875F-4A94191CA682,777B6A66-046B-467C-9E30-443F60F0B15B,919,FM LOT-868FM Maker - 3  11-Ja 09,FM Meat Maker3 CR  New,2025-03-28 09:54:46.540,2025-03-28 12:10:16.473,2025-03-28 12:11:21.140,6000,CORN,100038,1860,1863.4,FeedMill_Hammer,201
831,Server1,40374527-2BB1-4B8C-875F-4A94191CA682,777B6A66-046B-467C-9E30-443F60F0B15B,919,FM LOT-868FM Maker - 3  11-Ja 09,FM Meat Maker3 CR  New,2025-03-28 09:54:46.540,2025-03-28 12:10:16.473,2025-03-28 12:11:21.140,6000,MCP,2001445,12.405,12.46,FeedMill_Hammer,204
832,Server1,40374527-2BB1-4B8C-875F-4A94191CA682,777B6A66-046B-467C-9E30-443F60F0B15B,919,FM LOT-868FM Maker - 3  11-Ja 09,FM Meat Maker3 CR  New,2025-03-28 09:54:46.540,2025-03-28 12:10:16.473,2025-03-28 12:11:21.140,12000,METH,1004,12,12.00378,FeedMill_Hammer,100
833,Server1,40374527-2BB1-4B8C-875F-4A94191CA682,777B6A66-046B-467C-9E30-443F60F0B15B,919,FM LOT-868FM Maker - 3  11-Ja 09,FM Meat Maker3 CR  New,2025-03-28 09:54:46.540,2025-03-28 12:10:16.473,2025-03-28 12:11:21.140,6000,PMX 100392  Broiler Fin HP,100392,60,60.07999,FeedMill_Hammer,204
834,Server1,40374527-2BB1-4B8C-875F-4A94191CA682,777B6A66-046B-467C-9E30-443F60F0B15B,919,FM LOT-868FM Maker - 3  11-Ja 09,FM Meat Maker3 CR  New,2025-03-28 09:54:46.540,2025-03-28 12:10:16.473,2025-03-28 12:11:21.140,6000,SALT.,100051,6,5.829999,FeedMill_Hammer,204
835,Server1,40374527-2BB1-4B8C-875F-4A94191CA682,777B6A66-046B-467C-9E30-443F60F0B15B,919,FM LOT-868FM Maker - 3  11-Ja 09,FM Meat Maker3 CR  New,2025-03-28 09:54:46.540,2025-03-28 12:10:16.473,2025-03-28 12:11:21.140,6000,Sodium Bicarbonate,100052,6.303,5.949999,FeedMill_Hammer,203
836,Server1,40374527-2BB1-4B8C-875F-4A94191CA682,777B6A66-046B-467C-9E30-443F60F0B15B,919,FM LOT-868FM Maker - 3  11-Ja 09,FM Meat Maker3 CR  New,2025-03-28 09:54:46.540,2025-03-28 12:10:16.473,2025-03-28 12:11:21.140,6000,SOYA BEAN 100359,100359,900,896.4,FeedMill_Hammer,202
837,Server1,40374527-2BB1-4B8C-875F-4A94191CA682,777B6A66-046B-467C-9E30-443F60F0B15B,919,FM LOT-868FM Maker - 3  11-Ja 09,FM Meat Maker3 CR  New,2025-03-28 09:54:46.540,2025-03-28 12:10:16.473,2025-03-28 12:11:21.140,12000,Soya Oil,100024,50,50.07267,FeedMill_Hammer,100
838,Server1,40374527-2BB1-4B8C-875F-4A94191CA682,777B6A66-046B-467C-9E30-443F60F0B15B,919,FM LOT-868FM Maker - 3  11-Ja 09,FM Meat Maker3 CR  New,2025-03-28 09:54:46.540,2025-03-28 12:10:16.473,2025-03-28 12:11:21.140,12000,Water,1001,30,39.38275,FeedMill_Hammer,100
839,Server1,3EBCD94A-0E51-46BE-B1DD-4B441B9E9A63,50629DD9-4014-4A48-A719-BAE0DF1B0E67,459,HM Baladi Egg Maker  - FM LOT- 1,FM Baladi Egg Maker,2024-11-25 17:00:51.970,2024-11-25 18:06:04.260,2024-11-25 18:45:40.207,3000,AMA-Poultry,100517,0.9,0.8699999,FeedMill_Hammer,203
840,Server1,3EBCD94A-0E51-46BE-B1DD-4B441B9E9A63,50629DD9-4014-4A48-A719-BAE0DF1B0E67,459,HM Baladi Egg Maker  - FM LOT- 1,FM Baladi Egg Maker,2024-11-25 17:00:51.970,2024-11-25 18:06:04.260,2024-11-25 18:45:40.207,3000,BRAN,200223,217.749,214.2,FeedMill_Hammer,201
841,Server1,3EBCD94A-0E51-46BE-B1DD-4B441B9E9A63,50629DD9-4014-4A48-A719-BAE0DF1B0E67,459,HM Baladi Egg Maker  - FM LOT- 1,FM Baladi Egg Maker,2024-11-25 17:00:51.970,2024-11-25 18:06:04.260,2024-11-25 18:45:40.207,3000,CORN,100038,450,453.3,FeedMill_Hammer,201
842,Server1,3EBCD94A-0E51-46BE-B1DD-4B441B9E9A63,50629DD9-4014-4A48-A719-BAE0DF1B0E67,459,HM Baladi Egg Maker  - FM LOT- 1,FM Baladi Egg Maker,2024-11-25 17:00:51.970,2024-11-25 18:06:04.260,2024-11-25 18:45:40.207,6000,Feed Enzyme,100021,0.21,0.3700001,FeedMill_Hammer,203
843,Server1,3EBCD94A-0E51-46BE-B1DD-4B441B9E9A63,50629DD9-4014-4A48-A719-BAE0DF1B0E67,459,HM Baladi Egg Maker  - FM LOT- 1,FM Baladi Egg Maker,2024-11-25 17:00:51.970,2024-11-25 18:06:04.260,2024-11-25 18:45:40.207,3000,layer  Recycle,200001,60,57.59998,FeedMill_Hammer,202
844,Server1,3EBCD94A-0E51-46BE-B1DD-4B441B9E9A63,50629DD9-4014-4A48-A719-BAE0DF1B0E67,459,HM Baladi Egg Maker  - FM LOT- 1,FM Baladi Egg Maker,2024-11-25 17:00:51.970,2024-11-25 18:06:04.260,2024-11-25 18:45:40.207,6000,Limestone,100048,282,277,FeedMill_Hammer,202
845,Server1,3EBCD94A-0E51-46BE-B1DD-4B441B9E9A63,50629DD9-4014-4A48-A719-BAE0DF1B0E67,459,HM Baladi Egg Maker  - FM LOT- 1,FM Baladi Egg Maker,2024-11-25 17:00:51.970,2024-11-25 18:06:04.260,2024-11-25 18:45:40.207,3000,Lysine,100000,2.619,2.579999,FeedMill_Hammer,203
846,Server1,3EBCD94A-0E51-46BE-B1DD-4B441B9E9A63,50629DD9-4014-4A48-A719-BAE0DF1B0E67,459,HM Baladi Egg Maker  - FM LOT- 1,FM Baladi Egg Maker,2024-11-25 17:00:51.970,2024-11-25 18:06:04.260,2024-11-25 18:45:40.207,6000,MCP,2001445,8.796,38.8,FeedMill_Hammer,204
847,Server1,3EBCD94A-0E51-46BE-B1DD-4B441B9E9A63,50629DD9-4014-4A48-A719-BAE0DF1B0E67,459,HM Baladi Egg Maker  - FM LOT- 1,FM Baladi Egg Maker,2024-11-25 17:00:51.970,2024-11-25 18:06:04.260,2024-11-25 18:45:40.207,6000,METH,1004,2.475,12.02473,FeedMill_Hammer,100
848,Server1,3EBCD94A-0E51-46BE-B1DD-4B441B9E9A63,50629DD9-4014-4A48-A719-BAE0DF1B0E67,459,HM Baladi Egg Maker  - FM LOT- 1,FM Baladi Egg Maker,2024-11-25 17:00:51.970,2024-11-25 18:06:04.260,2024-11-25 18:45:40.207,3000,PMX 100414 Baladi Egg Maker,100414,45,44.95,FeedMill_Hammer,204
849,Server1,3EBCD94A-0E51-46BE-B1DD-4B441B9E9A63,50629DD9-4014-4A48-A719-BAE0DF1B0E67,459,HM Baladi Egg Maker  - FM LOT- 1,FM Baladi Egg Maker,2024-11-25 17:00:51.970,2024-11-25 18:06:04.260,2024-11-25 18:45:40.207,6000,Protease Enzyme,100389,0.6,0.5999999,FeedMill_Hammer,203
850,Server1,3EBCD94A-0E51-46BE-B1DD-4B441B9E9A63,50629DD9-4014-4A48-A719-BAE0DF1B0E67,459,HM Baladi Egg Maker  - FM LOT- 1,FM Baladi Egg Maker,2024-11-25 17:00:51.970,2024-11-25 18:06:04.260,2024-11-25 18:45:40.207,3000,Slob-preblend,101510,0.12,0.1099999,FeedMill_Hammer,203
851,Server1,3EBCD94A-0E51-46BE-B1DD-4B441B9E9A63,50629DD9-4014-4A48-A719-BAE0DF1B0E67,459,HM Baladi Egg Maker  - FM LOT- 1,FM Baladi Egg Maker,2024-11-25 17:00:51.970,2024-11-25 18:06:04.260,2024-11-25 18:45:40.207,3000,SOYA BEAN 100359,100359,354.114,355.6,FeedMill_Hammer,202
852,Server1,3EBCD94A-0E51-46BE-B1DD-4B441B9E9A63,50629DD9-4014-4A48-A719-BAE0DF1B0E67,459,HM Baladi Egg Maker  - FM LOT- 1,FM Baladi Egg Maker,2024-11-25 17:00:51.970,2024-11-25 18:06:04.260,2024-11-25 18:45:40.207,6000,Soya Oil,100024,30,30.06904,FeedMill_Hammer,100
853,Server1,3EBCD94A-0E51-46BE-B1DD-4B441B9E9A63,50629DD9-4014-4A48-A719-BAE0DF1B0E67,459,HM Baladi Egg Maker  - FM LOT- 1,FM Baladi Egg Maker,2024-11-25 17:00:51.970,2024-11-25 18:06:04.260,2024-11-25 18:45:40.207,6000,Water,1001,45,43.86689,FeedMill_Hammer,100
854,Server1,3EBCD94A-0E51-46BE-B1DD-4B441B9E9A63,50629DD9-4014-4A48-A719-BAE0DF1B0E67,459,HM Baladi Egg Maker  - FM LOT- 1,FM Baladi Egg Maker,2024-11-25 17:00:51.970,2024-11-25 18:06:04.260,2024-11-25 18:45:40.207,3000,WHEAT,150066,1205.477,1202.6,FeedMill_Hammer,201
855,Server1,3EBCD94A-0E51-46BE-B1DD-4B441B9E9A63,50629DD9-4014-4A48-A719-BAE0DF1B0E67,459,HM Baladi Egg Maker  - FM LOT- 1,FM Baladi Egg Maker,2024-11-25 17:00:51.970,2024-11-25 18:06:04.260,2024-11-25 18:45:40.207,3000,Wheat Flour,100306,400,398,FeedMill_Hammer,202
856,Server1,3D7F5092-422F-4838-B48C-4C303A2BDB13,AC12F076-BA62-42E4-AC17-480E80007A2C,935,FM LOT-883HM Baladi Pigeon fee 3,FM Baladi Pigeon Feed Pellet,2025-03-29 03:56:52.157,2025-03-29 04:58:26.030,2025-03-29 04:59:30.873,6000,AMA-Poultry,100517,0.9,0.75,FeedMill_Hammer,203
857,Server1,3D7F5092-422F-4838-B48C-4C303A2BDB13,AC12F076-BA62-42E4-AC17-480E80007A2C,935,FM LOT-883HM Baladi Pigeon fee 3,FM Baladi Pigeon Feed Pellet,2025-03-29 03:56:52.157,2025-03-29 04:58:26.030,2025-03-29 04:59:30.873,6000,CORN,100038,450,447.6,FeedMill_Hammer,202
858,Server1,3D7F5092-422F-4838-B48C-4C303A2BDB13,AC12F076-BA62-42E4-AC17-480E80007A2C,935,FM LOT-883HM Baladi Pigeon fee 3,FM Baladi Pigeon Feed Pellet,2025-03-29 03:56:52.157,2025-03-29 04:58:26.030,2025-03-29 04:59:30.873,6000,Feed Enzyme,100021,0.21,0.2199998,FeedMill_Hammer,203
859,Server1,3D7F5092-422F-4838-B48C-4C303A2BDB13,AC12F076-BA62-42E4-AC17-480E80007A2C,935,FM LOT-883HM Baladi Pigeon fee 3,FM Baladi Pigeon Feed Pellet,2025-03-29 03:56:52.157,2025-03-29 04:58:26.030,2025-03-29 04:59:30.873,6000,Limestone,100048,63.567,66.59998,FeedMill_Hammer,202
860,Server1,3D7F5092-422F-4838-B48C-4C303A2BDB13,AC12F076-BA62-42E4-AC17-480E80007A2C,935,FM LOT-883HM Baladi Pigeon fee 3,FM Baladi Pigeon Feed Pellet,2025-03-29 03:56:52.157,2025-03-29 04:58:26.030,2025-03-29 04:59:30.873,6000,MCP,2001445,34.2,34.16,FeedMill_Hammer,204
861,Server1,3D7F5092-422F-4838-B48C-4C303A2BDB13,AC12F076-BA62-42E4-AC17-480E80007A2C,935,FM LOT-883HM Baladi Pigeon fee 3,FM Baladi Pigeon Feed Pellet,2025-03-29 03:56:52.157,2025-03-29 04:58:26.030,2025-03-29 04:59:30.873,12000,METH,1004,2.037,2.032053,FeedMill_Hammer,100
862,Server1,3D7F5092-422F-4838-B48C-4C303A2BDB13,AC12F076-BA62-42E4-AC17-480E80007A2C,935,FM LOT-883HM Baladi Pigeon fee 3,FM Baladi Pigeon Feed Pellet,2025-03-29 03:56:52.157,2025-03-29 04:58:26.030,2025-03-29 04:59:30.873,12000,Palm Oil,100284,10.74,10.8509,FeedMill_Hammer,100
863,Server1,3D7F5092-422F-4838-B48C-4C303A2BDB13,AC12F076-BA62-42E4-AC17-480E80007A2C,935,FM LOT-883HM Baladi Pigeon fee 3,FM Baladi Pigeon Feed Pellet,2025-03-29 03:56:52.157,2025-03-29 04:58:26.030,2025-03-29 04:59:30.873,6000,Pmx 100412  Baladi MM2,100412,30,29.95,FeedMill_Hammer,204
864,Server1,3D7F5092-422F-4838-B48C-4C303A2BDB13,AC12F076-BA62-42E4-AC17-480E80007A2C,935,FM LOT-883HM Baladi Pigeon fee 3,FM Baladi Pigeon Feed Pellet,2025-03-29 03:56:52.157,2025-03-29 04:58:26.030,2025-03-29 04:59:30.873,6000,Protease Enzyme,100389,0.6,0.5899997,FeedMill_Hammer,203
865,Server1,3D7F5092-422F-4838-B48C-4C303A2BDB13,AC12F076-BA62-42E4-AC17-480E80007A2C,935,FM LOT-883HM Baladi Pigeon fee 3,FM Baladi Pigeon Feed Pellet,2025-03-29 03:56:52.157,2025-03-29 04:58:26.030,2025-03-29 04:59:30.873,12000,Recycle Broiler feed,200000,60,60,FeedMill_Hammer,202
866,Server1,3D7F5092-422F-4838-B48C-4C303A2BDB13,AC12F076-BA62-42E4-AC17-480E80007A2C,935,FM LOT-883HM Baladi Pigeon fee 3,FM Baladi Pigeon Feed Pellet,2025-03-29 03:56:52.157,2025-03-29 04:58:26.030,2025-03-29 04:59:30.873,6000,SALT.,100051,7.5,7.589996,FeedMill_Hammer,204
867,Server1,3D7F5092-422F-4838-B48C-4C303A2BDB13,AC12F076-BA62-42E4-AC17-480E80007A2C,935,FM LOT-883HM Baladi Pigeon fee 3,FM Baladi Pigeon Feed Pellet,2025-03-29 03:56:52.157,2025-03-29 04:58:26.030,2025-03-29 04:59:30.873,6000,Sodium Sulphate,100461,4.344,4.2,FeedMill_Hammer,203
868,Server1,3D7F5092-422F-4838-B48C-4C303A2BDB13,AC12F076-BA62-42E4-AC17-480E80007A2C,935,FM LOT-883HM Baladi Pigeon fee 3,FM Baladi Pigeon Feed Pellet,2025-03-29 03:56:52.157,2025-03-29 04:58:26.030,2025-03-29 04:59:30.873,6000,Soya Been Low Pro,GM100446,412.818,409.1,FeedMill_Hammer,202
869,Server1,3D7F5092-422F-4838-B48C-4C303A2BDB13,AC12F076-BA62-42E4-AC17-480E80007A2C,935,FM LOT-883HM Baladi Pigeon fee 3,FM Baladi Pigeon Feed Pellet,2025-03-29 03:56:52.157,2025-03-29 04:58:26.030,2025-03-29 04:59:30.873,12000,Water,1001,25,39.59367,FeedMill_Hammer,100
870,Server1,3D7F5092-422F-4838-B48C-4C303A2BDB13,AC12F076-BA62-42E4-AC17-480E80007A2C,935,FM LOT-883HM Baladi Pigeon fee 3,FM Baladi Pigeon Feed Pellet,2025-03-29 03:56:52.157,2025-03-29 04:58:26.030,2025-03-29 04:59:30.873,6000,WHEAT,150066,1806.972,1801.2,FeedMill_Hammer,201
871,Server1,3D7F5092-422F-4838-B48C-4C303A2BDB13,AC12F076-BA62-42E4-AC17-480E80007A2C,935,FM LOT-883HM Baladi Pigeon fee 3,FM Baladi Pigeon Feed Pellet,2025-03-29 03:56:52.157,2025-03-29 04:58:26.030,2025-03-29 04:59:30.873,6000,Wheat Bran,200223,176.112,172.1,FeedMill_Hammer,201
872,Server1,516C4C24-6484-4993-BA49-4CE2DA73D646,4F49E7D9-1F69-4B40-AEFE-27B533AEFD56,938,FM LOT-885FM Maker - 3  11-Jan 5,FM Meat Maker3 CR  New,2025-03-29 08:34:26.890,2025-03-29 10:12:36.197,2025-03-29 19:03:50.920,6000,CORN,100038,1860,1856.8,FeedMill_Hammer,201
873,Server1,516C4C24-6484-4993-BA49-4CE2DA73D646,4F49E7D9-1F69-4B40-AEFE-27B533AEFD56,938,FM LOT-885FM Maker - 3  11-Jan 5,FM Meat Maker3 CR  New,2025-03-29 08:34:26.890,2025-03-29 10:12:36.197,2025-03-29 19:03:50.920,12000,MCP,2001445,12.405,12.42,FeedMill_Hammer,204
874,Server1,516C4C24-6484-4993-BA49-4CE2DA73D646,4F49E7D9-1F69-4B40-AEFE-27B533AEFD56,938,FM LOT-885FM Maker - 3  11-Jan 5,FM Meat Maker3 CR  New,2025-03-29 08:34:26.890,2025-03-29 10:12:36.197,2025-03-29 19:03:50.920,12000,METH,1004,12,12.02473,FeedMill_Hammer,100
875,Server1,516C4C24-6484-4993-BA49-4CE2DA73D646,4F49E7D9-1F69-4B40-AEFE-27B533AEFD56,938,FM LOT-885FM Maker - 3  11-Jan 5,FM Meat Maker3 CR  New,2025-03-29 08:34:26.890,2025-03-29 10:12:36.197,2025-03-29 19:03:50.920,12000,PMX 100392  Broiler Fin HP,100392,60,60.12999,FeedMill_Hammer,204
876,Server1,516C4C24-6484-4993-BA49-4CE2DA73D646,4F49E7D9-1F69-4B40-AEFE-27B533AEFD56,938,FM LOT-885FM Maker - 3  11-Jan 5,FM Meat Maker3 CR  New,2025-03-29 08:34:26.890,2025-03-29 10:12:36.197,2025-03-29 19:03:50.920,12000,Recycle Broiler feed,200000,60,60,FeedMill_Hammer,202
877,Server1,516C4C24-6484-4993-BA49-4CE2DA73D646,4F49E7D9-1F69-4B40-AEFE-27B533AEFD56,938,FM LOT-885FM Maker - 3  11-Jan 5,FM Meat Maker3 CR  New,2025-03-29 08:34:26.890,2025-03-29 10:12:36.197,2025-03-29 19:03:50.920,12000,SALT.,100051,6,6.24,FeedMill_Hammer,204
878,Server1,516C4C24-6484-4993-BA49-4CE2DA73D646,4F49E7D9-1F69-4B40-AEFE-27B533AEFD56,938,FM LOT-885FM Maker - 3  11-Jan 5,FM Meat Maker3 CR  New,2025-03-29 08:34:26.890,2025-03-29 10:12:36.197,2025-03-29 19:03:50.920,6000,Sodium Bicarbonate,100052,6.303,6.13,FeedMill_Hammer,203
879,Server1,516C4C24-6484-4993-BA49-4CE2DA73D646,4F49E7D9-1F69-4B40-AEFE-27B533AEFD56,938,FM LOT-885FM Maker - 3  11-Jan 5,FM Meat Maker3 CR  New,2025-03-29 08:34:26.890,2025-03-29 10:12:36.197,2025-03-29 19:03:50.920,6000,SOYA BEAN 100359,100359,900,897.4,FeedMill_Hammer,202
880,Server1,516C4C24-6484-4993-BA49-4CE2DA73D646,4F49E7D9-1F69-4B40-AEFE-27B533AEFD56,938,FM LOT-885FM Maker - 3  11-Jan 5,FM Meat Maker3 CR  New,2025-03-29 08:34:26.890,2025-03-29 10:12:36.197,2025-03-29 19:03:50.920,12000,Soya Oil,100024,50,50.04306,FeedMill_Hammer,100
881,Server1,516C4C24-6484-4993-BA49-4CE2DA73D646,4F49E7D9-1F69-4B40-AEFE-27B533AEFD56,938,FM LOT-885FM Maker - 3  11-Jan 5,FM Meat Maker3 CR  New,2025-03-29 08:34:26.890,2025-03-29 10:12:36.197,2025-03-29 19:03:50.920,12000,Water,1001,45,39.35262,FeedMill_Hammer,100
882,Server1,AEF6F711-2DB2-480C-9F4D-4CE4EA5A14FA,B064B490-901F-4B24-89FB-1FF5E6D64743,936,PMX lot0125PMX Layer Mash 24 2 3,PMX 100366 Layer Mash,2025-03-29 06:37:03.440,2025-03-29 08:13:45.097,2025-03-29 08:14:51.777,1000,AMA-Poultry,100517,8.35,8.400002,Premix,305
883,Server1,AEF6F711-2DB2-480C-9F4D-4CE4EA5A14FA,B064B490-901F-4B24-89FB-1FF5E6D64743,936,PMX lot0125PMX Layer Mash 24 2 3,PMX 100366 Layer Mash,2025-03-29 06:37:03.440,2025-03-29 08:13:45.097,2025-03-29 08:14:51.777,1000,Bacillus Blend,100559,1.5,1.549999,Premix,307
884,Server1,AEF6F711-2DB2-480C-9F4D-4CE4EA5A14FA,B064B490-901F-4B24-89FB-1FF5E6D64743,936,PMX lot0125PMX Layer Mash 24 2 3,PMX 100366 Layer Mash,2025-03-29 06:37:03.440,2025-03-29 08:13:45.097,2025-03-29 08:14:51.777,1000,Beta Mannanese,100511,9.25,9.289997,Premix,304
885,Server1,AEF6F711-2DB2-480C-9F4D-4CE4EA5A14FA,B064B490-901F-4B24-89FB-1FF5E6D64743,936,PMX lot0125PMX Layer Mash 24 2 3,PMX 100366 Layer Mash,2025-03-29 06:37:03.440,2025-03-29 08:13:45.097,2025-03-29 08:14:51.777,1000,Betafin S6,100107,5,5.079999,Premix,304
886,Server1,AEF6F711-2DB2-480C-9F4D-4CE4EA5A14FA,B064B490-901F-4B24-89FB-1FF5E6D64743,936,PMX lot0125PMX Layer Mash 24 2 3,PMX 100366 Layer Mash,2025-03-29 06:37:03.440,2025-03-29 08:13:45.097,2025-03-29 08:14:51.777,1000,Carrophyl Red 10%,100078,2.85,2.848,Premix,302
887,Server1,AEF6F711-2DB2-480C-9F4D-4CE4EA5A14FA,B064B490-901F-4B24-89FB-1FF5E6D64743,936,PMX lot0125PMX Layer Mash 24 2 3,PMX 100366 Layer Mash,2025-03-29 06:37:03.440,2025-03-29 08:13:45.097,2025-03-29 08:14:51.777,1000,Carrophyl Yellow,100079,0.25,0.25,Premix,307
888,Server1,AEF6F711-2DB2-480C-9F4D-4CE4EA5A14FA,B064B490-901F-4B24-89FB-1FF5E6D64743,936,PMX lot0125PMX Layer Mash 24 2 3,PMX 100366 Layer Mash,2025-03-29 06:37:03.440,2025-03-29 08:13:45.097,2025-03-29 08:14:51.777,1000,Choline Chloride,100108,47.5,47.58999,Premix,307
889,Server1,AEF6F711-2DB2-480C-9F4D-4CE4EA5A14FA,B064B490-901F-4B24-89FB-1FF5E6D64743,936,PMX lot0125PMX Layer Mash 24 2 3,PMX 100366 Layer Mash,2025-03-29 06:37:03.440,2025-03-29 08:13:45.097,2025-03-29 08:14:51.777,1000,Copper Oxychloride,100075,0.5,0.4799995,Premix,307
890,Server1,AEF6F711-2DB2-480C-9F4D-4CE4EA5A14FA,B064B490-901F-4B24-89FB-1FF5E6D64743,936,PMX lot0125PMX Layer Mash 24 2 3,PMX 100366 Layer Mash,2025-03-29 06:37:03.440,2025-03-29 08:13:45.097,2025-03-29 08:14:51.777,1000,D Biotin 2%,100102,0.33,0.308,Premix,302
891,Server1,AEF6F711-2DB2-480C-9F4D-4CE4EA5A14FA,B064B490-901F-4B24-89FB-1FF5E6D64743,936,PMX lot0125PMX Layer Mash 24 2 3,PMX 100366 Layer Mash,2025-03-29 06:37:03.440,2025-03-29 08:13:45.097,2025-03-29 08:14:51.777,1000,D Pantothenic Acid [B5],100105,0.36,0.3699989,Premix,307
892,Server1,AEF6F711-2DB2-480C-9F4D-4CE4EA5A14FA,B064B490-901F-4B24-89FB-1FF5E6D64743,936,PMX lot0125PMX Layer Mash 24 2 3,PMX 100366 Layer Mash,2025-03-29 06:37:03.440,2025-03-29 08:13:45.097,2025-03-29 08:14:51.777,1000,EDDI,100361,0.04,0.03000259,Premix,307
893,Server1,AEF6F711-2DB2-480C-9F4D-4CE4EA5A14FA,B064B490-901F-4B24-89FB-1FF5E6D64743,936,PMX lot0125PMX Layer Mash 24 2 3,PMX 100366 Layer Mash,2025-03-29 06:37:03.440,2025-03-29 08:13:45.097,2025-03-29 08:14:51.777,1000,Ethoxyquine 66.6%,100012,3.35,3.43,Premix,307
894,Server1,AEF6F711-2DB2-480C-9F4D-4CE4EA5A14FA,B064B490-901F-4B24-89FB-1FF5E6D64743,936,PMX lot0125PMX Layer Mash 24 2 3,PMX 100366 Layer Mash,2025-03-29 06:37:03.440,2025-03-29 08:13:45.097,2025-03-29 08:14:51.777,1000,Feed Enzyme,100021,2,2.11,Premix,304
895,Server1,AEF6F711-2DB2-480C-9F4D-4CE4EA5A14FA,B064B490-901F-4B24-89FB-1FF5E6D64743,936,PMX lot0125PMX Layer Mash 24 2 3,PMX 100366 Layer Mash,2025-03-29 06:37:03.440,2025-03-29 08:13:45.097,2025-03-29 08:14:51.777,1000,ferrous carbonate,100056,3.5,3.43,Premix,304
896,Server1,AEF6F711-2DB2-480C-9F4D-4CE4EA5A14FA,B064B490-901F-4B24-89FB-1FF5E6D64743,936,PMX lot0125PMX Layer Mash 24 2 3,PMX 100366 Layer Mash,2025-03-29 06:37:03.440,2025-03-29 08:13:45.097,2025-03-29 08:14:51.777,2000,Limestone,100048,120,119.9,Premix,301
897,Server1,AEF6F711-2DB2-480C-9F4D-4CE4EA5A14FA,B064B490-901F-4B24-89FB-1FF5E6D64743,936,PMX lot0125PMX Layer Mash 24 2 3,PMX 100366 Layer Mash,2025-03-29 06:37:03.440,2025-03-29 08:13:45.097,2025-03-29 08:14:51.777,1000,Manganese Oxide 60%,100055,4.31,4.929998,Premix,304
898,Server1,AEF6F711-2DB2-480C-9F4D-4CE4EA5A14FA,B064B490-901F-4B24-89FB-1FF5E6D64743,936,PMX lot0125PMX Layer Mash 24 2 3,PMX 100366 Layer Mash,2025-03-29 06:37:03.440,2025-03-29 08:13:45.097,2025-03-29 08:14:51.777,1000,Manganese Proteinate 15%[CMC],100067,5,5.07,Premix,304
899,Server1,AEF6F711-2DB2-480C-9F4D-4CE4EA5A14FA,B064B490-901F-4B24-89FB-1FF5E6D64743,936,PMX lot0125PMX Layer Mash 24 2 3,PMX 100366 Layer Mash,2025-03-29 06:37:03.440,2025-03-29 08:13:45.097,2025-03-29 08:14:51.777,1000,Nicotinic Acid Vitamin [B3],100104,1.35,1.370003,Premix,307
900,Server1,AEF6F711-2DB2-480C-9F4D-4CE4EA5A14FA,B064B490-901F-4B24-89FB-1FF5E6D64743,936,PMX lot0125PMX Layer Mash 24 2 3,PMX 100366 Layer Mash,2025-03-29 06:37:03.440,2025-03-29 08:13:45.097,2025-03-29 08:14:51.777,1000,Phytase,100353,2,1.99,Premix,304
901,Server1,AEF6F711-2DB2-480C-9F4D-4CE4EA5A14FA,B064B490-901F-4B24-89FB-1FF5E6D64743,936,PMX lot0125PMX Layer Mash 24 2 3,PMX 100366 Layer Mash,2025-03-29 06:37:03.440,2025-03-29 08:13:45.097,2025-03-29 08:14:51.777,1000,Potassium Carbonate Buffer,100518,12.5,12.49,Premix,307
902,Server1,AEF6F711-2DB2-480C-9F4D-4CE4EA5A14FA,B064B490-901F-4B24-89FB-1FF5E6D64743,936,PMX lot0125PMX Layer Mash 24 2 3,PMX 100366 Layer Mash,2025-03-29 06:37:03.440,2025-03-29 08:13:45.097,2025-03-29 08:14:51.777,1000,Prophorce 130 fatty acid,10046500,16.5,16.54,Premix,304
903,Server1,AEF6F711-2DB2-480C-9F4D-4CE4EA5A14FA,B064B490-901F-4B24-89FB-1FF5E6D64743,936,PMX lot0125PMX Layer Mash 24 2 3,PMX 100366 Layer Mash,2025-03-29 06:37:03.440,2025-03-29 08:13:45.097,2025-03-29 08:14:51.777,1000,SALT.,100051,85,85.01999,Premix,305
904,Server1,AEF6F711-2DB2-480C-9F4D-4CE4EA5A14FA,B064B490-901F-4B24-89FB-1FF5E6D64743,936,PMX lot0125PMX Layer Mash 24 2 3,PMX 100366 Layer Mash,2025-03-29 06:37:03.440,2025-03-29 08:13:45.097,2025-03-29 08:14:51.777,1000,Selenium Yeast 4000,100623,1.125,1.77,Premix,304
905,Server1,AEF6F711-2DB2-480C-9F4D-4CE4EA5A14FA,B064B490-901F-4B24-89FB-1FF5E6D64743,936,PMX lot0125PMX Layer Mash 24 2 3,PMX 100366 Layer Mash,2025-03-29 06:37:03.440,2025-03-29 08:13:45.097,2025-03-29 08:14:51.777,1000,Sodium Bicarbonate,100052,65,65.2,Premix,301
906,Server1,AEF6F711-2DB2-480C-9F4D-4CE4EA5A14FA,B064B490-901F-4B24-89FB-1FF5E6D64743,936,PMX lot0125PMX Layer Mash 24 2 3,PMX 100366 Layer Mash,2025-03-29 06:37:03.440,2025-03-29 08:13:45.097,2025-03-29 08:14:51.777,1000,Sodium Selinite 1% SELEN,100061,0.67,0.67,Premix,302
907,Server1,AEF6F711-2DB2-480C-9F4D-4CE4EA5A14FA,B064B490-901F-4B24-89FB-1FF5E6D64743,936,PMX lot0125PMX Layer Mash 24 2 3,PMX 100366 Layer Mash,2025-03-29 06:37:03.440,2025-03-29 08:13:45.097,2025-03-29 08:14:51.777,1000,Vitamin A1000,100094,0.4,0.393,Premix,302
908,Server1,AEF6F711-2DB2-480C-9F4D-4CE4EA5A14FA,B064B490-901F-4B24-89FB-1FF5E6D64743,936,PMX lot0125PMX Layer Mash 24 2 3,PMX 100366 Layer Mash,2025-03-29 06:37:03.440,2025-03-29 08:13:45.097,2025-03-29 08:14:51.777,1000,Vitamin B1 Thiamine,100098,0.09,0.09999847,Premix,307
909,Server1,AEF6F711-2DB2-480C-9F4D-4CE4EA5A14FA,B064B490-901F-4B24-89FB-1FF5E6D64743,936,PMX lot0125PMX Layer Mash 24 2 3,PMX 100366 Layer Mash,2025-03-29 06:37:03.440,2025-03-29 08:13:45.097,2025-03-29 08:14:51.777,1000,Vitamin B12 1%,100101,0.1,0.09000015,Premix,307
910,Server1,AEF6F711-2DB2-480C-9F4D-4CE4EA5A14FA,B064B490-901F-4B24-89FB-1FF5E6D64743,936,PMX lot0125PMX Layer Mash 24 2 3,PMX 100366 Layer Mash,2025-03-29 06:37:03.440,2025-03-29 08:13:45.097,2025-03-29 08:14:51.777,1000,Vitamin B2 (Riboflaven),100099,0.27,0.2610002,Premix,302
911,Server1,AEF6F711-2DB2-480C-9F4D-4CE4EA5A14FA,B064B490-901F-4B24-89FB-1FF5E6D64743,936,PMX lot0125PMX Layer Mash 24 2 3,PMX 100366 Layer Mash,2025-03-29 06:37:03.440,2025-03-29 08:13:45.097,2025-03-29 08:14:51.777,2000,Vitamin B6 (Pyridoxine HCI),100100,0.17,0.185,Premix,302
912,Server1,AEF6F711-2DB2-480C-9F4D-4CE4EA5A14FA,B064B490-901F-4B24-89FB-1FF5E6D64743,936,PMX lot0125PMX Layer Mash 24 2 3,PMX 100366 Layer Mash,2025-03-29 06:37:03.440,2025-03-29 08:13:45.097,2025-03-29 08:14:51.777,1000,Vitamin D3 500,100095,0.23,0.2200012,Premix,307
913,Server1,AEF6F711-2DB2-480C-9F4D-4CE4EA5A14FA,B064B490-901F-4B24-89FB-1FF5E6D64743,936,PMX lot0125PMX Layer Mash 24 2 3,PMX 100366 Layer Mash,2025-03-29 06:37:03.440,2025-03-29 08:13:45.097,2025-03-29 08:14:51.777,2000,Vitamin E50,100096,3.3,3.310005,Premix,305
914,Server1,AEF6F711-2DB2-480C-9F4D-4CE4EA5A14FA,B064B490-901F-4B24-89FB-1FF5E6D64743,936,PMX lot0125PMX Layer Mash 24 2 3,PMX 100366 Layer Mash,2025-03-29 06:37:03.440,2025-03-29 08:13:45.097,2025-03-29 08:14:51.777,2000,Vitamin K3 (Menadion),100097,0.23,0.249,Premix,302
915,Server1,AEF6F711-2DB2-480C-9F4D-4CE4EA5A14FA,B064B490-901F-4B24-89FB-1FF5E6D64743,936,PMX lot0125PMX Layer Mash 24 2 3,PMX 100366 Layer Mash,2025-03-29 06:37:03.440,2025-03-29 08:13:45.097,2025-03-29 08:14:51.777,3000,Wheat Bran,200223,41.773,41.8,Premix,301
916,Server1,AEF6F711-2DB2-480C-9F4D-4CE4EA5A14FA,B064B490-901F-4B24-89FB-1FF5E6D64743,936,PMX lot0125PMX Layer Mash 24 2 3,PMX 100366 Layer Mash,2025-03-29 06:37:03.440,2025-03-29 08:13:45.097,2025-03-29 08:14:51.777,1000,Xcelsio AAPF,GM0000,11.67,11.95,Premix,307
917,Server1,AEF6F711-2DB2-480C-9F4D-4CE4EA5A14FA,B064B490-901F-4B24-89FB-1FF5E6D64743,936,PMX lot0125PMX Layer Mash 24 2 3,PMX 100366 Layer Mash,2025-03-29 06:37:03.440,2025-03-29 08:13:45.097,2025-03-29 08:14:51.777,1000,Zinc Oxide 70%,100057,3.5,3.370003,Premix,305
918,Server1,8850A37A-9D7E-4109-8F2D-4F6A65137EE6,01F02A12-4C28-4829-B27F-80D49BE37416,920,FM LOT-869FM Ruminant 13%  1,FM Ruminant 13%,2025-03-28 14:15:38.683,2025-03-28 14:59:23.797,2025-03-28 15:00:40.720,6000,Availa Cr1000 Zinpro USA,100607,0.9,1.11,FeedMill_Hammer,203
919,Server1,8850A37A-9D7E-4109-8F2D-4F6A65137EE6,01F02A12-4C28-4829-B27F-80D49BE37416,920,FM LOT-869FM Ruminant 13%  1,FM Ruminant 13%,2025-03-28 14:15:38.683,2025-03-28 14:59:23.797,2025-03-28 15:00:40.720,6000,BARLEY,100334,225,240.2,FeedMill_Hammer,202
920,Server1,8850A37A-9D7E-4109-8F2D-4F6A65137EE6,01F02A12-4C28-4829-B27F-80D49BE37416,920,FM LOT-869FM Ruminant 13%  1,FM Ruminant 13%,2025-03-28 14:15:38.683,2025-03-28 14:59:23.797,2025-03-28 15:00:40.720,6000,Bran Pellets,200321,700,697.3,FeedMill_Hammer,202
921,Server1,8850A37A-9D7E-4109-8F2D-4F6A65137EE6,01F02A12-4C28-4829-B27F-80D49BE37416,920,FM LOT-869FM Ruminant 13%  1,FM Ruminant 13%,2025-03-28 14:15:38.683,2025-03-28 14:59:23.797,2025-03-28 15:00:40.720,6000,corn screening,100583,210,216.7,FeedMill_Hammer,202
922,Server1,8850A37A-9D7E-4109-8F2D-4F6A65137EE6,01F02A12-4C28-4829-B27F-80D49BE37416,920,FM LOT-869FM Ruminant 13%  1,FM Ruminant 13%,2025-03-28 14:15:38.683,2025-03-28 14:59:23.797,2025-03-28 15:00:40.720,6000,DDGS,100427,195,189.3,FeedMill_Hammer,202
923,Server1,8850A37A-9D7E-4109-8F2D-4F6A65137EE6,01F02A12-4C28-4829-B27F-80D49BE37416,920,FM LOT-869FM Ruminant 13%  1,FM Ruminant 13%,2025-03-28 14:15:38.683,2025-03-28 14:59:23.797,2025-03-28 15:00:40.720,6000,Limestone,100048,63.9,63.70001,FeedMill_Hammer,202
924,Server1,8850A37A-9D7E-4109-8F2D-4F6A65137EE6,01F02A12-4C28-4829-B27F-80D49BE37416,920,FM LOT-869FM Ruminant 13%  1,FM Ruminant 13%,2025-03-28 14:15:38.683,2025-03-28 14:59:23.797,2025-03-28 15:00:40.720,12000,Molasses,100085,120,119.9963,FeedMill_Hammer,NULL
925,Server1,8850A37A-9D7E-4109-8F2D-4F6A65137EE6,01F02A12-4C28-4829-B27F-80D49BE37416,920,FM LOT-869FM Ruminant 13%  1,FM Ruminant 13%,2025-03-28 14:15:38.683,2025-03-28 14:59:23.797,2025-03-28 15:00:40.720,12000,PMX 100331 Ruminant,100331,9,9.310001,FeedMill_Hammer,204
926,Server1,8850A37A-9D7E-4109-8F2D-4F6A65137EE6,01F02A12-4C28-4829-B27F-80D49BE37416,920,FM LOT-869FM Ruminant 13%  1,FM Ruminant 13%,2025-03-28 14:15:38.683,2025-03-28 14:59:23.797,2025-03-28 15:00:40.720,6000,RAPSEED,100081,209.4,215.3,FeedMill_Hammer,202
927,Server1,8850A37A-9D7E-4109-8F2D-4F6A65137EE6,01F02A12-4C28-4829-B27F-80D49BE37416,920,FM LOT-869FM Ruminant 13%  1,FM Ruminant 13%,2025-03-28 14:15:38.683,2025-03-28 14:59:23.797,2025-03-28 15:00:40.720,6000,RICE HUSK,100317,600,597.4,FeedMill_Hammer,201
928,Server1,8850A37A-9D7E-4109-8F2D-4F6A65137EE6,01F02A12-4C28-4829-B27F-80D49BE37416,920,FM LOT-869FM Ruminant 13%  1,FM Ruminant 13%,2025-03-28 14:15:38.683,2025-03-28 14:59:23.797,2025-03-28 15:00:40.720,12000,SALT.,100051,28.8,28.69,FeedMill_Hammer,204
929,Server1,8850A37A-9D7E-4109-8F2D-4F6A65137EE6,01F02A12-4C28-4829-B27F-80D49BE37416,920,FM LOT-869FM Ruminant 13%  1,FM Ruminant 13%,2025-03-28 14:15:38.683,2025-03-28 14:59:23.797,2025-03-28 15:00:40.720,6000,Sodium Bicarbonate,100052,6,5.71,FeedMill_Hammer,203
930,Server1,8850A37A-9D7E-4109-8F2D-4F6A65137EE6,01F02A12-4C28-4829-B27F-80D49BE37416,920,FM LOT-869FM Ruminant 13%  1,FM Ruminant 13%,2025-03-28 14:15:38.683,2025-03-28 14:59:23.797,2025-03-28 15:00:40.720,12000,Water,1001,45,39.3928,FeedMill_Hammer,100
931,Server1,8850A37A-9D7E-4109-8F2D-4F6A65137EE6,01F02A12-4C28-4829-B27F-80D49BE37416,920,FM LOT-869FM Ruminant 13%  1,FM Ruminant 13%,2025-03-28 14:15:38.683,2025-03-28 14:59:23.797,2025-03-28 15:00:40.720,6000,Wheat Bran,200223,632.9,643.0001,FeedMill_Hammer,201
932,Server1,76A47680-84F3-45C6-9E60-4F7C6A2D3E6C,A59DAA74-9EE0-4348-8BB0-B6BACE8E1257,937,FM LOT-884HM AlWasmi MM- 3 08,FM Al Wasmi MM-3 PL,2025-03-29 04:49:43.630,2025-03-29 06:30:06.697,2025-03-29 06:31:14.477,6000,AMA-Poultry,100517,1.2,1.05,FeedMill_Hammer,203
933,Server1,76A47680-84F3-45C6-9E60-4F7C6A2D3E6C,A59DAA74-9EE0-4348-8BB0-B6BACE8E1257,937,FM LOT-884HM AlWasmi MM- 3 08,FM Al Wasmi MM-3 PL,2025-03-29 04:49:43.630,2025-03-29 06:30:06.697,2025-03-29 06:31:14.477,6000,CORN,100038,300,303,FeedMill_Hammer,202
934,Server1,76A47680-84F3-45C6-9E60-4F7C6A2D3E6C,A59DAA74-9EE0-4348-8BB0-B6BACE8E1257,937,FM LOT-884HM AlWasmi MM- 3 08,FM Al Wasmi MM-3 PL,2025-03-29 04:49:43.630,2025-03-29 06:30:06.697,2025-03-29 06:31:14.477,12000,DL-Methionine Premix,100001,4.296,4.27,FeedMill_Hammer,204
935,Server1,76A47680-84F3-45C6-9E60-4F7C6A2D3E6C,A59DAA74-9EE0-4348-8BB0-B6BACE8E1257,937,FM LOT-884HM AlWasmi MM- 3 08,FM Al Wasmi MM-3 PL,2025-03-29 04:49:43.630,2025-03-29 06:30:06.697,2025-03-29 06:31:14.477,6000,Feed Enzyme,100021,0.21,0.1399999,FeedMill_Hammer,203
936,Server1,76A47680-84F3-45C6-9E60-4F7C6A2D3E6C,A59DAA74-9EE0-4348-8BB0-B6BACE8E1257,937,FM LOT-884HM AlWasmi MM- 3 08,FM Al Wasmi MM-3 PL,2025-03-29 04:49:43.630,2025-03-29 06:30:06.697,2025-03-29 06:31:14.477,12000,MCP,2001445,11.967,11.85,FeedMill_Hammer,204
937,Server1,76A47680-84F3-45C6-9E60-4F7C6A2D3E6C,A59DAA74-9EE0-4348-8BB0-B6BACE8E1257,937,FM LOT-884HM AlWasmi MM- 3 08,FM Al Wasmi MM-3 PL,2025-03-29 04:49:43.630,2025-03-29 06:30:06.697,2025-03-29 06:31:14.477,12000,Palm Oil,100284,24,24.04939,FeedMill_Hammer,100
938,Server1,76A47680-84F3-45C6-9E60-4F7C6A2D3E6C,A59DAA74-9EE0-4348-8BB0-B6BACE8E1257,937,FM LOT-884HM AlWasmi MM- 3 08,FM Al Wasmi MM-3 PL,2025-03-29 04:49:43.630,2025-03-29 06:30:06.697,2025-03-29 06:31:14.477,12000,Pmx 100412  Baladi MM2,100412,60,60.19999,FeedMill_Hammer,204
939,Server1,76A47680-84F3-45C6-9E60-4F7C6A2D3E6C,A59DAA74-9EE0-4348-8BB0-B6BACE8E1257,937,FM LOT-884HM AlWasmi MM- 3 08,FM Al Wasmi MM-3 PL,2025-03-29 04:49:43.630,2025-03-29 06:30:06.697,2025-03-29 06:31:14.477,6000,Protease Enzyme,100389,0.6,0.6299999,FeedMill_Hammer,203
940,Server1,76A47680-84F3-45C6-9E60-4F7C6A2D3E6C,A59DAA74-9EE0-4348-8BB0-B6BACE8E1257,937,FM LOT-884HM AlWasmi MM- 3 08,FM Al Wasmi MM-3 PL,2025-03-29 04:49:43.630,2025-03-29 06:30:06.697,2025-03-29 06:31:14.477,12000,Recycle Broiler feed,200000,60,60,FeedMill_Hammer,202
941,Server1,76A47680-84F3-45C6-9E60-4F7C6A2D3E6C,A59DAA74-9EE0-4348-8BB0-B6BACE8E1257,937,FM LOT-884HM AlWasmi MM- 3 08,FM Al Wasmi MM-3 PL,2025-03-29 04:49:43.630,2025-03-29 06:30:06.697,2025-03-29 06:31:14.477,12000,SALT.,100051,8.679,8.679998,FeedMill_Hammer,204
942,Server1,76A47680-84F3-45C6-9E60-4F7C6A2D3E6C,A59DAA74-9EE0-4348-8BB0-B6BACE8E1257,937,FM LOT-884HM AlWasmi MM- 3 08,FM Al Wasmi MM-3 PL,2025-03-29 04:49:43.630,2025-03-29 06:30:06.697,2025-03-29 06:31:14.477,6000,Sodium Bicarbonate,100052,2.4,2.09,FeedMill_Hammer,203
943,Server1,76A47680-84F3-45C6-9E60-4F7C6A2D3E6C,A59DAA74-9EE0-4348-8BB0-B6BACE8E1257,937,FM LOT-884HM AlWasmi MM- 3 08,FM Al Wasmi MM-3 PL,2025-03-29 04:49:43.630,2025-03-29 06:30:06.697,2025-03-29 06:31:14.477,6000,SOYA BEAN 100359,100359,660,660.9,FeedMill_Hammer,202
944,Server1,76A47680-84F3-45C6-9E60-4F7C6A2D3E6C,A59DAA74-9EE0-4348-8BB0-B6BACE8E1257,937,FM LOT-884HM AlWasmi MM- 3 08,FM Al Wasmi MM-3 PL,2025-03-29 04:49:43.630,2025-03-29 06:30:06.697,2025-03-29 06:31:14.477,12000,Soya Oil,100024,27,27.03647,FeedMill_Hammer,100
945,Server1,76A47680-84F3-45C6-9E60-4F7C6A2D3E6C,A59DAA74-9EE0-4348-8BB0-B6BACE8E1257,937,FM LOT-884HM AlWasmi MM- 3 08,FM Al Wasmi MM-3 PL,2025-03-29 04:49:43.630,2025-03-29 06:30:06.697,2025-03-29 06:31:14.477,12000,Water,1001,45,39.57359,FeedMill_Hammer,100
946,Server1,76A47680-84F3-45C6-9E60-4F7C6A2D3E6C,A59DAA74-9EE0-4348-8BB0-B6BACE8E1257,937,FM LOT-884HM AlWasmi MM- 3 08,FM Al Wasmi MM-3 PL,2025-03-29 04:49:43.630,2025-03-29 06:30:06.697,2025-03-29 06:31:14.477,6000,WHEAT,150066,1800,1795.6,FeedMill_Hammer,201
947,Server1,76A47680-84F3-45C6-9E60-4F7C6A2D3E6C,A59DAA74-9EE0-4348-8BB0-B6BACE8E1257,937,FM LOT-884HM AlWasmi MM- 3 08,FM Al Wasmi MM-3 PL,2025-03-29 04:49:43.630,2025-03-29 06:30:06.697,2025-03-29 06:31:14.477,6000,Wheat Bran,200223,99.648,98.40002,FeedMill_Hammer,201
948,Server1,959759B1-9D2D-4841-BF29-50DD80B5D9A9,AC12F076-BA62-42E4-AC17-480E80007A2C,935,FM LOT-883HM Baladi Pigeon fee 2,FM Baladi Pigeon Feed Pellet,2025-03-29 03:56:46.357,2025-03-29 04:46:22.153,2025-03-29 04:47:28.247,6000,AMA-Poultry,100517,0.9,1.07,FeedMill_Hammer,203
949,Server1,959759B1-9D2D-4841-BF29-50DD80B5D9A9,AC12F076-BA62-42E4-AC17-480E80007A2C,935,FM LOT-883HM Baladi Pigeon fee 2,FM Baladi Pigeon Feed Pellet,2025-03-29 03:56:46.357,2025-03-29 04:46:22.153,2025-03-29 04:47:28.247,6000,CORN,100038,450,443.4,FeedMill_Hammer,202
950,Server1,959759B1-9D2D-4841-BF29-50DD80B5D9A9,AC12F076-BA62-42E4-AC17-480E80007A2C,935,FM LOT-883HM Baladi Pigeon fee 2,FM Baladi Pigeon Feed Pellet,2025-03-29 03:56:46.357,2025-03-29 04:46:22.153,2025-03-29 04:47:28.247,6000,Feed Enzyme,100021,0.21,0.1900001,FeedMill_Hammer,203
951,Server1,959759B1-9D2D-4841-BF29-50DD80B5D9A9,AC12F076-BA62-42E4-AC17-480E80007A2C,935,FM LOT-883HM Baladi Pigeon fee 2,FM Baladi Pigeon Feed Pellet,2025-03-29 03:56:46.357,2025-03-29 04:46:22.153,2025-03-29 04:47:28.247,6000,Limestone,100048,63.567,67.39996,FeedMill_Hammer,202
952,Server1,959759B1-9D2D-4841-BF29-50DD80B5D9A9,AC12F076-BA62-42E4-AC17-480E80007A2C,935,FM LOT-883HM Baladi Pigeon fee 2,FM Baladi Pigeon Feed Pellet,2025-03-29 03:56:46.357,2025-03-29 04:46:22.153,2025-03-29 04:47:28.247,6000,MCP,2001445,34.2,34.17,FeedMill_Hammer,204
953,Server1,959759B1-9D2D-4841-BF29-50DD80B5D9A9,AC12F076-BA62-42E4-AC17-480E80007A2C,935,FM LOT-883HM Baladi Pigeon fee 2,FM Baladi Pigeon Feed Pellet,2025-03-29 03:56:46.357,2025-03-29 04:46:22.153,2025-03-29 04:47:28.247,12000,METH,1004,2.037,2.032053,FeedMill_Hammer,100
954,Server1,959759B1-9D2D-4841-BF29-50DD80B5D9A9,AC12F076-BA62-42E4-AC17-480E80007A2C,935,FM LOT-883HM Baladi Pigeon fee 2,FM Baladi Pigeon Feed Pellet,2025-03-29 03:56:46.357,2025-03-29 04:46:22.153,2025-03-29 04:47:28.247,12000,Palm Oil,100284,10.74,10.8979,FeedMill_Hammer,100
955,Server1,959759B1-9D2D-4841-BF29-50DD80B5D9A9,AC12F076-BA62-42E4-AC17-480E80007A2C,935,FM LOT-883HM Baladi Pigeon fee 2,FM Baladi Pigeon Feed Pellet,2025-03-29 03:56:46.357,2025-03-29 04:46:22.153,2025-03-29 04:47:28.247,6000,Pmx 100412  Baladi MM2,100412,30,29.93,FeedMill_Hammer,204
956,Server1,959759B1-9D2D-4841-BF29-50DD80B5D9A9,AC12F076-BA62-42E4-AC17-480E80007A2C,935,FM LOT-883HM Baladi Pigeon fee 2,FM Baladi Pigeon Feed Pellet,2025-03-29 03:56:46.357,2025-03-29 04:46:22.153,2025-03-29 04:47:28.247,6000,Protease Enzyme,100389,0.6,0.6300001,FeedMill_Hammer,203
957,Server1,959759B1-9D2D-4841-BF29-50DD80B5D9A9,AC12F076-BA62-42E4-AC17-480E80007A2C,935,FM LOT-883HM Baladi Pigeon fee 2,FM Baladi Pigeon Feed Pellet,2025-03-29 03:56:46.357,2025-03-29 04:46:22.153,2025-03-29 04:47:28.247,12000,Recycle Broiler feed,200000,60,60,FeedMill_Hammer,202
958,Server1,959759B1-9D2D-4841-BF29-50DD80B5D9A9,AC12F076-BA62-42E4-AC17-480E80007A2C,935,FM LOT-883HM Baladi Pigeon fee 2,FM Baladi Pigeon Feed Pellet,2025-03-29 03:56:46.357,2025-03-29 04:46:22.153,2025-03-29 04:47:28.247,6000,SALT.,100051,7.5,7.429996,FeedMill_Hammer,204
959,Server1,959759B1-9D2D-4841-BF29-50DD80B5D9A9,AC12F076-BA62-42E4-AC17-480E80007A2C,935,FM LOT-883HM Baladi Pigeon fee 2,FM Baladi Pigeon Feed Pellet,2025-03-29 03:56:46.357,2025-03-29 04:46:22.153,2025-03-29 04:47:28.247,6000,Sodium Sulphate,100461,4.344,4.28,FeedMill_Hammer,203
960,Server1,959759B1-9D2D-4841-BF29-50DD80B5D9A9,AC12F076-BA62-42E4-AC17-480E80007A2C,935,FM LOT-883HM Baladi Pigeon fee 2,FM Baladi Pigeon Feed Pellet,2025-03-29 03:56:46.357,2025-03-29 04:46:22.153,2025-03-29 04:47:28.247,6000,Soya Been Low Pro,GM100446,412.818,411.2,FeedMill_Hammer,202
961,Server1,959759B1-9D2D-4841-BF29-50DD80B5D9A9,AC12F076-BA62-42E4-AC17-480E80007A2C,935,FM LOT-883HM Baladi Pigeon fee 2,FM Baladi Pigeon Feed Pellet,2025-03-29 03:56:46.357,2025-03-29 04:46:22.153,2025-03-29 04:47:28.247,12000,Water,1001,25,39.59367,FeedMill_Hammer,100
962,Server1,959759B1-9D2D-4841-BF29-50DD80B5D9A9,AC12F076-BA62-42E4-AC17-480E80007A2C,935,FM LOT-883HM Baladi Pigeon fee 2,FM Baladi Pigeon Feed Pellet,2025-03-29 03:56:46.357,2025-03-29 04:46:22.153,2025-03-29 04:47:28.247,6000,WHEAT,150066,1806.972,1807.9,FeedMill_Hammer,201
963,Server1,959759B1-9D2D-4841-BF29-50DD80B5D9A9,AC12F076-BA62-42E4-AC17-480E80007A2C,935,FM LOT-883HM Baladi Pigeon fee 2,FM Baladi Pigeon Feed Pellet,2025-03-29 03:56:46.357,2025-03-29 04:46:22.153,2025-03-29 04:47:28.247,6000,Wheat Bran,200223,176.112,191.1,FeedMill_Hammer,201
964,Server1,DB50CF9F-3D14-45A2-B4CA-519945679E91,67BC9003-610F-47C3-9885-5FA72E6752FE,932,FM LOT-881Crushed Corn 3,FM Crushed Corn,2025-03-28 23:35:58.863,2025-03-29 00:44:00.137,2025-03-29 00:45:05.943,6000,CORN,100038,2000,2001.2,FeedMill_Hammer,201
965,Server1,226E2EB2-0D0F-45BA-A008-5228174B6C83,4F49E7D9-1F69-4B40-AEFE-27B533AEFD56,938,FM LOT-885FM Maker -3  11-Jan 1,FM Meat Maker3 CR  New,2025-03-29 08:34:12.637,2025-03-29 11:24:25.383,2025-03-29 19:03:21.550,12000,CORN,100038,1860,1859.3,FeedMill_Hammer,201
966,Server1,226E2EB2-0D0F-45BA-A008-5228174B6C83,4F49E7D9-1F69-4B40-AEFE-27B533AEFD56,938,FM LOT-885FM Maker -3  11-Jan 1,FM Meat Maker3 CR  New,2025-03-29 08:34:12.637,2025-03-29 11:24:25.383,2025-03-29 19:03:21.550,12000,METH,1004,12,12.00378,FeedMill_Hammer,100
967,Server1,226E2EB2-0D0F-45BA-A008-5228174B6C83,4F49E7D9-1F69-4B40-AEFE-27B533AEFD56,938,FM LOT-885FM Maker -3  11-Jan 1,FM Meat Maker3 CR  New,2025-03-29 08:34:12.637,2025-03-29 11:24:25.383,2025-03-29 19:03:21.550,6000,Recycle Broiler feed,200000,60,60,FeedMill_Hammer,202
968,Server1,226E2EB2-0D0F-45BA-A008-5228174B6C83,4F49E7D9-1F69-4B40-AEFE-27B533AEFD56,938,FM LOT-885FM Maker -3  11-Jan 1,FM Meat Maker3 CR  New,2025-03-29 08:34:12.637,2025-03-29 11:24:25.383,2025-03-29 19:03:21.550,12000,SOYA BEAN 100359,100359,900,893.2,FeedMill_Hammer,202
969,Server1,226E2EB2-0D0F-45BA-A008-5228174B6C83,4F49E7D9-1F69-4B40-AEFE-27B533AEFD56,938,FM LOT-885FM Maker -3  11-Jan 1,FM Meat Maker3 CR  New,2025-03-29 08:34:12.637,2025-03-29 11:24:25.383,2025-03-29 19:03:21.550,12000,Soya Oil,100024,50,50.04287,FeedMill_Hammer,100
970,Server1,226E2EB2-0D0F-45BA-A008-5228174B6C83,4F49E7D9-1F69-4B40-AEFE-27B533AEFD56,938,FM LOT-885FM Maker -3  11-Jan 1,FM Meat Maker3 CR  New,2025-03-29 08:34:12.637,2025-03-29 11:24:25.383,2025-03-29 19:03:21.550,12000,Water,1001,45,39.24213,FeedMill_Hammer,100
971,Server1,E1779D52-4FB7-4B87-9646-522B92A599FB,ACCE71FE-23E2-4992-960A-4237953CD1BD,941,FM LOT-888FM Maker- 1 DDGS Al 2,FM Maker 1 DDGS,2025-03-29 14:01:27.767,2025-03-29 15:37:19.923,2025-03-29 19:07:56.937,6000,AMA-Poultry,100517,1.2,1.030001,FeedMill_Hammer,203
972,Server1,E1779D52-4FB7-4B87-9646-522B92A599FB,ACCE71FE-23E2-4992-960A-4237953CD1BD,941,FM LOT-888FM Maker- 1 DDGS Al 2,FM Maker 1 DDGS,2025-03-29 14:01:27.767,2025-03-29 15:37:19.923,2025-03-29 19:07:56.937,6000,Beta Mannanese,100511,0.99,0.7799988,FeedMill_Hammer,203
973,Server1,E1779D52-4FB7-4B87-9646-522B92A599FB,ACCE71FE-23E2-4992-960A-4237953CD1BD,941,FM LOT-888FM Maker- 1 DDGS Al 2,FM Maker 1 DDGS,2025-03-29 14:01:27.767,2025-03-29 15:37:19.923,2025-03-29 19:07:56.937,6000,Copper proteinate 15%,100068,0.3,0.2299995,FeedMill_Hammer,203
974,Server1,E1779D52-4FB7-4B87-9646-522B92A599FB,ACCE71FE-23E2-4992-960A-4237953CD1BD,941,FM LOT-888FM Maker- 1 DDGS Al 2,FM Maker 1 DDGS,2025-03-29 14:01:27.767,2025-03-29 15:37:19.923,2025-03-29 19:07:56.937,6000,CORN,100038,1536,1537.4,FeedMill_Hammer,201
975,Server1,E1779D52-4FB7-4B87-9646-522B92A599FB,ACCE71FE-23E2-4992-960A-4237953CD1BD,941,FM LOT-888FM Maker- 1 DDGS Al 2,FM Maker 1 DDGS,2025-03-29 14:01:27.767,2025-03-29 15:37:19.923,2025-03-29 19:07:56.937,6000,DDGS,100427,147,147.3,FeedMill_Hammer,202
976,Server1,E1779D52-4FB7-4B87-9646-522B92A599FB,ACCE71FE-23E2-4992-960A-4237953CD1BD,941,FM LOT-888FM Maker- 1 DDGS Al 2,FM Maker 1 DDGS,2025-03-29 14:01:27.767,2025-03-29 15:37:19.923,2025-03-29 19:07:56.937,12000,MCP,2001445,21,21.1,FeedMill_Hammer,204
977,Server1,E1779D52-4FB7-4B87-9646-522B92A599FB,ACCE71FE-23E2-4992-960A-4237953CD1BD,941,FM LOT-888FM Maker- 1 DDGS Al 2,FM Maker 1 DDGS,2025-03-29 14:01:27.767,2025-03-29 15:37:19.923,2025-03-29 19:07:56.937,12000,METH,1004,11.1,11.10297,FeedMill_Hammer,100
978,Server1,E1779D52-4FB7-4B87-9646-522B92A599FB,ACCE71FE-23E2-4992-960A-4237953CD1BD,941,FM LOT-888FM Maker- 1 DDGS Al 2,FM Maker 1 DDGS,2025-03-29 14:01:27.767,2025-03-29 15:37:19.923,2025-03-29 19:07:56.937,12000,PMX 100314 Broiler Starter,100314,60,60.06999,FeedMill_Hammer,204
979,Server1,E1779D52-4FB7-4B87-9646-522B92A599FB,ACCE71FE-23E2-4992-960A-4237953CD1BD,941,FM LOT-888FM Maker- 1 DDGS Al 2,FM Maker 1 DDGS,2025-03-29 14:01:27.767,2025-03-29 15:37:19.923,2025-03-29 19:07:56.937,6000,Prebotic(Celmanax dry),100466,3,3.19,FeedMill_Hammer,203
980,Server1,E1779D52-4FB7-4B87-9646-522B92A599FB,ACCE71FE-23E2-4992-960A-4237953CD1BD,941,FM LOT-888FM Maker- 1 DDGS Al 2,FM Maker 1 DDGS,2025-03-29 14:01:27.767,2025-03-29 15:37:19.923,2025-03-29 19:07:56.937,6000,Protease Enzyme,100389,0.6,0.6699999,FeedMill_Hammer,203
981,Server1,E1779D52-4FB7-4B87-9646-522B92A599FB,ACCE71FE-23E2-4992-960A-4237953CD1BD,941,FM LOT-888FM Maker- 1 DDGS Al 2,FM Maker 1 DDGS,2025-03-29 14:01:27.767,2025-03-29 15:37:19.923,2025-03-29 19:07:56.937,6000,RM Emulsifier,100560,0.75,0.9099998,FeedMill_Hammer,203
982,Server1,E1779D52-4FB7-4B87-9646-522B92A599FB,ACCE71FE-23E2-4992-960A-4237953CD1BD,941,FM LOT-888FM Maker- 1 DDGS Al 2,FM Maker 1 DDGS,2025-03-29 14:01:27.767,2025-03-29 15:37:19.923,2025-03-29 19:07:56.937,12000,SALT.,100051,3.3,3.470001,FeedMill_Hammer,204
983,Server1,E1779D52-4FB7-4B87-9646-522B92A599FB,ACCE71FE-23E2-4992-960A-4237953CD1BD,941,FM LOT-888FM Maker- 1 DDGS Al 2,FM Maker 1 DDGS,2025-03-29 14:01:27.767,2025-03-29 15:37:19.923,2025-03-29 19:07:56.937,6000,SMCFA-Fatty acids,GM100465,0.75,0.7000008,FeedMill_Hammer,203
984,Server1,E1779D52-4FB7-4B87-9646-522B92A599FB,ACCE71FE-23E2-4992-960A-4237953CD1BD,941,FM LOT-888FM Maker- 1 DDGS Al 2,FM Maker 1 DDGS,2025-03-29 14:01:27.767,2025-03-29 15:37:19.923,2025-03-29 19:07:56.937,6000,Sodium Formate,100590,9,8.799999,FeedMill_Hammer,203
985,Server1,E1779D52-4FB7-4B87-9646-522B92A599FB,ACCE71FE-23E2-4992-960A-4237953CD1BD,941,FM LOT-888FM Maker- 1 DDGS Al 2,FM Maker 1 DDGS,2025-03-29 14:01:27.767,2025-03-29 15:37:19.923,2025-03-29 19:07:56.937,6000,SOYA BEAN 100359,100359,976.35,975.9,FeedMill_Hammer,202
986,Server1,E1779D52-4FB7-4B87-9646-522B92A599FB,ACCE71FE-23E2-4992-960A-4237953CD1BD,941,FM LOT-888FM Maker- 1 DDGS Al 2,FM Maker 1 DDGS,2025-03-29 14:01:27.767,2025-03-29 15:37:19.923,2025-03-29 19:07:56.937,12000,Soya Oil,100024,48,48.04434,FeedMill_Hammer,100
987,Server1,E1779D52-4FB7-4B87-9646-522B92A599FB,ACCE71FE-23E2-4992-960A-4237953CD1BD,941,FM LOT-888FM Maker- 1 DDGS Al 2,FM Maker 1 DDGS,2025-03-29 14:01:27.767,2025-03-29 15:37:19.923,2025-03-29 19:07:56.937,12000,Water,1001,25,39.38275,FeedMill_Hammer,100
988,Server1,E1779D52-4FB7-4B87-9646-522B92A599FB,ACCE71FE-23E2-4992-960A-4237953CD1BD,941,FM LOT-888FM Maker- 1 DDGS Al 2,FM Maker 1 DDGS,2025-03-29 14:01:27.767,2025-03-29 15:37:19.923,2025-03-29 19:07:56.937,6000,WHEAT,150066,165,171.2001,FeedMill_Hammer,201
989,Server1,E1779D52-4FB7-4B87-9646-522B92A599FB,ACCE71FE-23E2-4992-960A-4237953CD1BD,941,FM LOT-888FM Maker- 1 DDGS Al 2,FM Maker 1 DDGS,2025-03-29 14:01:27.767,2025-03-29 15:37:19.923,2025-03-29 19:07:56.937,6000,Wheat Bran,200223,14.16,14.90002,FeedMill_Hammer,201
990,Server1,E1779D52-4FB7-4B87-9646-522B92A599FB,ACCE71FE-23E2-4992-960A-4237953CD1BD,941,FM LOT-888FM Maker- 1 DDGS Al 2,FM Maker 1 DDGS,2025-03-29 14:01:27.767,2025-03-29 15:37:19.923,2025-03-29 19:07:56.937,6000,Xcelsio AAPF,GM0000,1.5,1.299999,FeedMill_Hammer,203
991,Server1,6671D7A7-0F7D-4046-90FD-527A28FC1305,848420B7-8A52-4A72-AE70-DED7963EB34D,943,FM LOT-890FM Maker3  11-Jan 4,FM Meat Maker3 CR  New,2025-03-29 17:36:29.660,2025-03-29 18:59:27.507,2025-03-29 19:10:07.810,6000,CORN,100038,1860,1851.8,FeedMill_Hammer,201
992,Server1,6671D7A7-0F7D-4046-90FD-527A28FC1305,848420B7-8A52-4A72-AE70-DED7963EB34D,943,FM LOT-890FM Maker3  11-Jan 4,FM Meat Maker3 CR  New,2025-03-29 17:36:29.660,2025-03-29 18:59:27.507,2025-03-29 19:10:07.810,12000,MCP,2001445,12.405,12.44,FeedMill_Hammer,204
993,Server1,6671D7A7-0F7D-4046-90FD-527A28FC1305,848420B7-8A52-4A72-AE70-DED7963EB34D,943,FM LOT-890FM Maker3  11-Jan 4,FM Meat Maker3 CR  New,2025-03-29 17:36:29.660,2025-03-29 18:59:27.507,2025-03-29 19:10:07.810,12000,METH,1004,12,12.00378,FeedMill_Hammer,100
994,Server1,6671D7A7-0F7D-4046-90FD-527A28FC1305,848420B7-8A52-4A72-AE70-DED7963EB34D,943,FM LOT-890FM Maker3  11-Jan 4,FM Meat Maker3 CR  New,2025-03-29 17:36:29.660,2025-03-29 18:59:27.507,2025-03-29 19:10:07.810,12000,PMX 100392  Broiler Fin HP,100392,60,60.03999,FeedMill_Hammer,204
995,Server1,6671D7A7-0F7D-4046-90FD-527A28FC1305,848420B7-8A52-4A72-AE70-DED7963EB34D,943,FM LOT-890FM Maker3  11-Jan 4,FM Meat Maker3 CR  New,2025-03-29 17:36:29.660,2025-03-29 18:59:27.507,2025-03-29 19:10:07.810,12000,SALT.,100051,6,5.969999,FeedMill_Hammer,204
996,Server1,6671D7A7-0F7D-4046-90FD-527A28FC1305,848420B7-8A52-4A72-AE70-DED7963EB34D,943,FM LOT-890FM Maker3  11-Jan 4,FM Meat Maker3 CR  New,2025-03-29 17:36:29.660,2025-03-29 18:59:27.507,2025-03-29 19:10:07.810,6000,Sodium Bicarbonate,100052,6.303,5.969999,FeedMill_Hammer,203
997,Server1,6671D7A7-0F7D-4046-90FD-527A28FC1305,848420B7-8A52-4A72-AE70-DED7963EB34D,943,FM LOT-890FM Maker3  11-Jan 4,FM Meat Maker3 CR  New,2025-03-29 17:36:29.660,2025-03-29 18:59:27.507,2025-03-29 19:10:07.810,12000,SOYA BEAN 100359,100359,900,890,FeedMill_Hammer,202
998,Server1,6671D7A7-0F7D-4046-90FD-527A28FC1305,848420B7-8A52-4A72-AE70-DED7963EB34D,943,FM LOT-890FM Maker3  11-Jan 4,FM Meat Maker3 CR  New,2025-03-29 17:36:29.660,2025-03-29 18:59:27.507,2025-03-29 19:10:07.810,12000,Soya Oil,100024,50,50.04517,FeedMill_Hammer,100
999,Server1,6671D7A7-0F7D-4046-90FD-527A28FC1305,848420B7-8A52-4A72-AE70-DED7963EB34D,943,FM LOT-890FM Maker3  11-Jan 4,FM Meat Maker3 CR  New,2025-03-29 17:36:29.660,2025-03-29 18:59:27.507,2025-03-29 19:10:07.810,12000,Water,1001,30,39.29235,FeedMill_Hammer,100
1000,Server1,FD53C50C-9229-45DF-976B-531C429A5051,A59DAA74-9EE0-4348-8BB0-B6BACE8E1257,937,FM LOT-884HM AlWasmi MM- 3 03,FM Al Wasmi MM-3 PL,2025-03-29 04:49:25.433,2025-03-29 05:40:11.623,2025-03-29 05:41:18.897,6000,AMA-Poultry,100517,1.2,1.11,FeedMill_Hammer,203
